shipment_id,period,period_idx,batch_id,plant_id,carrier_id,mode,customer_id,customer_region,qty_t,on_time_in_full,freight_cost,disruption_flag,cs_active
SHP-000001,2025-06,8,BAT-001853,PLT-03,CAR-02,"<bound method Series.mode of carrier_id                 CAR-02
carrier_name    EuroHaz Transport
mode                  Hazmat Road
base_otif                    0.91
Name: 1, dtype: object>",CUS-01,EMEA,57.62,1,6320.83,0,0
SHP-000002,2025-02,4,BAT-000949,PLT-02,CAR-05,"<bound method Series.mode of carrier_id               CAR-05
carrier_name    AirExpress Spec
mode                        Air
base_otif                  0.96
Name: 4, dtype: object>",CUS-09,AMER,53.76,1,3281.19,0,0
SHP-000003,2026-09,23,BAT-005167,PLT-04,CAR-03,"<bound method Series.mode of carrier_id               CAR-03
carrier_name    OceanChem Lines
mode                 Ocean Bulk
base_otif                  0.88
Name: 2, dtype: object>",CUS-07,APAC,78.86,1,9493.32,0,1
SHP-000004,2025-01,3,BAT-000746,PLT-01,CAR-01,"<bound method Series.mode of carrier_id                    CAR-01
carrier_name    GlobalTank Logistics
mode                     Bulk Liquid
base_otif                       0.94
Name: 0, dtype: object>",CUS-09,AMER,24.61,0,2987.99,0,0
SHP-000005,2025-03,5,BAT-001108,PLT-02,CAR-01,"<bound method Series.mode of carrier_id                    CAR-01
carrier_name    GlobalTank Logistics
mode                     Bulk Liquid
base_otif                       0.94
Name: 0, dtype: object>",CUS-09,AMER,41.41,1,4599.65,0,0
SHP-000006,2025-03,5,BAT-001151,PLT-01,CAR-05,"<bound method Series.mode of carrier_id               CAR-05
carrier_name    AirExpress Spec
mode                        Air
base_otif                  0.96
Name: 4, dtype: object>",CUS-04,EMEA,18.22,1,2224.98,0,0
SHP-000007,2026-06,20,BAT-004598,PLT-04,CAR-01,"<bound method Series.mode of carrier_id                    CAR-01
carrier_name    GlobalTank Logistics
mode                     Bulk Liquid
base_otif                       0.94
Name: 0, dtype: object>",CUS-10,APAC,101.6,1,6450.39,0,1
SHP-000008,2025-01,3,BAT-000808,PLT-02,CAR-02,"<bound method Series.mode of carrier_id                 CAR-02
carrier_name    EuroHaz Transport
mode                  Hazmat Road
base_otif                    0.91
Name: 1, dtype: object>",CUS-10,APAC,73.2,1,4627.34,0,0
SHP-000009,2025-07,9,BAT-002177,PLT-01,CAR-02,"<bound method Series.mode of carrier_id                 CAR-02
carrier_name    EuroHaz Transport
mode                  Hazmat Road
base_otif                    0.91
Name: 1, dtype: object>",CUS-10,APAC,30.29,1,2515.29,0,0
SHP-000010,2025-03,5,BAT-001190,PLT-01,CAR-04,"<bound method Series.mode of carrier_id                CAR-04
carrier_name    RailChem Freight
mode                        Rail
base_otif                   0.93
Name: 3, dtype: object>",CUS-07,APAC,35.1,1,3905.19,0,0
SHP-000011,2025-11,13,BAT-002869,PLT-01,CAR-04,"<bound method Series.mode of carrier_id                CAR-04
carrier_name    RailChem Freight
mode                        Rail
base_otif                   0.93
Name: 3, dtype: object>",CUS-06,AMER,51.14,1,4884.08,0,0
SHP-000012,2025-09,11,BAT-002435,PLT-02,CAR-05,"<bound method Series.mode of carrier_id               CAR-05
carrier_name    AirExpress Spec
mode                        Air
base_otif                  0.96
Name: 4, dtype: object>",CUS-15,EMEA,39.65,1,5122.69,0,0
SHP-000013,2026-03,17,BAT-003781,PLT-01,CAR-05,"<bound method Series.mode of carrier_id               CAR-05
carrier_name    AirExpress Spec
mode                        Air
base_otif                  0.96
Name: 4, dtype: object>",CUS-01,EMEA,30.39,1,1765.7,0,0
SHP-000014,2025-05,7,BAT-001685,PLT-01,CAR-04,"<bound method Series.mode of carrier_id                CAR-04
carrier_name    RailChem Freight
mode                        Rail
base_otif                   0.93
Name: 3, dtype: object>",CUS-11,EMEA,36.61,1,4246.94,0,0
SHP-000015,2025-04,6,BAT-001418,PLT-01,CAR-03,"<bound method Series.mode of carrier_id               CAR-03
carrier_name    OceanChem Lines
mode                 Ocean Bulk
base_otif                  0.88
Name: 2, dtype: object>",CUS-05,LATAM,16.96,1,1982.52,0,0
SHP-000016,2025-01,3,BAT-000689,PLT-05,CAR-01,"<bound method Series.mode of carrier_id                    CAR-01
carrier_name    GlobalTank Logistics
mode                     Bulk Liquid
base_otif                       0.94
Name: 0, dtype: object>",CUS-10,APAC,43.34,1,5469.87,0,0
SHP-000017,2025-06,8,BAT-001942,PLT-02,CAR-01,"<bound method Series.mode of carrier_id                    CAR-01
carrier_name    GlobalTank Logistics
mode                     Bulk Liquid
base_otif                       0.94
Name: 0, dtype: object>",CUS-15,EMEA,1.21,1,78.52,0,0
SHP-000018,2025-07,9,BAT-002103,PLT-04,CAR-03,"<bound method Series.mode of carrier_id               CAR-03
carrier_name    OceanChem Lines
mode                 Ocean Bulk
base_otif                  0.88
Name: 2, dtype: object>",CUS-09,AMER,2.54,1,243.94,0,0
SHP-000019,2026-09,23,BAT-005151,PLT-06,CAR-05,"<bound method Series.mode of carrier_id               CAR-05
carrier_name    AirExpress Spec
mode                        Air
base_otif                  0.96
Name: 4, dtype: object>",CUS-09,AMER,12.73,1,1522.28,0,1
SHP-000020,2024-10,0,BAT-000190,PLT-03,CAR-02,"<bound method Series.mode of carrier_id                 CAR-02
carrier_name    EuroHaz Transport
mode                  Hazmat Road
base_otif                    0.91
Name: 1, dtype: object>",CUS-01,EMEA,44.52,1,5790.76,0,0
SHP-000021,2025-01,3,BAT-000822,PLT-03,CAR-03,"<bound method Series.mode of carrier_id               CAR-03
carrier_name    OceanChem Lines
mode                 Ocean Bulk
base_otif                  0.88
Name: 2, dtype: object>",CUS-12,LATAM,42.62,0,3515.55,0,0
SHP-000022,2025-10,12,BAT-002645,PLT-04,CAR-03,"<bound method Series.mode of carrier_id               CAR-03
carrier_name    OceanChem Lines
mode                 Ocean Bulk
base_otif                  0.88
Name: 2, dtype: object>",CUS-11,EMEA,33.94,1,2256.1,0,0
SHP-000023,2024-11,1,BAT-000286,PLT-05,CAR-05,"<bound method Series.mode of carrier_id               CAR-05
carrier_name    AirExpress Spec
mode                        Air
base_otif                  0.96
Name: 4, dtype: object>",CUS-05,LATAM,35.43,1,3812.17,0,0
SHP-000024,2025-07,9,BAT-002015,PLT-06,CAR-02,"<bound method Series.mode of carrier_id                 CAR-02
carrier_name    EuroHaz Transport
mode                  Hazmat Road
base_otif                    0.91
Name: 1, dtype: object>",CUS-09,AMER,30.33,0,4115.06,0,0
SHP-000025,2024-12,2,BAT-000556,PLT-01,CAR-04,"<bound method Series.mode of carrier_id                CAR-04
carrier_name    RailChem Freight
mode                        Rail
base_otif                   0.93
Name: 3, dtype: object>",CUS-06,AMER,41.01,1,5353.05,0,0
SHP-000026,2026-01,15,BAT-003364,PLT-06,CAR-05,"<bound method Series.mode of carrier_id               CAR-05
carrier_name    AirExpress Spec
mode                        Air
base_otif                  0.96
Name: 4, dtype: object>",CUS-11,EMEA,48.73,1,2882.83,0,0
SHP-000027,2026-07,21,BAT-004808,PLT-05,CAR-01,"<bound method Series.mode of carrier_id                    CAR-01
carrier_name    GlobalTank Logistics
mode                     Bulk Liquid
base_otif                       0.94
Name: 0, dtype: object>",CUS-02,AMER,37.65,1,3925.61,0,1
SHP-000028,2026-09,23,BAT-005230,PLT-05,CAR-03,"<bound method Series.mode of carrier_id               CAR-03
carrier_name    OceanChem Lines
mode                 Ocean Bulk
base_otif                  0.88
Name: 2, dtype: object>",CUS-12,LATAM,37.16,1,2986.25,0,1
SHP-000029,2025-03,5,BAT-001123,PLT-01,CAR-04,"<bound method Series.mode of carrier_id                CAR-04
carrier_name    RailChem Freight
mode                        Rail
base_otif                   0.93
Name: 3, dtype: object>",CUS-08,EMEA,42.9,1,3146.02,0,0
SHP-000030,2025-10,12,BAT-002846,PLT-03,CAR-02,"<bound method Series.mode of carrier_id                 CAR-02
carrier_name    EuroHaz Transport
mode                  Hazmat Road
base_otif                    0.91
Name: 1, dtype: object>",CUS-09,AMER,38.64,1,3988.2,0,0
SHP-000031,2025-02,4,BAT-001038,PLT-02,CAR-03,"<bound method Series.mode of carrier_id               CAR-03
carrier_name    OceanChem Lines
mode                 Ocean Bulk
base_otif                  0.88
Name: 2, dtype: object>",CUS-11,EMEA,51.56,1,7160.38,0,0
SHP-000032,2025-01,3,BAT-000721,PLT-02,CAR-04,"<bound method Series.mode of carrier_id                CAR-04
carrier_name    RailChem Freight
mode                        Rail
base_otif                   0.93
Name: 3, dtype: object>",CUS-09,AMER,45.42,0,3143.27,0,0
SHP-000033,2026-04,18,BAT-004091,PLT-05,CAR-05,"<bound method Series.mode of carrier_id               CAR-05
carrier_name    AirExpress Spec
mode                        Air
base_otif                  0.96
Name: 4, dtype: object>",CUS-10,APAC,48.46,1,4224.66,0,1
SHP-000034,2025-10,12,BAT-002828,PLT-05,CAR-02,"<bound method Series.mode of carrier_id                 CAR-02
carrier_name    EuroHaz Transport
mode                  Hazmat Road
base_otif                    0.91
Name: 1, dtype: object>",CUS-06,AMER,39.81,0,4508.3,0,0
SHP-000035,2025-06,8,BAT-001932,PLT-01,CAR-01,"<bound method Series.mode of carrier_id                    CAR-01
carrier_name    GlobalTank Logistics
mode                     Bulk Liquid
base_otif                       0.94
Name: 0, dtype: object>",CUS-03,APAC,32.2,1,2847.92,0,0
SHP-000036,2026-08,22,BAT-004848,PLT-06,CAR-03,"<bound method Series.mode of carrier_id               CAR-03
carrier_name    OceanChem Lines
mode                 Ocean Bulk
base_otif                  0.88
Name: 2, dtype: object>",CUS-05,LATAM,29.09,1,2820.03,0,1
SHP-000037,2025-04,6,BAT-001479,PLT-02,CAR-04,"<bound method Series.mode of carrier_id                CAR-04
carrier_name    RailChem Freight
mode                        Rail
base_otif                   0.93
Name: 3, dtype: object>",CUS-02,AMER,48.95,1,5550.01,0,0
SHP-000038,2025-10,12,BAT-002680,PLT-04,CAR-02,"<bound method Series.mode of carrier_id                 CAR-02
carrier_name    EuroHaz Transport
mode                  Hazmat Road
base_otif                    0.91
Name: 1, dtype: object>",CUS-11,EMEA,35.59,1,2087.3,0,0
SHP-000039,2025-05,7,BAT-001549,PLT-05,CAR-02,"<bound method Series.mode of carrier_id                 CAR-02
carrier_name    EuroHaz Transport
mode                  Hazmat Road
base_otif                    0.91
Name: 1, dtype: object>",CUS-06,AMER,24.7,1,3150.35,0,0
SHP-000040,2025-08,10,BAT-002305,PLT-03,CAR-01,"<bound method Series.mode of carrier_id                    CAR-01
carrier_name    GlobalTank Logistics
mode                     Bulk Liquid
base_otif                       0.94
Name: 0, dtype: object>",CUS-09,AMER,52.37,1,6190.45,0,0
SHP-000041,2025-02,4,BAT-000975,PLT-06,CAR-03,"<bound method Series.mode of carrier_id               CAR-03
carrier_name    OceanChem Lines
mode                 Ocean Bulk
base_otif                  0.88
Name: 2, dtype: object>",CUS-06,AMER,52.4,1,3680.82,0,0
SHP-000042,2026-01,15,BAT-003509,PLT-04,CAR-01,"<bound method Series.mode of carrier_id                    CAR-01
carrier_name    GlobalTank Logistics
mode                     Bulk Liquid
base_otif                       0.94
Name: 0, dtype: object>",CUS-10,APAC,27.1,1,1753.32,0,0
SHP-000043,2026-03,17,BAT-003816,PLT-02,CAR-01,"<bound method Series.mode of carrier_id                    CAR-01
carrier_name    GlobalTank Logistics
mode                     Bulk Liquid
base_otif                       0.94
Name: 0, dtype: object>",CUS-13,AMER,64.44,1,7452.17,0,0
SHP-000044,2025-01,3,BAT-000864,PLT-01,CAR-01,"<bound method Series.mode of carrier_id                    CAR-01
carrier_name    GlobalTank Logistics
mode                     Bulk Liquid
base_otif                       0.94
Name: 0, dtype: object>",CUS-10,APAC,54.24,1,7560.7,0,0
SHP-000045,2026-09,23,BAT-005079,PLT-06,CAR-01,"<bound method Series.mode of carrier_id                    CAR-01
carrier_name    GlobalTank Logistics
mode                     Bulk Liquid
base_otif                       0.94
Name: 0, dtype: object>",CUS-04,EMEA,30.68,1,3733.51,0,1
SHP-000046,2026-09,23,BAT-005164,PLT-05,CAR-02,"<bound method Series.mode of carrier_id                 CAR-02
carrier_name    EuroHaz Transport
mode                  Hazmat Road
base_otif                    0.91
Name: 1, dtype: object>",CUS-12,LATAM,29.2,0,2537.79,0,1
SHP-000047,2025-06,8,BAT-001761,PLT-02,CAR-02,"<bound method Series.mode of carrier_id                 CAR-02
carrier_name    EuroHaz Transport
mode                  Hazmat Road
base_otif                    0.91
Name: 1, dtype: object>",CUS-08,EMEA,40.96,1,2580.87,0,0
SHP-000048,2024-10,0,BAT-000074,PLT-03,CAR-04,"<bound method Series.mode of carrier_id                CAR-04
carrier_name    RailChem Freight
mode                        Rail
base_otif                   0.93
Name: 3, dtype: object>",CUS-06,AMER,34.79,1,4269.51,0,0
SHP-000049,2026-02,16,BAT-003708,PLT-03,CAR-01,"<bound method Series.mode of carrier_id                    CAR-01
carrier_name    GlobalTank Logistics
mode                     Bulk Liquid
base_otif                       0.94
Name: 0, dtype: object>",CUS-01,EMEA,32.16,1,3249.84,0,0
SHP-000050,2025-10,12,BAT-002745,PLT-05,CAR-04,"<bound method Series.mode of carrier_id                CAR-04
carrier_name    RailChem Freight
mode                        Rail
base_otif                   0.93
Name: 3, dtype: object>",CUS-04,EMEA,0.83,0,91.69,1,0
SHP-000051,2026-02,16,BAT-003586,PLT-04,CAR-01,"<bound method Series.mode of carrier_id                    CAR-01
carrier_name    GlobalTank Logistics
mode                     Bulk Liquid
base_otif                       0.94
Name: 0, dtype: object>",CUS-14,APAC,66.34,1,8858.55,0,0
SHP-000052,2026-03,17,BAT-003935,PLT-04,CAR-04,"<bound method Series.mode of carrier_id                CAR-04
carrier_name    RailChem Freight
mode                        Rail
base_otif                   0.93
Name: 3, dtype: object>",CUS-01,EMEA,21.34,1,1654.16,0,0
SHP-000053,2024-10,0,BAT-000030,PLT-02,CAR-02,"<bound method Series.mode of carrier_id                 CAR-02
carrier_name    EuroHaz Transport
mode                  Hazmat Road
base_otif                    0.91
Name: 1, dtype: object>",CUS-07,APAC,42.15,1,3782.79,0,0
SHP-000054,2025-10,12,BAT-002815,PLT-04,CAR-02,"<bound method Series.mode of carrier_id                 CAR-02
carrier_name    EuroHaz Transport
mode                  Hazmat Road
base_otif                    0.91
Name: 1, dtype: object>",CUS-15,EMEA,88.83,1,12745.55,0,0
SHP-000055,2025-10,12,BAT-002660,PLT-03,CAR-02,"<bound method Series.mode of carrier_id                 CAR-02
carrier_name    EuroHaz Transport
mode                  Hazmat Road
base_otif                    0.91
Name: 1, dtype: object>",CUS-05,LATAM,18.22,1,2256.27,0,0
SHP-000056,2024-11,1,BAT-000327,PLT-01,CAR-03,"<bound method Series.mode of carrier_id               CAR-03
carrier_name    OceanChem Lines
mode                 Ocean Bulk
base_otif                  0.88
Name: 2, dtype: object>",CUS-11,EMEA,55.37,1,5472.53,0,0
SHP-000057,2026-08,22,BAT-004855,PLT-04,CAR-03,"<bound method Series.mode of carrier_id               CAR-03
carrier_name    OceanChem Lines
mode                 Ocean Bulk
base_otif                  0.88
Name: 2, dtype: object>",CUS-01,EMEA,3.51,1,388.42,0,1
SHP-000058,2026-03,17,BAT-003823,PLT-05,CAR-02,"<bound method Series.mode of carrier_id                 CAR-02
carrier_name    EuroHaz Transport
mode                  Hazmat Road
base_otif                    0.91
Name: 1, dtype: object>",CUS-03,APAC,1.89,1,186.92,0,0
SHP-000059,2024-11,1,BAT-000377,PLT-02,CAR-02,"<bound method Series.mode of carrier_id                 CAR-02
carrier_name    EuroHaz Transport
mode                  Hazmat Road
base_otif                    0.91
Name: 1, dtype: object>",CUS-02,AMER,20.03,1,1678.39,0,0
SHP-000060,2025-11,13,BAT-002941,PLT-01,CAR-04,"<bound method Series.mode of carrier_id                CAR-04
carrier_name    RailChem Freight
mode                        Rail
base_otif                   0.93
Name: 3, dtype: object>",CUS-11,EMEA,15.97,1,1957.14,0,0
SHP-000061,2025-07,9,BAT-002007,PLT-06,CAR-01,"<bound method Series.mode of carrier_id                    CAR-01
carrier_name    GlobalTank Logistics
mode                     Bulk Liquid
base_otif                       0.94
Name: 0, dtype: object>",CUS-04,EMEA,36.91,1,3107.57,0,0
SHP-000062,2026-06,20,BAT-004442,PLT-05,CAR-04,"<bound method Series.mode of carrier_id                CAR-04
carrier_name    RailChem Freight
mode                        Rail
base_otif                   0.93
Name: 3, dtype: object>",CUS-10,APAC,47.02,1,6569.3,0,1
SHP-000063,2025-10,12,BAT-002757,PLT-02,CAR-02,"<bound method Series.mode of carrier_id                 CAR-02
carrier_name    EuroHaz Transport
mode                  Hazmat Road
base_otif                    0.91
Name: 1, dtype: object>",CUS-07,APAC,26.5,1,3459.06,0,0
SHP-000064,2026-07,21,BAT-004694,PLT-02,CAR-03,"<bound method Series.mode of carrier_id               CAR-03
carrier_name    OceanChem Lines
mode                 Ocean Bulk
base_otif                  0.88
Name: 2, dtype: object>",CUS-11,EMEA,34.83,0,4829.92,0,1
SHP-000065,2024-11,1,BAT-000370,PLT-06,CAR-03,"<bound method Series.mode of carrier_id               CAR-03
carrier_name    OceanChem Lines
mode                 Ocean Bulk
base_otif                  0.88
Name: 2, dtype: object>",CUS-14,APAC,18.75,1,2188.66,0,0
SHP-000066,2025-07,9,BAT-002178,PLT-02,CAR-02,"<bound method Series.mode of carrier_id                 CAR-02
carrier_name    EuroHaz Transport
mode                  Hazmat Road
base_otif                    0.91
Name: 1, dtype: object>",CUS-01,EMEA,49.43,1,6102.0,0,0
SHP-000067,2025-10,12,BAT-002770,PLT-06,CAR-04,"<bound method Series.mode of carrier_id                CAR-04
carrier_name    RailChem Freight
mode                        Rail
base_otif                   0.93
Name: 3, dtype: object>",CUS-02,AMER,28.25,1,2379.39,0,0
SHP-000068,2025-08,10,BAT-002407,PLT-02,CAR-05,"<bound method Series.mode of carrier_id               CAR-05
carrier_name    AirExpress Spec
mode                        Air
base_otif                  0.96
Name: 4, dtype: object>",CUS-02,AMER,74.78,1,8560.51,0,0
SHP-000069,2025-07,9,BAT-002074,PLT-05,CAR-02,"<bound method Series.mode of carrier_id                 CAR-02
carrier_name    EuroHaz Transport
mode                  Hazmat Road
base_otif                    0.91
Name: 1, dtype: object>",CUS-02,AMER,12.22,1,1121.59,0,0
SHP-000070,2025-04,6,BAT-001523,PLT-06,CAR-02,"<bound method Series.mode of carrier_id                 CAR-02
carrier_name    EuroHaz Transport
mode                  Hazmat Road
base_otif                    0.91
Name: 1, dtype: object>",CUS-14,APAC,54.16,1,3730.79,0,0
SHP-000071,2025-07,9,BAT-002148,PLT-02,CAR-03,"<bound method Series.mode of carrier_id               CAR-03
carrier_name    OceanChem Lines
mode                 Ocean Bulk
base_otif                  0.88
Name: 2, dtype: object>",CUS-08,EMEA,67.2,1,6234.87,0,0
SHP-000072,2024-12,2,BAT-000480,PLT-04,CAR-02,"<bound method Series.mode of carrier_id                 CAR-02
carrier_name    EuroHaz Transport
mode                  Hazmat Road
base_otif                    0.91
Name: 1, dtype: object>",CUS-07,APAC,21.14,1,2736.56,1,0
SHP-000073,2026-04,18,BAT-004060,PLT-02,CAR-04,"<bound method Series.mode of carrier_id                CAR-04
carrier_name    RailChem Freight
mode                        Rail
base_otif                   0.93
Name: 3, dtype: object>",CUS-05,LATAM,49.56,1,6405.3,1,1
SHP-000074,2024-11,1,BAT-000397,PLT-01,CAR-03,"<bound method Series.mode of carrier_id               CAR-03
carrier_name    OceanChem Lines
mode                 Ocean Bulk
base_otif                  0.88
Name: 2, dtype: object>",CUS-07,APAC,75.67,1,6119.73,0,0
SHP-000075,2026-08,22,BAT-004938,PLT-02,CAR-02,"<bound method Series.mode of carrier_id                 CAR-02
carrier_name    EuroHaz Transport
mode                  Hazmat Road
base_otif                    0.91
Name: 1, dtype: object>",CUS-14,APAC,60.94,1,6768.05,0,1
SHP-000076,2026-06,20,BAT-004556,PLT-02,CAR-02,"<bound method Series.mode of carrier_id                 CAR-02
carrier_name    EuroHaz Transport
mode                  Hazmat Road
base_otif                    0.91
Name: 1, dtype: object>",CUS-04,EMEA,107.57,1,7797.54,0,1
SHP-000077,2025-04,6,BAT-001382,PLT-02,CAR-05,"<bound method Series.mode of carrier_id               CAR-05
carrier_name    AirExpress Spec
mode                        Air
base_otif                  0.96
Name: 4, dtype: object>",CUS-02,AMER,88.97,1,10411.12,0,0
SHP-000078,2025-12,14,BAT-003160,PLT-01,CAR-01,"<bound method Series.mode of carrier_id                    CAR-01
carrier_name    GlobalTank Logistics
mode                     Bulk Liquid
base_otif                       0.94
Name: 0, dtype: object>",CUS-02,AMER,18.39,1,1319.29,0,0
SHP-000079,2025-02,4,BAT-000910,PLT-01,CAR-03,"<bound method Series.mode of carrier_id               CAR-03
carrier_name    OceanChem Lines
mode                 Ocean Bulk
base_otif                  0.88
Name: 2, dtype: object>",CUS-02,AMER,37.72,1,4786.4,0,0
SHP-000080,2026-04,18,BAT-004053,PLT-04,CAR-03,"<bound method Series.mode of carrier_id               CAR-03
carrier_name    OceanChem Lines
mode                 Ocean Bulk
base_otif                  0.88
Name: 2, dtype: object>",CUS-14,APAC,43.36,1,5247.8,0,1
SHP-000081,2026-06,20,BAT-004403,PLT-02,CAR-01,"<bound method Series.mode of carrier_id                    CAR-01
carrier_name    GlobalTank Logistics
mode                     Bulk Liquid
base_otif                       0.94
Name: 0, dtype: object>",CUS-07,APAC,41.31,1,5230.13,0,1
SHP-000082,2025-01,3,BAT-000767,PLT-05,CAR-01,"<bound method Series.mode of carrier_id                    CAR-01
carrier_name    GlobalTank Logistics
mode                     Bulk Liquid
base_otif                       0.94
Name: 0, dtype: object>",CUS-12,LATAM,23.59,1,2883.65,0,0
SHP-000083,2025-11,13,BAT-003037,PLT-05,CAR-03,"<bound method Series.mode of carrier_id               CAR-03
carrier_name    OceanChem Lines
mode                 Ocean Bulk
base_otif                  0.88
Name: 2, dtype: object>",CUS-01,EMEA,50.88,1,3556.76,0,0
SHP-000084,2025-09,11,BAT-002450,PLT-02,CAR-01,"<bound method Series.mode of carrier_id                    CAR-01
carrier_name    GlobalTank Logistics
mode                     Bulk Liquid
base_otif                       0.94
Name: 0, dtype: object>",CUS-09,AMER,44.28,1,5490.67,0,0
SHP-000085,2025-10,12,BAT-002668,PLT-04,CAR-01,"<bound method Series.mode of carrier_id                    CAR-01
carrier_name    GlobalTank Logistics
mode                     Bulk Liquid
base_otif                       0.94
Name: 0, dtype: object>",CUS-03,APAC,41.73,1,2652.14,0,0
SHP-000086,2025-06,8,BAT-001912,PLT-04,CAR-05,"<bound method Series.mode of carrier_id               CAR-05
carrier_name    AirExpress Spec
mode                        Air
base_otif                  0.96
Name: 4, dtype: object>",CUS-07,APAC,102.68,1,9594.43,0,0
SHP-000087,2025-03,5,BAT-001155,PLT-03,CAR-02,"<bound method Series.mode of carrier_id                 CAR-02
carrier_name    EuroHaz Transport
mode                  Hazmat Road
base_otif                    0.91
Name: 1, dtype: object>",CUS-09,AMER,30.57,0,2360.17,0,0
SHP-000088,2025-11,13,BAT-002935,PLT-06,CAR-04,"<bound method Series.mode of carrier_id                CAR-04
carrier_name    RailChem Freight
mode                        Rail
base_otif                   0.93
Name: 3, dtype: object>",CUS-11,EMEA,20.45,1,2157.6,0,0
SHP-000089,2025-06,8,BAT-001816,PLT-01,CAR-02,"<bound method Series.mode of carrier_id                 CAR-02
carrier_name    EuroHaz Transport
mode                  Hazmat Road
base_otif                    0.91
Name: 1, dtype: object>",CUS-11,EMEA,52.68,1,5219.88,0,0
SHP-000090,2025-10,12,BAT-002787,PLT-01,CAR-01,"<bound method Series.mode of carrier_id                    CAR-01
carrier_name    GlobalTank Logistics
mode                     Bulk Liquid
base_otif                       0.94
Name: 0, dtype: object>",CUS-05,LATAM,45.04,1,4671.39,0,0
SHP-000091,2026-04,18,BAT-004131,PLT-03,CAR-01,"<bound method Series.mode of carrier_id                    CAR-01
carrier_name    GlobalTank Logistics
mode                     Bulk Liquid
base_otif                       0.94
Name: 0, dtype: object>",CUS-09,AMER,54.97,1,4611.38,0,1
SHP-000092,2025-10,12,BAT-002744,PLT-01,CAR-04,"<bound method Series.mode of carrier_id                CAR-04
carrier_name    RailChem Freight
mode                        Rail
base_otif                   0.93
Name: 3, dtype: object>",CUS-15,EMEA,2.54,1,332.14,0,0
SHP-000093,2025-04,6,BAT-001488,PLT-02,CAR-04,"<bound method Series.mode of carrier_id                CAR-04
carrier_name    RailChem Freight
mode                        Rail
base_otif                   0.93
Name: 3, dtype: object>",CUS-12,LATAM,77.8,0,5729.8,0,0
SHP-000094,2025-09,11,BAT-002566,PLT-03,CAR-04,"<bound method Series.mode of carrier_id                CAR-04
carrier_name    RailChem Freight
mode                        Rail
base_otif                   0.93
Name: 3, dtype: object>",CUS-13,AMER,56.74,1,4737.31,0,0
SHP-000095,2025-05,7,BAT-001673,PLT-03,CAR-03,"<bound method Series.mode of carrier_id               CAR-03
carrier_name    OceanChem Lines
mode                 Ocean Bulk
base_otif                  0.88
Name: 2, dtype: object>",CUS-15,EMEA,52.01,1,6772.25,0,0
SHP-000096,2025-07,9,BAT-002158,PLT-06,CAR-05,"<bound method Series.mode of carrier_id               CAR-05
carrier_name    AirExpress Spec
mode                        Air
base_otif                  0.96
Name: 4, dtype: object>",CUS-15,EMEA,22.78,1,2314.95,0,0
SHP-000097,2025-01,3,BAT-000761,PLT-01,CAR-05,"<bound method Series.mode of carrier_id               CAR-05
carrier_name    AirExpress Spec
mode                        Air
base_otif                  0.96
Name: 4, dtype: object>",CUS-03,APAC,2.84,1,262.63,0,0
SHP-000098,2025-03,5,BAT-001201,PLT-05,CAR-02,"<bound method Series.mode of carrier_id                 CAR-02
carrier_name    EuroHaz Transport
mode                  Hazmat Road
base_otif                    0.91
Name: 1, dtype: object>",CUS-04,EMEA,21.95,1,3000.1,0,0
SHP-000099,2025-11,13,BAT-002987,PLT-06,CAR-04,"<bound method Series.mode of carrier_id                CAR-04
carrier_name    RailChem Freight
mode                        Rail
base_otif                   0.93
Name: 3, dtype: object>",CUS-03,APAC,2.24,1,313.81,0,0
SHP-000100,2025-11,13,BAT-002868,PLT-02,CAR-05,"<bound method Series.mode of carrier_id               CAR-05
carrier_name    AirExpress Spec
mode                        Air
base_otif                  0.96
Name: 4, dtype: object>",CUS-14,APAC,2.64,1,340.96,0,0
SHP-000101,2024-11,1,BAT-000381,PLT-01,CAR-04,"<bound method Series.mode of carrier_id                CAR-04
carrier_name    RailChem Freight
mode                        Rail
base_otif                   0.93
Name: 3, dtype: object>",CUS-14,APAC,75.38,1,9649.85,0,0
SHP-000102,2026-02,16,BAT-003695,PLT-01,CAR-02,"<bound method Series.mode of carrier_id                 CAR-02
carrier_name    EuroHaz Transport
mode                  Hazmat Road
base_otif                    0.91
Name: 1, dtype: object>",CUS-12,LATAM,35.34,1,3395.72,0,0
SHP-000103,2025-12,14,BAT-003095,PLT-02,CAR-04,"<bound method Series.mode of carrier_id                CAR-04
carrier_name    RailChem Freight
mode                        Rail
base_otif                   0.93
Name: 3, dtype: object>",CUS-01,EMEA,54.65,1,7115.16,0,0
SHP-000104,2026-08,22,BAT-004863,PLT-04,CAR-02,"<bound method Series.mode of carrier_id                 CAR-02
carrier_name    EuroHaz Transport
mode                  Hazmat Road
base_otif                    0.91
Name: 1, dtype: object>",CUS-06,AMER,19.35,1,2145.02,0,1
SHP-000105,2026-07,21,BAT-004818,PLT-05,CAR-01,"<bound method Series.mode of carrier_id                    CAR-01
carrier_name    GlobalTank Logistics
mode                     Bulk Liquid
base_otif                       0.94
Name: 0, dtype: object>",CUS-06,AMER,16.44,1,1606.94,0,1
SHP-000106,2025-11,13,BAT-002883,PLT-04,CAR-04,"<bound method Series.mode of carrier_id                CAR-04
carrier_name    RailChem Freight
mode                        Rail
base_otif                   0.93
Name: 3, dtype: object>",CUS-06,AMER,53.69,1,4736.03,0,0
SHP-000107,2025-07,9,BAT-002150,PLT-04,CAR-04,"<bound method Series.mode of carrier_id                CAR-04
carrier_name    RailChem Freight
mode                        Rail
base_otif                   0.93
Name: 3, dtype: object>",CUS-02,AMER,27.64,1,2092.56,0,0
SHP-000108,2026-04,18,BAT-004068,PLT-03,CAR-04,"<bound method Series.mode of carrier_id                CAR-04
carrier_name    RailChem Freight
mode                        Rail
base_otif                   0.93
Name: 3, dtype: object>",CUS-01,EMEA,29.57,1,4148.62,0,1
SHP-000109,2025-10,12,BAT-002802,PLT-06,CAR-03,"<bound method Series.mode of carrier_id               CAR-03
carrier_name    OceanChem Lines
mode                 Ocean Bulk
base_otif                  0.88
Name: 2, dtype: object>",CUS-10,APAC,15.56,1,1774.17,0,0
SHP-000110,2025-04,6,BAT-001517,PLT-05,CAR-02,"<bound method Series.mode of carrier_id                 CAR-02
carrier_name    EuroHaz Transport
mode                  Hazmat Road
base_otif                    0.91
Name: 1, dtype: object>",CUS-14,APAC,40.6,1,3088.45,0,0
SHP-000111,2025-09,11,BAT-002446,PLT-03,CAR-05,"<bound method Series.mode of carrier_id               CAR-05
carrier_name    AirExpress Spec
mode                        Air
base_otif                  0.96
Name: 4, dtype: object>",CUS-02,AMER,40.31,1,3177.33,0,0
SHP-000112,2025-12,14,BAT-003195,PLT-06,CAR-03,"<bound method Series.mode of carrier_id               CAR-03
carrier_name    OceanChem Lines
mode                 Ocean Bulk
base_otif                  0.88
Name: 2, dtype: object>",CUS-02,AMER,29.74,1,4204.47,0,0
SHP-000113,2026-08,22,BAT-005024,PLT-04,CAR-02,"<bound method Series.mode of carrier_id                 CAR-02
carrier_name    EuroHaz Transport
mode                  Hazmat Road
base_otif                    0.91
Name: 1, dtype: object>",CUS-04,EMEA,29.31,1,3834.9,0,1
SHP-000114,2026-07,21,BAT-004672,PLT-04,CAR-04,"<bound method Series.mode of carrier_id                CAR-04
carrier_name    RailChem Freight
mode                        Rail
base_otif                   0.93
Name: 3, dtype: object>",CUS-05,LATAM,28.48,1,3604.98,0,1
SHP-000115,2025-02,4,BAT-001071,PLT-06,CAR-03,"<bound method Series.mode of carrier_id               CAR-03
carrier_name    OceanChem Lines
mode                 Ocean Bulk
base_otif                  0.88
Name: 2, dtype: object>",CUS-14,APAC,80.12,1,9265.59,0,0
SHP-000116,2025-12,14,BAT-003100,PLT-01,CAR-04,"<bound method Series.mode of carrier_id                CAR-04
carrier_name    RailChem Freight
mode                        Rail
base_otif                   0.93
Name: 3, dtype: object>",CUS-05,LATAM,26.81,1,3234.13,0,0
SHP-000117,2024-11,1,BAT-000378,PLT-04,CAR-02,"<bound method Series.mode of carrier_id                 CAR-02
carrier_name    EuroHaz Transport
mode                  Hazmat Road
base_otif                    0.91
Name: 1, dtype: object>",CUS-09,AMER,30.61,1,2423.96,0,0
SHP-000118,2025-04,6,BAT-001400,PLT-03,CAR-05,"<bound method Series.mode of carrier_id               CAR-05
carrier_name    AirExpress Spec
mode                        Air
base_otif                  0.96
Name: 4, dtype: object>",CUS-10,APAC,2.51,1,210.92,0,0
SHP-000119,2024-10,0,BAT-000122,PLT-01,CAR-01,"<bound method Series.mode of carrier_id                    CAR-01
carrier_name    GlobalTank Logistics
mode                     Bulk Liquid
base_otif                       0.94
Name: 0, dtype: object>",CUS-02,AMER,31.8,1,2205.55,0,0
SHP-000120,2026-06,20,BAT-004483,PLT-05,CAR-01,"<bound method Series.mode of carrier_id                    CAR-01
carrier_name    GlobalTank Logistics
mode                     Bulk Liquid
base_otif                       0.94
Name: 0, dtype: object>",CUS-11,EMEA,59.45,1,3603.94,0,1
SHP-000121,2025-03,5,BAT-001311,PLT-05,CAR-05,"<bound method Series.mode of carrier_id               CAR-05
carrier_name    AirExpress Spec
mode                        Air
base_otif                  0.96
Name: 4, dtype: object>",CUS-02,AMER,26.27,0,3608.91,0,0
SHP-000122,2025-04,6,BAT-001407,PLT-03,CAR-03,"<bound method Series.mode of carrier_id               CAR-03
carrier_name    OceanChem Lines
mode                 Ocean Bulk
base_otif                  0.88
Name: 2, dtype: object>",CUS-04,EMEA,11.72,1,978.73,0,0
SHP-000123,2025-07,9,BAT-001985,PLT-06,CAR-01,"<bound method Series.mode of carrier_id                    CAR-01
carrier_name    GlobalTank Logistics
mode                     Bulk Liquid
base_otif                       0.94
Name: 0, dtype: object>",CUS-07,APAC,32.19,1,3626.94,0,0
SHP-000124,2026-09,23,BAT-005215,PLT-06,CAR-01,"<bound method Series.mode of carrier_id                    CAR-01
carrier_name    GlobalTank Logistics
mode                     Bulk Liquid
base_otif                       0.94
Name: 0, dtype: object>",CUS-05,LATAM,37.51,1,5139.91,0,1
SHP-000125,2024-11,1,BAT-000250,PLT-01,CAR-04,"<bound method Series.mode of carrier_id                CAR-04
carrier_name    RailChem Freight
mode                        Rail
base_otif                   0.93
Name: 3, dtype: object>",CUS-02,AMER,15.65,1,1561.19,0,0
SHP-000126,2026-01,15,BAT-003519,PLT-05,CAR-02,"<bound method Series.mode of carrier_id                 CAR-02
carrier_name    EuroHaz Transport
mode                  Hazmat Road
base_otif                    0.91
Name: 1, dtype: object>",CUS-01,EMEA,28.0,1,3558.31,0,0
SHP-000127,2025-07,9,BAT-002124,PLT-06,CAR-01,"<bound method Series.mode of carrier_id                    CAR-01
carrier_name    GlobalTank Logistics
mode                     Bulk Liquid
base_otif                       0.94
Name: 0, dtype: object>",CUS-08,EMEA,51.44,1,6380.65,0,0
SHP-000128,2026-07,21,BAT-004762,PLT-03,CAR-03,"<bound method Series.mode of carrier_id               CAR-03
carrier_name    OceanChem Lines
mode                 Ocean Bulk
base_otif                  0.88
Name: 2, dtype: object>",CUS-10,APAC,30.05,0,4100.08,0,1
SHP-000129,2025-11,13,BAT-002894,PLT-06,CAR-03,"<bound method Series.mode of carrier_id               CAR-03
carrier_name    OceanChem Lines
mode                 Ocean Bulk
base_otif                  0.88
Name: 2, dtype: object>",CUS-11,EMEA,74.4,1,5079.6,0,0
SHP-000130,2026-02,16,BAT-003565,PLT-02,CAR-05,"<bound method Series.mode of carrier_id               CAR-05
carrier_name    AirExpress Spec
mode                        Air
base_otif                  0.96
Name: 4, dtype: object>",CUS-15,EMEA,73.84,1,5024.3,0,0
SHP-000131,2025-12,14,BAT-003292,PLT-04,CAR-05,"<bound method Series.mode of carrier_id               CAR-05
carrier_name    AirExpress Spec
mode                        Air
base_otif                  0.96
Name: 4, dtype: object>",CUS-11,EMEA,15.46,1,1839.16,0,0
SHP-000132,2025-07,9,BAT-002144,PLT-04,CAR-04,"<bound method Series.mode of carrier_id                CAR-04
carrier_name    RailChem Freight
mode                        Rail
base_otif                   0.93
Name: 3, dtype: object>",CUS-13,AMER,1.04,1,76.55,0,0
SHP-000133,2025-10,12,BAT-002686,PLT-06,CAR-01,"<bound method Series.mode of carrier_id                    CAR-01
carrier_name    GlobalTank Logistics
mode                     Bulk Liquid
base_otif                       0.94
Name: 0, dtype: object>",CUS-11,EMEA,35.74,1,3378.23,0,0
SHP-000134,2026-01,15,BAT-003349,PLT-05,CAR-05,"<bound method Series.mode of carrier_id               CAR-05
carrier_name    AirExpress Spec
mode                        Air
base_otif                  0.96
Name: 4, dtype: object>",CUS-13,AMER,39.73,1,5711.95,0,0
SHP-000135,2025-11,13,BAT-003051,PLT-06,CAR-04,"<bound method Series.mode of carrier_id                CAR-04
carrier_name    RailChem Freight
mode                        Rail
base_otif                   0.93
Name: 3, dtype: object>",CUS-10,APAC,59.87,1,6899.62,0,0
SHP-000136,2026-04,18,BAT-004049,PLT-06,CAR-05,"<bound method Series.mode of carrier_id               CAR-05
carrier_name    AirExpress Spec
mode                        Air
base_otif                  0.96
Name: 4, dtype: object>",CUS-09,AMER,22.33,1,2669.24,0,1
SHP-000137,2025-07,9,BAT-002036,PLT-01,CAR-03,"<bound method Series.mode of carrier_id               CAR-03
carrier_name    OceanChem Lines
mode                 Ocean Bulk
base_otif                  0.88
Name: 2, dtype: object>",CUS-11,EMEA,1.14,1,128.38,0,0
SHP-000138,2024-11,1,BAT-000388,PLT-01,CAR-05,"<bound method Series.mode of carrier_id               CAR-05
carrier_name    AirExpress Spec
mode                        Air
base_otif                  0.96
Name: 4, dtype: object>",CUS-13,AMER,18.35,1,1809.18,0,0
SHP-000139,2025-07,9,BAT-002095,PLT-01,CAR-03,"<bound method Series.mode of carrier_id               CAR-03
carrier_name    OceanChem Lines
mode                 Ocean Bulk
base_otif                  0.88
Name: 2, dtype: object>",CUS-04,EMEA,31.24,1,2831.06,0,0
SHP-000140,2025-11,13,BAT-003076,PLT-04,CAR-03,"<bound method Series.mode of carrier_id               CAR-03
carrier_name    OceanChem Lines
mode                 Ocean Bulk
base_otif                  0.88
Name: 2, dtype: object>",CUS-13,AMER,2.13,1,231.43,0,0
SHP-000141,2026-06,20,BAT-004533,PLT-06,CAR-02,"<bound method Series.mode of carrier_id                 CAR-02
carrier_name    EuroHaz Transport
mode                  Hazmat Road
base_otif                    0.91
Name: 1, dtype: object>",CUS-03,APAC,42.67,1,5115.6,0,1
SHP-000142,2026-07,21,BAT-004645,PLT-01,CAR-02,"<bound method Series.mode of carrier_id                 CAR-02
carrier_name    EuroHaz Transport
mode                  Hazmat Road
base_otif                    0.91
Name: 1, dtype: object>",CUS-12,LATAM,74.88,1,9189.14,0,1
SHP-000143,2025-05,7,BAT-001738,PLT-03,CAR-01,"<bound method Series.mode of carrier_id                    CAR-01
carrier_name    GlobalTank Logistics
mode                     Bulk Liquid
base_otif                       0.94
Name: 0, dtype: object>",CUS-14,APAC,46.73,1,5062.59,0,0
SHP-000144,2026-03,17,BAT-003761,PLT-04,CAR-02,"<bound method Series.mode of carrier_id                 CAR-02
carrier_name    EuroHaz Transport
mode                  Hazmat Road
base_otif                    0.91
Name: 1, dtype: object>",CUS-05,LATAM,69.34,1,8138.42,0,0
SHP-000145,2025-02,4,BAT-001014,PLT-01,CAR-05,"<bound method Series.mode of carrier_id               CAR-05
carrier_name    AirExpress Spec
mode                        Air
base_otif                  0.96
Name: 4, dtype: object>",CUS-14,APAC,79.93,1,6618.02,0,0
SHP-000146,2025-09,11,BAT-002486,PLT-06,CAR-03,"<bound method Series.mode of carrier_id               CAR-03
carrier_name    OceanChem Lines
mode                 Ocean Bulk
base_otif                  0.88
Name: 2, dtype: object>",CUS-10,APAC,37.28,1,2172.54,0,0
SHP-000147,2026-06,20,BAT-004478,PLT-05,CAR-02,"<bound method Series.mode of carrier_id                 CAR-02
carrier_name    EuroHaz Transport
mode                  Hazmat Road
base_otif                    0.91
Name: 1, dtype: object>",CUS-10,APAC,21.82,1,2178.71,0,1
SHP-000148,2026-07,21,BAT-004723,PLT-06,CAR-02,"<bound method Series.mode of carrier_id                 CAR-02
carrier_name    EuroHaz Transport
mode                  Hazmat Road
base_otif                    0.91
Name: 1, dtype: object>",CUS-15,EMEA,48.02,1,6434.88,1,1
SHP-000149,2026-03,17,BAT-003855,PLT-03,CAR-02,"<bound method Series.mode of carrier_id                 CAR-02
carrier_name    EuroHaz Transport
mode                  Hazmat Road
base_otif                    0.91
Name: 1, dtype: object>",CUS-11,EMEA,30.55,1,2751.1,0,0
SHP-000150,2024-10,0,BAT-000105,PLT-04,CAR-02,"<bound method Series.mode of carrier_id                 CAR-02
carrier_name    EuroHaz Transport
mode                  Hazmat Road
base_otif                    0.91
Name: 1, dtype: object>",CUS-12,LATAM,86.13,1,6858.06,0,0
SHP-000151,2026-03,17,BAT-003920,PLT-04,CAR-03,"<bound method Series.mode of carrier_id               CAR-03
carrier_name    OceanChem Lines
mode                 Ocean Bulk
base_otif                  0.88
Name: 2, dtype: object>",CUS-07,APAC,40.7,1,4360.07,0,0
SHP-000152,2025-06,8,BAT-001883,PLT-03,CAR-04,"<bound method Series.mode of carrier_id                CAR-04
carrier_name    RailChem Freight
mode                        Rail
base_otif                   0.93
Name: 3, dtype: object>",CUS-09,AMER,27.52,1,3020.55,0,0
SHP-000153,2025-10,12,BAT-002733,PLT-01,CAR-01,"<bound method Series.mode of carrier_id                    CAR-01
carrier_name    GlobalTank Logistics
mode                     Bulk Liquid
base_otif                       0.94
Name: 0, dtype: object>",CUS-02,AMER,68.04,1,8955.3,0,0
SHP-000154,2025-03,5,BAT-001131,PLT-06,CAR-05,"<bound method Series.mode of carrier_id               CAR-05
carrier_name    AirExpress Spec
mode                        Air
base_otif                  0.96
Name: 4, dtype: object>",CUS-14,APAC,35.34,1,3189.72,0,0
SHP-000155,2026-06,20,BAT-004562,PLT-04,CAR-02,"<bound method Series.mode of carrier_id                 CAR-02
carrier_name    EuroHaz Transport
mode                  Hazmat Road
base_otif                    0.91
Name: 1, dtype: object>",CUS-06,AMER,82.0,1,10195.12,0,1
SHP-000156,2026-05,19,BAT-004363,PLT-06,CAR-03,"<bound method Series.mode of carrier_id               CAR-03
carrier_name    OceanChem Lines
mode                 Ocean Bulk
base_otif                  0.88
Name: 2, dtype: object>",CUS-09,AMER,35.44,1,4587.35,0,1
SHP-000157,2025-03,5,BAT-001289,PLT-06,CAR-05,"<bound method Series.mode of carrier_id               CAR-05
carrier_name    AirExpress Spec
mode                        Air
base_otif                  0.96
Name: 4, dtype: object>",CUS-04,EMEA,39.92,1,4542.24,0,0
SHP-000158,2026-09,23,BAT-005261,PLT-04,CAR-02,"<bound method Series.mode of carrier_id                 CAR-02
carrier_name    EuroHaz Transport
mode                  Hazmat Road
base_otif                    0.91
Name: 1, dtype: object>",CUS-10,APAC,38.86,1,5494.9,0,1
SHP-000159,2025-08,10,BAT-002308,PLT-04,CAR-05,"<bound method Series.mode of carrier_id               CAR-05
carrier_name    AirExpress Spec
mode                        Air
base_otif                  0.96
Name: 4, dtype: object>",CUS-09,AMER,19.13,1,1991.11,0,0
SHP-000160,2025-10,12,BAT-002649,PLT-02,CAR-02,"<bound method Series.mode of carrier_id                 CAR-02
carrier_name    EuroHaz Transport
mode                  Hazmat Road
base_otif                    0.91
Name: 1, dtype: object>",CUS-14,APAC,2.9,1,394.84,0,0
SHP-000161,2025-11,13,BAT-002972,PLT-06,CAR-05,"<bound method Series.mode of carrier_id               CAR-05
carrier_name    AirExpress Spec
mode                        Air
base_otif                  0.96
Name: 4, dtype: object>",CUS-15,EMEA,37.53,1,4175.13,0,0
SHP-000162,2025-06,8,BAT-001906,PLT-05,CAR-03,"<bound method Series.mode of carrier_id               CAR-03
carrier_name    OceanChem Lines
mode                 Ocean Bulk
base_otif                  0.88
Name: 2, dtype: object>",CUS-06,AMER,39.42,1,4942.51,0,0
SHP-000163,2024-12,2,BAT-000542,PLT-03,CAR-05,"<bound method Series.mode of carrier_id               CAR-05
carrier_name    AirExpress Spec
mode                        Air
base_otif                  0.96
Name: 4, dtype: object>",CUS-13,AMER,39.14,1,5501.59,0,0
SHP-000164,2025-03,5,BAT-001283,PLT-03,CAR-05,"<bound method Series.mode of carrier_id               CAR-05
carrier_name    AirExpress Spec
mode                        Air
base_otif                  0.96
Name: 4, dtype: object>",CUS-15,EMEA,2.07,1,166.48,0,0
SHP-000165,2026-06,20,BAT-004532,PLT-05,CAR-04,"<bound method Series.mode of carrier_id                CAR-04
carrier_name    RailChem Freight
mode                        Rail
base_otif                   0.93
Name: 3, dtype: object>",CUS-06,AMER,32.79,1,2830.68,0,1
SHP-000166,2025-04,6,BAT-001529,PLT-03,CAR-05,"<bound method Series.mode of carrier_id               CAR-05
carrier_name    AirExpress Spec
mode                        Air
base_otif                  0.96
Name: 4, dtype: object>",CUS-12,LATAM,46.56,1,6423.44,0,0
SHP-000167,2025-11,13,BAT-003020,PLT-06,CAR-05,"<bound method Series.mode of carrier_id               CAR-05
carrier_name    AirExpress Spec
mode                        Air
base_otif                  0.96
Name: 4, dtype: object>",CUS-01,EMEA,42.03,1,3646.54,0,0
SHP-000168,2026-09,23,BAT-005253,PLT-05,CAR-01,"<bound method Series.mode of carrier_id                    CAR-01
carrier_name    GlobalTank Logistics
mode                     Bulk Liquid
base_otif                       0.94
Name: 0, dtype: object>",CUS-13,AMER,27.8,1,3986.62,0,1
SHP-000169,2025-09,11,BAT-002488,PLT-03,CAR-02,"<bound method Series.mode of carrier_id                 CAR-02
carrier_name    EuroHaz Transport
mode                  Hazmat Road
base_otif                    0.91
Name: 1, dtype: object>",CUS-03,APAC,63.17,1,8810.73,0,0
SHP-000170,2026-01,15,BAT-003324,PLT-01,CAR-04,"<bound method Series.mode of carrier_id                CAR-04
carrier_name    RailChem Freight
mode                        Rail
base_otif                   0.93
Name: 3, dtype: object>",CUS-10,APAC,30.75,1,3587.74,0,0
SHP-000171,2025-06,8,BAT-001867,PLT-05,CAR-04,"<bound method Series.mode of carrier_id                CAR-04
carrier_name    RailChem Freight
mode                        Rail
base_otif                   0.93
Name: 3, dtype: object>",CUS-08,EMEA,32.11,1,4614.26,0,0
SHP-000172,2026-01,15,BAT-003470,PLT-04,CAR-05,"<bound method Series.mode of carrier_id               CAR-05
carrier_name    AirExpress Spec
mode                        Air
base_otif                  0.96
Name: 4, dtype: object>",CUS-12,LATAM,35.41,1,2772.92,0,0
SHP-000173,2026-09,23,BAT-005133,PLT-05,CAR-03,"<bound method Series.mode of carrier_id               CAR-03
carrier_name    OceanChem Lines
mode                 Ocean Bulk
base_otif                  0.88
Name: 2, dtype: object>",CUS-13,AMER,0.74,1,58.91,0,1
SHP-000174,2025-03,5,BAT-001207,PLT-01,CAR-02,"<bound method Series.mode of carrier_id                 CAR-02
carrier_name    EuroHaz Transport
mode                  Hazmat Road
base_otif                    0.91
Name: 1, dtype: object>",CUS-14,APAC,34.71,1,2995.26,0,0
SHP-000175,2025-06,8,BAT-001903,PLT-02,CAR-01,"<bound method Series.mode of carrier_id                    CAR-01
carrier_name    GlobalTank Logistics
mode                     Bulk Liquid
base_otif                       0.94
Name: 0, dtype: object>",CUS-04,EMEA,28.12,1,1714.48,0,0
SHP-000176,2026-05,19,BAT-004269,PLT-02,CAR-01,"<bound method Series.mode of carrier_id                    CAR-01
carrier_name    GlobalTank Logistics
mode                     Bulk Liquid
base_otif                       0.94
Name: 0, dtype: object>",CUS-06,AMER,65.45,1,7600.27,0,1
SHP-000177,2026-09,23,BAT-005105,PLT-04,CAR-02,"<bound method Series.mode of carrier_id                 CAR-02
carrier_name    EuroHaz Transport
mode                  Hazmat Road
base_otif                    0.91
Name: 1, dtype: object>",CUS-10,APAC,1.3,1,150.37,0,1
SHP-000178,2025-01,3,BAT-000681,PLT-03,CAR-01,"<bound method Series.mode of carrier_id                    CAR-01
carrier_name    GlobalTank Logistics
mode                     Bulk Liquid
base_otif                       0.94
Name: 0, dtype: object>",CUS-05,LATAM,27.15,1,3532.21,0,0
SHP-000179,2025-09,11,BAT-002434,PLT-03,CAR-04,"<bound method Series.mode of carrier_id                CAR-04
carrier_name    RailChem Freight
mode                        Rail
base_otif                   0.93
Name: 3, dtype: object>",CUS-07,APAC,19.5,1,2458.72,0,0
SHP-000180,2026-09,23,BAT-005063,PLT-02,CAR-02,"<bound method Series.mode of carrier_id                 CAR-02
carrier_name    EuroHaz Transport
mode                  Hazmat Road
base_otif                    0.91
Name: 1, dtype: object>",CUS-02,AMER,66.56,1,9492.31,0,1
SHP-000181,2026-01,15,BAT-003320,PLT-01,CAR-01,"<bound method Series.mode of carrier_id                    CAR-01
carrier_name    GlobalTank Logistics
mode                     Bulk Liquid
base_otif                       0.94
Name: 0, dtype: object>",CUS-13,AMER,43.66,1,5977.85,0,0
SHP-000182,2026-07,21,BAT-004707,PLT-03,CAR-03,"<bound method Series.mode of carrier_id               CAR-03
carrier_name    OceanChem Lines
mode                 Ocean Bulk
base_otif                  0.88
Name: 2, dtype: object>",CUS-06,AMER,65.16,1,7050.65,0,1
SHP-000183,2026-04,18,BAT-004075,PLT-03,CAR-03,"<bound method Series.mode of carrier_id               CAR-03
carrier_name    OceanChem Lines
mode                 Ocean Bulk
base_otif                  0.88
Name: 2, dtype: object>",CUS-12,LATAM,20.38,0,1678.39,0,1
SHP-000184,2025-12,14,BAT-003246,PLT-05,CAR-02,"<bound method Series.mode of carrier_id                 CAR-02
carrier_name    EuroHaz Transport
mode                  Hazmat Road
base_otif                    0.91
Name: 1, dtype: object>",CUS-15,EMEA,38.81,1,4971.58,0,0
SHP-000185,2025-04,6,BAT-001350,PLT-02,CAR-04,"<bound method Series.mode of carrier_id                CAR-04
carrier_name    RailChem Freight
mode                        Rail
base_otif                   0.93
Name: 3, dtype: object>",CUS-12,LATAM,67.37,1,7680.08,0,0
SHP-000186,2026-05,19,BAT-004225,PLT-05,CAR-02,"<bound method Series.mode of carrier_id                 CAR-02
carrier_name    EuroHaz Transport
mode                  Hazmat Road
base_otif                    0.91
Name: 1, dtype: object>",CUS-06,AMER,38.8,1,5017.22,0,1
SHP-000187,2025-11,13,BAT-002881,PLT-05,CAR-03,"<bound method Series.mode of carrier_id               CAR-03
carrier_name    OceanChem Lines
mode                 Ocean Bulk
base_otif                  0.88
Name: 2, dtype: object>",CUS-08,EMEA,58.68,0,4618.21,0,0
SHP-000188,2026-09,23,BAT-005180,PLT-02,CAR-03,"<bound method Series.mode of carrier_id               CAR-03
carrier_name    OceanChem Lines
mode                 Ocean Bulk
base_otif                  0.88
Name: 2, dtype: object>",CUS-04,EMEA,110.61,1,11912.04,0,1
SHP-000189,2026-09,23,BAT-005109,PLT-01,CAR-05,"<bound method Series.mode of carrier_id               CAR-05
carrier_name    AirExpress Spec
mode                        Air
base_otif                  0.96
Name: 4, dtype: object>",CUS-08,EMEA,55.25,1,6458.12,0,1
SHP-000190,2025-09,11,BAT-002571,PLT-01,CAR-03,"<bound method Series.mode of carrier_id               CAR-03
carrier_name    OceanChem Lines
mode                 Ocean Bulk
base_otif                  0.88
Name: 2, dtype: object>",CUS-06,AMER,1.57,0,216.0,0,0
SHP-000191,2024-10,0,BAT-000002,PLT-02,CAR-01,"<bound method Series.mode of carrier_id                    CAR-01
carrier_name    GlobalTank Logistics
mode                     Bulk Liquid
base_otif                       0.94
Name: 0, dtype: object>",CUS-07,APAC,35.55,1,2883.58,0,0
SHP-000192,2024-12,2,BAT-000588,PLT-01,CAR-01,"<bound method Series.mode of carrier_id                    CAR-01
carrier_name    GlobalTank Logistics
mode                     Bulk Liquid
base_otif                       0.94
Name: 0, dtype: object>",CUS-03,APAC,46.34,1,6706.21,0,0
SHP-000193,2025-04,6,BAT-001477,PLT-04,CAR-04,"<bound method Series.mode of carrier_id                CAR-04
carrier_name    RailChem Freight
mode                        Rail
base_otif                   0.93
Name: 3, dtype: object>",CUS-03,APAC,31.88,1,3022.28,0,0
SHP-000194,2026-04,18,BAT-004071,PLT-05,CAR-04,"<bound method Series.mode of carrier_id                CAR-04
carrier_name    RailChem Freight
mode                        Rail
base_otif                   0.93
Name: 3, dtype: object>",CUS-13,AMER,43.46,1,3991.61,0,1
SHP-000195,2025-07,9,BAT-002167,PLT-01,CAR-05,"<bound method Series.mode of carrier_id               CAR-05
carrier_name    AirExpress Spec
mode                        Air
base_otif                  0.96
Name: 4, dtype: object>",CUS-12,LATAM,31.63,1,1880.88,0,0
SHP-000196,2025-07,9,BAT-002187,PLT-03,CAR-04,"<bound method Series.mode of carrier_id                CAR-04
carrier_name    RailChem Freight
mode                        Rail
base_otif                   0.93
Name: 3, dtype: object>",CUS-01,EMEA,53.95,1,5785.48,0,0
SHP-000197,2024-10,0,BAT-000104,PLT-03,CAR-01,"<bound method Series.mode of carrier_id                    CAR-01
carrier_name    GlobalTank Logistics
mode                     Bulk Liquid
base_otif                       0.94
Name: 0, dtype: object>",CUS-13,AMER,76.18,1,10364.82,0,0
SHP-000198,2024-11,1,BAT-000312,PLT-02,CAR-03,"<bound method Series.mode of carrier_id               CAR-03
carrier_name    OceanChem Lines
mode                 Ocean Bulk
base_otif                  0.88
Name: 2, dtype: object>",CUS-10,APAC,13.64,1,1385.64,0,0
SHP-000199,2025-05,7,BAT-001760,PLT-03,CAR-04,"<bound method Series.mode of carrier_id                CAR-04
carrier_name    RailChem Freight
mode                        Rail
base_otif                   0.93
Name: 3, dtype: object>",CUS-13,AMER,25.71,1,2523.88,0,0
SHP-000200,2025-08,10,BAT-002328,PLT-05,CAR-01,"<bound method Series.mode of carrier_id                    CAR-01
carrier_name    GlobalTank Logistics
mode                     Bulk Liquid
base_otif                       0.94
Name: 0, dtype: object>",CUS-14,APAC,16.95,1,1252.75,0,0
SHP-000201,2026-07,21,BAT-004785,PLT-03,CAR-03,"<bound method Series.mode of carrier_id               CAR-03
carrier_name    OceanChem Lines
mode                 Ocean Bulk
base_otif                  0.88
Name: 2, dtype: object>",CUS-10,APAC,27.61,1,3024.81,0,1
SHP-000202,2024-12,2,BAT-000575,PLT-03,CAR-01,"<bound method Series.mode of carrier_id                    CAR-01
carrier_name    GlobalTank Logistics
mode                     Bulk Liquid
base_otif                       0.94
Name: 0, dtype: object>",CUS-12,LATAM,17.42,1,1173.6,0,0
SHP-000203,2025-09,11,BAT-002523,PLT-05,CAR-02,"<bound method Series.mode of carrier_id                 CAR-02
carrier_name    EuroHaz Transport
mode                  Hazmat Road
base_otif                    0.91
Name: 1, dtype: object>",CUS-01,EMEA,61.35,1,5648.44,0,0
SHP-000204,2025-01,3,BAT-000813,PLT-04,CAR-03,"<bound method Series.mode of carrier_id               CAR-03
carrier_name    OceanChem Lines
mode                 Ocean Bulk
base_otif                  0.88
Name: 2, dtype: object>",CUS-13,AMER,33.16,1,4387.45,0,0
SHP-000205,2025-12,14,BAT-003142,PLT-03,CAR-03,"<bound method Series.mode of carrier_id               CAR-03
carrier_name    OceanChem Lines
mode                 Ocean Bulk
base_otif                  0.88
Name: 2, dtype: object>",CUS-12,LATAM,30.69,1,2849.2,0,0
SHP-000206,2026-07,21,BAT-004831,PLT-02,CAR-04,"<bound method Series.mode of carrier_id                CAR-04
carrier_name    RailChem Freight
mode                        Rail
base_otif                   0.93
Name: 3, dtype: object>",CUS-03,APAC,58.69,1,5994.59,0,1
SHP-000207,2025-10,12,BAT-002838,PLT-04,CAR-05,"<bound method Series.mode of carrier_id               CAR-05
carrier_name    AirExpress Spec
mode                        Air
base_otif                  0.96
Name: 4, dtype: object>",CUS-14,APAC,19.69,1,1663.44,0,0
SHP-000208,2026-06,20,BAT-004519,PLT-02,CAR-03,"<bound method Series.mode of carrier_id               CAR-03
carrier_name    OceanChem Lines
mode                 Ocean Bulk
base_otif                  0.88
Name: 2, dtype: object>",CUS-04,EMEA,57.3,1,5884.55,0,1
SHP-000209,2024-10,0,BAT-000128,PLT-02,CAR-05,"<bound method Series.mode of carrier_id               CAR-05
carrier_name    AirExpress Spec
mode                        Air
base_otif                  0.96
Name: 4, dtype: object>",CUS-03,APAC,51.94,1,5372.58,0,0
SHP-000210,2026-09,23,BAT-005141,PLT-01,CAR-01,"<bound method Series.mode of carrier_id                    CAR-01
carrier_name    GlobalTank Logistics
mode                     Bulk Liquid
base_otif                       0.94
Name: 0, dtype: object>",CUS-11,EMEA,27.07,0,2897.92,0,1
SHP-000211,2026-06,20,BAT-004408,PLT-03,CAR-04,"<bound method Series.mode of carrier_id                CAR-04
carrier_name    RailChem Freight
mode                        Rail
base_otif                   0.93
Name: 3, dtype: object>",CUS-14,APAC,57.36,1,5592.48,0,1
SHP-000212,2024-11,1,BAT-000229,PLT-06,CAR-03,"<bound method Series.mode of carrier_id               CAR-03
carrier_name    OceanChem Lines
mode                 Ocean Bulk
base_otif                  0.88
Name: 2, dtype: object>",CUS-08,EMEA,35.44,1,5082.8,1,0
SHP-000213,2025-05,7,BAT-001596,PLT-06,CAR-05,"<bound method Series.mode of carrier_id               CAR-05
carrier_name    AirExpress Spec
mode                        Air
base_otif                  0.96
Name: 4, dtype: object>",CUS-08,EMEA,40.45,1,4441.83,0,0
SHP-000214,2026-03,17,BAT-003841,PLT-02,CAR-04,"<bound method Series.mode of carrier_id                CAR-04
carrier_name    RailChem Freight
mode                        Rail
base_otif                   0.93
Name: 3, dtype: object>",CUS-07,APAC,55.32,1,6619.68,0,0
SHP-000215,2024-11,1,BAT-000435,PLT-01,CAR-02,"<bound method Series.mode of carrier_id                 CAR-02
carrier_name    EuroHaz Transport
mode                  Hazmat Road
base_otif                    0.91
Name: 1, dtype: object>",CUS-15,EMEA,2.63,1,295.51,0,0
SHP-000216,2026-05,19,BAT-004253,PLT-05,CAR-05,"<bound method Series.mode of carrier_id               CAR-05
carrier_name    AirExpress Spec
mode                        Air
base_otif                  0.96
Name: 4, dtype: object>",CUS-05,LATAM,43.11,1,3164.2,0,1
SHP-000217,2025-01,3,BAT-000666,PLT-03,CAR-04,"<bound method Series.mode of carrier_id                CAR-04
carrier_name    RailChem Freight
mode                        Rail
base_otif                   0.93
Name: 3, dtype: object>",CUS-05,LATAM,42.43,1,3729.44,0,0
SHP-000218,2026-05,19,BAT-004255,PLT-01,CAR-02,"<bound method Series.mode of carrier_id                 CAR-02
carrier_name    EuroHaz Transport
mode                  Hazmat Road
base_otif                    0.91
Name: 1, dtype: object>",CUS-14,APAC,2.51,1,248.81,0,1
SHP-000219,2026-01,15,BAT-003388,PLT-05,CAR-02,"<bound method Series.mode of carrier_id                 CAR-02
carrier_name    EuroHaz Transport
mode                  Hazmat Road
base_otif                    0.91
Name: 1, dtype: object>",CUS-05,LATAM,31.19,1,4251.42,0,0
SHP-000220,2025-10,12,BAT-002762,PLT-06,CAR-02,"<bound method Series.mode of carrier_id                 CAR-02
carrier_name    EuroHaz Transport
mode                  Hazmat Road
base_otif                    0.91
Name: 1, dtype: object>",CUS-13,AMER,49.1,1,3848.37,0,0
SHP-000221,2026-09,23,BAT-005251,PLT-05,CAR-02,"<bound method Series.mode of carrier_id                 CAR-02
carrier_name    EuroHaz Transport
mode                  Hazmat Road
base_otif                    0.91
Name: 1, dtype: object>",CUS-07,APAC,13.8,1,1476.88,0,1
SHP-000222,2025-03,5,BAT-001243,PLT-03,CAR-05,"<bound method Series.mode of carrier_id               CAR-05
carrier_name    AirExpress Spec
mode                        Air
base_otif                  0.96
Name: 4, dtype: object>",CUS-12,LATAM,27.02,0,2182.71,0,0
SHP-000223,2024-12,2,BAT-000616,PLT-02,CAR-05,"<bound method Series.mode of carrier_id               CAR-05
carrier_name    AirExpress Spec
mode                        Air
base_otif                  0.96
Name: 4, dtype: object>",CUS-07,APAC,15.27,1,1972.97,0,0
SHP-000224,2025-01,3,BAT-000829,PLT-03,CAR-03,"<bound method Series.mode of carrier_id               CAR-03
carrier_name    OceanChem Lines
mode                 Ocean Bulk
base_otif                  0.88
Name: 2, dtype: object>",CUS-06,AMER,14.63,1,1933.94,0,0
SHP-000225,2026-07,21,BAT-004788,PLT-01,CAR-03,"<bound method Series.mode of carrier_id               CAR-03
carrier_name    OceanChem Lines
mode                 Ocean Bulk
base_otif                  0.88
Name: 2, dtype: object>",CUS-14,APAC,58.79,1,7499.0,0,1
SHP-000226,2025-07,9,BAT-002091,PLT-01,CAR-05,"<bound method Series.mode of carrier_id               CAR-05
carrier_name    AirExpress Spec
mode                        Air
base_otif                  0.96
Name: 4, dtype: object>",CUS-10,APAC,33.52,1,2575.25,0,0
SHP-000227,2026-06,20,BAT-004457,PLT-01,CAR-03,"<bound method Series.mode of carrier_id               CAR-03
carrier_name    OceanChem Lines
mode                 Ocean Bulk
base_otif                  0.88
Name: 2, dtype: object>",CUS-12,LATAM,42.83,0,3730.45,0,1
SHP-000228,2025-06,8,BAT-001788,PLT-01,CAR-03,"<bound method Series.mode of carrier_id               CAR-03
carrier_name    OceanChem Lines
mode                 Ocean Bulk
base_otif                  0.88
Name: 2, dtype: object>",CUS-04,EMEA,47.1,1,4607.37,0,0
SHP-000229,2026-02,16,BAT-003527,PLT-02,CAR-04,"<bound method Series.mode of carrier_id                CAR-04
carrier_name    RailChem Freight
mode                        Rail
base_otif                   0.93
Name: 3, dtype: object>",CUS-04,EMEA,82.53,1,8454.29,0,0
SHP-000230,2024-10,0,BAT-000016,PLT-05,CAR-01,"<bound method Series.mode of carrier_id                    CAR-01
carrier_name    GlobalTank Logistics
mode                     Bulk Liquid
base_otif                       0.94
Name: 0, dtype: object>",CUS-15,EMEA,63.7,1,5590.71,1,0
SHP-000231,2025-05,7,BAT-001593,PLT-04,CAR-01,"<bound method Series.mode of carrier_id                    CAR-01
carrier_name    GlobalTank Logistics
mode                     Bulk Liquid
base_otif                       0.94
Name: 0, dtype: object>",CUS-07,APAC,24.45,1,1868.95,0,0
SHP-000232,2025-06,8,BAT-001874,PLT-03,CAR-03,"<bound method Series.mode of carrier_id               CAR-03
carrier_name    OceanChem Lines
mode                 Ocean Bulk
base_otif                  0.88
Name: 2, dtype: object>",CUS-04,EMEA,54.1,1,6798.76,0,0
SHP-000233,2026-08,22,BAT-005023,PLT-02,CAR-04,"<bound method Series.mode of carrier_id                CAR-04
carrier_name    RailChem Freight
mode                        Rail
base_otif                   0.93
Name: 3, dtype: object>",CUS-09,AMER,26.86,1,2877.37,0,1
SHP-000234,2026-04,18,BAT-004087,PLT-02,CAR-02,"<bound method Series.mode of carrier_id                 CAR-02
carrier_name    EuroHaz Transport
mode                  Hazmat Road
base_otif                    0.91
Name: 1, dtype: object>",CUS-09,AMER,51.71,1,3232.02,0,1
SHP-000235,2026-03,17,BAT-003860,PLT-05,CAR-05,"<bound method Series.mode of carrier_id               CAR-05
carrier_name    AirExpress Spec
mode                        Air
base_otif                  0.96
Name: 4, dtype: object>",CUS-12,LATAM,21.57,1,2206.36,0,0
SHP-000236,2026-08,22,BAT-004885,PLT-02,CAR-04,"<bound method Series.mode of carrier_id                CAR-04
carrier_name    RailChem Freight
mode                        Rail
base_otif                   0.93
Name: 3, dtype: object>",CUS-04,EMEA,64.85,1,3867.14,0,1
SHP-000237,2026-02,16,BAT-003719,PLT-06,CAR-01,"<bound method Series.mode of carrier_id                    CAR-01
carrier_name    GlobalTank Logistics
mode                     Bulk Liquid
base_otif                       0.94
Name: 0, dtype: object>",CUS-03,APAC,36.27,1,2308.73,0,0
SHP-000238,2024-11,1,BAT-000333,PLT-04,CAR-01,"<bound method Series.mode of carrier_id                    CAR-01
carrier_name    GlobalTank Logistics
mode                     Bulk Liquid
base_otif                       0.94
Name: 0, dtype: object>",CUS-15,EMEA,44.97,1,2754.07,0,0
SHP-000239,2026-09,23,BAT-005103,PLT-02,CAR-02,"<bound method Series.mode of carrier_id                 CAR-02
carrier_name    EuroHaz Transport
mode                  Hazmat Road
base_otif                    0.91
Name: 1, dtype: object>",CUS-14,APAC,4.03,1,273.84,0,1
SHP-000240,2024-11,1,BAT-000263,PLT-04,CAR-03,"<bound method Series.mode of carrier_id               CAR-03
carrier_name    OceanChem Lines
mode                 Ocean Bulk
base_otif                  0.88
Name: 2, dtype: object>",CUS-01,EMEA,40.83,1,4875.57,0,0
SHP-000241,2024-11,1,BAT-000364,PLT-01,CAR-04,"<bound method Series.mode of carrier_id                CAR-04
carrier_name    RailChem Freight
mode                        Rail
base_otif                   0.93
Name: 3, dtype: object>",CUS-01,EMEA,58.98,1,4397.67,0,0
SHP-000242,2025-08,10,BAT-002297,PLT-02,CAR-05,"<bound method Series.mode of carrier_id               CAR-05
carrier_name    AirExpress Spec
mode                        Air
base_otif                  0.96
Name: 4, dtype: object>",CUS-15,EMEA,20.77,1,2509.15,0,0
SHP-000243,2026-01,15,BAT-003380,PLT-02,CAR-02,"<bound method Series.mode of carrier_id                 CAR-02
carrier_name    EuroHaz Transport
mode                  Hazmat Road
base_otif                    0.91
Name: 1, dtype: object>",CUS-06,AMER,103.7,1,11520.76,1,0
SHP-000244,2026-06,20,BAT-004476,PLT-06,CAR-03,"<bound method Series.mode of carrier_id               CAR-03
carrier_name    OceanChem Lines
mode                 Ocean Bulk
base_otif                  0.88
Name: 2, dtype: object>",CUS-12,LATAM,13.58,1,1834.81,0,1
SHP-000245,2024-12,2,BAT-000494,PLT-01,CAR-03,"<bound method Series.mode of carrier_id               CAR-03
carrier_name    OceanChem Lines
mode                 Ocean Bulk
base_otif                  0.88
Name: 2, dtype: object>",CUS-02,AMER,15.71,1,1100.44,0,0
SHP-000246,2024-11,1,BAT-000359,PLT-05,CAR-03,"<bound method Series.mode of carrier_id               CAR-03
carrier_name    OceanChem Lines
mode                 Ocean Bulk
base_otif                  0.88
Name: 2, dtype: object>",CUS-03,APAC,50.44,1,3568.86,0,0
SHP-000247,2025-01,3,BAT-000862,PLT-05,CAR-04,"<bound method Series.mode of carrier_id                CAR-04
carrier_name    RailChem Freight
mode                        Rail
base_otif                   0.93
Name: 3, dtype: object>",CUS-14,APAC,35.07,1,4255.75,0,0
SHP-000248,2025-11,13,BAT-002949,PLT-06,CAR-04,"<bound method Series.mode of carrier_id                CAR-04
carrier_name    RailChem Freight
mode                        Rail
base_otif                   0.93
Name: 3, dtype: object>",CUS-02,AMER,47.13,1,6354.2,0,0
SHP-000249,2024-12,2,BAT-000640,PLT-05,CAR-02,"<bound method Series.mode of carrier_id                 CAR-02
carrier_name    EuroHaz Transport
mode                  Hazmat Road
base_otif                    0.91
Name: 1, dtype: object>",CUS-12,LATAM,43.9,1,3824.52,0,0
SHP-000250,2025-06,8,BAT-001785,PLT-02,CAR-04,"<bound method Series.mode of carrier_id                CAR-04
carrier_name    RailChem Freight
mode                        Rail
base_otif                   0.93
Name: 3, dtype: object>",CUS-04,EMEA,47.26,1,6699.45,0,0
SHP-000251,2026-07,21,BAT-004827,PLT-03,CAR-02,"<bound method Series.mode of carrier_id                 CAR-02
carrier_name    EuroHaz Transport
mode                  Hazmat Road
base_otif                    0.91
Name: 1, dtype: object>",CUS-03,APAC,27.48,1,3107.98,0,1
SHP-000252,2026-04,18,BAT-004066,PLT-05,CAR-04,"<bound method Series.mode of carrier_id                CAR-04
carrier_name    RailChem Freight
mode                        Rail
base_otif                   0.93
Name: 3, dtype: object>",CUS-01,EMEA,25.24,1,3550.25,0,1
SHP-000253,2025-12,14,BAT-003118,PLT-05,CAR-04,"<bound method Series.mode of carrier_id                CAR-04
carrier_name    RailChem Freight
mode                        Rail
base_otif                   0.93
Name: 3, dtype: object>",CUS-04,EMEA,50.58,1,3697.39,0,0
SHP-000254,2025-05,7,BAT-001575,PLT-04,CAR-03,"<bound method Series.mode of carrier_id               CAR-03
carrier_name    OceanChem Lines
mode                 Ocean Bulk
base_otif                  0.88
Name: 2, dtype: object>",CUS-11,EMEA,30.36,1,2110.07,0,0
SHP-000255,2025-07,9,BAT-002030,PLT-03,CAR-03,"<bound method Series.mode of carrier_id               CAR-03
carrier_name    OceanChem Lines
mode                 Ocean Bulk
base_otif                  0.88
Name: 2, dtype: object>",CUS-07,APAC,34.33,0,2652.65,0,0
SHP-000256,2025-07,9,BAT-002132,PLT-05,CAR-03,"<bound method Series.mode of carrier_id               CAR-03
carrier_name    OceanChem Lines
mode                 Ocean Bulk
base_otif                  0.88
Name: 2, dtype: object>",CUS-02,AMER,29.68,0,3451.67,0,0
SHP-000257,2025-01,3,BAT-000799,PLT-03,CAR-05,"<bound method Series.mode of carrier_id               CAR-05
carrier_name    AirExpress Spec
mode                        Air
base_otif                  0.96
Name: 4, dtype: object>",CUS-10,APAC,19.41,1,2473.56,0,0
SHP-000258,2026-02,16,BAT-003632,PLT-02,CAR-01,"<bound method Series.mode of carrier_id                    CAR-01
carrier_name    GlobalTank Logistics
mode                     Bulk Liquid
base_otif                       0.94
Name: 0, dtype: object>",CUS-12,LATAM,66.17,1,8631.16,0,0
SHP-000259,2026-03,17,BAT-003773,PLT-06,CAR-04,"<bound method Series.mode of carrier_id                CAR-04
carrier_name    RailChem Freight
mode                        Rail
base_otif                   0.93
Name: 3, dtype: object>",CUS-09,AMER,55.32,1,7989.62,0,0
SHP-000260,2025-03,5,BAT-001211,PLT-06,CAR-03,"<bound method Series.mode of carrier_id               CAR-03
carrier_name    OceanChem Lines
mode                 Ocean Bulk
base_otif                  0.88
Name: 2, dtype: object>",CUS-13,AMER,44.84,1,2831.03,0,0
SHP-000261,2026-07,21,BAT-004717,PLT-06,CAR-04,"<bound method Series.mode of carrier_id                CAR-04
carrier_name    RailChem Freight
mode                        Rail
base_otif                   0.93
Name: 3, dtype: object>",CUS-08,EMEA,15.02,0,1781.79,0,1
SHP-000262,2026-03,17,BAT-003902,PLT-02,CAR-02,"<bound method Series.mode of carrier_id                 CAR-02
carrier_name    EuroHaz Transport
mode                  Hazmat Road
base_otif                    0.91
Name: 1, dtype: object>",CUS-01,EMEA,38.25,1,4167.81,0,0
SHP-000263,2024-10,0,BAT-000151,PLT-06,CAR-03,"<bound method Series.mode of carrier_id               CAR-03
carrier_name    OceanChem Lines
mode                 Ocean Bulk
base_otif                  0.88
Name: 2, dtype: object>",CUS-02,AMER,20.99,1,2956.88,0,0
SHP-000264,2026-01,15,BAT-003433,PLT-02,CAR-02,"<bound method Series.mode of carrier_id                 CAR-02
carrier_name    EuroHaz Transport
mode                  Hazmat Road
base_otif                    0.91
Name: 1, dtype: object>",CUS-15,EMEA,72.52,1,10118.66,0,0
SHP-000265,2026-05,19,BAT-004308,PLT-01,CAR-04,"<bound method Series.mode of carrier_id                CAR-04
carrier_name    RailChem Freight
mode                        Rail
base_otif                   0.93
Name: 3, dtype: object>",CUS-02,AMER,21.14,1,1985.48,0,1
SHP-000266,2025-01,3,BAT-000877,PLT-01,CAR-01,"<bound method Series.mode of carrier_id                    CAR-01
carrier_name    GlobalTank Logistics
mode                     Bulk Liquid
base_otif                       0.94
Name: 0, dtype: object>",CUS-03,APAC,19.82,1,2234.58,0,0
SHP-000267,2025-02,4,BAT-000988,PLT-01,CAR-02,"<bound method Series.mode of carrier_id                 CAR-02
carrier_name    EuroHaz Transport
mode                  Hazmat Road
base_otif                    0.91
Name: 1, dtype: object>",CUS-12,LATAM,31.37,1,2839.88,0,0
SHP-000268,2026-06,20,BAT-004518,PLT-04,CAR-04,"<bound method Series.mode of carrier_id                CAR-04
carrier_name    RailChem Freight
mode                        Rail
base_otif                   0.93
Name: 3, dtype: object>",CUS-07,APAC,41.94,1,4121.67,0,1
SHP-000269,2025-03,5,BAT-001267,PLT-01,CAR-03,"<bound method Series.mode of carrier_id               CAR-03
carrier_name    OceanChem Lines
mode                 Ocean Bulk
base_otif                  0.88
Name: 2, dtype: object>",CUS-08,EMEA,57.6,1,6521.28,0,0
SHP-000270,2024-10,0,BAT-000186,PLT-02,CAR-03,"<bound method Series.mode of carrier_id               CAR-03
carrier_name    OceanChem Lines
mode                 Ocean Bulk
base_otif                  0.88
Name: 2, dtype: object>",CUS-08,EMEA,87.05,1,7672.76,0,0
SHP-000271,2025-04,6,BAT-001383,PLT-04,CAR-04,"<bound method Series.mode of carrier_id                CAR-04
carrier_name    RailChem Freight
mode                        Rail
base_otif                   0.93
Name: 3, dtype: object>",CUS-14,APAC,49.76,1,4740.3,0,0
SHP-000272,2025-06,8,BAT-001827,PLT-01,CAR-05,"<bound method Series.mode of carrier_id               CAR-05
carrier_name    AirExpress Spec
mode                        Air
base_otif                  0.96
Name: 4, dtype: object>",CUS-01,EMEA,28.3,1,3064.03,0,0
SHP-000273,2025-10,12,BAT-002699,PLT-01,CAR-03,"<bound method Series.mode of carrier_id               CAR-03
carrier_name    OceanChem Lines
mode                 Ocean Bulk
base_otif                  0.88
Name: 2, dtype: object>",CUS-10,APAC,22.9,1,2258.74,0,0
SHP-000274,2025-07,9,BAT-001991,PLT-02,CAR-02,"<bound method Series.mode of carrier_id                 CAR-02
carrier_name    EuroHaz Transport
mode                  Hazmat Road
base_otif                    0.91
Name: 1, dtype: object>",CUS-12,LATAM,1.62,1,186.4,0,0
SHP-000275,2026-01,15,BAT-003408,PLT-06,CAR-03,"<bound method Series.mode of carrier_id               CAR-03
carrier_name    OceanChem Lines
mode                 Ocean Bulk
base_otif                  0.88
Name: 2, dtype: object>",CUS-03,APAC,48.13,1,2967.2,0,0
SHP-000276,2025-01,3,BAT-000739,PLT-02,CAR-02,"<bound method Series.mode of carrier_id                 CAR-02
carrier_name    EuroHaz Transport
mode                  Hazmat Road
base_otif                    0.91
Name: 1, dtype: object>",CUS-06,AMER,57.97,1,3502.34,0,0
SHP-000277,2025-04,6,BAT-001322,PLT-04,CAR-04,"<bound method Series.mode of carrier_id                CAR-04
carrier_name    RailChem Freight
mode                        Rail
base_otif                   0.93
Name: 3, dtype: object>",CUS-08,EMEA,56.86,0,3339.55,0,0
SHP-000278,2026-02,16,BAT-003642,PLT-04,CAR-02,"<bound method Series.mode of carrier_id                 CAR-02
carrier_name    EuroHaz Transport
mode                  Hazmat Road
base_otif                    0.91
Name: 1, dtype: object>",CUS-02,AMER,57.37,1,5636.45,0,0
SHP-000279,2026-05,19,BAT-004364,PLT-05,CAR-02,"<bound method Series.mode of carrier_id                 CAR-02
carrier_name    EuroHaz Transport
mode                  Hazmat Road
base_otif                    0.91
Name: 1, dtype: object>",CUS-06,AMER,12.94,1,1312.67,0,1
SHP-000280,2025-11,13,BAT-003039,PLT-04,CAR-04,"<bound method Series.mode of carrier_id                CAR-04
carrier_name    RailChem Freight
mode                        Rail
base_otif                   0.93
Name: 3, dtype: object>",CUS-15,EMEA,97.03,1,5790.23,0,0
SHP-000281,2025-04,6,BAT-001499,PLT-05,CAR-05,"<bound method Series.mode of carrier_id               CAR-05
carrier_name    AirExpress Spec
mode                        Air
base_otif                  0.96
Name: 4, dtype: object>",CUS-10,APAC,1.21,1,109.85,0,0
SHP-000282,2025-02,4,BAT-000915,PLT-02,CAR-05,"<bound method Series.mode of carrier_id               CAR-05
carrier_name    AirExpress Spec
mode                        Air
base_otif                  0.96
Name: 4, dtype: object>",CUS-12,LATAM,19.02,1,1840.09,0,0
SHP-000283,2026-07,21,BAT-004704,PLT-03,CAR-05,"<bound method Series.mode of carrier_id               CAR-05
carrier_name    AirExpress Spec
mode                        Air
base_otif                  0.96
Name: 4, dtype: object>",CUS-13,AMER,11.43,1,1498.6,0,1
SHP-000284,2026-02,16,BAT-003656,PLT-01,CAR-01,"<bound method Series.mode of carrier_id                    CAR-01
carrier_name    GlobalTank Logistics
mode                     Bulk Liquid
base_otif                       0.94
Name: 0, dtype: object>",CUS-01,EMEA,31.85,1,4413.24,0,0
SHP-000285,2024-11,1,BAT-000365,PLT-04,CAR-05,"<bound method Series.mode of carrier_id               CAR-05
carrier_name    AirExpress Spec
mode                        Air
base_otif                  0.96
Name: 4, dtype: object>",CUS-05,LATAM,69.26,1,8363.65,0,0
SHP-000286,2025-10,12,BAT-002844,PLT-04,CAR-02,"<bound method Series.mode of carrier_id                 CAR-02
carrier_name    EuroHaz Transport
mode                  Hazmat Road
base_otif                    0.91
Name: 1, dtype: object>",CUS-15,EMEA,35.42,1,3437.2,0,0
SHP-000287,2025-11,13,BAT-002877,PLT-03,CAR-03,"<bound method Series.mode of carrier_id               CAR-03
carrier_name    OceanChem Lines
mode                 Ocean Bulk
base_otif                  0.88
Name: 2, dtype: object>",CUS-05,LATAM,55.1,1,5879.66,0,0
SHP-000288,2026-06,20,BAT-004551,PLT-03,CAR-03,"<bound method Series.mode of carrier_id               CAR-03
carrier_name    OceanChem Lines
mode                 Ocean Bulk
base_otif                  0.88
Name: 2, dtype: object>",CUS-07,APAC,12.57,0,1185.81,0,1
SHP-000289,2025-06,8,BAT-001886,PLT-02,CAR-05,"<bound method Series.mode of carrier_id               CAR-05
carrier_name    AirExpress Spec
mode                        Air
base_otif                  0.96
Name: 4, dtype: object>",CUS-15,EMEA,61.2,1,8796.12,0,0
SHP-000290,2025-08,10,BAT-002295,PLT-04,CAR-03,"<bound method Series.mode of carrier_id               CAR-03
carrier_name    OceanChem Lines
mode                 Ocean Bulk
base_otif                  0.88
Name: 2, dtype: object>",CUS-06,AMER,47.69,1,5045.44,0,0
SHP-000291,2026-02,16,BAT-003619,PLT-05,CAR-04,"<bound method Series.mode of carrier_id                CAR-04
carrier_name    RailChem Freight
mode                        Rail
base_otif                   0.93
Name: 3, dtype: object>",CUS-02,AMER,19.85,1,2619.54,0,0
SHP-000292,2025-04,6,BAT-001511,PLT-01,CAR-04,"<bound method Series.mode of carrier_id                CAR-04
carrier_name    RailChem Freight
mode                        Rail
base_otif                   0.93
Name: 3, dtype: object>",CUS-05,LATAM,51.05,1,5464.04,0,0
SHP-000293,2025-07,9,BAT-002043,PLT-05,CAR-05,"<bound method Series.mode of carrier_id               CAR-05
carrier_name    AirExpress Spec
mode                        Air
base_otif                  0.96
Name: 4, dtype: object>",CUS-14,APAC,29.64,1,2780.74,0,0
SHP-000294,2024-11,1,BAT-000305,PLT-02,CAR-02,"<bound method Series.mode of carrier_id                 CAR-02
carrier_name    EuroHaz Transport
mode                  Hazmat Road
base_otif                    0.91
Name: 1, dtype: object>",CUS-03,APAC,64.16,0,4231.82,0,0
SHP-000295,2024-11,1,BAT-000225,PLT-06,CAR-05,"<bound method Series.mode of carrier_id               CAR-05
carrier_name    AirExpress Spec
mode                        Air
base_otif                  0.96
Name: 4, dtype: object>",CUS-02,AMER,56.64,1,5100.75,0,0
SHP-000296,2024-11,1,BAT-000340,PLT-06,CAR-02,"<bound method Series.mode of carrier_id                 CAR-02
carrier_name    EuroHaz Transport
mode                  Hazmat Road
base_otif                    0.91
Name: 1, dtype: object>",CUS-01,EMEA,59.31,1,4819.76,0,0
SHP-000297,2026-03,17,BAT-003890,PLT-06,CAR-01,"<bound method Series.mode of carrier_id                    CAR-01
carrier_name    GlobalTank Logistics
mode                     Bulk Liquid
base_otif                       0.94
Name: 0, dtype: object>",CUS-05,LATAM,29.17,1,2742.76,0,0
SHP-000298,2026-06,20,BAT-004593,PLT-02,CAR-04,"<bound method Series.mode of carrier_id                CAR-04
carrier_name    RailChem Freight
mode                        Rail
base_otif                   0.93
Name: 3, dtype: object>",CUS-09,AMER,80.83,1,11239.48,0,1
SHP-000299,2026-05,19,BAT-004366,PLT-02,CAR-03,"<bound method Series.mode of carrier_id               CAR-03
carrier_name    OceanChem Lines
mode                 Ocean Bulk
base_otif                  0.88
Name: 2, dtype: object>",CUS-12,LATAM,35.01,1,3326.92,0,1
SHP-000300,2025-03,5,BAT-001272,PLT-05,CAR-01,"<bound method Series.mode of carrier_id                    CAR-01
carrier_name    GlobalTank Logistics
mode                     Bulk Liquid
base_otif                       0.94
Name: 0, dtype: object>",CUS-08,EMEA,47.17,1,4397.09,0,0
SHP-000301,2024-11,1,BAT-000272,PLT-06,CAR-05,"<bound method Series.mode of carrier_id               CAR-05
carrier_name    AirExpress Spec
mode                        Air
base_otif                  0.96
Name: 4, dtype: object>",CUS-11,EMEA,26.87,1,2595.96,0,0
SHP-000302,2026-05,19,BAT-004205,PLT-06,CAR-02,"<bound method Series.mode of carrier_id                 CAR-02
carrier_name    EuroHaz Transport
mode                  Hazmat Road
base_otif                    0.91
Name: 1, dtype: object>",CUS-07,APAC,36.8,1,4520.16,1,1
SHP-000303,2026-04,18,BAT-003967,PLT-03,CAR-03,"<bound method Series.mode of carrier_id               CAR-03
carrier_name    OceanChem Lines
mode                 Ocean Bulk
base_otif                  0.88
Name: 2, dtype: object>",CUS-07,APAC,2.64,1,178.78,0,1
SHP-000304,2026-09,23,BAT-005165,PLT-05,CAR-04,"<bound method Series.mode of carrier_id                CAR-04
carrier_name    RailChem Freight
mode                        Rail
base_otif                   0.93
Name: 3, dtype: object>",CUS-02,AMER,28.14,1,2245.07,0,1
SHP-000305,2025-02,4,BAT-001098,PLT-03,CAR-01,"<bound method Series.mode of carrier_id                    CAR-01
carrier_name    GlobalTank Logistics
mode                     Bulk Liquid
base_otif                       0.94
Name: 0, dtype: object>",CUS-08,EMEA,17.14,1,1587.35,0,0
SHP-000306,2025-08,10,BAT-002268,PLT-04,CAR-05,"<bound method Series.mode of carrier_id               CAR-05
carrier_name    AirExpress Spec
mode                        Air
base_otif                  0.96
Name: 4, dtype: object>",CUS-11,EMEA,30.97,1,3310.24,0,0
SHP-000307,2025-07,9,BAT-002098,PLT-01,CAR-05,"<bound method Series.mode of carrier_id               CAR-05
carrier_name    AirExpress Spec
mode                        Air
base_otif                  0.96
Name: 4, dtype: object>",CUS-01,EMEA,49.23,1,5364.1,0,0
SHP-000308,2026-01,15,BAT-003517,PLT-03,CAR-02,"<bound method Series.mode of carrier_id                 CAR-02
carrier_name    EuroHaz Transport
mode                  Hazmat Road
base_otif                    0.91
Name: 1, dtype: object>",CUS-04,EMEA,24.23,1,2932.93,0,0
SHP-000309,2025-05,7,BAT-001581,PLT-03,CAR-03,"<bound method Series.mode of carrier_id               CAR-03
carrier_name    OceanChem Lines
mode                 Ocean Bulk
base_otif                  0.88
Name: 2, dtype: object>",CUS-15,EMEA,14.09,0,2022.88,0,0
SHP-000310,2026-02,16,BAT-003731,PLT-02,CAR-03,"<bound method Series.mode of carrier_id               CAR-03
carrier_name    OceanChem Lines
mode                 Ocean Bulk
base_otif                  0.88
Name: 2, dtype: object>",CUS-14,APAC,50.09,1,6055.14,0,0
SHP-000311,2026-07,21,BAT-004824,PLT-06,CAR-01,"<bound method Series.mode of carrier_id                    CAR-01
carrier_name    GlobalTank Logistics
mode                     Bulk Liquid
base_otif                       0.94
Name: 0, dtype: object>",CUS-04,EMEA,43.5,1,4555.32,0,1
SHP-000312,2025-09,11,BAT-002545,PLT-03,CAR-03,"<bound method Series.mode of carrier_id               CAR-03
carrier_name    OceanChem Lines
mode                 Ocean Bulk
base_otif                  0.88
Name: 2, dtype: object>",CUS-05,LATAM,42.44,1,5627.92,0,0
SHP-000313,2025-04,6,BAT-001507,PLT-04,CAR-05,"<bound method Series.mode of carrier_id               CAR-05
carrier_name    AirExpress Spec
mode                        Air
base_otif                  0.96
Name: 4, dtype: object>",CUS-10,APAC,33.12,1,3509.45,0,0
SHP-000314,2026-01,15,BAT-003359,PLT-02,CAR-01,"<bound method Series.mode of carrier_id                    CAR-01
carrier_name    GlobalTank Logistics
mode                     Bulk Liquid
base_otif                       0.94
Name: 0, dtype: object>",CUS-04,EMEA,14.97,1,886.9,1,0
SHP-000315,2025-03,5,BAT-001290,PLT-01,CAR-04,"<bound method Series.mode of carrier_id                CAR-04
carrier_name    RailChem Freight
mode                        Rail
base_otif                   0.93
Name: 3, dtype: object>",CUS-06,AMER,28.04,1,3162.67,0,0
SHP-000316,2024-12,2,BAT-000503,PLT-05,CAR-03,"<bound method Series.mode of carrier_id               CAR-03
carrier_name    OceanChem Lines
mode                 Ocean Bulk
base_otif                  0.88
Name: 2, dtype: object>",CUS-11,EMEA,31.27,0,3270.55,0,0
SHP-000317,2025-10,12,BAT-002759,PLT-05,CAR-02,"<bound method Series.mode of carrier_id                 CAR-02
carrier_name    EuroHaz Transport
mode                  Hazmat Road
base_otif                    0.91
Name: 1, dtype: object>",CUS-08,EMEA,24.79,1,2809.25,0,0
SHP-000318,2025-01,3,BAT-000798,PLT-06,CAR-05,"<bound method Series.mode of carrier_id               CAR-05
carrier_name    AirExpress Spec
mode                        Air
base_otif                  0.96
Name: 4, dtype: object>",CUS-14,APAC,72.91,1,10487.42,0,0
SHP-000319,2026-05,19,BAT-004183,PLT-02,CAR-05,"<bound method Series.mode of carrier_id               CAR-05
carrier_name    AirExpress Spec
mode                        Air
base_otif                  0.96
Name: 4, dtype: object>",CUS-14,APAC,96.05,1,9292.17,0,1
SHP-000320,2025-12,14,BAT-003229,PLT-04,CAR-04,"<bound method Series.mode of carrier_id                CAR-04
carrier_name    RailChem Freight
mode                        Rail
base_otif                   0.93
Name: 3, dtype: object>",CUS-14,APAC,58.16,1,5833.63,0,0
SHP-000321,2024-10,0,BAT-000141,PLT-04,CAR-05,"<bound method Series.mode of carrier_id               CAR-05
carrier_name    AirExpress Spec
mode                        Air
base_otif                  0.96
Name: 4, dtype: object>",CUS-15,EMEA,64.03,0,8610.53,0,0
SHP-000322,2026-05,19,BAT-004258,PLT-02,CAR-05,"<bound method Series.mode of carrier_id               CAR-05
carrier_name    AirExpress Spec
mode                        Air
base_otif                  0.96
Name: 4, dtype: object>",CUS-02,AMER,108.48,1,9738.1,0,1
SHP-000323,2024-11,1,BAT-000439,PLT-05,CAR-04,"<bound method Series.mode of carrier_id                CAR-04
carrier_name    RailChem Freight
mode                        Rail
base_otif                   0.93
Name: 3, dtype: object>",CUS-11,EMEA,53.74,1,5803.66,0,0
SHP-000324,2026-09,23,BAT-005154,PLT-06,CAR-05,"<bound method Series.mode of carrier_id               CAR-05
carrier_name    AirExpress Spec
mode                        Air
base_otif                  0.96
Name: 4, dtype: object>",CUS-01,EMEA,51.43,1,4849.97,0,1
SHP-000325,2025-07,9,BAT-001996,PLT-03,CAR-04,"<bound method Series.mode of carrier_id                CAR-04
carrier_name    RailChem Freight
mode                        Rail
base_otif                   0.93
Name: 3, dtype: object>",CUS-08,EMEA,1.7,1,130.0,1,0
SHP-000326,2026-08,22,BAT-004931,PLT-02,CAR-04,"<bound method Series.mode of carrier_id                CAR-04
carrier_name    RailChem Freight
mode                        Rail
base_otif                   0.93
Name: 3, dtype: object>",CUS-05,LATAM,18.79,1,1145.2,0,1
SHP-000327,2025-01,3,BAT-000807,PLT-01,CAR-01,"<bound method Series.mode of carrier_id                    CAR-01
carrier_name    GlobalTank Logistics
mode                     Bulk Liquid
base_otif                       0.94
Name: 0, dtype: object>",CUS-06,AMER,56.99,1,7034.14,0,0
SHP-000328,2026-05,19,BAT-004369,PLT-06,CAR-03,"<bound method Series.mode of carrier_id               CAR-03
carrier_name    OceanChem Lines
mode                 Ocean Bulk
base_otif                  0.88
Name: 2, dtype: object>",CUS-06,AMER,31.49,1,3466.36,0,1
SHP-000329,2025-05,7,BAT-001649,PLT-04,CAR-03,"<bound method Series.mode of carrier_id               CAR-03
carrier_name    OceanChem Lines
mode                 Ocean Bulk
base_otif                  0.88
Name: 2, dtype: object>",CUS-12,LATAM,30.85,1,2789.61,0,0
SHP-000330,2026-06,20,BAT-004535,PLT-03,CAR-03,"<bound method Series.mode of carrier_id               CAR-03
carrier_name    OceanChem Lines
mode                 Ocean Bulk
base_otif                  0.88
Name: 2, dtype: object>",CUS-12,LATAM,36.07,1,4209.47,0,1
SHP-000331,2025-09,11,BAT-002452,PLT-04,CAR-01,"<bound method Series.mode of carrier_id                    CAR-01
carrier_name    GlobalTank Logistics
mode                     Bulk Liquid
base_otif                       0.94
Name: 0, dtype: object>",CUS-15,EMEA,2.87,1,337.6,0,0
SHP-000332,2026-05,19,BAT-004181,PLT-05,CAR-04,"<bound method Series.mode of carrier_id                CAR-04
carrier_name    RailChem Freight
mode                        Rail
base_otif                   0.93
Name: 3, dtype: object>",CUS-07,APAC,18.4,1,1395.32,0,1
SHP-000333,2026-09,23,BAT-005136,PLT-01,CAR-05,"<bound method Series.mode of carrier_id               CAR-05
carrier_name    AirExpress Spec
mode                        Air
base_otif                  0.96
Name: 4, dtype: object>",CUS-15,EMEA,20.19,1,1620.9,0,1
SHP-000334,2026-04,18,BAT-004136,PLT-02,CAR-02,"<bound method Series.mode of carrier_id                 CAR-02
carrier_name    EuroHaz Transport
mode                  Hazmat Road
base_otif                    0.91
Name: 1, dtype: object>",CUS-11,EMEA,21.81,1,3006.57,0,1
SHP-000335,2025-01,3,BAT-000720,PLT-06,CAR-01,"<bound method Series.mode of carrier_id                    CAR-01
carrier_name    GlobalTank Logistics
mode                     Bulk Liquid
base_otif                       0.94
Name: 0, dtype: object>",CUS-12,LATAM,1.8,1,147.87,0,0
SHP-000336,2025-11,13,BAT-003061,PLT-01,CAR-02,"<bound method Series.mode of carrier_id                 CAR-02
carrier_name    EuroHaz Transport
mode                  Hazmat Road
base_otif                    0.91
Name: 1, dtype: object>",CUS-08,EMEA,38.99,1,3039.26,0,0
SHP-000337,2026-03,17,BAT-003760,PLT-02,CAR-05,"<bound method Series.mode of carrier_id               CAR-05
carrier_name    AirExpress Spec
mode                        Air
base_otif                  0.96
Name: 4, dtype: object>",CUS-14,APAC,75.61,1,4863.45,0,0
SHP-000338,2025-11,13,BAT-003058,PLT-05,CAR-01,"<bound method Series.mode of carrier_id                    CAR-01
carrier_name    GlobalTank Logistics
mode                     Bulk Liquid
base_otif                       0.94
Name: 0, dtype: object>",CUS-11,EMEA,16.61,1,1207.57,0,0
SHP-000339,2025-05,7,BAT-001583,PLT-04,CAR-03,"<bound method Series.mode of carrier_id               CAR-03
carrier_name    OceanChem Lines
mode                 Ocean Bulk
base_otif                  0.88
Name: 2, dtype: object>",CUS-04,EMEA,41.36,1,3232.1,0,0
SHP-000340,2026-07,21,BAT-004738,PLT-05,CAR-02,"<bound method Series.mode of carrier_id                 CAR-02
carrier_name    EuroHaz Transport
mode                  Hazmat Road
base_otif                    0.91
Name: 1, dtype: object>",CUS-14,APAC,1.97,1,201.63,0,1
SHP-000341,2026-02,16,BAT-003733,PLT-05,CAR-05,"<bound method Series.mode of carrier_id               CAR-05
carrier_name    AirExpress Spec
mode                        Air
base_otif                  0.96
Name: 4, dtype: object>",CUS-04,EMEA,1.94,1,183.08,0,0
SHP-000342,2024-11,1,BAT-000234,PLT-02,CAR-01,"<bound method Series.mode of carrier_id                    CAR-01
carrier_name    GlobalTank Logistics
mode                     Bulk Liquid
base_otif                       0.94
Name: 0, dtype: object>",CUS-09,AMER,101.05,1,7444.81,0,0
SHP-000343,2025-02,4,BAT-001062,PLT-06,CAR-02,"<bound method Series.mode of carrier_id                 CAR-02
carrier_name    EuroHaz Transport
mode                  Hazmat Road
base_otif                    0.91
Name: 1, dtype: object>",CUS-11,EMEA,80.94,1,10579.34,0,0
SHP-000344,2025-05,7,BAT-001716,PLT-04,CAR-05,"<bound method Series.mode of carrier_id               CAR-05
carrier_name    AirExpress Spec
mode                        Air
base_otif                  0.96
Name: 4, dtype: object>",CUS-09,AMER,45.4,1,5306.93,0,0
SHP-000345,2025-01,3,BAT-000701,PLT-04,CAR-04,"<bound method Series.mode of carrier_id                CAR-04
carrier_name    RailChem Freight
mode                        Rail
base_otif                   0.93
Name: 3, dtype: object>",CUS-01,EMEA,33.61,1,3483.85,0,0
SHP-000346,2026-06,20,BAT-004552,PLT-06,CAR-01,"<bound method Series.mode of carrier_id                    CAR-01
carrier_name    GlobalTank Logistics
mode                     Bulk Liquid
base_otif                       0.94
Name: 0, dtype: object>",CUS-15,EMEA,33.94,1,3392.4,0,1
SHP-000347,2024-10,0,BAT-000214,PLT-03,CAR-05,"<bound method Series.mode of carrier_id               CAR-05
carrier_name    AirExpress Spec
mode                        Air
base_otif                  0.96
Name: 4, dtype: object>",CUS-03,APAC,25.25,1,2812.29,0,0
SHP-000348,2026-06,20,BAT-004463,PLT-06,CAR-01,"<bound method Series.mode of carrier_id                    CAR-01
carrier_name    GlobalTank Logistics
mode                     Bulk Liquid
base_otif                       0.94
Name: 0, dtype: object>",CUS-07,APAC,47.86,1,6287.62,0,1
SHP-000349,2026-01,15,BAT-003391,PLT-01,CAR-01,"<bound method Series.mode of carrier_id                    CAR-01
carrier_name    GlobalTank Logistics
mode                     Bulk Liquid
base_otif                       0.94
Name: 0, dtype: object>",CUS-12,LATAM,39.34,1,5053.78,0,0
SHP-000350,2026-06,20,BAT-004606,PLT-03,CAR-04,"<bound method Series.mode of carrier_id                CAR-04
carrier_name    RailChem Freight
mode                        Rail
base_otif                   0.93
Name: 3, dtype: object>",CUS-01,EMEA,24.36,1,2296.45,0,1
SHP-000351,2024-11,1,BAT-000423,PLT-03,CAR-04,"<bound method Series.mode of carrier_id                CAR-04
carrier_name    RailChem Freight
mode                        Rail
base_otif                   0.93
Name: 3, dtype: object>",CUS-15,EMEA,21.93,1,1535.5,0,0
SHP-000352,2025-04,6,BAT-001487,PLT-01,CAR-05,"<bound method Series.mode of carrier_id               CAR-05
carrier_name    AirExpress Spec
mode                        Air
base_otif                  0.96
Name: 4, dtype: object>",CUS-10,APAC,57.13,1,4162.52,0,0
SHP-000353,2025-09,11,BAT-002455,PLT-04,CAR-03,"<bound method Series.mode of carrier_id               CAR-03
carrier_name    OceanChem Lines
mode                 Ocean Bulk
base_otif                  0.88
Name: 2, dtype: object>",CUS-15,EMEA,47.21,1,6423.28,0,0
SHP-000354,2025-11,13,BAT-002906,PLT-06,CAR-05,"<bound method Series.mode of carrier_id               CAR-05
carrier_name    AirExpress Spec
mode                        Air
base_otif                  0.96
Name: 4, dtype: object>",CUS-03,APAC,47.56,1,3405.29,0,0
SHP-000355,2025-08,10,BAT-002257,PLT-06,CAR-04,"<bound method Series.mode of carrier_id                CAR-04
carrier_name    RailChem Freight
mode                        Rail
base_otif                   0.93
Name: 3, dtype: object>",CUS-01,EMEA,0.88,0,66.45,0,0
SHP-000356,2025-11,13,BAT-002994,PLT-06,CAR-05,"<bound method Series.mode of carrier_id               CAR-05
carrier_name    AirExpress Spec
mode                        Air
base_otif                  0.96
Name: 4, dtype: object>",CUS-15,EMEA,27.61,1,3038.33,0,0
SHP-000357,2025-06,8,BAT-001770,PLT-06,CAR-02,"<bound method Series.mode of carrier_id                 CAR-02
carrier_name    EuroHaz Transport
mode                  Hazmat Road
base_otif                    0.91
Name: 1, dtype: object>",CUS-07,APAC,22.71,1,2971.52,0,0
SHP-000358,2025-02,4,BAT-000959,PLT-05,CAR-05,"<bound method Series.mode of carrier_id               CAR-05
carrier_name    AirExpress Spec
mode                        Air
base_otif                  0.96
Name: 4, dtype: object>",CUS-04,EMEA,15.79,1,1979.9,0,0
SHP-000359,2026-08,22,BAT-004854,PLT-03,CAR-04,"<bound method Series.mode of carrier_id                CAR-04
carrier_name    RailChem Freight
mode                        Rail
base_otif                   0.93
Name: 3, dtype: object>",CUS-11,EMEA,46.03,1,4535.05,0,1
SHP-000360,2024-10,0,BAT-000174,PLT-03,CAR-05,"<bound method Series.mode of carrier_id               CAR-05
carrier_name    AirExpress Spec
mode                        Air
base_otif                  0.96
Name: 4, dtype: object>",CUS-02,AMER,0.88,1,126.63,0,0
SHP-000361,2025-08,10,BAT-002338,PLT-05,CAR-01,"<bound method Series.mode of carrier_id                    CAR-01
carrier_name    GlobalTank Logistics
mode                     Bulk Liquid
base_otif                       0.94
Name: 0, dtype: object>",CUS-13,AMER,11.5,1,1522.09,0,0
SHP-000362,2026-07,21,BAT-004790,PLT-02,CAR-02,"<bound method Series.mode of carrier_id                 CAR-02
carrier_name    EuroHaz Transport
mode                  Hazmat Road
base_otif                    0.91
Name: 1, dtype: object>",CUS-13,AMER,93.32,1,12228.09,0,1
SHP-000363,2025-12,14,BAT-003185,PLT-06,CAR-04,"<bound method Series.mode of carrier_id                CAR-04
carrier_name    RailChem Freight
mode                        Rail
base_otif                   0.93
Name: 3, dtype: object>",CUS-05,LATAM,28.36,1,3353.57,0,0
SHP-000364,2026-08,22,BAT-004890,PLT-03,CAR-01,"<bound method Series.mode of carrier_id                    CAR-01
carrier_name    GlobalTank Logistics
mode                     Bulk Liquid
base_otif                       0.94
Name: 0, dtype: object>",CUS-09,AMER,32.92,1,4167.74,0,1
SHP-000365,2026-05,19,BAT-004389,PLT-06,CAR-05,"<bound method Series.mode of carrier_id               CAR-05
carrier_name    AirExpress Spec
mode                        Air
base_otif                  0.96
Name: 4, dtype: object>",CUS-10,APAC,45.14,1,4616.41,0,1
SHP-000366,2025-11,13,BAT-003057,PLT-05,CAR-01,"<bound method Series.mode of carrier_id                    CAR-01
carrier_name    GlobalTank Logistics
mode                     Bulk Liquid
base_otif                       0.94
Name: 0, dtype: object>",CUS-02,AMER,14.34,1,1755.65,0,0
SHP-000367,2026-04,18,BAT-004157,PLT-04,CAR-03,"<bound method Series.mode of carrier_id               CAR-03
carrier_name    OceanChem Lines
mode                 Ocean Bulk
base_otif                  0.88
Name: 2, dtype: object>",CUS-13,AMER,17.94,1,2544.67,0,1
SHP-000368,2024-10,0,BAT-000083,PLT-01,CAR-03,"<bound method Series.mode of carrier_id               CAR-03
carrier_name    OceanChem Lines
mode                 Ocean Bulk
base_otif                  0.88
Name: 2, dtype: object>",CUS-02,AMER,50.13,1,5258.97,0,0
SHP-000369,2026-05,19,BAT-004395,PLT-06,CAR-04,"<bound method Series.mode of carrier_id                CAR-04
carrier_name    RailChem Freight
mode                        Rail
base_otif                   0.93
Name: 3, dtype: object>",CUS-15,EMEA,38.04,1,5439.77,0,1
SHP-000370,2026-03,17,BAT-003857,PLT-05,CAR-03,"<bound method Series.mode of carrier_id               CAR-03
carrier_name    OceanChem Lines
mode                 Ocean Bulk
base_otif                  0.88
Name: 2, dtype: object>",CUS-10,APAC,56.55,1,7058.51,0,0
SHP-000371,2025-09,11,BAT-002481,PLT-04,CAR-03,"<bound method Series.mode of carrier_id               CAR-03
carrier_name    OceanChem Lines
mode                 Ocean Bulk
base_otif                  0.88
Name: 2, dtype: object>",CUS-10,APAC,2.57,1,238.92,0,0
SHP-000372,2025-06,8,BAT-001789,PLT-05,CAR-02,"<bound method Series.mode of carrier_id                 CAR-02
carrier_name    EuroHaz Transport
mode                  Hazmat Road
base_otif                    0.91
Name: 1, dtype: object>",CUS-15,EMEA,55.93,1,4436.85,0,0
SHP-000373,2026-07,21,BAT-004700,PLT-03,CAR-05,"<bound method Series.mode of carrier_id               CAR-05
carrier_name    AirExpress Spec
mode                        Air
base_otif                  0.96
Name: 4, dtype: object>",CUS-05,LATAM,73.67,1,4594.33,0,1
SHP-000374,2026-01,15,BAT-003447,PLT-05,CAR-03,"<bound method Series.mode of carrier_id               CAR-03
carrier_name    OceanChem Lines
mode                 Ocean Bulk
base_otif                  0.88
Name: 2, dtype: object>",CUS-03,APAC,26.84,1,3813.28,0,0
SHP-000375,2025-08,10,BAT-002304,PLT-03,CAR-02,"<bound method Series.mode of carrier_id                 CAR-02
carrier_name    EuroHaz Transport
mode                  Hazmat Road
base_otif                    0.91
Name: 1, dtype: object>",CUS-10,APAC,23.03,1,2035.59,0,0
SHP-000376,2025-06,8,BAT-001773,PLT-05,CAR-01,"<bound method Series.mode of carrier_id                    CAR-01
carrier_name    GlobalTank Logistics
mode                     Bulk Liquid
base_otif                       0.94
Name: 0, dtype: object>",CUS-06,AMER,32.49,1,1998.76,0,0
SHP-000377,2025-01,3,BAT-000790,PLT-04,CAR-05,"<bound method Series.mode of carrier_id               CAR-05
carrier_name    AirExpress Spec
mode                        Air
base_otif                  0.96
Name: 4, dtype: object>",CUS-05,LATAM,27.97,1,3375.29,0,0
SHP-000378,2025-04,6,BAT-001353,PLT-01,CAR-05,"<bound method Series.mode of carrier_id               CAR-05
carrier_name    AirExpress Spec
mode                        Air
base_otif                  0.96
Name: 4, dtype: object>",CUS-03,APAC,30.04,1,3637.97,0,0
SHP-000379,2026-07,21,BAT-004765,PLT-03,CAR-04,"<bound method Series.mode of carrier_id                CAR-04
carrier_name    RailChem Freight
mode                        Rail
base_otif                   0.93
Name: 3, dtype: object>",CUS-06,AMER,22.63,1,3249.98,0,1
SHP-000380,2025-01,3,BAT-000677,PLT-05,CAR-01,"<bound method Series.mode of carrier_id                    CAR-01
carrier_name    GlobalTank Logistics
mode                     Bulk Liquid
base_otif                       0.94
Name: 0, dtype: object>",CUS-12,LATAM,28.46,1,3119.2,0,0
SHP-000381,2025-03,5,BAT-001239,PLT-04,CAR-05,"<bound method Series.mode of carrier_id               CAR-05
carrier_name    AirExpress Spec
mode                        Air
base_otif                  0.96
Name: 4, dtype: object>",CUS-06,AMER,32.86,1,4320.27,0,0
SHP-000382,2025-09,11,BAT-002575,PLT-03,CAR-04,"<bound method Series.mode of carrier_id                CAR-04
carrier_name    RailChem Freight
mode                        Rail
base_otif                   0.93
Name: 3, dtype: object>",CUS-14,APAC,32.84,0,2281.14,0,0
SHP-000383,2026-08,22,BAT-005020,PLT-02,CAR-03,"<bound method Series.mode of carrier_id               CAR-03
carrier_name    OceanChem Lines
mode                 Ocean Bulk
base_otif                  0.88
Name: 2, dtype: object>",CUS-14,APAC,46.44,1,4108.53,0,1
SHP-000384,2025-06,8,BAT-001963,PLT-05,CAR-05,"<bound method Series.mode of carrier_id               CAR-05
carrier_name    AirExpress Spec
mode                        Air
base_otif                  0.96
Name: 4, dtype: object>",CUS-05,LATAM,8.96,1,1135.75,0,0
SHP-000385,2024-12,2,BAT-000495,PLT-01,CAR-02,"<bound method Series.mode of carrier_id                 CAR-02
carrier_name    EuroHaz Transport
mode                  Hazmat Road
base_otif                    0.91
Name: 1, dtype: object>",CUS-06,AMER,39.86,1,4706.1,0,0
SHP-000386,2026-09,23,BAT-005227,PLT-05,CAR-05,"<bound method Series.mode of carrier_id               CAR-05
carrier_name    AirExpress Spec
mode                        Air
base_otif                  0.96
Name: 4, dtype: object>",CUS-03,APAC,29.86,1,3037.54,0,1
SHP-000387,2026-01,15,BAT-003438,PLT-02,CAR-02,"<bound method Series.mode of carrier_id                 CAR-02
carrier_name    EuroHaz Transport
mode                  Hazmat Road
base_otif                    0.91
Name: 1, dtype: object>",CUS-01,EMEA,62.8,1,3660.86,0,0
SHP-000388,2024-11,1,BAT-000252,PLT-01,CAR-03,"<bound method Series.mode of carrier_id               CAR-03
carrier_name    OceanChem Lines
mode                 Ocean Bulk
base_otif                  0.88
Name: 2, dtype: object>",CUS-05,LATAM,67.39,1,4961.58,1,0
SHP-000389,2025-12,14,BAT-003298,PLT-04,CAR-02,"<bound method Series.mode of carrier_id                 CAR-02
carrier_name    EuroHaz Transport
mode                  Hazmat Road
base_otif                    0.91
Name: 1, dtype: object>",CUS-09,AMER,23.56,1,2903.36,0,0
SHP-000390,2026-07,21,BAT-004800,PLT-03,CAR-02,"<bound method Series.mode of carrier_id                 CAR-02
carrier_name    EuroHaz Transport
mode                  Hazmat Road
base_otif                    0.91
Name: 1, dtype: object>",CUS-01,EMEA,1.71,1,175.23,0,1
SHP-000391,2025-02,4,BAT-000889,PLT-01,CAR-02,"<bound method Series.mode of carrier_id                 CAR-02
carrier_name    EuroHaz Transport
mode                  Hazmat Road
base_otif                    0.91
Name: 1, dtype: object>",CUS-12,LATAM,67.2,1,7685.15,0,0
SHP-000392,2025-04,6,BAT-001427,PLT-03,CAR-03,"<bound method Series.mode of carrier_id               CAR-03
carrier_name    OceanChem Lines
mode                 Ocean Bulk
base_otif                  0.88
Name: 2, dtype: object>",CUS-04,EMEA,67.82,1,5075.19,0,0
SHP-000393,2026-01,15,BAT-003488,PLT-04,CAR-04,"<bound method Series.mode of carrier_id                CAR-04
carrier_name    RailChem Freight
mode                        Rail
base_otif                   0.93
Name: 3, dtype: object>",CUS-13,AMER,72.96,1,4482.24,0,0
SHP-000394,2026-03,17,BAT-003747,PLT-05,CAR-05,"<bound method Series.mode of carrier_id               CAR-05
carrier_name    AirExpress Spec
mode                        Air
base_otif                  0.96
Name: 4, dtype: object>",CUS-10,APAC,23.39,1,1932.13,0,0
SHP-000395,2024-12,2,BAT-000537,PLT-02,CAR-04,"<bound method Series.mode of carrier_id                CAR-04
carrier_name    RailChem Freight
mode                        Rail
base_otif                   0.93
Name: 3, dtype: object>",CUS-05,LATAM,47.39,0,6114.75,0,0
SHP-000396,2025-02,4,BAT-001032,PLT-03,CAR-02,"<bound method Series.mode of carrier_id                 CAR-02
carrier_name    EuroHaz Transport
mode                  Hazmat Road
base_otif                    0.91
Name: 1, dtype: object>",CUS-14,APAC,1.41,1,159.72,0,0
SHP-000397,2024-12,2,BAT-000552,PLT-06,CAR-01,"<bound method Series.mode of carrier_id                    CAR-01
carrier_name    GlobalTank Logistics
mode                     Bulk Liquid
base_otif                       0.94
Name: 0, dtype: object>",CUS-05,LATAM,32.96,1,1927.7,0,0
SHP-000398,2026-06,20,BAT-004491,PLT-05,CAR-05,"<bound method Series.mode of carrier_id               CAR-05
carrier_name    AirExpress Spec
mode                        Air
base_otif                  0.96
Name: 4, dtype: object>",CUS-03,APAC,44.12,1,3675.51,0,1
SHP-000399,2025-08,10,BAT-002415,PLT-04,CAR-05,"<bound method Series.mode of carrier_id               CAR-05
carrier_name    AirExpress Spec
mode                        Air
base_otif                  0.96
Name: 4, dtype: object>",CUS-14,APAC,23.49,1,2714.77,0,0
SHP-000400,2026-02,16,BAT-003532,PLT-05,CAR-01,"<bound method Series.mode of carrier_id                    CAR-01
carrier_name    GlobalTank Logistics
mode                     Bulk Liquid
base_otif                       0.94
Name: 0, dtype: object>",CUS-10,APAC,28.97,1,3546.63,0,0
SHP-000401,2025-12,14,BAT-003200,PLT-01,CAR-03,"<bound method Series.mode of carrier_id               CAR-03
carrier_name    OceanChem Lines
mode                 Ocean Bulk
base_otif                  0.88
Name: 2, dtype: object>",CUS-08,EMEA,32.27,0,2781.53,0,0
SHP-000402,2026-02,16,BAT-003605,PLT-02,CAR-02,"<bound method Series.mode of carrier_id                 CAR-02
carrier_name    EuroHaz Transport
mode                  Hazmat Road
base_otif                    0.91
Name: 1, dtype: object>",CUS-14,APAC,2.97,1,372.67,0,0
SHP-000403,2024-10,0,BAT-000193,PLT-06,CAR-02,"<bound method Series.mode of carrier_id                 CAR-02
carrier_name    EuroHaz Transport
mode                  Hazmat Road
base_otif                    0.91
Name: 1, dtype: object>",CUS-04,EMEA,24.69,1,2624.8,0,0
SHP-000404,2025-02,4,BAT-000950,PLT-05,CAR-03,"<bound method Series.mode of carrier_id               CAR-03
carrier_name    OceanChem Lines
mode                 Ocean Bulk
base_otif                  0.88
Name: 2, dtype: object>",CUS-11,EMEA,55.56,1,5297.6,0,0
SHP-000405,2026-08,22,BAT-004918,PLT-01,CAR-04,"<bound method Series.mode of carrier_id                CAR-04
carrier_name    RailChem Freight
mode                        Rail
base_otif                   0.93
Name: 3, dtype: object>",CUS-02,AMER,14.17,1,1001.64,0,1
SHP-000406,2026-02,16,BAT-003694,PLT-02,CAR-02,"<bound method Series.mode of carrier_id                 CAR-02
carrier_name    EuroHaz Transport
mode                  Hazmat Road
base_otif                    0.91
Name: 1, dtype: object>",CUS-12,LATAM,77.21,1,9133.34,0,0
SHP-000407,2025-12,14,BAT-003114,PLT-02,CAR-01,"<bound method Series.mode of carrier_id                    CAR-01
carrier_name    GlobalTank Logistics
mode                     Bulk Liquid
base_otif                       0.94
Name: 0, dtype: object>",CUS-02,AMER,85.0,1,5973.82,0,0
SHP-000408,2024-12,2,BAT-000613,PLT-05,CAR-04,"<bound method Series.mode of carrier_id                CAR-04
carrier_name    RailChem Freight
mode                        Rail
base_otif                   0.93
Name: 3, dtype: object>",CUS-01,EMEA,21.03,1,1565.8,0,0
SHP-000409,2026-03,17,BAT-003745,PLT-03,CAR-05,"<bound method Series.mode of carrier_id               CAR-05
carrier_name    AirExpress Spec
mode                        Air
base_otif                  0.96
Name: 4, dtype: object>",CUS-05,LATAM,45.31,1,4199.27,0,0
SHP-000410,2025-04,6,BAT-001387,PLT-04,CAR-03,"<bound method Series.mode of carrier_id               CAR-03
carrier_name    OceanChem Lines
mode                 Ocean Bulk
base_otif                  0.88
Name: 2, dtype: object>",CUS-09,AMER,18.59,1,2695.29,0,0
SHP-000411,2026-06,20,BAT-004573,PLT-01,CAR-03,"<bound method Series.mode of carrier_id               CAR-03
carrier_name    OceanChem Lines
mode                 Ocean Bulk
base_otif                  0.88
Name: 2, dtype: object>",CUS-09,AMER,30.36,1,3465.27,0,1
SHP-000412,2024-10,0,BAT-000087,PLT-01,CAR-04,"<bound method Series.mode of carrier_id                CAR-04
carrier_name    RailChem Freight
mode                        Rail
base_otif                   0.93
Name: 3, dtype: object>",CUS-15,EMEA,43.55,1,2558.19,0,0
SHP-000413,2026-05,19,BAT-004281,PLT-05,CAR-04,"<bound method Series.mode of carrier_id                CAR-04
carrier_name    RailChem Freight
mode                        Rail
base_otif                   0.93
Name: 3, dtype: object>",CUS-03,APAC,54.56,1,5190.02,0,1
SHP-000414,2025-07,9,BAT-001987,PLT-04,CAR-03,"<bound method Series.mode of carrier_id               CAR-03
carrier_name    OceanChem Lines
mode                 Ocean Bulk
base_otif                  0.88
Name: 2, dtype: object>",CUS-01,EMEA,73.49,1,5358.45,0,0
SHP-000415,2025-11,13,BAT-002888,PLT-05,CAR-04,"<bound method Series.mode of carrier_id                CAR-04
carrier_name    RailChem Freight
mode                        Rail
base_otif                   0.93
Name: 3, dtype: object>",CUS-05,LATAM,46.09,1,5024.26,0,0
SHP-000416,2025-06,8,BAT-001973,PLT-01,CAR-03,"<bound method Series.mode of carrier_id               CAR-03
carrier_name    OceanChem Lines
mode                 Ocean Bulk
base_otif                  0.88
Name: 2, dtype: object>",CUS-04,EMEA,1.36,1,126.82,0,0
SHP-000417,2024-12,2,BAT-000631,PLT-03,CAR-03,"<bound method Series.mode of carrier_id               CAR-03
carrier_name    OceanChem Lines
mode                 Ocean Bulk
base_otif                  0.88
Name: 2, dtype: object>",CUS-05,LATAM,48.76,1,6614.25,0,0
SHP-000418,2025-01,3,BAT-000713,PLT-05,CAR-04,"<bound method Series.mode of carrier_id                CAR-04
carrier_name    RailChem Freight
mode                        Rail
base_otif                   0.93
Name: 3, dtype: object>",CUS-01,EMEA,44.25,1,4057.42,0,0
SHP-000419,2026-06,20,BAT-004479,PLT-05,CAR-03,"<bound method Series.mode of carrier_id               CAR-03
carrier_name    OceanChem Lines
mode                 Ocean Bulk
base_otif                  0.88
Name: 2, dtype: object>",CUS-09,AMER,27.67,1,1744.55,0,1
SHP-000420,2025-09,11,BAT-002423,PLT-04,CAR-03,"<bound method Series.mode of carrier_id               CAR-03
carrier_name    OceanChem Lines
mode                 Ocean Bulk
base_otif                  0.88
Name: 2, dtype: object>",CUS-02,AMER,77.91,1,9704.64,0,0
SHP-000421,2025-05,7,BAT-001623,PLT-01,CAR-02,"<bound method Series.mode of carrier_id                 CAR-02
carrier_name    EuroHaz Transport
mode                  Hazmat Road
base_otif                    0.91
Name: 1, dtype: object>",CUS-04,EMEA,51.85,1,7198.03,0,0
SHP-000422,2025-07,9,BAT-002147,PLT-06,CAR-02,"<bound method Series.mode of carrier_id                 CAR-02
carrier_name    EuroHaz Transport
mode                  Hazmat Road
base_otif                    0.91
Name: 1, dtype: object>",CUS-04,EMEA,45.42,1,4283.92,0,0
SHP-000423,2025-08,10,BAT-002406,PLT-03,CAR-02,"<bound method Series.mode of carrier_id                 CAR-02
carrier_name    EuroHaz Transport
mode                  Hazmat Road
base_otif                    0.91
Name: 1, dtype: object>",CUS-07,APAC,2.18,1,162.1,0,0
SHP-000424,2024-12,2,BAT-000624,PLT-03,CAR-02,"<bound method Series.mode of carrier_id                 CAR-02
carrier_name    EuroHaz Transport
mode                  Hazmat Road
base_otif                    0.91
Name: 1, dtype: object>",CUS-05,LATAM,50.26,1,6782.08,0,0
SHP-000425,2026-07,21,BAT-004782,PLT-03,CAR-04,"<bound method Series.mode of carrier_id                CAR-04
carrier_name    RailChem Freight
mode                        Rail
base_otif                   0.93
Name: 3, dtype: object>",CUS-03,APAC,24.88,1,2401.04,0,1
SHP-000426,2025-09,11,BAT-002600,PLT-02,CAR-01,"<bound method Series.mode of carrier_id                    CAR-01
carrier_name    GlobalTank Logistics
mode                     Bulk Liquid
base_otif                       0.94
Name: 0, dtype: object>",CUS-07,APAC,47.54,1,3421.9,0,0
SHP-000427,2025-01,3,BAT-000738,PLT-03,CAR-03,"<bound method Series.mode of carrier_id               CAR-03
carrier_name    OceanChem Lines
mode                 Ocean Bulk
base_otif                  0.88
Name: 2, dtype: object>",CUS-01,EMEA,66.71,1,4304.14,0,0
SHP-000428,2025-11,13,BAT-003027,PLT-05,CAR-01,"<bound method Series.mode of carrier_id                    CAR-01
carrier_name    GlobalTank Logistics
mode                     Bulk Liquid
base_otif                       0.94
Name: 0, dtype: object>",CUS-05,LATAM,14.54,1,1834.68,0,0
SHP-000429,2026-07,21,BAT-004626,PLT-05,CAR-04,"<bound method Series.mode of carrier_id                CAR-04
carrier_name    RailChem Freight
mode                        Rail
base_otif                   0.93
Name: 3, dtype: object>",CUS-14,APAC,37.1,1,3580.43,0,1
SHP-000430,2025-09,11,BAT-002622,PLT-03,CAR-01,"<bound method Series.mode of carrier_id                    CAR-01
carrier_name    GlobalTank Logistics
mode                     Bulk Liquid
base_otif                       0.94
Name: 0, dtype: object>",CUS-06,AMER,40.52,1,5487.53,0,0
SHP-000431,2025-11,13,BAT-002988,PLT-01,CAR-02,"<bound method Series.mode of carrier_id                 CAR-02
carrier_name    EuroHaz Transport
mode                  Hazmat Road
base_otif                    0.91
Name: 1, dtype: object>",CUS-01,EMEA,28.23,1,2861.58,0,0
SHP-000432,2025-03,5,BAT-001195,PLT-05,CAR-05,"<bound method Series.mode of carrier_id               CAR-05
carrier_name    AirExpress Spec
mode                        Air
base_otif                  0.96
Name: 4, dtype: object>",CUS-10,APAC,9.3,1,557.01,0,0
SHP-000433,2026-04,18,BAT-004076,PLT-02,CAR-04,"<bound method Series.mode of carrier_id                CAR-04
carrier_name    RailChem Freight
mode                        Rail
base_otif                   0.93
Name: 3, dtype: object>",CUS-14,APAC,39.96,1,3183.93,0,1
SHP-000434,2024-10,0,BAT-000080,PLT-02,CAR-05,"<bound method Series.mode of carrier_id               CAR-05
carrier_name    AirExpress Spec
mode                        Air
base_otif                  0.96
Name: 4, dtype: object>",CUS-15,EMEA,49.38,1,3046.26,0,0
SHP-000435,2025-12,14,BAT-003249,PLT-01,CAR-01,"<bound method Series.mode of carrier_id                    CAR-01
carrier_name    GlobalTank Logistics
mode                     Bulk Liquid
base_otif                       0.94
Name: 0, dtype: object>",CUS-06,AMER,3.12,1,187.1,0,0
SHP-000436,2024-11,1,BAT-000352,PLT-06,CAR-04,"<bound method Series.mode of carrier_id                CAR-04
carrier_name    RailChem Freight
mode                        Rail
base_otif                   0.93
Name: 3, dtype: object>",CUS-06,AMER,74.16,1,6600.35,0,0
SHP-000437,2026-03,17,BAT-003909,PLT-02,CAR-04,"<bound method Series.mode of carrier_id                CAR-04
carrier_name    RailChem Freight
mode                        Rail
base_otif                   0.93
Name: 3, dtype: object>",CUS-12,LATAM,20.12,1,1775.39,0,0
SHP-000438,2026-03,17,BAT-003958,PLT-05,CAR-01,"<bound method Series.mode of carrier_id                    CAR-01
carrier_name    GlobalTank Logistics
mode                     Bulk Liquid
base_otif                       0.94
Name: 0, dtype: object>",CUS-05,LATAM,44.34,1,4086.63,0,0
SHP-000439,2024-12,2,BAT-000490,PLT-06,CAR-02,"<bound method Series.mode of carrier_id                 CAR-02
carrier_name    EuroHaz Transport
mode                  Hazmat Road
base_otif                    0.91
Name: 1, dtype: object>",CUS-11,EMEA,13.97,1,1468.96,0,0
SHP-000440,2025-05,7,BAT-001741,PLT-01,CAR-04,"<bound method Series.mode of carrier_id                CAR-04
carrier_name    RailChem Freight
mode                        Rail
base_otif                   0.93
Name: 3, dtype: object>",CUS-05,LATAM,33.93,1,3224.95,0,0
SHP-000441,2025-10,12,BAT-002809,PLT-02,CAR-01,"<bound method Series.mode of carrier_id                    CAR-01
carrier_name    GlobalTank Logistics
mode                     Bulk Liquid
base_otif                       0.94
Name: 0, dtype: object>",CUS-02,AMER,73.63,1,4588.19,0,0
SHP-000442,2025-02,4,BAT-001010,PLT-04,CAR-03,"<bound method Series.mode of carrier_id               CAR-03
carrier_name    OceanChem Lines
mode                 Ocean Bulk
base_otif                  0.88
Name: 2, dtype: object>",CUS-04,EMEA,35.89,1,4447.94,0,0
SHP-000443,2024-10,0,BAT-000084,PLT-01,CAR-05,"<bound method Series.mode of carrier_id               CAR-05
carrier_name    AirExpress Spec
mode                        Air
base_otif                  0.96
Name: 4, dtype: object>",CUS-08,EMEA,15.7,1,1891.97,0,0
SHP-000444,2024-12,2,BAT-000607,PLT-06,CAR-04,"<bound method Series.mode of carrier_id                CAR-04
carrier_name    RailChem Freight
mode                        Rail
base_otif                   0.93
Name: 3, dtype: object>",CUS-11,EMEA,82.29,1,8438.4,0,0
SHP-000445,2025-04,6,BAT-001333,PLT-06,CAR-03,"<bound method Series.mode of carrier_id               CAR-03
carrier_name    OceanChem Lines
mode                 Ocean Bulk
base_otif                  0.88
Name: 2, dtype: object>",CUS-08,EMEA,31.51,1,2405.12,0,0
SHP-000446,2025-06,8,BAT-001898,PLT-06,CAR-01,"<bound method Series.mode of carrier_id                    CAR-01
carrier_name    GlobalTank Logistics
mode                     Bulk Liquid
base_otif                       0.94
Name: 0, dtype: object>",CUS-03,APAC,48.93,1,3811.69,0,0
SHP-000447,2025-07,9,BAT-002009,PLT-06,CAR-02,"<bound method Series.mode of carrier_id                 CAR-02
carrier_name    EuroHaz Transport
mode                  Hazmat Road
base_otif                    0.91
Name: 1, dtype: object>",CUS-12,LATAM,51.87,1,5250.23,0,0
SHP-000448,2025-03,5,BAT-001181,PLT-06,CAR-04,"<bound method Series.mode of carrier_id                CAR-04
carrier_name    RailChem Freight
mode                        Rail
base_otif                   0.93
Name: 3, dtype: object>",CUS-03,APAC,45.82,1,5306.68,0,0
SHP-000449,2026-03,17,BAT-003810,PLT-05,CAR-01,"<bound method Series.mode of carrier_id                    CAR-01
carrier_name    GlobalTank Logistics
mode                     Bulk Liquid
base_otif                       0.94
Name: 0, dtype: object>",CUS-07,APAC,24.29,1,2509.35,0,0
SHP-000450,2025-08,10,BAT-002361,PLT-04,CAR-02,"<bound method Series.mode of carrier_id                 CAR-02
carrier_name    EuroHaz Transport
mode                  Hazmat Road
base_otif                    0.91
Name: 1, dtype: object>",CUS-03,APAC,74.46,1,9023.57,0,0
SHP-000451,2025-10,12,BAT-002790,PLT-02,CAR-04,"<bound method Series.mode of carrier_id                CAR-04
carrier_name    RailChem Freight
mode                        Rail
base_otif                   0.93
Name: 3, dtype: object>",CUS-06,AMER,37.36,1,3906.79,0,0
SHP-000452,2024-10,0,BAT-000189,PLT-03,CAR-01,"<bound method Series.mode of carrier_id                    CAR-01
carrier_name    GlobalTank Logistics
mode                     Bulk Liquid
base_otif                       0.94
Name: 0, dtype: object>",CUS-12,LATAM,54.08,1,4373.77,0,0
SHP-000453,2025-10,12,BAT-002736,PLT-06,CAR-04,"<bound method Series.mode of carrier_id                CAR-04
carrier_name    RailChem Freight
mode                        Rail
base_otif                   0.93
Name: 3, dtype: object>",CUS-11,EMEA,70.93,1,4240.7,0,0
SHP-000454,2026-05,19,BAT-004189,PLT-04,CAR-01,"<bound method Series.mode of carrier_id                    CAR-01
carrier_name    GlobalTank Logistics
mode                     Bulk Liquid
base_otif                       0.94
Name: 0, dtype: object>",CUS-15,EMEA,16.3,1,1550.06,0,1
SHP-000455,2024-12,2,BAT-000513,PLT-02,CAR-05,"<bound method Series.mode of carrier_id               CAR-05
carrier_name    AirExpress Spec
mode                        Air
base_otif                  0.96
Name: 4, dtype: object>",CUS-04,EMEA,51.56,1,5115.12,0,0
SHP-000456,2025-06,8,BAT-001805,PLT-04,CAR-05,"<bound method Series.mode of carrier_id               CAR-05
carrier_name    AirExpress Spec
mode                        Air
base_otif                  0.96
Name: 4, dtype: object>",CUS-03,APAC,54.68,1,6848.66,0,0
SHP-000457,2025-05,7,BAT-001635,PLT-05,CAR-02,"<bound method Series.mode of carrier_id                 CAR-02
carrier_name    EuroHaz Transport
mode                  Hazmat Road
base_otif                    0.91
Name: 1, dtype: object>",CUS-03,APAC,29.62,0,3589.86,0,0
SHP-000458,2026-04,18,BAT-004149,PLT-01,CAR-01,"<bound method Series.mode of carrier_id                    CAR-01
carrier_name    GlobalTank Logistics
mode                     Bulk Liquid
base_otif                       0.94
Name: 0, dtype: object>",CUS-07,APAC,37.44,1,4297.55,0,1
SHP-000459,2025-07,9,BAT-002197,PLT-03,CAR-02,"<bound method Series.mode of carrier_id                 CAR-02
carrier_name    EuroHaz Transport
mode                  Hazmat Road
base_otif                    0.91
Name: 1, dtype: object>",CUS-05,LATAM,2.11,1,237.65,0,0
SHP-000460,2025-05,7,BAT-001737,PLT-05,CAR-02,"<bound method Series.mode of carrier_id                 CAR-02
carrier_name    EuroHaz Transport
mode                  Hazmat Road
base_otif                    0.91
Name: 1, dtype: object>",CUS-02,AMER,32.9,1,3830.63,0,0
SHP-000461,2025-12,14,BAT-003281,PLT-02,CAR-02,"<bound method Series.mode of carrier_id                 CAR-02
carrier_name    EuroHaz Transport
mode                  Hazmat Road
base_otif                    0.91
Name: 1, dtype: object>",CUS-07,APAC,42.42,1,4389.96,0,0
SHP-000462,2025-05,7,BAT-001730,PLT-02,CAR-04,"<bound method Series.mode of carrier_id                CAR-04
carrier_name    RailChem Freight
mode                        Rail
base_otif                   0.93
Name: 3, dtype: object>",CUS-01,EMEA,42.17,1,4687.16,0,0
SHP-000463,2024-11,1,BAT-000428,PLT-01,CAR-03,"<bound method Series.mode of carrier_id               CAR-03
carrier_name    OceanChem Lines
mode                 Ocean Bulk
base_otif                  0.88
Name: 2, dtype: object>",CUS-14,APAC,45.2,1,6511.3,0,0
SHP-000464,2025-03,5,BAT-001184,PLT-04,CAR-02,"<bound method Series.mode of carrier_id                 CAR-02
carrier_name    EuroHaz Transport
mode                  Hazmat Road
base_otif                    0.91
Name: 1, dtype: object>",CUS-07,APAC,75.82,1,4615.37,0,0
SHP-000465,2026-02,16,BAT-003717,PLT-04,CAR-04,"<bound method Series.mode of carrier_id                CAR-04
carrier_name    RailChem Freight
mode                        Rail
base_otif                   0.93
Name: 3, dtype: object>",CUS-01,EMEA,42.8,1,3280.06,0,0
SHP-000466,2025-04,6,BAT-001325,PLT-03,CAR-03,"<bound method Series.mode of carrier_id               CAR-03
carrier_name    OceanChem Lines
mode                 Ocean Bulk
base_otif                  0.88
Name: 2, dtype: object>",CUS-13,AMER,64.09,1,5188.19,0,0
SHP-000467,2025-12,14,BAT-003240,PLT-01,CAR-03,"<bound method Series.mode of carrier_id               CAR-03
carrier_name    OceanChem Lines
mode                 Ocean Bulk
base_otif                  0.88
Name: 2, dtype: object>",CUS-06,AMER,83.31,1,10073.4,0,0
SHP-000468,2025-01,3,BAT-000671,PLT-04,CAR-01,"<bound method Series.mode of carrier_id                    CAR-01
carrier_name    GlobalTank Logistics
mode                     Bulk Liquid
base_otif                       0.94
Name: 0, dtype: object>",CUS-12,LATAM,45.1,1,5552.87,0,0
SHP-000469,2026-03,17,BAT-003899,PLT-01,CAR-04,"<bound method Series.mode of carrier_id                CAR-04
carrier_name    RailChem Freight
mode                        Rail
base_otif                   0.93
Name: 3, dtype: object>",CUS-06,AMER,28.59,1,2986.84,0,0
SHP-000470,2025-07,9,BAT-002087,PLT-06,CAR-05,"<bound method Series.mode of carrier_id               CAR-05
carrier_name    AirExpress Spec
mode                        Air
base_otif                  0.96
Name: 4, dtype: object>",CUS-15,EMEA,33.94,1,3433.65,0,0
SHP-000471,2024-11,1,BAT-000233,PLT-02,CAR-03,"<bound method Series.mode of carrier_id               CAR-03
carrier_name    OceanChem Lines
mode                 Ocean Bulk
base_otif                  0.88
Name: 2, dtype: object>",CUS-03,APAC,34.8,1,3143.86,0,0
SHP-000472,2026-08,22,BAT-004979,PLT-01,CAR-04,"<bound method Series.mode of carrier_id                CAR-04
carrier_name    RailChem Freight
mode                        Rail
base_otif                   0.93
Name: 3, dtype: object>",CUS-08,EMEA,40.63,1,2806.26,0,1
SHP-000473,2026-02,16,BAT-003711,PLT-04,CAR-02,"<bound method Series.mode of carrier_id                 CAR-02
carrier_name    EuroHaz Transport
mode                  Hazmat Road
base_otif                    0.91
Name: 1, dtype: object>",CUS-15,EMEA,46.71,1,2968.36,0,0
SHP-000474,2025-07,9,BAT-002131,PLT-01,CAR-03,"<bound method Series.mode of carrier_id               CAR-03
carrier_name    OceanChem Lines
mode                 Ocean Bulk
base_otif                  0.88
Name: 2, dtype: object>",CUS-01,EMEA,85.61,1,8458.97,0,0
SHP-000475,2026-05,19,BAT-004262,PLT-06,CAR-01,"<bound method Series.mode of carrier_id                    CAR-01
carrier_name    GlobalTank Logistics
mode                     Bulk Liquid
base_otif                       0.94
Name: 0, dtype: object>",CUS-03,APAC,1.73,1,227.98,0,1
SHP-000476,2026-04,18,BAT-004073,PLT-04,CAR-05,"<bound method Series.mode of carrier_id               CAR-05
carrier_name    AirExpress Spec
mode                        Air
base_otif                  0.96
Name: 4, dtype: object>",CUS-08,EMEA,34.36,1,4861.8,0,1
SHP-000477,2026-03,17,BAT-003904,PLT-06,CAR-01,"<bound method Series.mode of carrier_id                    CAR-01
carrier_name    GlobalTank Logistics
mode                     Bulk Liquid
base_otif                       0.94
Name: 0, dtype: object>",CUS-09,AMER,20.68,1,1728.37,0,0
SHP-000478,2025-11,13,BAT-002971,PLT-02,CAR-01,"<bound method Series.mode of carrier_id                    CAR-01
carrier_name    GlobalTank Logistics
mode                     Bulk Liquid
base_otif                       0.94
Name: 0, dtype: object>",CUS-11,EMEA,24.81,1,2575.7,0,0
SHP-000479,2024-12,2,BAT-000625,PLT-01,CAR-05,"<bound method Series.mode of carrier_id               CAR-05
carrier_name    AirExpress Spec
mode                        Air
base_otif                  0.96
Name: 4, dtype: object>",CUS-06,AMER,37.94,1,2641.27,0,0
SHP-000480,2026-08,22,BAT-004910,PLT-06,CAR-03,"<bound method Series.mode of carrier_id               CAR-03
carrier_name    OceanChem Lines
mode                 Ocean Bulk
base_otif                  0.88
Name: 2, dtype: object>",CUS-07,APAC,50.49,1,2944.56,0,1
SHP-000481,2025-05,7,BAT-001603,PLT-01,CAR-03,"<bound method Series.mode of carrier_id               CAR-03
carrier_name    OceanChem Lines
mode                 Ocean Bulk
base_otif                  0.88
Name: 2, dtype: object>",CUS-09,AMER,35.29,1,2589.83,0,0
SHP-000482,2025-03,5,BAT-001298,PLT-03,CAR-02,"<bound method Series.mode of carrier_id                 CAR-02
carrier_name    EuroHaz Transport
mode                  Hazmat Road
base_otif                    0.91
Name: 1, dtype: object>",CUS-03,APAC,46.25,1,6034.2,0,0
SHP-000483,2024-11,1,BAT-000348,PLT-04,CAR-02,"<bound method Series.mode of carrier_id                 CAR-02
carrier_name    EuroHaz Transport
mode                  Hazmat Road
base_otif                    0.91
Name: 1, dtype: object>",CUS-01,EMEA,50.15,1,3699.52,0,0
SHP-000484,2026-04,18,BAT-004058,PLT-04,CAR-05,"<bound method Series.mode of carrier_id               CAR-05
carrier_name    AirExpress Spec
mode                        Air
base_otif                  0.96
Name: 4, dtype: object>",CUS-04,EMEA,16.01,1,1275.9,0,1
SHP-000485,2026-02,16,BAT-003696,PLT-03,CAR-05,"<bound method Series.mode of carrier_id               CAR-05
carrier_name    AirExpress Spec
mode                        Air
base_otif                  0.96
Name: 4, dtype: object>",CUS-09,AMER,22.72,1,1961.61,0,0
SHP-000486,2026-05,19,BAT-004331,PLT-04,CAR-05,"<bound method Series.mode of carrier_id               CAR-05
carrier_name    AirExpress Spec
mode                        Air
base_otif                  0.96
Name: 4, dtype: object>",CUS-05,LATAM,38.28,1,4419.78,0,1
SHP-000487,2024-12,2,BAT-000515,PLT-02,CAR-01,"<bound method Series.mode of carrier_id                    CAR-01
carrier_name    GlobalTank Logistics
mode                     Bulk Liquid
base_otif                       0.94
Name: 0, dtype: object>",CUS-13,AMER,1.17,0,143.55,0,0
SHP-000488,2025-06,8,BAT-001902,PLT-04,CAR-03,"<bound method Series.mode of carrier_id               CAR-03
carrier_name    OceanChem Lines
mode                 Ocean Bulk
base_otif                  0.88
Name: 2, dtype: object>",CUS-14,APAC,35.85,0,3007.96,0,0
SHP-000489,2026-07,21,BAT-004771,PLT-04,CAR-03,"<bound method Series.mode of carrier_id               CAR-03
carrier_name    OceanChem Lines
mode                 Ocean Bulk
base_otif                  0.88
Name: 2, dtype: object>",CUS-06,AMER,38.5,0,5487.79,0,1
SHP-000490,2026-07,21,BAT-004803,PLT-06,CAR-02,"<bound method Series.mode of carrier_id                 CAR-02
carrier_name    EuroHaz Transport
mode                  Hazmat Road
base_otif                    0.91
Name: 1, dtype: object>",CUS-09,AMER,37.03,1,3341.57,0,1
SHP-000491,2025-04,6,BAT-001460,PLT-04,CAR-05,"<bound method Series.mode of carrier_id               CAR-05
carrier_name    AirExpress Spec
mode                        Air
base_otif                  0.96
Name: 4, dtype: object>",CUS-11,EMEA,35.91,1,4394.22,0,0
SHP-000492,2025-08,10,BAT-002315,PLT-01,CAR-01,"<bound method Series.mode of carrier_id                    CAR-01
carrier_name    GlobalTank Logistics
mode                     Bulk Liquid
base_otif                       0.94
Name: 0, dtype: object>",CUS-14,APAC,52.71,1,7436.02,0,0
SHP-000493,2026-04,18,BAT-004121,PLT-02,CAR-03,"<bound method Series.mode of carrier_id               CAR-03
carrier_name    OceanChem Lines
mode                 Ocean Bulk
base_otif                  0.88
Name: 2, dtype: object>",CUS-06,AMER,39.81,0,2803.95,0,1
SHP-000494,2026-09,23,BAT-005209,PLT-02,CAR-01,"<bound method Series.mode of carrier_id                    CAR-01
carrier_name    GlobalTank Logistics
mode                     Bulk Liquid
base_otif                       0.94
Name: 0, dtype: object>",CUS-05,LATAM,1.64,1,170.78,0,1
SHP-000495,2026-07,21,BAT-004721,PLT-05,CAR-03,"<bound method Series.mode of carrier_id               CAR-03
carrier_name    OceanChem Lines
mode                 Ocean Bulk
base_otif                  0.88
Name: 2, dtype: object>",CUS-14,APAC,1.26,1,137.94,0,1
SHP-000496,2025-11,13,BAT-002904,PLT-05,CAR-02,"<bound method Series.mode of carrier_id                 CAR-02
carrier_name    EuroHaz Transport
mode                  Hazmat Road
base_otif                    0.91
Name: 1, dtype: object>",CUS-14,APAC,11.55,0,1529.05,0,0
SHP-000497,2026-05,19,BAT-004291,PLT-01,CAR-02,"<bound method Series.mode of carrier_id                 CAR-02
carrier_name    EuroHaz Transport
mode                  Hazmat Road
base_otif                    0.91
Name: 1, dtype: object>",CUS-12,LATAM,70.1,1,6678.1,0,1
SHP-000498,2026-04,18,BAT-004003,PLT-03,CAR-03,"<bound method Series.mode of carrier_id               CAR-03
carrier_name    OceanChem Lines
mode                 Ocean Bulk
base_otif                  0.88
Name: 2, dtype: object>",CUS-05,LATAM,16.27,1,1049.21,0,1
SHP-000499,2025-08,10,BAT-002311,PLT-02,CAR-01,"<bound method Series.mode of carrier_id                    CAR-01
carrier_name    GlobalTank Logistics
mode                     Bulk Liquid
base_otif                       0.94
Name: 0, dtype: object>",CUS-14,APAC,42.21,1,5967.67,0,0
SHP-000500,2026-09,23,BAT-005153,PLT-04,CAR-04,"<bound method Series.mode of carrier_id                CAR-04
carrier_name    RailChem Freight
mode                        Rail
base_otif                   0.93
Name: 3, dtype: object>",CUS-05,LATAM,104.35,1,10001.65,0,1
SHP-000501,2024-10,0,BAT-000204,PLT-06,CAR-04,"<bound method Series.mode of carrier_id                CAR-04
carrier_name    RailChem Freight
mode                        Rail
base_otif                   0.93
Name: 3, dtype: object>",CUS-03,APAC,26.18,1,3117.86,0,0
SHP-000502,2024-12,2,BAT-000504,PLT-04,CAR-03,"<bound method Series.mode of carrier_id               CAR-03
carrier_name    OceanChem Lines
mode                 Ocean Bulk
base_otif                  0.88
Name: 2, dtype: object>",CUS-11,EMEA,35.61,1,2452.11,0,0
SHP-000503,2026-02,16,BAT-003683,PLT-04,CAR-04,"<bound method Series.mode of carrier_id                CAR-04
carrier_name    RailChem Freight
mode                        Rail
base_otif                   0.93
Name: 3, dtype: object>",CUS-10,APAC,98.81,1,11719.59,0,0
SHP-000504,2025-11,13,BAT-002986,PLT-05,CAR-04,"<bound method Series.mode of carrier_id                CAR-04
carrier_name    RailChem Freight
mode                        Rail
base_otif                   0.93
Name: 3, dtype: object>",CUS-14,APAC,38.28,1,2835.67,0,0
SHP-000505,2025-05,7,BAT-001656,PLT-06,CAR-05,"<bound method Series.mode of carrier_id               CAR-05
carrier_name    AirExpress Spec
mode                        Air
base_otif                  0.96
Name: 4, dtype: object>",CUS-15,EMEA,65.62,1,6306.87,0,0
SHP-000506,2024-10,0,BAT-000071,PLT-03,CAR-04,"<bound method Series.mode of carrier_id                CAR-04
carrier_name    RailChem Freight
mode                        Rail
base_otif                   0.93
Name: 3, dtype: object>",CUS-15,EMEA,13.91,1,1165.2,0,0
SHP-000507,2025-09,11,BAT-002507,PLT-06,CAR-02,"<bound method Series.mode of carrier_id                 CAR-02
carrier_name    EuroHaz Transport
mode                  Hazmat Road
base_otif                    0.91
Name: 1, dtype: object>",CUS-01,EMEA,25.86,1,1976.96,0,0
SHP-000508,2025-02,4,BAT-001068,PLT-05,CAR-02,"<bound method Series.mode of carrier_id                 CAR-02
carrier_name    EuroHaz Transport
mode                  Hazmat Road
base_otif                    0.91
Name: 1, dtype: object>",CUS-12,LATAM,17.88,1,1808.49,0,0
SHP-000509,2024-12,2,BAT-000555,PLT-02,CAR-04,"<bound method Series.mode of carrier_id                CAR-04
carrier_name    RailChem Freight
mode                        Rail
base_otif                   0.93
Name: 3, dtype: object>",CUS-02,AMER,46.47,1,3366.94,0,0
SHP-000510,2026-02,16,BAT-003589,PLT-02,CAR-04,"<bound method Series.mode of carrier_id                CAR-04
carrier_name    RailChem Freight
mode                        Rail
base_otif                   0.93
Name: 3, dtype: object>",CUS-13,AMER,43.87,1,3929.25,0,0
SHP-000511,2026-07,21,BAT-004767,PLT-01,CAR-02,"<bound method Series.mode of carrier_id                 CAR-02
carrier_name    EuroHaz Transport
mode                  Hazmat Road
base_otif                    0.91
Name: 1, dtype: object>",CUS-07,APAC,25.4,1,3220.2,0,1
SHP-000512,2026-03,17,BAT-003808,PLT-04,CAR-01,"<bound method Series.mode of carrier_id                    CAR-01
carrier_name    GlobalTank Logistics
mode                     Bulk Liquid
base_otif                       0.94
Name: 0, dtype: object>",CUS-09,AMER,27.51,1,1931.35,0,0
SHP-000513,2026-04,18,BAT-004161,PLT-02,CAR-04,"<bound method Series.mode of carrier_id                CAR-04
carrier_name    RailChem Freight
mode                        Rail
base_otif                   0.93
Name: 3, dtype: object>",CUS-04,EMEA,32.68,1,3362.34,0,1
SHP-000514,2024-11,1,BAT-000417,PLT-05,CAR-04,"<bound method Series.mode of carrier_id                CAR-04
carrier_name    RailChem Freight
mode                        Rail
base_otif                   0.93
Name: 3, dtype: object>",CUS-01,EMEA,22.67,1,1626.81,0,0
SHP-000515,2026-05,19,BAT-004254,PLT-04,CAR-01,"<bound method Series.mode of carrier_id                    CAR-01
carrier_name    GlobalTank Logistics
mode                     Bulk Liquid
base_otif                       0.94
Name: 0, dtype: object>",CUS-03,APAC,72.43,1,9366.08,0,1
SHP-000516,2025-04,6,BAT-001421,PLT-02,CAR-04,"<bound method Series.mode of carrier_id                CAR-04
carrier_name    RailChem Freight
mode                        Rail
base_otif                   0.93
Name: 3, dtype: object>",CUS-12,LATAM,109.26,1,13780.81,0,0
SHP-000517,2025-09,11,BAT-002565,PLT-03,CAR-04,"<bound method Series.mode of carrier_id                CAR-04
carrier_name    RailChem Freight
mode                        Rail
base_otif                   0.93
Name: 3, dtype: object>",CUS-05,LATAM,51.13,1,3251.1,0,0
SHP-000518,2026-08,22,BAT-004993,PLT-01,CAR-04,"<bound method Series.mode of carrier_id                CAR-04
carrier_name    RailChem Freight
mode                        Rail
base_otif                   0.93
Name: 3, dtype: object>",CUS-14,APAC,48.63,1,5599.13,0,1
SHP-000519,2024-11,1,BAT-000297,PLT-05,CAR-05,"<bound method Series.mode of carrier_id               CAR-05
carrier_name    AirExpress Spec
mode                        Air
base_otif                  0.96
Name: 4, dtype: object>",CUS-06,AMER,34.3,1,2560.22,0,0
SHP-000520,2025-09,11,BAT-002458,PLT-02,CAR-03,"<bound method Series.mode of carrier_id               CAR-03
carrier_name    OceanChem Lines
mode                 Ocean Bulk
base_otif                  0.88
Name: 2, dtype: object>",CUS-02,AMER,84.73,1,9649.88,0,0
SHP-000521,2025-01,3,BAT-000876,PLT-04,CAR-05,"<bound method Series.mode of carrier_id               CAR-05
carrier_name    AirExpress Spec
mode                        Air
base_otif                  0.96
Name: 4, dtype: object>",CUS-13,AMER,68.12,1,4114.51,0,0
SHP-000522,2026-03,17,BAT-003796,PLT-04,CAR-01,"<bound method Series.mode of carrier_id                    CAR-01
carrier_name    GlobalTank Logistics
mode                     Bulk Liquid
base_otif                       0.94
Name: 0, dtype: object>",CUS-02,AMER,84.58,1,5548.37,0,0
SHP-000523,2026-03,17,BAT-003923,PLT-04,CAR-01,"<bound method Series.mode of carrier_id                    CAR-01
carrier_name    GlobalTank Logistics
mode                     Bulk Liquid
base_otif                       0.94
Name: 0, dtype: object>",CUS-12,LATAM,2.7,1,254.47,0,0
SHP-000524,2026-01,15,BAT-003382,PLT-02,CAR-04,"<bound method Series.mode of carrier_id                CAR-04
carrier_name    RailChem Freight
mode                        Rail
base_otif                   0.93
Name: 3, dtype: object>",CUS-07,APAC,61.29,1,6588.67,0,0
SHP-000525,2024-10,0,BAT-000058,PLT-02,CAR-05,"<bound method Series.mode of carrier_id               CAR-05
carrier_name    AirExpress Spec
mode                        Air
base_otif                  0.96
Name: 4, dtype: object>",CUS-13,AMER,42.85,1,4323.6,1,0
SHP-000526,2025-06,8,BAT-001801,PLT-03,CAR-01,"<bound method Series.mode of carrier_id                    CAR-01
carrier_name    GlobalTank Logistics
mode                     Bulk Liquid
base_otif                       0.94
Name: 0, dtype: object>",CUS-14,APAC,1.74,1,112.17,0,0
SHP-000527,2026-04,18,BAT-004130,PLT-05,CAR-01,"<bound method Series.mode of carrier_id                    CAR-01
carrier_name    GlobalTank Logistics
mode                     Bulk Liquid
base_otif                       0.94
Name: 0, dtype: object>",CUS-06,AMER,22.22,1,1935.02,0,1
SHP-000528,2024-11,1,BAT-000295,PLT-05,CAR-04,"<bound method Series.mode of carrier_id                CAR-04
carrier_name    RailChem Freight
mode                        Rail
base_otif                   0.93
Name: 3, dtype: object>",CUS-14,APAC,20.94,1,2849.47,0,0
SHP-000529,2026-04,18,BAT-004094,PLT-04,CAR-01,"<bound method Series.mode of carrier_id                    CAR-01
carrier_name    GlobalTank Logistics
mode                     Bulk Liquid
base_otif                       0.94
Name: 0, dtype: object>",CUS-02,AMER,69.34,1,8159.75,0,1
SHP-000530,2026-06,20,BAT-004443,PLT-03,CAR-04,"<bound method Series.mode of carrier_id                CAR-04
carrier_name    RailChem Freight
mode                        Rail
base_otif                   0.93
Name: 3, dtype: object>",CUS-14,APAC,25.5,0,2135.68,0,1
SHP-000531,2025-01,3,BAT-000845,PLT-03,CAR-01,"<bound method Series.mode of carrier_id                    CAR-01
carrier_name    GlobalTank Logistics
mode                     Bulk Liquid
base_otif                       0.94
Name: 0, dtype: object>",CUS-09,AMER,25.06,1,3623.91,0,0
SHP-000532,2024-11,1,BAT-000280,PLT-01,CAR-01,"<bound method Series.mode of carrier_id                    CAR-01
carrier_name    GlobalTank Logistics
mode                     Bulk Liquid
base_otif                       0.94
Name: 0, dtype: object>",CUS-13,AMER,34.23,1,2511.73,0,0
SHP-000533,2025-02,4,BAT-000947,PLT-01,CAR-04,"<bound method Series.mode of carrier_id                CAR-04
carrier_name    RailChem Freight
mode                        Rail
base_otif                   0.93
Name: 3, dtype: object>",CUS-11,EMEA,15.41,1,2224.05,0,0
SHP-000534,2025-10,12,BAT-002763,PLT-01,CAR-01,"<bound method Series.mode of carrier_id                    CAR-01
carrier_name    GlobalTank Logistics
mode                     Bulk Liquid
base_otif                       0.94
Name: 0, dtype: object>",CUS-08,EMEA,32.18,1,4643.06,0,0
SHP-000535,2025-08,10,BAT-002246,PLT-03,CAR-04,"<bound method Series.mode of carrier_id                CAR-04
carrier_name    RailChem Freight
mode                        Rail
base_otif                   0.93
Name: 3, dtype: object>",CUS-06,AMER,21.78,1,3150.15,0,0
SHP-000536,2026-05,19,BAT-004374,PLT-02,CAR-02,"<bound method Series.mode of carrier_id                 CAR-02
carrier_name    EuroHaz Transport
mode                  Hazmat Road
base_otif                    0.91
Name: 1, dtype: object>",CUS-13,AMER,1.91,1,187.35,0,1
SHP-000537,2026-01,15,BAT-003500,PLT-01,CAR-05,"<bound method Series.mode of carrier_id               CAR-05
carrier_name    AirExpress Spec
mode                        Air
base_otif                  0.96
Name: 4, dtype: object>",CUS-08,EMEA,30.25,1,3438.53,0,0
SHP-000538,2025-08,10,BAT-002321,PLT-02,CAR-05,"<bound method Series.mode of carrier_id               CAR-05
carrier_name    AirExpress Spec
mode                        Air
base_otif                  0.96
Name: 4, dtype: object>",CUS-15,EMEA,54.42,1,5655.18,0,0
SHP-000539,2026-01,15,BAT-003340,PLT-03,CAR-04,"<bound method Series.mode of carrier_id                CAR-04
carrier_name    RailChem Freight
mode                        Rail
base_otif                   0.93
Name: 3, dtype: object>",CUS-04,EMEA,27.31,1,3510.71,0,0
SHP-000540,2025-10,12,BAT-002726,PLT-01,CAR-03,"<bound method Series.mode of carrier_id               CAR-03
carrier_name    OceanChem Lines
mode                 Ocean Bulk
base_otif                  0.88
Name: 2, dtype: object>",CUS-13,AMER,55.15,1,3385.55,0,0
SHP-000541,2026-09,23,BAT-005225,PLT-01,CAR-05,"<bound method Series.mode of carrier_id               CAR-05
carrier_name    AirExpress Spec
mode                        Air
base_otif                  0.96
Name: 4, dtype: object>",CUS-02,AMER,3.18,1,296.61,0,1
SHP-000542,2025-01,3,BAT-000750,PLT-05,CAR-01,"<bound method Series.mode of carrier_id                    CAR-01
carrier_name    GlobalTank Logistics
mode                     Bulk Liquid
base_otif                       0.94
Name: 0, dtype: object>",CUS-04,EMEA,27.14,1,3663.08,0,0
SHP-000543,2024-11,1,BAT-000274,PLT-05,CAR-03,"<bound method Series.mode of carrier_id               CAR-03
carrier_name    OceanChem Lines
mode                 Ocean Bulk
base_otif                  0.88
Name: 2, dtype: object>",CUS-10,APAC,30.26,1,3395.47,0,0
SHP-000544,2025-06,8,BAT-001961,PLT-01,CAR-01,"<bound method Series.mode of carrier_id                    CAR-01
carrier_name    GlobalTank Logistics
mode                     Bulk Liquid
base_otif                       0.94
Name: 0, dtype: object>",CUS-04,EMEA,35.81,1,3616.91,0,0
SHP-000545,2025-01,3,BAT-000682,PLT-04,CAR-01,"<bound method Series.mode of carrier_id                    CAR-01
carrier_name    GlobalTank Logistics
mode                     Bulk Liquid
base_otif                       0.94
Name: 0, dtype: object>",CUS-13,AMER,2.8,1,315.63,0,0
SHP-000546,2026-06,20,BAT-004588,PLT-06,CAR-03,"<bound method Series.mode of carrier_id               CAR-03
carrier_name    OceanChem Lines
mode                 Ocean Bulk
base_otif                  0.88
Name: 2, dtype: object>",CUS-15,EMEA,56.32,1,7953.36,0,1
SHP-000547,2025-07,9,BAT-002070,PLT-04,CAR-03,"<bound method Series.mode of carrier_id               CAR-03
carrier_name    OceanChem Lines
mode                 Ocean Bulk
base_otif                  0.88
Name: 2, dtype: object>",CUS-06,AMER,35.55,1,3413.79,0,0
SHP-000548,2026-06,20,BAT-004455,PLT-06,CAR-01,"<bound method Series.mode of carrier_id                    CAR-01
carrier_name    GlobalTank Logistics
mode                     Bulk Liquid
base_otif                       0.94
Name: 0, dtype: object>",CUS-07,APAC,46.18,1,3859.88,0,1
SHP-000549,2025-03,5,BAT-001126,PLT-03,CAR-02,"<bound method Series.mode of carrier_id                 CAR-02
carrier_name    EuroHaz Transport
mode                  Hazmat Road
base_otif                    0.91
Name: 1, dtype: object>",CUS-07,APAC,1.97,1,114.96,0,0
SHP-000550,2025-11,13,BAT-003067,PLT-06,CAR-01,"<bound method Series.mode of carrier_id                    CAR-01
carrier_name    GlobalTank Logistics
mode                     Bulk Liquid
base_otif                       0.94
Name: 0, dtype: object>",CUS-01,EMEA,45.66,1,4236.35,0,0
SHP-000551,2026-03,17,BAT-003957,PLT-05,CAR-01,"<bound method Series.mode of carrier_id                    CAR-01
carrier_name    GlobalTank Logistics
mode                     Bulk Liquid
base_otif                       0.94
Name: 0, dtype: object>",CUS-02,AMER,34.16,1,4948.39,0,0
SHP-000552,2026-03,17,BAT-003813,PLT-02,CAR-02,"<bound method Series.mode of carrier_id                 CAR-02
carrier_name    EuroHaz Transport
mode                  Hazmat Road
base_otif                    0.91
Name: 1, dtype: object>",CUS-04,EMEA,15.17,1,1090.69,0,0
SHP-000553,2026-03,17,BAT-003906,PLT-03,CAR-01,"<bound method Series.mode of carrier_id                    CAR-01
carrier_name    GlobalTank Logistics
mode                     Bulk Liquid
base_otif                       0.94
Name: 0, dtype: object>",CUS-07,APAC,33.85,1,3942.34,0,0
SHP-000554,2026-04,18,BAT-004048,PLT-05,CAR-03,"<bound method Series.mode of carrier_id               CAR-03
carrier_name    OceanChem Lines
mode                 Ocean Bulk
base_otif                  0.88
Name: 2, dtype: object>",CUS-11,EMEA,54.4,1,6150.55,0,1
SHP-000555,2025-08,10,BAT-002351,PLT-03,CAR-04,"<bound method Series.mode of carrier_id                CAR-04
carrier_name    RailChem Freight
mode                        Rail
base_otif                   0.93
Name: 3, dtype: object>",CUS-10,APAC,19.71,1,2842.4,0,0
SHP-000556,2026-03,17,BAT-003830,PLT-05,CAR-04,"<bound method Series.mode of carrier_id                CAR-04
carrier_name    RailChem Freight
mode                        Rail
base_otif                   0.93
Name: 3, dtype: object>",CUS-01,EMEA,46.69,1,6222.93,0,0
SHP-000557,2026-05,19,BAT-004278,PLT-04,CAR-03,"<bound method Series.mode of carrier_id               CAR-03
carrier_name    OceanChem Lines
mode                 Ocean Bulk
base_otif                  0.88
Name: 2, dtype: object>",CUS-01,EMEA,29.3,1,2493.82,0,1
SHP-000558,2026-07,21,BAT-004687,PLT-01,CAR-05,"<bound method Series.mode of carrier_id               CAR-05
carrier_name    AirExpress Spec
mode                        Air
base_otif                  0.96
Name: 4, dtype: object>",CUS-11,EMEA,93.67,1,7719.78,0,1
SHP-000559,2025-05,7,BAT-001682,PLT-06,CAR-05,"<bound method Series.mode of carrier_id               CAR-05
carrier_name    AirExpress Spec
mode                        Air
base_otif                  0.96
Name: 4, dtype: object>",CUS-06,AMER,30.0,0,1885.78,0,0
SHP-000560,2025-02,4,BAT-000893,PLT-04,CAR-05,"<bound method Series.mode of carrier_id               CAR-05
carrier_name    AirExpress Spec
mode                        Air
base_otif                  0.96
Name: 4, dtype: object>",CUS-10,APAC,2.67,1,294.63,0,0
SHP-000561,2025-09,11,BAT-002447,PLT-06,CAR-02,"<bound method Series.mode of carrier_id                 CAR-02
carrier_name    EuroHaz Transport
mode                  Hazmat Road
base_otif                    0.91
Name: 1, dtype: object>",CUS-11,EMEA,56.66,1,3800.08,0,0
SHP-000562,2025-01,3,BAT-000723,PLT-01,CAR-05,"<bound method Series.mode of carrier_id               CAR-05
carrier_name    AirExpress Spec
mode                        Air
base_otif                  0.96
Name: 4, dtype: object>",CUS-12,LATAM,36.56,1,5098.64,0,0
SHP-000563,2024-10,0,BAT-000183,PLT-05,CAR-01,"<bound method Series.mode of carrier_id                    CAR-01
carrier_name    GlobalTank Logistics
mode                     Bulk Liquid
base_otif                       0.94
Name: 0, dtype: object>",CUS-10,APAC,34.31,1,3906.22,0,0
SHP-000564,2026-02,16,BAT-003600,PLT-04,CAR-03,"<bound method Series.mode of carrier_id               CAR-03
carrier_name    OceanChem Lines
mode                 Ocean Bulk
base_otif                  0.88
Name: 2, dtype: object>",CUS-02,AMER,15.19,1,926.45,0,0
SHP-000565,2026-05,19,BAT-004217,PLT-04,CAR-01,"<bound method Series.mode of carrier_id                    CAR-01
carrier_name    GlobalTank Logistics
mode                     Bulk Liquid
base_otif                       0.94
Name: 0, dtype: object>",CUS-02,AMER,3.15,1,289.36,0,1
SHP-000566,2026-06,20,BAT-004467,PLT-06,CAR-02,"<bound method Series.mode of carrier_id                 CAR-02
carrier_name    EuroHaz Transport
mode                  Hazmat Road
base_otif                    0.91
Name: 1, dtype: object>",CUS-01,EMEA,36.76,1,3534.34,1,1
SHP-000567,2025-10,12,BAT-002823,PLT-05,CAR-04,"<bound method Series.mode of carrier_id                CAR-04
carrier_name    RailChem Freight
mode                        Rail
base_otif                   0.93
Name: 3, dtype: object>",CUS-01,EMEA,33.2,1,4197.07,0,0
SHP-000568,2025-11,13,BAT-002958,PLT-01,CAR-01,"<bound method Series.mode of carrier_id                    CAR-01
carrier_name    GlobalTank Logistics
mode                     Bulk Liquid
base_otif                       0.94
Name: 0, dtype: object>",CUS-08,EMEA,65.39,1,5514.1,0,0
SHP-000569,2024-10,0,BAT-000208,PLT-05,CAR-02,"<bound method Series.mode of carrier_id                 CAR-02
carrier_name    EuroHaz Transport
mode                  Hazmat Road
base_otif                    0.91
Name: 1, dtype: object>",CUS-08,EMEA,18.04,1,1324.87,0,0
SHP-000570,2025-05,7,BAT-001648,PLT-03,CAR-03,"<bound method Series.mode of carrier_id               CAR-03
carrier_name    OceanChem Lines
mode                 Ocean Bulk
base_otif                  0.88
Name: 2, dtype: object>",CUS-08,EMEA,43.02,1,3159.21,0,0
SHP-000571,2025-04,6,BAT-001423,PLT-04,CAR-02,"<bound method Series.mode of carrier_id                 CAR-02
carrier_name    EuroHaz Transport
mode                  Hazmat Road
base_otif                    0.91
Name: 1, dtype: object>",CUS-10,APAC,52.42,1,6892.16,0,0
SHP-000572,2026-06,20,BAT-004604,PLT-06,CAR-02,"<bound method Series.mode of carrier_id                 CAR-02
carrier_name    EuroHaz Transport
mode                  Hazmat Road
base_otif                    0.91
Name: 1, dtype: object>",CUS-15,EMEA,26.67,1,3388.9,0,1
SHP-000573,2026-01,15,BAT-003442,PLT-03,CAR-02,"<bound method Series.mode of carrier_id                 CAR-02
carrier_name    EuroHaz Transport
mode                  Hazmat Road
base_otif                    0.91
Name: 1, dtype: object>",CUS-08,EMEA,47.84,1,3820.43,0,0
SHP-000574,2024-11,1,BAT-000267,PLT-02,CAR-04,"<bound method Series.mode of carrier_id                CAR-04
carrier_name    RailChem Freight
mode                        Rail
base_otif                   0.93
Name: 3, dtype: object>",CUS-12,LATAM,64.77,1,8721.99,0,0
SHP-000575,2026-03,17,BAT-003802,PLT-02,CAR-03,"<bound method Series.mode of carrier_id               CAR-03
carrier_name    OceanChem Lines
mode                 Ocean Bulk
base_otif                  0.88
Name: 2, dtype: object>",CUS-05,LATAM,48.77,1,4923.12,0,0
SHP-000576,2025-03,5,BAT-001317,PLT-01,CAR-01,"<bound method Series.mode of carrier_id                    CAR-01
carrier_name    GlobalTank Logistics
mode                     Bulk Liquid
base_otif                       0.94
Name: 0, dtype: object>",CUS-02,AMER,79.48,1,7651.78,1,0
SHP-000577,2026-08,22,BAT-004841,PLT-02,CAR-04,"<bound method Series.mode of carrier_id                CAR-04
carrier_name    RailChem Freight
mode                        Rail
base_otif                   0.93
Name: 3, dtype: object>",CUS-07,APAC,40.64,1,5784.83,0,1
SHP-000578,2025-02,4,BAT-001020,PLT-01,CAR-01,"<bound method Series.mode of carrier_id                    CAR-01
carrier_name    GlobalTank Logistics
mode                     Bulk Liquid
base_otif                       0.94
Name: 0, dtype: object>",CUS-15,EMEA,33.68,1,4858.98,0,0
SHP-000579,2026-06,20,BAT-004507,PLT-05,CAR-04,"<bound method Series.mode of carrier_id                CAR-04
carrier_name    RailChem Freight
mode                        Rail
base_otif                   0.93
Name: 3, dtype: object>",CUS-11,EMEA,53.98,1,3373.81,0,1
SHP-000580,2025-11,13,BAT-002942,PLT-01,CAR-03,"<bound method Series.mode of carrier_id               CAR-03
carrier_name    OceanChem Lines
mode                 Ocean Bulk
base_otif                  0.88
Name: 2, dtype: object>",CUS-11,EMEA,54.2,1,3211.34,0,0
SHP-000581,2025-08,10,BAT-002238,PLT-05,CAR-01,"<bound method Series.mode of carrier_id                    CAR-01
carrier_name    GlobalTank Logistics
mode                     Bulk Liquid
base_otif                       0.94
Name: 0, dtype: object>",CUS-14,APAC,26.05,1,3159.64,0,0
SHP-000582,2025-02,4,BAT-001093,PLT-06,CAR-04,"<bound method Series.mode of carrier_id                CAR-04
carrier_name    RailChem Freight
mode                        Rail
base_otif                   0.93
Name: 3, dtype: object>",CUS-03,APAC,55.92,1,5629.49,0,0
SHP-000583,2024-10,0,BAT-000109,PLT-05,CAR-01,"<bound method Series.mode of carrier_id                    CAR-01
carrier_name    GlobalTank Logistics
mode                     Bulk Liquid
base_otif                       0.94
Name: 0, dtype: object>",CUS-10,APAC,61.73,1,8003.64,0,0
SHP-000584,2025-12,14,BAT-003179,PLT-02,CAR-05,"<bound method Series.mode of carrier_id               CAR-05
carrier_name    AirExpress Spec
mode                        Air
base_otif                  0.96
Name: 4, dtype: object>",CUS-02,AMER,88.38,1,6619.93,0,0
SHP-000585,2025-10,12,BAT-002804,PLT-05,CAR-03,"<bound method Series.mode of carrier_id               CAR-03
carrier_name    OceanChem Lines
mode                 Ocean Bulk
base_otif                  0.88
Name: 2, dtype: object>",CUS-06,AMER,31.13,1,2455.77,0,0
SHP-000586,2026-04,18,BAT-004000,PLT-02,CAR-05,"<bound method Series.mode of carrier_id               CAR-05
carrier_name    AirExpress Spec
mode                        Air
base_otif                  0.96
Name: 4, dtype: object>",CUS-08,EMEA,65.08,1,6081.52,0,1
SHP-000587,2026-08,22,BAT-004865,PLT-04,CAR-03,"<bound method Series.mode of carrier_id               CAR-03
carrier_name    OceanChem Lines
mode                 Ocean Bulk
base_otif                  0.88
Name: 2, dtype: object>",CUS-15,EMEA,21.9,1,3044.63,0,1
SHP-000588,2026-06,20,BAT-004558,PLT-01,CAR-03,"<bound method Series.mode of carrier_id               CAR-03
carrier_name    OceanChem Lines
mode                 Ocean Bulk
base_otif                  0.88
Name: 2, dtype: object>",CUS-06,AMER,92.68,1,8336.7,0,1
SHP-000589,2026-05,19,BAT-004216,PLT-06,CAR-05,"<bound method Series.mode of carrier_id               CAR-05
carrier_name    AirExpress Spec
mode                        Air
base_otif                  0.96
Name: 4, dtype: object>",CUS-09,AMER,49.14,1,3765.98,0,1
SHP-000590,2025-06,8,BAT-001792,PLT-05,CAR-02,"<bound method Series.mode of carrier_id                 CAR-02
carrier_name    EuroHaz Transport
mode                  Hazmat Road
base_otif                    0.91
Name: 1, dtype: object>",CUS-06,AMER,30.78,1,2258.27,0,0
SHP-000591,2025-07,9,BAT-002081,PLT-05,CAR-02,"<bound method Series.mode of carrier_id                 CAR-02
carrier_name    EuroHaz Transport
mode                  Hazmat Road
base_otif                    0.91
Name: 1, dtype: object>",CUS-02,AMER,45.52,1,4689.23,0,0
SHP-000592,2025-05,7,BAT-001558,PLT-02,CAR-03,"<bound method Series.mode of carrier_id               CAR-03
carrier_name    OceanChem Lines
mode                 Ocean Bulk
base_otif                  0.88
Name: 2, dtype: object>",CUS-04,EMEA,47.28,1,4925.58,0,0
SHP-000593,2026-08,22,BAT-004869,PLT-03,CAR-02,"<bound method Series.mode of carrier_id                 CAR-02
carrier_name    EuroHaz Transport
mode                  Hazmat Road
base_otif                    0.91
Name: 1, dtype: object>",CUS-12,LATAM,48.33,1,3179.62,0,1
SHP-000594,2026-07,21,BAT-004802,PLT-05,CAR-01,"<bound method Series.mode of carrier_id                    CAR-01
carrier_name    GlobalTank Logistics
mode                     Bulk Liquid
base_otif                       0.94
Name: 0, dtype: object>",CUS-04,EMEA,13.87,1,913.43,0,1
SHP-000595,2025-05,7,BAT-001547,PLT-03,CAR-03,"<bound method Series.mode of carrier_id               CAR-03
carrier_name    OceanChem Lines
mode                 Ocean Bulk
base_otif                  0.88
Name: 2, dtype: object>",CUS-02,AMER,2.4,1,347.65,0,0
SHP-000596,2026-07,21,BAT-004805,PLT-01,CAR-01,"<bound method Series.mode of carrier_id                    CAR-01
carrier_name    GlobalTank Logistics
mode                     Bulk Liquid
base_otif                       0.94
Name: 0, dtype: object>",CUS-11,EMEA,75.16,1,7612.07,0,1
SHP-000597,2026-07,21,BAT-004744,PLT-02,CAR-04,"<bound method Series.mode of carrier_id                CAR-04
carrier_name    RailChem Freight
mode                        Rail
base_otif                   0.93
Name: 3, dtype: object>",CUS-02,AMER,40.42,1,4393.26,0,1
SHP-000598,2026-03,17,BAT-003769,PLT-03,CAR-02,"<bound method Series.mode of carrier_id                 CAR-02
carrier_name    EuroHaz Transport
mode                  Hazmat Road
base_otif                    0.91
Name: 1, dtype: object>",CUS-06,AMER,2.57,1,167.8,0,0
SHP-000599,2024-10,0,BAT-000191,PLT-02,CAR-02,"<bound method Series.mode of carrier_id                 CAR-02
carrier_name    EuroHaz Transport
mode                  Hazmat Road
base_otif                    0.91
Name: 1, dtype: object>",CUS-12,LATAM,40.95,1,4232.69,0,0
SHP-000600,2025-01,3,BAT-000781,PLT-05,CAR-04,"<bound method Series.mode of carrier_id                CAR-04
carrier_name    RailChem Freight
mode                        Rail
base_otif                   0.93
Name: 3, dtype: object>",CUS-13,AMER,25.3,1,2103.28,0,0
SHP-000601,2024-12,2,BAT-000545,PLT-05,CAR-04,"<bound method Series.mode of carrier_id                CAR-04
carrier_name    RailChem Freight
mode                        Rail
base_otif                   0.93
Name: 3, dtype: object>",CUS-13,AMER,24.05,1,1910.07,0,0
SHP-000602,2025-12,14,BAT-003211,PLT-02,CAR-04,"<bound method Series.mode of carrier_id                CAR-04
carrier_name    RailChem Freight
mode                        Rail
base_otif                   0.93
Name: 3, dtype: object>",CUS-15,EMEA,40.6,1,5001.64,0,0
SHP-000603,2025-08,10,BAT-002383,PLT-04,CAR-01,"<bound method Series.mode of carrier_id                    CAR-01
carrier_name    GlobalTank Logistics
mode                     Bulk Liquid
base_otif                       0.94
Name: 0, dtype: object>",CUS-12,LATAM,24.31,1,2312.66,0,0
SHP-000604,2026-09,23,BAT-005088,PLT-02,CAR-04,"<bound method Series.mode of carrier_id                CAR-04
carrier_name    RailChem Freight
mode                        Rail
base_otif                   0.93
Name: 3, dtype: object>",CUS-14,APAC,17.59,1,1679.17,0,1
SHP-000605,2026-08,22,BAT-005055,PLT-05,CAR-05,"<bound method Series.mode of carrier_id               CAR-05
carrier_name    AirExpress Spec
mode                        Air
base_otif                  0.96
Name: 4, dtype: object>",CUS-02,AMER,28.72,1,4024.32,0,1
SHP-000606,2026-01,15,BAT-003487,PLT-04,CAR-04,"<bound method Series.mode of carrier_id                CAR-04
carrier_name    RailChem Freight
mode                        Rail
base_otif                   0.93
Name: 3, dtype: object>",CUS-04,EMEA,94.91,1,7023.77,0,0
SHP-000607,2025-05,7,BAT-001706,PLT-04,CAR-04,"<bound method Series.mode of carrier_id                CAR-04
carrier_name    RailChem Freight
mode                        Rail
base_otif                   0.93
Name: 3, dtype: object>",CUS-13,AMER,30.77,1,3446.38,0,0
SHP-000608,2025-08,10,BAT-002302,PLT-06,CAR-05,"<bound method Series.mode of carrier_id               CAR-05
carrier_name    AirExpress Spec
mode                        Air
base_otif                  0.96
Name: 4, dtype: object>",CUS-02,AMER,73.78,1,7714.64,0,0
SHP-000609,2025-07,9,BAT-002102,PLT-06,CAR-01,"<bound method Series.mode of carrier_id                    CAR-01
carrier_name    GlobalTank Logistics
mode                     Bulk Liquid
base_otif                       0.94
Name: 0, dtype: object>",CUS-09,AMER,1.95,1,138.68,0,0
SHP-000610,2026-01,15,BAT-003377,PLT-05,CAR-04,"<bound method Series.mode of carrier_id                CAR-04
carrier_name    RailChem Freight
mode                        Rail
base_otif                   0.93
Name: 3, dtype: object>",CUS-04,EMEA,19.62,1,2233.98,0,0
SHP-000611,2024-11,1,BAT-000268,PLT-04,CAR-01,"<bound method Series.mode of carrier_id                    CAR-01
carrier_name    GlobalTank Logistics
mode                     Bulk Liquid
base_otif                       0.94
Name: 0, dtype: object>",CUS-01,EMEA,51.74,1,5390.18,0,0
SHP-000612,2025-02,4,BAT-000929,PLT-05,CAR-01,"<bound method Series.mode of carrier_id                    CAR-01
carrier_name    GlobalTank Logistics
mode                     Bulk Liquid
base_otif                       0.94
Name: 0, dtype: object>",CUS-04,EMEA,32.29,1,3612.37,0,0
SHP-000613,2025-01,3,BAT-000707,PLT-03,CAR-05,"<bound method Series.mode of carrier_id               CAR-05
carrier_name    AirExpress Spec
mode                        Air
base_otif                  0.96
Name: 4, dtype: object>",CUS-03,APAC,26.54,1,1796.44,0,0
SHP-000614,2024-12,2,BAT-000516,PLT-06,CAR-03,"<bound method Series.mode of carrier_id               CAR-03
carrier_name    OceanChem Lines
mode                 Ocean Bulk
base_otif                  0.88
Name: 2, dtype: object>",CUS-06,AMER,54.47,1,3785.59,0,0
SHP-000615,2025-05,7,BAT-001696,PLT-04,CAR-01,"<bound method Series.mode of carrier_id                    CAR-01
carrier_name    GlobalTank Logistics
mode                     Bulk Liquid
base_otif                       0.94
Name: 0, dtype: object>",CUS-14,APAC,19.46,1,2116.8,0,0
SHP-000616,2026-09,23,BAT-005156,PLT-01,CAR-02,"<bound method Series.mode of carrier_id                 CAR-02
carrier_name    EuroHaz Transport
mode                  Hazmat Road
base_otif                    0.91
Name: 1, dtype: object>",CUS-13,AMER,29.69,1,2906.77,0,1
SHP-000617,2024-11,1,BAT-000258,PLT-04,CAR-05,"<bound method Series.mode of carrier_id               CAR-05
carrier_name    AirExpress Spec
mode                        Air
base_otif                  0.96
Name: 4, dtype: object>",CUS-08,EMEA,33.3,1,3851.82,0,0
SHP-000618,2025-01,3,BAT-000800,PLT-05,CAR-04,"<bound method Series.mode of carrier_id                CAR-04
carrier_name    RailChem Freight
mode                        Rail
base_otif                   0.93
Name: 3, dtype: object>",CUS-04,EMEA,26.53,1,3450.49,0,0
SHP-000619,2025-04,6,BAT-001366,PLT-05,CAR-05,"<bound method Series.mode of carrier_id               CAR-05
carrier_name    AirExpress Spec
mode                        Air
base_otif                  0.96
Name: 4, dtype: object>",CUS-15,EMEA,25.05,1,1596.17,0,0
SHP-000620,2025-05,7,BAT-001615,PLT-05,CAR-05,"<bound method Series.mode of carrier_id               CAR-05
carrier_name    AirExpress Spec
mode                        Air
base_otif                  0.96
Name: 4, dtype: object>",CUS-06,AMER,26.0,1,3385.4,0,0
SHP-000621,2026-06,20,BAT-004522,PLT-02,CAR-02,"<bound method Series.mode of carrier_id                 CAR-02
carrier_name    EuroHaz Transport
mode                  Hazmat Road
base_otif                    0.91
Name: 1, dtype: object>",CUS-08,EMEA,94.83,1,9967.86,1,1
SHP-000622,2026-04,18,BAT-004132,PLT-03,CAR-01,"<bound method Series.mode of carrier_id                    CAR-01
carrier_name    GlobalTank Logistics
mode                     Bulk Liquid
base_otif                       0.94
Name: 0, dtype: object>",CUS-07,APAC,41.55,1,5369.52,0,1
SHP-000623,2025-12,14,BAT-003143,PLT-06,CAR-05,"<bound method Series.mode of carrier_id               CAR-05
carrier_name    AirExpress Spec
mode                        Air
base_otif                  0.96
Name: 4, dtype: object>",CUS-13,AMER,25.42,1,2085.9,0,0
SHP-000624,2025-04,6,BAT-001426,PLT-04,CAR-05,"<bound method Series.mode of carrier_id               CAR-05
carrier_name    AirExpress Spec
mode                        Air
base_otif                  0.96
Name: 4, dtype: object>",CUS-06,AMER,76.71,1,9968.39,0,0
SHP-000625,2026-04,18,BAT-004039,PLT-06,CAR-03,"<bound method Series.mode of carrier_id               CAR-03
carrier_name    OceanChem Lines
mode                 Ocean Bulk
base_otif                  0.88
Name: 2, dtype: object>",CUS-04,EMEA,1.7,1,151.76,0,1
SHP-000626,2026-03,17,BAT-003792,PLT-06,CAR-01,"<bound method Series.mode of carrier_id                    CAR-01
carrier_name    GlobalTank Logistics
mode                     Bulk Liquid
base_otif                       0.94
Name: 0, dtype: object>",CUS-03,APAC,53.12,1,5109.84,0,0
SHP-000627,2026-01,15,BAT-003338,PLT-02,CAR-05,"<bound method Series.mode of carrier_id               CAR-05
carrier_name    AirExpress Spec
mode                        Air
base_otif                  0.96
Name: 4, dtype: object>",CUS-03,APAC,44.62,1,4915.73,0,0
SHP-000628,2026-09,23,BAT-005195,PLT-05,CAR-01,"<bound method Series.mode of carrier_id                    CAR-01
carrier_name    GlobalTank Logistics
mode                     Bulk Liquid
base_otif                       0.94
Name: 0, dtype: object>",CUS-09,AMER,22.57,1,2722.82,0,1
SHP-000629,2025-09,11,BAT-002612,PLT-03,CAR-01,"<bound method Series.mode of carrier_id                    CAR-01
carrier_name    GlobalTank Logistics
mode                     Bulk Liquid
base_otif                       0.94
Name: 0, dtype: object>",CUS-06,AMER,62.31,1,5202.75,0,0
SHP-000630,2026-07,21,BAT-004769,PLT-04,CAR-05,"<bound method Series.mode of carrier_id               CAR-05
carrier_name    AirExpress Spec
mode                        Air
base_otif                  0.96
Name: 4, dtype: object>",CUS-10,APAC,81.65,1,9049.12,0,1
SHP-000631,2025-10,12,BAT-002704,PLT-02,CAR-01,"<bound method Series.mode of carrier_id                    CAR-01
carrier_name    GlobalTank Logistics
mode                     Bulk Liquid
base_otif                       0.94
Name: 0, dtype: object>",CUS-08,EMEA,18.49,1,2202.02,0,0
SHP-000632,2025-03,5,BAT-001197,PLT-03,CAR-05,"<bound method Series.mode of carrier_id               CAR-05
carrier_name    AirExpress Spec
mode                        Air
base_otif                  0.96
Name: 4, dtype: object>",CUS-10,APAC,53.92,1,6139.71,0,0
SHP-000633,2024-10,0,BAT-000182,PLT-06,CAR-05,"<bound method Series.mode of carrier_id               CAR-05
carrier_name    AirExpress Spec
mode                        Air
base_otif                  0.96
Name: 4, dtype: object>",CUS-12,LATAM,48.96,1,4027.76,0,0
SHP-000634,2026-07,21,BAT-004625,PLT-01,CAR-04,"<bound method Series.mode of carrier_id                CAR-04
carrier_name    RailChem Freight
mode                        Rail
base_otif                   0.93
Name: 3, dtype: object>",CUS-12,LATAM,40.1,1,4221.8,0,1
SHP-000635,2026-02,16,BAT-003666,PLT-03,CAR-02,"<bound method Series.mode of carrier_id                 CAR-02
carrier_name    EuroHaz Transport
mode                  Hazmat Road
base_otif                    0.91
Name: 1, dtype: object>",CUS-09,AMER,2.31,1,206.76,0,0
SHP-000636,2025-11,13,BAT-002899,PLT-05,CAR-03,"<bound method Series.mode of carrier_id               CAR-03
carrier_name    OceanChem Lines
mode                 Ocean Bulk
base_otif                  0.88
Name: 2, dtype: object>",CUS-03,APAC,13.06,1,1444.16,0,0
SHP-000637,2025-09,11,BAT-002509,PLT-03,CAR-02,"<bound method Series.mode of carrier_id                 CAR-02
carrier_name    EuroHaz Transport
mode                  Hazmat Road
base_otif                    0.91
Name: 1, dtype: object>",CUS-13,AMER,46.5,1,6120.16,0,0
SHP-000638,2025-10,12,BAT-002821,PLT-03,CAR-01,"<bound method Series.mode of carrier_id                    CAR-01
carrier_name    GlobalTank Logistics
mode                     Bulk Liquid
base_otif                       0.94
Name: 0, dtype: object>",CUS-05,LATAM,1.41,1,89.79,0,0
SHP-000639,2025-06,8,BAT-001847,PLT-02,CAR-05,"<bound method Series.mode of carrier_id               CAR-05
carrier_name    AirExpress Spec
mode                        Air
base_otif                  0.96
Name: 4, dtype: object>",CUS-14,APAC,85.04,1,10466.05,0,0
SHP-000640,2026-06,20,BAT-004465,PLT-03,CAR-02,"<bound method Series.mode of carrier_id                 CAR-02
carrier_name    EuroHaz Transport
mode                  Hazmat Road
base_otif                    0.91
Name: 1, dtype: object>",CUS-13,AMER,56.09,1,6066.84,0,1
SHP-000641,2026-08,22,BAT-004922,PLT-06,CAR-03,"<bound method Series.mode of carrier_id               CAR-03
carrier_name    OceanChem Lines
mode                 Ocean Bulk
base_otif                  0.88
Name: 2, dtype: object>",CUS-09,AMER,63.86,1,7059.28,0,1
SHP-000642,2025-07,9,BAT-002000,PLT-02,CAR-02,"<bound method Series.mode of carrier_id                 CAR-02
carrier_name    EuroHaz Transport
mode                  Hazmat Road
base_otif                    0.91
Name: 1, dtype: object>",CUS-15,EMEA,48.86,1,4634.79,0,0
SHP-000643,2026-01,15,BAT-003354,PLT-01,CAR-01,"<bound method Series.mode of carrier_id                    CAR-01
carrier_name    GlobalTank Logistics
mode                     Bulk Liquid
base_otif                       0.94
Name: 0, dtype: object>",CUS-07,APAC,38.34,1,2925.96,0,0
SHP-000644,2026-04,18,BAT-003973,PLT-04,CAR-05,"<bound method Series.mode of carrier_id               CAR-05
carrier_name    AirExpress Spec
mode                        Air
base_otif                  0.96
Name: 4, dtype: object>",CUS-10,APAC,71.23,1,7847.72,0,1
SHP-000645,2024-11,1,BAT-000353,PLT-04,CAR-02,"<bound method Series.mode of carrier_id                 CAR-02
carrier_name    EuroHaz Transport
mode                  Hazmat Road
base_otif                    0.91
Name: 1, dtype: object>",CUS-08,EMEA,2.14,1,225.51,0,0
SHP-000646,2025-04,6,BAT-001435,PLT-05,CAR-02,"<bound method Series.mode of carrier_id                 CAR-02
carrier_name    EuroHaz Transport
mode                  Hazmat Road
base_otif                    0.91
Name: 1, dtype: object>",CUS-03,APAC,31.38,1,2220.65,0,0
SHP-000647,2025-06,8,BAT-001844,PLT-03,CAR-01,"<bound method Series.mode of carrier_id                    CAR-01
carrier_name    GlobalTank Logistics
mode                     Bulk Liquid
base_otif                       0.94
Name: 0, dtype: object>",CUS-10,APAC,22.25,0,2039.97,0,0
SHP-000648,2026-03,17,BAT-003768,PLT-05,CAR-04,"<bound method Series.mode of carrier_id                CAR-04
carrier_name    RailChem Freight
mode                        Rail
base_otif                   0.93
Name: 3, dtype: object>",CUS-12,LATAM,43.01,1,4331.06,0,0
SHP-000649,2024-10,0,BAT-000086,PLT-01,CAR-05,"<bound method Series.mode of carrier_id               CAR-05
carrier_name    AirExpress Spec
mode                        Air
base_otif                  0.96
Name: 4, dtype: object>",CUS-02,AMER,52.95,1,4646.31,0,0
SHP-000650,2026-04,18,BAT-004063,PLT-05,CAR-05,"<bound method Series.mode of carrier_id               CAR-05
carrier_name    AirExpress Spec
mode                        Air
base_otif                  0.96
Name: 4, dtype: object>",CUS-12,LATAM,25.26,1,1747.96,0,1
SHP-000651,2025-04,6,BAT-001434,PLT-04,CAR-05,"<bound method Series.mode of carrier_id               CAR-05
carrier_name    AirExpress Spec
mode                        Air
base_otif                  0.96
Name: 4, dtype: object>",CUS-14,APAC,62.39,1,8546.56,1,0
SHP-000652,2026-08,22,BAT-004923,PLT-02,CAR-04,"<bound method Series.mode of carrier_id                CAR-04
carrier_name    RailChem Freight
mode                        Rail
base_otif                   0.93
Name: 3, dtype: object>",CUS-14,APAC,72.7,1,9109.75,0,1
SHP-000653,2025-12,14,BAT-003250,PLT-03,CAR-02,"<bound method Series.mode of carrier_id                 CAR-02
carrier_name    EuroHaz Transport
mode                  Hazmat Road
base_otif                    0.91
Name: 1, dtype: object>",CUS-08,EMEA,32.74,1,4650.55,0,0
SHP-000654,2026-03,17,BAT-003782,PLT-01,CAR-05,"<bound method Series.mode of carrier_id               CAR-05
carrier_name    AirExpress Spec
mode                        Air
base_otif                  0.96
Name: 4, dtype: object>",CUS-03,APAC,50.35,1,3575.39,0,0
SHP-000655,2026-04,18,BAT-003975,PLT-02,CAR-02,"<bound method Series.mode of carrier_id                 CAR-02
carrier_name    EuroHaz Transport
mode                  Hazmat Road
base_otif                    0.91
Name: 1, dtype: object>",CUS-12,LATAM,51.98,1,3062.1,0,1
SHP-000656,2025-06,8,BAT-001890,PLT-01,CAR-03,"<bound method Series.mode of carrier_id               CAR-03
carrier_name    OceanChem Lines
mode                 Ocean Bulk
base_otif                  0.88
Name: 2, dtype: object>",CUS-13,AMER,66.17,1,7245.33,0,0
SHP-000657,2025-03,5,BAT-001320,PLT-06,CAR-04,"<bound method Series.mode of carrier_id                CAR-04
carrier_name    RailChem Freight
mode                        Rail
base_otif                   0.93
Name: 3, dtype: object>",CUS-06,AMER,2.24,1,244.88,0,0
SHP-000658,2026-02,16,BAT-003583,PLT-03,CAR-03,"<bound method Series.mode of carrier_id               CAR-03
carrier_name    OceanChem Lines
mode                 Ocean Bulk
base_otif                  0.88
Name: 2, dtype: object>",CUS-12,LATAM,32.22,1,4066.4,0,0
SHP-000659,2025-08,10,BAT-002290,PLT-01,CAR-04,"<bound method Series.mode of carrier_id                CAR-04
carrier_name    RailChem Freight
mode                        Rail
base_otif                   0.93
Name: 3, dtype: object>",CUS-15,EMEA,42.79,1,4259.53,0,0
SHP-000660,2026-01,15,BAT-003505,PLT-02,CAR-05,"<bound method Series.mode of carrier_id               CAR-05
carrier_name    AirExpress Spec
mode                        Air
base_otif                  0.96
Name: 4, dtype: object>",CUS-12,LATAM,39.18,1,4930.55,0,0
SHP-000661,2024-10,0,BAT-000094,PLT-02,CAR-01,"<bound method Series.mode of carrier_id                    CAR-01
carrier_name    GlobalTank Logistics
mode                     Bulk Liquid
base_otif                       0.94
Name: 0, dtype: object>",CUS-05,LATAM,25.87,1,1879.89,0,0
SHP-000662,2024-10,0,BAT-000210,PLT-06,CAR-01,"<bound method Series.mode of carrier_id                    CAR-01
carrier_name    GlobalTank Logistics
mode                     Bulk Liquid
base_otif                       0.94
Name: 0, dtype: object>",CUS-15,EMEA,44.01,1,4979.23,0,0
SHP-000663,2026-08,22,BAT-005015,PLT-02,CAR-04,"<bound method Series.mode of carrier_id                CAR-04
carrier_name    RailChem Freight
mode                        Rail
base_otif                   0.93
Name: 3, dtype: object>",CUS-09,AMER,104.92,1,10413.89,0,1
SHP-000664,2025-04,6,BAT-001475,PLT-04,CAR-01,"<bound method Series.mode of carrier_id                    CAR-01
carrier_name    GlobalTank Logistics
mode                     Bulk Liquid
base_otif                       0.94
Name: 0, dtype: object>",CUS-04,EMEA,1.43,1,132.5,0,0
SHP-000665,2025-02,4,BAT-001009,PLT-02,CAR-02,"<bound method Series.mode of carrier_id                 CAR-02
carrier_name    EuroHaz Transport
mode                  Hazmat Road
base_otif                    0.91
Name: 1, dtype: object>",CUS-01,EMEA,96.82,1,7910.07,0,0
SHP-000666,2024-12,2,BAT-000649,PLT-05,CAR-02,"<bound method Series.mode of carrier_id                 CAR-02
carrier_name    EuroHaz Transport
mode                  Hazmat Road
base_otif                    0.91
Name: 1, dtype: object>",CUS-08,EMEA,2.16,1,126.21,0,0
SHP-000667,2026-01,15,BAT-003367,PLT-03,CAR-04,"<bound method Series.mode of carrier_id                CAR-04
carrier_name    RailChem Freight
mode                        Rail
base_otif                   0.93
Name: 3, dtype: object>",CUS-08,EMEA,48.05,0,3012.64,0,0
SHP-000668,2025-12,14,BAT-003252,PLT-02,CAR-04,"<bound method Series.mode of carrier_id                CAR-04
carrier_name    RailChem Freight
mode                        Rail
base_otif                   0.93
Name: 3, dtype: object>",CUS-15,EMEA,102.09,1,8520.61,0,0
SHP-000669,2026-08,22,BAT-005007,PLT-03,CAR-01,"<bound method Series.mode of carrier_id                    CAR-01
carrier_name    GlobalTank Logistics
mode                     Bulk Liquid
base_otif                       0.94
Name: 0, dtype: object>",CUS-13,AMER,58.19,1,5131.49,0,1
SHP-000670,2026-07,21,BAT-004701,PLT-02,CAR-04,"<bound method Series.mode of carrier_id                CAR-04
carrier_name    RailChem Freight
mode                        Rail
base_otif                   0.93
Name: 3, dtype: object>",CUS-13,AMER,65.96,1,8133.91,0,1
SHP-000671,2026-06,20,BAT-004504,PLT-06,CAR-04,"<bound method Series.mode of carrier_id                CAR-04
carrier_name    RailChem Freight
mode                        Rail
base_otif                   0.93
Name: 3, dtype: object>",CUS-05,LATAM,49.98,1,6328.21,0,1
SHP-000672,2026-05,19,BAT-004286,PLT-06,CAR-04,"<bound method Series.mode of carrier_id                CAR-04
carrier_name    RailChem Freight
mode                        Rail
base_otif                   0.93
Name: 3, dtype: object>",CUS-12,LATAM,76.35,1,4728.38,0,1
SHP-000673,2026-07,21,BAT-004652,PLT-06,CAR-04,"<bound method Series.mode of carrier_id                CAR-04
carrier_name    RailChem Freight
mode                        Rail
base_otif                   0.93
Name: 3, dtype: object>",CUS-02,AMER,88.61,1,11703.51,0,1
SHP-000674,2025-08,10,BAT-002393,PLT-03,CAR-02,"<bound method Series.mode of carrier_id                 CAR-02
carrier_name    EuroHaz Transport
mode                  Hazmat Road
base_otif                    0.91
Name: 1, dtype: object>",CUS-06,AMER,55.53,0,7616.92,0,0
SHP-000675,2024-12,2,BAT-000590,PLT-02,CAR-05,"<bound method Series.mode of carrier_id               CAR-05
carrier_name    AirExpress Spec
mode                        Air
base_otif                  0.96
Name: 4, dtype: object>",CUS-11,EMEA,15.78,1,915.55,0,0
SHP-000676,2025-09,11,BAT-002437,PLT-04,CAR-04,"<bound method Series.mode of carrier_id                CAR-04
carrier_name    RailChem Freight
mode                        Rail
base_otif                   0.93
Name: 3, dtype: object>",CUS-10,APAC,61.59,1,4233.79,0,0
SHP-000677,2026-09,23,BAT-005065,PLT-05,CAR-01,"<bound method Series.mode of carrier_id                    CAR-01
carrier_name    GlobalTank Logistics
mode                     Bulk Liquid
base_otif                       0.94
Name: 0, dtype: object>",CUS-03,APAC,22.27,1,2582.68,0,1
SHP-000678,2025-08,10,BAT-002365,PLT-06,CAR-05,"<bound method Series.mode of carrier_id               CAR-05
carrier_name    AirExpress Spec
mode                        Air
base_otif                  0.96
Name: 4, dtype: object>",CUS-12,LATAM,24.89,1,1912.18,0,0
SHP-000679,2025-08,10,BAT-002399,PLT-04,CAR-05,"<bound method Series.mode of carrier_id               CAR-05
carrier_name    AirExpress Spec
mode                        Air
base_otif                  0.96
Name: 4, dtype: object>",CUS-06,AMER,54.99,1,6323.65,0,0
SHP-000680,2026-08,22,BAT-005049,PLT-02,CAR-04,"<bound method Series.mode of carrier_id                CAR-04
carrier_name    RailChem Freight
mode                        Rail
base_otif                   0.93
Name: 3, dtype: object>",CUS-10,APAC,51.23,1,6357.26,0,1
SHP-000681,2024-12,2,BAT-000443,PLT-06,CAR-01,"<bound method Series.mode of carrier_id                    CAR-01
carrier_name    GlobalTank Logistics
mode                     Bulk Liquid
base_otif                       0.94
Name: 0, dtype: object>",CUS-15,EMEA,87.31,1,7436.54,0,0
SHP-000682,2025-12,14,BAT-003128,PLT-04,CAR-01,"<bound method Series.mode of carrier_id                    CAR-01
carrier_name    GlobalTank Logistics
mode                     Bulk Liquid
base_otif                       0.94
Name: 0, dtype: object>",CUS-03,APAC,42.9,1,5271.99,0,0
SHP-000683,2025-07,9,BAT-002149,PLT-02,CAR-01,"<bound method Series.mode of carrier_id                    CAR-01
carrier_name    GlobalTank Logistics
mode                     Bulk Liquid
base_otif                       0.94
Name: 0, dtype: object>",CUS-01,EMEA,57.04,1,3926.85,0,0
SHP-000684,2025-07,9,BAT-002165,PLT-03,CAR-02,"<bound method Series.mode of carrier_id                 CAR-02
carrier_name    EuroHaz Transport
mode                  Hazmat Road
base_otif                    0.91
Name: 1, dtype: object>",CUS-09,AMER,51.75,1,4103.6,0,0
SHP-000685,2025-05,7,BAT-001658,PLT-03,CAR-05,"<bound method Series.mode of carrier_id               CAR-05
carrier_name    AirExpress Spec
mode                        Air
base_otif                  0.96
Name: 4, dtype: object>",CUS-05,LATAM,1.75,1,105.54,0,0
SHP-000686,2026-06,20,BAT-004613,PLT-04,CAR-01,"<bound method Series.mode of carrier_id                    CAR-01
carrier_name    GlobalTank Logistics
mode                     Bulk Liquid
base_otif                       0.94
Name: 0, dtype: object>",CUS-01,EMEA,46.35,1,4955.28,0,1
SHP-000687,2025-02,4,BAT-000901,PLT-06,CAR-03,"<bound method Series.mode of carrier_id               CAR-03
carrier_name    OceanChem Lines
mode                 Ocean Bulk
base_otif                  0.88
Name: 2, dtype: object>",CUS-07,APAC,1.81,1,127.68,0,0
SHP-000688,2026-08,22,BAT-004967,PLT-01,CAR-05,"<bound method Series.mode of carrier_id               CAR-05
carrier_name    AirExpress Spec
mode                        Air
base_otif                  0.96
Name: 4, dtype: object>",CUS-07,APAC,3.16,1,200.44,0,1
SHP-000689,2025-11,13,BAT-002902,PLT-05,CAR-05,"<bound method Series.mode of carrier_id               CAR-05
carrier_name    AirExpress Spec
mode                        Air
base_otif                  0.96
Name: 4, dtype: object>",CUS-13,AMER,49.59,1,3214.2,0,0
SHP-000690,2025-02,4,BAT-000923,PLT-05,CAR-03,"<bound method Series.mode of carrier_id               CAR-03
carrier_name    OceanChem Lines
mode                 Ocean Bulk
base_otif                  0.88
Name: 2, dtype: object>",CUS-02,AMER,56.52,1,6377.01,0,0
SHP-000691,2025-07,9,BAT-002122,PLT-03,CAR-03,"<bound method Series.mode of carrier_id               CAR-03
carrier_name    OceanChem Lines
mode                 Ocean Bulk
base_otif                  0.88
Name: 2, dtype: object>",CUS-11,EMEA,29.01,0,3080.05,0,0
SHP-000692,2025-05,7,BAT-001556,PLT-03,CAR-04,"<bound method Series.mode of carrier_id                CAR-04
carrier_name    RailChem Freight
mode                        Rail
base_otif                   0.93
Name: 3, dtype: object>",CUS-02,AMER,27.73,1,1975.16,1,0
SHP-000693,2025-09,11,BAT-002590,PLT-04,CAR-04,"<bound method Series.mode of carrier_id                CAR-04
carrier_name    RailChem Freight
mode                        Rail
base_otif                   0.93
Name: 3, dtype: object>",CUS-14,APAC,24.38,0,2380.61,0,0
SHP-000694,2026-02,16,BAT-003659,PLT-01,CAR-02,"<bound method Series.mode of carrier_id                 CAR-02
carrier_name    EuroHaz Transport
mode                  Hazmat Road
base_otif                    0.91
Name: 1, dtype: object>",CUS-06,AMER,39.99,1,4625.48,0,0
SHP-000695,2025-10,12,BAT-002687,PLT-04,CAR-02,"<bound method Series.mode of carrier_id                 CAR-02
carrier_name    EuroHaz Transport
mode                  Hazmat Road
base_otif                    0.91
Name: 1, dtype: object>",CUS-10,APAC,81.25,1,8968.88,0,0
SHP-000696,2026-07,21,BAT-004670,PLT-05,CAR-04,"<bound method Series.mode of carrier_id                CAR-04
carrier_name    RailChem Freight
mode                        Rail
base_otif                   0.93
Name: 3, dtype: object>",CUS-02,AMER,14.99,1,1645.85,0,1
SHP-000697,2026-01,15,BAT-003411,PLT-06,CAR-01,"<bound method Series.mode of carrier_id                    CAR-01
carrier_name    GlobalTank Logistics
mode                     Bulk Liquid
base_otif                       0.94
Name: 0, dtype: object>",CUS-14,APAC,55.17,1,4920.99,0,0
SHP-000698,2025-03,5,BAT-001144,PLT-06,CAR-03,"<bound method Series.mode of carrier_id               CAR-03
carrier_name    OceanChem Lines
mode                 Ocean Bulk
base_otif                  0.88
Name: 2, dtype: object>",CUS-03,APAC,56.69,1,4644.35,0,0
SHP-000699,2026-07,21,BAT-004661,PLT-06,CAR-02,"<bound method Series.mode of carrier_id                 CAR-02
carrier_name    EuroHaz Transport
mode                  Hazmat Road
base_otif                    0.91
Name: 1, dtype: object>",CUS-12,LATAM,25.93,1,2349.82,0,1
SHP-000700,2025-01,3,BAT-000843,PLT-05,CAR-05,"<bound method Series.mode of carrier_id               CAR-05
carrier_name    AirExpress Spec
mode                        Air
base_otif                  0.96
Name: 4, dtype: object>",CUS-05,LATAM,36.21,1,3768.55,0,0
SHP-000701,2025-05,7,BAT-001747,PLT-05,CAR-04,"<bound method Series.mode of carrier_id                CAR-04
carrier_name    RailChem Freight
mode                        Rail
base_otif                   0.93
Name: 3, dtype: object>",CUS-11,EMEA,39.68,1,4177.43,0,0
SHP-000702,2025-12,14,BAT-003266,PLT-03,CAR-04,"<bound method Series.mode of carrier_id                CAR-04
carrier_name    RailChem Freight
mode                        Rail
base_otif                   0.93
Name: 3, dtype: object>",CUS-01,EMEA,74.05,1,8357.45,0,0
SHP-000703,2024-10,0,BAT-000075,PLT-03,CAR-03,"<bound method Series.mode of carrier_id               CAR-03
carrier_name    OceanChem Lines
mode                 Ocean Bulk
base_otif                  0.88
Name: 2, dtype: object>",CUS-02,AMER,26.04,1,2145.59,0,0
SHP-000704,2025-02,4,BAT-000914,PLT-03,CAR-04,"<bound method Series.mode of carrier_id                CAR-04
carrier_name    RailChem Freight
mode                        Rail
base_otif                   0.93
Name: 3, dtype: object>",CUS-02,AMER,25.38,1,1586.83,0,0
SHP-000705,2024-10,0,BAT-000019,PLT-03,CAR-04,"<bound method Series.mode of carrier_id                CAR-04
carrier_name    RailChem Freight
mode                        Rail
base_otif                   0.93
Name: 3, dtype: object>",CUS-15,EMEA,10.75,1,1193.12,0,0
SHP-000706,2025-11,13,BAT-002897,PLT-06,CAR-02,"<bound method Series.mode of carrier_id                 CAR-02
carrier_name    EuroHaz Transport
mode                  Hazmat Road
base_otif                    0.91
Name: 1, dtype: object>",CUS-08,EMEA,14.55,1,957.36,0,0
SHP-000707,2025-02,4,BAT-001033,PLT-02,CAR-04,"<bound method Series.mode of carrier_id                CAR-04
carrier_name    RailChem Freight
mode                        Rail
base_otif                   0.93
Name: 3, dtype: object>",CUS-11,EMEA,22.6,1,2644.24,0,0
SHP-000708,2025-10,12,BAT-002665,PLT-04,CAR-03,"<bound method Series.mode of carrier_id               CAR-03
carrier_name    OceanChem Lines
mode                 Ocean Bulk
base_otif                  0.88
Name: 2, dtype: object>",CUS-12,LATAM,86.65,1,11537.78,0,0
SHP-000709,2025-09,11,BAT-002555,PLT-05,CAR-01,"<bound method Series.mode of carrier_id                    CAR-01
carrier_name    GlobalTank Logistics
mode                     Bulk Liquid
base_otif                       0.94
Name: 0, dtype: object>",CUS-08,EMEA,26.84,0,3751.42,0,0
SHP-000710,2026-07,21,BAT-004796,PLT-02,CAR-01,"<bound method Series.mode of carrier_id                    CAR-01
carrier_name    GlobalTank Logistics
mode                     Bulk Liquid
base_otif                       0.94
Name: 0, dtype: object>",CUS-13,AMER,107.67,1,12541.9,0,1
SHP-000711,2026-02,16,BAT-003557,PLT-01,CAR-05,"<bound method Series.mode of carrier_id               CAR-05
carrier_name    AirExpress Spec
mode                        Air
base_otif                  0.96
Name: 4, dtype: object>",CUS-09,AMER,13.4,1,1692.54,0,0
SHP-000712,2025-01,3,BAT-000744,PLT-06,CAR-04,"<bound method Series.mode of carrier_id                CAR-04
carrier_name    RailChem Freight
mode                        Rail
base_otif                   0.93
Name: 3, dtype: object>",CUS-15,EMEA,75.33,1,6049.41,0,0
SHP-000713,2025-11,13,BAT-003038,PLT-01,CAR-05,"<bound method Series.mode of carrier_id               CAR-05
carrier_name    AirExpress Spec
mode                        Air
base_otif                  0.96
Name: 4, dtype: object>",CUS-09,AMER,28.23,1,1961.14,0,0
SHP-000714,2025-10,12,BAT-002666,PLT-01,CAR-05,"<bound method Series.mode of carrier_id               CAR-05
carrier_name    AirExpress Spec
mode                        Air
base_otif                  0.96
Name: 4, dtype: object>",CUS-02,AMER,25.0,1,2505.86,0,0
SHP-000715,2026-07,21,BAT-004791,PLT-03,CAR-01,"<bound method Series.mode of carrier_id                    CAR-01
carrier_name    GlobalTank Logistics
mode                     Bulk Liquid
base_otif                       0.94
Name: 0, dtype: object>",CUS-03,APAC,63.56,1,3845.86,0,1
SHP-000716,2026-09,23,BAT-005149,PLT-04,CAR-05,"<bound method Series.mode of carrier_id               CAR-05
carrier_name    AirExpress Spec
mode                        Air
base_otif                  0.96
Name: 4, dtype: object>",CUS-02,AMER,31.39,1,2541.62,0,1
SHP-000717,2025-05,7,BAT-001660,PLT-02,CAR-05,"<bound method Series.mode of carrier_id               CAR-05
carrier_name    AirExpress Spec
mode                        Air
base_otif                  0.96
Name: 4, dtype: object>",CUS-14,APAC,105.42,1,7288.65,0,0
SHP-000718,2025-11,13,BAT-003011,PLT-02,CAR-01,"<bound method Series.mode of carrier_id                    CAR-01
carrier_name    GlobalTank Logistics
mode                     Bulk Liquid
base_otif                       0.94
Name: 0, dtype: object>",CUS-02,AMER,73.72,1,5916.95,0,0
SHP-000719,2025-03,5,BAT-001185,PLT-06,CAR-01,"<bound method Series.mode of carrier_id                    CAR-01
carrier_name    GlobalTank Logistics
mode                     Bulk Liquid
base_otif                       0.94
Name: 0, dtype: object>",CUS-08,EMEA,33.97,1,2879.02,0,0
SHP-000720,2026-04,18,BAT-003970,PLT-04,CAR-02,"<bound method Series.mode of carrier_id                 CAR-02
carrier_name    EuroHaz Transport
mode                  Hazmat Road
base_otif                    0.91
Name: 1, dtype: object>",CUS-12,LATAM,1.33,1,189.61,0,1
SHP-000721,2025-08,10,BAT-002262,PLT-06,CAR-03,"<bound method Series.mode of carrier_id               CAR-03
carrier_name    OceanChem Lines
mode                 Ocean Bulk
base_otif                  0.88
Name: 2, dtype: object>",CUS-12,LATAM,13.48,1,811.75,0,0
SHP-000722,2025-07,9,BAT-002133,PLT-01,CAR-02,"<bound method Series.mode of carrier_id                 CAR-02
carrier_name    EuroHaz Transport
mode                  Hazmat Road
base_otif                    0.91
Name: 1, dtype: object>",CUS-14,APAC,63.14,1,3994.73,0,0
SHP-000723,2026-09,23,BAT-005094,PLT-04,CAR-01,"<bound method Series.mode of carrier_id                    CAR-01
carrier_name    GlobalTank Logistics
mode                     Bulk Liquid
base_otif                       0.94
Name: 0, dtype: object>",CUS-02,AMER,45.23,1,3274.38,0,1
SHP-000724,2024-11,1,BAT-000238,PLT-02,CAR-03,"<bound method Series.mode of carrier_id               CAR-03
carrier_name    OceanChem Lines
mode                 Ocean Bulk
base_otif                  0.88
Name: 2, dtype: object>",CUS-09,AMER,58.11,1,3485.56,0,0
SHP-000725,2025-06,8,BAT-001905,PLT-05,CAR-04,"<bound method Series.mode of carrier_id                CAR-04
carrier_name    RailChem Freight
mode                        Rail
base_otif                   0.93
Name: 3, dtype: object>",CUS-03,APAC,21.37,1,2360.97,0,0
SHP-000726,2025-06,8,BAT-001807,PLT-05,CAR-02,"<bound method Series.mode of carrier_id                 CAR-02
carrier_name    EuroHaz Transport
mode                  Hazmat Road
base_otif                    0.91
Name: 1, dtype: object>",CUS-07,APAC,32.04,1,2760.02,0,0
SHP-000727,2025-07,9,BAT-002078,PLT-01,CAR-01,"<bound method Series.mode of carrier_id                    CAR-01
carrier_name    GlobalTank Logistics
mode                     Bulk Liquid
base_otif                       0.94
Name: 0, dtype: object>",CUS-13,AMER,14.14,1,1161.69,0,0
SHP-000728,2025-02,4,BAT-001025,PLT-04,CAR-01,"<bound method Series.mode of carrier_id                    CAR-01
carrier_name    GlobalTank Logistics
mode                     Bulk Liquid
base_otif                       0.94
Name: 0, dtype: object>",CUS-02,AMER,84.78,1,10747.21,0,0
SHP-000729,2025-05,7,BAT-001639,PLT-06,CAR-03,"<bound method Series.mode of carrier_id               CAR-03
carrier_name    OceanChem Lines
mode                 Ocean Bulk
base_otif                  0.88
Name: 2, dtype: object>",CUS-02,AMER,16.54,1,1642.61,0,0
SHP-000730,2024-10,0,BAT-000076,PLT-04,CAR-01,"<bound method Series.mode of carrier_id                    CAR-01
carrier_name    GlobalTank Logistics
mode                     Bulk Liquid
base_otif                       0.94
Name: 0, dtype: object>",CUS-13,AMER,62.27,1,6609.39,0,0
SHP-000731,2026-05,19,BAT-004352,PLT-04,CAR-04,"<bound method Series.mode of carrier_id                CAR-04
carrier_name    RailChem Freight
mode                        Rail
base_otif                   0.93
Name: 3, dtype: object>",CUS-13,AMER,39.11,1,3085.75,0,1
SHP-000732,2025-06,8,BAT-001866,PLT-02,CAR-03,"<bound method Series.mode of carrier_id               CAR-03
carrier_name    OceanChem Lines
mode                 Ocean Bulk
base_otif                  0.88
Name: 2, dtype: object>",CUS-03,APAC,3.44,1,374.95,0,0
SHP-000733,2025-09,11,BAT-002471,PLT-01,CAR-03,"<bound method Series.mode of carrier_id               CAR-03
carrier_name    OceanChem Lines
mode                 Ocean Bulk
base_otif                  0.88
Name: 2, dtype: object>",CUS-02,AMER,25.73,1,3547.14,0,0
SHP-000734,2025-09,11,BAT-002551,PLT-03,CAR-02,"<bound method Series.mode of carrier_id                 CAR-02
carrier_name    EuroHaz Transport
mode                  Hazmat Road
base_otif                    0.91
Name: 1, dtype: object>",CUS-06,AMER,15.33,1,1297.76,0,0
SHP-000735,2025-05,7,BAT-001636,PLT-03,CAR-03,"<bound method Series.mode of carrier_id               CAR-03
carrier_name    OceanChem Lines
mode                 Ocean Bulk
base_otif                  0.88
Name: 2, dtype: object>",CUS-02,AMER,12.0,1,1437.89,0,0
SHP-000736,2025-03,5,BAT-001244,PLT-04,CAR-01,"<bound method Series.mode of carrier_id                    CAR-01
carrier_name    GlobalTank Logistics
mode                     Bulk Liquid
base_otif                       0.94
Name: 0, dtype: object>",CUS-13,AMER,24.89,1,1948.12,0,0
SHP-000737,2026-04,18,BAT-003965,PLT-04,CAR-01,"<bound method Series.mode of carrier_id                    CAR-01
carrier_name    GlobalTank Logistics
mode                     Bulk Liquid
base_otif                       0.94
Name: 0, dtype: object>",CUS-13,AMER,76.04,1,9587.86,0,1
SHP-000738,2024-12,2,BAT-000621,PLT-02,CAR-05,"<bound method Series.mode of carrier_id               CAR-05
carrier_name    AirExpress Spec
mode                        Air
base_otif                  0.96
Name: 4, dtype: object>",CUS-04,EMEA,78.83,1,8792.09,0,0
SHP-000739,2025-06,8,BAT-001841,PLT-05,CAR-02,"<bound method Series.mode of carrier_id                 CAR-02
carrier_name    EuroHaz Transport
mode                  Hazmat Road
base_otif                    0.91
Name: 1, dtype: object>",CUS-06,AMER,18.27,1,1824.51,0,0
SHP-000740,2026-09,23,BAT-005120,PLT-06,CAR-05,"<bound method Series.mode of carrier_id               CAR-05
carrier_name    AirExpress Spec
mode                        Air
base_otif                  0.96
Name: 4, dtype: object>",CUS-10,APAC,82.34,1,5861.49,0,1
SHP-000741,2025-06,8,BAT-001928,PLT-03,CAR-04,"<bound method Series.mode of carrier_id                CAR-04
carrier_name    RailChem Freight
mode                        Rail
base_otif                   0.93
Name: 3, dtype: object>",CUS-14,APAC,26.1,1,3464.75,0,0
SHP-000742,2025-01,3,BAT-000788,PLT-04,CAR-01,"<bound method Series.mode of carrier_id                    CAR-01
carrier_name    GlobalTank Logistics
mode                     Bulk Liquid
base_otif                       0.94
Name: 0, dtype: object>",CUS-15,EMEA,21.02,1,2370.8,0,0
SHP-000743,2026-06,20,BAT-004612,PLT-06,CAR-01,"<bound method Series.mode of carrier_id                    CAR-01
carrier_name    GlobalTank Logistics
mode                     Bulk Liquid
base_otif                       0.94
Name: 0, dtype: object>",CUS-14,APAC,54.59,1,6818.95,0,1
SHP-000744,2025-01,3,BAT-000680,PLT-04,CAR-01,"<bound method Series.mode of carrier_id                    CAR-01
carrier_name    GlobalTank Logistics
mode                     Bulk Liquid
base_otif                       0.94
Name: 0, dtype: object>",CUS-15,EMEA,50.25,1,4316.57,0,0
SHP-000745,2025-08,10,BAT-002280,PLT-04,CAR-05,"<bound method Series.mode of carrier_id               CAR-05
carrier_name    AirExpress Spec
mode                        Air
base_otif                  0.96
Name: 4, dtype: object>",CUS-11,EMEA,1.48,1,111.21,1,0
SHP-000746,2026-03,17,BAT-003835,PLT-05,CAR-04,"<bound method Series.mode of carrier_id                CAR-04
carrier_name    RailChem Freight
mode                        Rail
base_otif                   0.93
Name: 3, dtype: object>",CUS-07,APAC,2.2,1,194.74,0,0
SHP-000747,2026-02,16,BAT-003657,PLT-06,CAR-01,"<bound method Series.mode of carrier_id                    CAR-01
carrier_name    GlobalTank Logistics
mode                     Bulk Liquid
base_otif                       0.94
Name: 0, dtype: object>",CUS-03,APAC,77.55,1,7762.86,0,0
SHP-000748,2024-12,2,BAT-000479,PLT-05,CAR-04,"<bound method Series.mode of carrier_id                CAR-04
carrier_name    RailChem Freight
mode                        Rail
base_otif                   0.93
Name: 3, dtype: object>",CUS-05,LATAM,31.71,1,2756.75,0,0
SHP-000749,2026-04,18,BAT-004160,PLT-05,CAR-04,"<bound method Series.mode of carrier_id                CAR-04
carrier_name    RailChem Freight
mode                        Rail
base_otif                   0.93
Name: 3, dtype: object>",CUS-03,APAC,0.91,1,54.75,0,1
SHP-000750,2026-05,19,BAT-004227,PLT-02,CAR-05,"<bound method Series.mode of carrier_id               CAR-05
carrier_name    AirExpress Spec
mode                        Air
base_otif                  0.96
Name: 4, dtype: object>",CUS-08,EMEA,29.02,1,3679.82,0,1
SHP-000751,2026-06,20,BAT-004523,PLT-01,CAR-02,"<bound method Series.mode of carrier_id                 CAR-02
carrier_name    EuroHaz Transport
mode                  Hazmat Road
base_otif                    0.91
Name: 1, dtype: object>",CUS-01,EMEA,45.95,1,4478.51,0,1
SHP-000752,2025-11,13,BAT-003054,PLT-02,CAR-04,"<bound method Series.mode of carrier_id                CAR-04
carrier_name    RailChem Freight
mode                        Rail
base_otif                   0.93
Name: 3, dtype: object>",CUS-14,APAC,37.56,1,4349.84,0,0
SHP-000753,2025-06,8,BAT-001864,PLT-04,CAR-02,"<bound method Series.mode of carrier_id                 CAR-02
carrier_name    EuroHaz Transport
mode                  Hazmat Road
base_otif                    0.91
Name: 1, dtype: object>",CUS-15,EMEA,62.73,1,6902.98,0,0
SHP-000754,2026-09,23,BAT-005252,PLT-02,CAR-04,"<bound method Series.mode of carrier_id                CAR-04
carrier_name    RailChem Freight
mode                        Rail
base_otif                   0.93
Name: 3, dtype: object>",CUS-07,APAC,30.1,1,3430.03,0,1
SHP-000755,2025-03,5,BAT-001170,PLT-03,CAR-04,"<bound method Series.mode of carrier_id                CAR-04
carrier_name    RailChem Freight
mode                        Rail
base_otif                   0.93
Name: 3, dtype: object>",CUS-13,AMER,37.49,1,3979.48,0,0
SHP-000756,2024-10,0,BAT-000007,PLT-06,CAR-02,"<bound method Series.mode of carrier_id                 CAR-02
carrier_name    EuroHaz Transport
mode                  Hazmat Road
base_otif                    0.91
Name: 1, dtype: object>",CUS-02,AMER,41.75,0,2979.99,0,0
SHP-000757,2026-01,15,BAT-003330,PLT-04,CAR-03,"<bound method Series.mode of carrier_id               CAR-03
carrier_name    OceanChem Lines
mode                 Ocean Bulk
base_otif                  0.88
Name: 2, dtype: object>",CUS-12,LATAM,49.58,1,3897.91,0,0
SHP-000758,2025-08,10,BAT-002357,PLT-06,CAR-02,"<bound method Series.mode of carrier_id                 CAR-02
carrier_name    EuroHaz Transport
mode                  Hazmat Road
base_otif                    0.91
Name: 1, dtype: object>",CUS-10,APAC,24.15,1,1915.35,0,0
SHP-000759,2026-05,19,BAT-004193,PLT-03,CAR-05,"<bound method Series.mode of carrier_id               CAR-05
carrier_name    AirExpress Spec
mode                        Air
base_otif                  0.96
Name: 4, dtype: object>",CUS-09,AMER,24.8,1,2574.21,0,1
SHP-000760,2026-01,15,BAT-003301,PLT-06,CAR-01,"<bound method Series.mode of carrier_id                    CAR-01
carrier_name    GlobalTank Logistics
mode                     Bulk Liquid
base_otif                       0.94
Name: 0, dtype: object>",CUS-13,AMER,35.99,1,3567.65,0,0
SHP-000761,2026-03,17,BAT-003753,PLT-06,CAR-04,"<bound method Series.mode of carrier_id                CAR-04
carrier_name    RailChem Freight
mode                        Rail
base_otif                   0.93
Name: 3, dtype: object>",CUS-02,AMER,35.03,1,2298.44,0,0
SHP-000762,2025-02,4,BAT-000920,PLT-01,CAR-03,"<bound method Series.mode of carrier_id               CAR-03
carrier_name    OceanChem Lines
mode                 Ocean Bulk
base_otif                  0.88
Name: 2, dtype: object>",CUS-05,LATAM,49.32,1,6234.4,0,0
SHP-000763,2025-05,7,BAT-001585,PLT-04,CAR-01,"<bound method Series.mode of carrier_id                    CAR-01
carrier_name    GlobalTank Logistics
mode                     Bulk Liquid
base_otif                       0.94
Name: 0, dtype: object>",CUS-03,APAC,46.7,1,3768.13,0,0
SHP-000764,2026-09,23,BAT-005223,PLT-06,CAR-05,"<bound method Series.mode of carrier_id               CAR-05
carrier_name    AirExpress Spec
mode                        Air
base_otif                  0.96
Name: 4, dtype: object>",CUS-09,AMER,24.69,1,1693.37,0,1
SHP-000765,2026-08,22,BAT-004884,PLT-04,CAR-03,"<bound method Series.mode of carrier_id               CAR-03
carrier_name    OceanChem Lines
mode                 Ocean Bulk
base_otif                  0.88
Name: 2, dtype: object>",CUS-08,EMEA,22.9,1,1491.36,0,1
SHP-000766,2025-10,12,BAT-002778,PLT-05,CAR-05,"<bound method Series.mode of carrier_id               CAR-05
carrier_name    AirExpress Spec
mode                        Air
base_otif                  0.96
Name: 4, dtype: object>",CUS-03,APAC,32.98,1,4168.78,0,0
SHP-000767,2025-02,4,BAT-000921,PLT-02,CAR-04,"<bound method Series.mode of carrier_id                CAR-04
carrier_name    RailChem Freight
mode                        Rail
base_otif                   0.93
Name: 3, dtype: object>",CUS-15,EMEA,75.45,1,5389.1,0,0
SHP-000768,2026-05,19,BAT-004380,PLT-05,CAR-05,"<bound method Series.mode of carrier_id               CAR-05
carrier_name    AirExpress Spec
mode                        Air
base_otif                  0.96
Name: 4, dtype: object>",CUS-03,APAC,51.72,1,6536.09,0,1
SHP-000769,2025-02,4,BAT-001069,PLT-05,CAR-02,"<bound method Series.mode of carrier_id                 CAR-02
carrier_name    EuroHaz Transport
mode                  Hazmat Road
base_otif                    0.91
Name: 1, dtype: object>",CUS-01,EMEA,36.7,1,4022.65,0,0
SHP-000770,2026-06,20,BAT-004415,PLT-02,CAR-01,"<bound method Series.mode of carrier_id                    CAR-01
carrier_name    GlobalTank Logistics
mode                     Bulk Liquid
base_otif                       0.94
Name: 0, dtype: object>",CUS-09,AMER,105.0,1,8240.08,0,1
SHP-000771,2024-10,0,BAT-000050,PLT-06,CAR-03,"<bound method Series.mode of carrier_id               CAR-03
carrier_name    OceanChem Lines
mode                 Ocean Bulk
base_otif                  0.88
Name: 2, dtype: object>",CUS-02,AMER,33.84,1,3459.6,0,0
SHP-000772,2026-03,17,BAT-003774,PLT-04,CAR-03,"<bound method Series.mode of carrier_id               CAR-03
carrier_name    OceanChem Lines
mode                 Ocean Bulk
base_otif                  0.88
Name: 2, dtype: object>",CUS-15,EMEA,38.86,1,3033.57,0,0
SHP-000773,2024-11,1,BAT-000408,PLT-03,CAR-05,"<bound method Series.mode of carrier_id               CAR-05
carrier_name    AirExpress Spec
mode                        Air
base_otif                  0.96
Name: 4, dtype: object>",CUS-08,EMEA,71.31,1,9262.33,0,0
SHP-000774,2026-01,15,BAT-003457,PLT-05,CAR-05,"<bound method Series.mode of carrier_id               CAR-05
carrier_name    AirExpress Spec
mode                        Air
base_otif                  0.96
Name: 4, dtype: object>",CUS-08,EMEA,1.5,1,191.64,0,0
SHP-000775,2026-06,20,BAT-004435,PLT-06,CAR-03,"<bound method Series.mode of carrier_id               CAR-03
carrier_name    OceanChem Lines
mode                 Ocean Bulk
base_otif                  0.88
Name: 2, dtype: object>",CUS-09,AMER,2.56,0,211.39,0,1
SHP-000776,2025-11,13,BAT-002871,PLT-02,CAR-01,"<bound method Series.mode of carrier_id                    CAR-01
carrier_name    GlobalTank Logistics
mode                     Bulk Liquid
base_otif                       0.94
Name: 0, dtype: object>",CUS-08,EMEA,65.84,1,7973.51,0,0
SHP-000777,2025-11,13,BAT-003071,PLT-02,CAR-02,"<bound method Series.mode of carrier_id                 CAR-02
carrier_name    EuroHaz Transport
mode                  Hazmat Road
base_otif                    0.91
Name: 1, dtype: object>",CUS-13,AMER,34.47,1,2906.48,0,0
SHP-000778,2025-11,13,BAT-003070,PLT-01,CAR-05,"<bound method Series.mode of carrier_id               CAR-05
carrier_name    AirExpress Spec
mode                        Air
base_otif                  0.96
Name: 4, dtype: object>",CUS-07,APAC,41.48,1,3735.44,0,0
SHP-000779,2025-05,7,BAT-001690,PLT-06,CAR-04,"<bound method Series.mode of carrier_id                CAR-04
carrier_name    RailChem Freight
mode                        Rail
base_otif                   0.93
Name: 3, dtype: object>",CUS-07,APAC,31.71,1,2969.93,0,0
SHP-000780,2025-02,4,BAT-001030,PLT-04,CAR-03,"<bound method Series.mode of carrier_id               CAR-03
carrier_name    OceanChem Lines
mode                 Ocean Bulk
base_otif                  0.88
Name: 2, dtype: object>",CUS-12,LATAM,97.82,0,6144.76,0,0
SHP-000781,2026-06,20,BAT-004454,PLT-04,CAR-03,"<bound method Series.mode of carrier_id               CAR-03
carrier_name    OceanChem Lines
mode                 Ocean Bulk
base_otif                  0.88
Name: 2, dtype: object>",CUS-05,LATAM,29.23,1,1875.77,0,1
SHP-000782,2026-08,22,BAT-005026,PLT-05,CAR-03,"<bound method Series.mode of carrier_id               CAR-03
carrier_name    OceanChem Lines
mode                 Ocean Bulk
base_otif                  0.88
Name: 2, dtype: object>",CUS-10,APAC,35.67,1,4317.89,0,1
SHP-000783,2026-05,19,BAT-004261,PLT-02,CAR-01,"<bound method Series.mode of carrier_id                    CAR-01
carrier_name    GlobalTank Logistics
mode                     Bulk Liquid
base_otif                       0.94
Name: 0, dtype: object>",CUS-05,LATAM,25.8,1,2471.5,0,1
SHP-000784,2026-07,21,BAT-004822,PLT-05,CAR-03,"<bound method Series.mode of carrier_id               CAR-03
carrier_name    OceanChem Lines
mode                 Ocean Bulk
base_otif                  0.88
Name: 2, dtype: object>",CUS-08,EMEA,1.41,1,142.93,0,1
SHP-000785,2025-01,3,BAT-000667,PLT-06,CAR-01,"<bound method Series.mode of carrier_id                    CAR-01
carrier_name    GlobalTank Logistics
mode                     Bulk Liquid
base_otif                       0.94
Name: 0, dtype: object>",CUS-10,APAC,36.06,1,2307.23,0,0
SHP-000786,2025-08,10,BAT-002286,PLT-02,CAR-04,"<bound method Series.mode of carrier_id                CAR-04
carrier_name    RailChem Freight
mode                        Rail
base_otif                   0.93
Name: 3, dtype: object>",CUS-09,AMER,39.71,1,3239.04,0,0
SHP-000787,2025-03,5,BAT-001292,PLT-01,CAR-03,"<bound method Series.mode of carrier_id               CAR-03
carrier_name    OceanChem Lines
mode                 Ocean Bulk
base_otif                  0.88
Name: 2, dtype: object>",CUS-11,EMEA,44.52,0,4481.01,0,0
SHP-000788,2025-09,11,BAT-002473,PLT-01,CAR-01,"<bound method Series.mode of carrier_id                    CAR-01
carrier_name    GlobalTank Logistics
mode                     Bulk Liquid
base_otif                       0.94
Name: 0, dtype: object>",CUS-05,LATAM,55.48,1,3229.06,0,0
SHP-000789,2025-01,3,BAT-000686,PLT-05,CAR-02,"<bound method Series.mode of carrier_id                 CAR-02
carrier_name    EuroHaz Transport
mode                  Hazmat Road
base_otif                    0.91
Name: 1, dtype: object>",CUS-12,LATAM,0.99,1,86.06,0,0
SHP-000790,2026-08,22,BAT-005016,PLT-02,CAR-03,"<bound method Series.mode of carrier_id               CAR-03
carrier_name    OceanChem Lines
mode                 Ocean Bulk
base_otif                  0.88
Name: 2, dtype: object>",CUS-09,AMER,45.27,1,2928.33,0,1
SHP-000791,2025-01,3,BAT-000789,PLT-01,CAR-01,"<bound method Series.mode of carrier_id                    CAR-01
carrier_name    GlobalTank Logistics
mode                     Bulk Liquid
base_otif                       0.94
Name: 0, dtype: object>",CUS-05,LATAM,41.22,1,3166.67,0,0
SHP-000792,2026-09,23,BAT-005106,PLT-05,CAR-01,"<bound method Series.mode of carrier_id                    CAR-01
carrier_name    GlobalTank Logistics
mode                     Bulk Liquid
base_otif                       0.94
Name: 0, dtype: object>",CUS-12,LATAM,21.31,1,2969.33,0,1
SHP-000793,2025-06,8,BAT-001810,PLT-05,CAR-04,"<bound method Series.mode of carrier_id                CAR-04
carrier_name    RailChem Freight
mode                        Rail
base_otif                   0.93
Name: 3, dtype: object>",CUS-06,AMER,1.09,1,152.26,0,0
SHP-000794,2026-04,18,BAT-004180,PLT-04,CAR-03,"<bound method Series.mode of carrier_id               CAR-03
carrier_name    OceanChem Lines
mode                 Ocean Bulk
base_otif                  0.88
Name: 2, dtype: object>",CUS-15,EMEA,55.74,1,5806.95,0,1
SHP-000795,2025-10,12,BAT-002691,PLT-01,CAR-05,"<bound method Series.mode of carrier_id               CAR-05
carrier_name    AirExpress Spec
mode                        Air
base_otif                  0.96
Name: 4, dtype: object>",CUS-09,AMER,18.93,1,1476.15,0,0
SHP-000796,2026-03,17,BAT-003797,PLT-06,CAR-04,"<bound method Series.mode of carrier_id                CAR-04
carrier_name    RailChem Freight
mode                        Rail
base_otif                   0.93
Name: 3, dtype: object>",CUS-10,APAC,15.68,1,2010.09,0,0
SHP-000797,2026-04,18,BAT-004140,PLT-02,CAR-01,"<bound method Series.mode of carrier_id                    CAR-01
carrier_name    GlobalTank Logistics
mode                     Bulk Liquid
base_otif                       0.94
Name: 0, dtype: object>",CUS-05,LATAM,114.6,1,7924.66,0,1
SHP-000798,2024-12,2,BAT-000637,PLT-04,CAR-05,"<bound method Series.mode of carrier_id               CAR-05
carrier_name    AirExpress Spec
mode                        Air
base_otif                  0.96
Name: 4, dtype: object>",CUS-05,LATAM,17.57,1,2037.86,0,0
SHP-000799,2025-08,10,BAT-002219,PLT-05,CAR-04,"<bound method Series.mode of carrier_id                CAR-04
carrier_name    RailChem Freight
mode                        Rail
base_otif                   0.93
Name: 3, dtype: object>",CUS-11,EMEA,10.29,1,1404.5,0,0
SHP-000800,2026-07,21,BAT-004728,PLT-06,CAR-05,"<bound method Series.mode of carrier_id               CAR-05
carrier_name    AirExpress Spec
mode                        Air
base_otif                  0.96
Name: 4, dtype: object>",CUS-10,APAC,13.78,1,1502.0,0,1
SHP-000801,2024-12,2,BAT-000634,PLT-02,CAR-04,"<bound method Series.mode of carrier_id                CAR-04
carrier_name    RailChem Freight
mode                        Rail
base_otif                   0.93
Name: 3, dtype: object>",CUS-07,APAC,53.05,1,4318.63,0,0
SHP-000802,2025-02,4,BAT-000913,PLT-03,CAR-02,"<bound method Series.mode of carrier_id                 CAR-02
carrier_name    EuroHaz Transport
mode                  Hazmat Road
base_otif                    0.91
Name: 1, dtype: object>",CUS-04,EMEA,40.61,1,4802.14,0,0
SHP-000803,2024-11,1,BAT-000356,PLT-04,CAR-05,"<bound method Series.mode of carrier_id               CAR-05
carrier_name    AirExpress Spec
mode                        Air
base_otif                  0.96
Name: 4, dtype: object>",CUS-01,EMEA,40.86,1,4257.08,0,0
SHP-000804,2026-02,16,BAT-003675,PLT-04,CAR-03,"<bound method Series.mode of carrier_id               CAR-03
carrier_name    OceanChem Lines
mode                 Ocean Bulk
base_otif                  0.88
Name: 2, dtype: object>",CUS-09,AMER,29.8,1,3085.03,0,0
SHP-000805,2025-03,5,BAT-001319,PLT-02,CAR-03,"<bound method Series.mode of carrier_id               CAR-03
carrier_name    OceanChem Lines
mode                 Ocean Bulk
base_otif                  0.88
Name: 2, dtype: object>",CUS-10,APAC,47.35,1,5180.56,0,0
SHP-000806,2026-05,19,BAT-004220,PLT-04,CAR-03,"<bound method Series.mode of carrier_id               CAR-03
carrier_name    OceanChem Lines
mode                 Ocean Bulk
base_otif                  0.88
Name: 2, dtype: object>",CUS-01,EMEA,78.0,1,8730.96,0,1
SHP-000807,2025-09,11,BAT-002511,PLT-04,CAR-04,"<bound method Series.mode of carrier_id                CAR-04
carrier_name    RailChem Freight
mode                        Rail
base_otif                   0.93
Name: 3, dtype: object>",CUS-02,AMER,81.52,1,7632.35,0,0
SHP-000808,2025-05,7,BAT-001743,PLT-01,CAR-01,"<bound method Series.mode of carrier_id                    CAR-01
carrier_name    GlobalTank Logistics
mode                     Bulk Liquid
base_otif                       0.94
Name: 0, dtype: object>",CUS-01,EMEA,46.03,1,3964.77,0,0
SHP-000809,2026-01,15,BAT-003368,PLT-03,CAR-04,"<bound method Series.mode of carrier_id                CAR-04
carrier_name    RailChem Freight
mode                        Rail
base_otif                   0.93
Name: 3, dtype: object>",CUS-09,AMER,1.65,1,142.05,0,0
SHP-000810,2026-06,20,BAT-004575,PLT-04,CAR-04,"<bound method Series.mode of carrier_id                CAR-04
carrier_name    RailChem Freight
mode                        Rail
base_otif                   0.93
Name: 3, dtype: object>",CUS-15,EMEA,34.73,1,3027.98,0,1
SHP-000811,2026-02,16,BAT-003661,PLT-03,CAR-04,"<bound method Series.mode of carrier_id                CAR-04
carrier_name    RailChem Freight
mode                        Rail
base_otif                   0.93
Name: 3, dtype: object>",CUS-01,EMEA,56.84,0,8094.99,0,0
SHP-000812,2025-12,14,BAT-003153,PLT-05,CAR-05,"<bound method Series.mode of carrier_id               CAR-05
carrier_name    AirExpress Spec
mode                        Air
base_otif                  0.96
Name: 4, dtype: object>",CUS-05,LATAM,56.08,1,4797.58,0,0
SHP-000813,2024-10,0,BAT-000089,PLT-06,CAR-03,"<bound method Series.mode of carrier_id               CAR-03
carrier_name    OceanChem Lines
mode                 Ocean Bulk
base_otif                  0.88
Name: 2, dtype: object>",CUS-05,LATAM,22.24,1,2020.33,0,0
SHP-000814,2026-05,19,BAT-004365,PLT-02,CAR-03,"<bound method Series.mode of carrier_id               CAR-03
carrier_name    OceanChem Lines
mode                 Ocean Bulk
base_otif                  0.88
Name: 2, dtype: object>",CUS-10,APAC,52.37,0,4107.67,0,1
SHP-000815,2026-08,22,BAT-004984,PLT-06,CAR-04,"<bound method Series.mode of carrier_id                CAR-04
carrier_name    RailChem Freight
mode                        Rail
base_otif                   0.93
Name: 3, dtype: object>",CUS-01,EMEA,2.95,0,222.77,0,1
SHP-000816,2025-07,9,BAT-001992,PLT-04,CAR-01,"<bound method Series.mode of carrier_id                    CAR-01
carrier_name    GlobalTank Logistics
mode                     Bulk Liquid
base_otif                       0.94
Name: 0, dtype: object>",CUS-05,LATAM,3.08,1,397.33,0,0
SHP-000817,2026-04,18,BAT-004059,PLT-01,CAR-05,"<bound method Series.mode of carrier_id               CAR-05
carrier_name    AirExpress Spec
mode                        Air
base_otif                  0.96
Name: 4, dtype: object>",CUS-05,LATAM,83.25,1,8610.01,0,1
SHP-000818,2026-04,18,BAT-004158,PLT-04,CAR-05,"<bound method Series.mode of carrier_id               CAR-05
carrier_name    AirExpress Spec
mode                        Air
base_otif                  0.96
Name: 4, dtype: object>",CUS-06,AMER,45.33,1,5372.51,0,1
SHP-000819,2025-04,6,BAT-001516,PLT-05,CAR-03,"<bound method Series.mode of carrier_id               CAR-03
carrier_name    OceanChem Lines
mode                 Ocean Bulk
base_otif                  0.88
Name: 2, dtype: object>",CUS-05,LATAM,49.14,0,4262.4,0,0
SHP-000820,2026-01,15,BAT-003302,PLT-04,CAR-03,"<bound method Series.mode of carrier_id               CAR-03
carrier_name    OceanChem Lines
mode                 Ocean Bulk
base_otif                  0.88
Name: 2, dtype: object>",CUS-07,APAC,30.32,0,2737.41,0,0
SHP-000821,2026-06,20,BAT-004567,PLT-02,CAR-02,"<bound method Series.mode of carrier_id                 CAR-02
carrier_name    EuroHaz Transport
mode                  Hazmat Road
base_otif                    0.91
Name: 1, dtype: object>",CUS-04,EMEA,47.79,0,6545.1,0,1
SHP-000822,2024-11,1,BAT-000324,PLT-01,CAR-01,"<bound method Series.mode of carrier_id                    CAR-01
carrier_name    GlobalTank Logistics
mode                     Bulk Liquid
base_otif                       0.94
Name: 0, dtype: object>",CUS-15,EMEA,75.92,1,8200.52,0,0
SHP-000823,2024-12,2,BAT-000454,PLT-05,CAR-05,"<bound method Series.mode of carrier_id               CAR-05
carrier_name    AirExpress Spec
mode                        Air
base_otif                  0.96
Name: 4, dtype: object>",CUS-10,APAC,21.22,1,2689.53,0,0
SHP-000824,2025-05,7,BAT-001597,PLT-03,CAR-02,"<bound method Series.mode of carrier_id                 CAR-02
carrier_name    EuroHaz Transport
mode                  Hazmat Road
base_otif                    0.91
Name: 1, dtype: object>",CUS-02,AMER,26.37,1,1955.08,0,0
SHP-000825,2025-06,8,BAT-001872,PLT-01,CAR-03,"<bound method Series.mode of carrier_id               CAR-03
carrier_name    OceanChem Lines
mode                 Ocean Bulk
base_otif                  0.88
Name: 2, dtype: object>",CUS-08,EMEA,42.63,1,5451.4,0,0
SHP-000826,2025-07,9,BAT-002182,PLT-02,CAR-01,"<bound method Series.mode of carrier_id                    CAR-01
carrier_name    GlobalTank Logistics
mode                     Bulk Liquid
base_otif                       0.94
Name: 0, dtype: object>",CUS-15,EMEA,109.53,1,12525.96,0,0
SHP-000827,2025-05,7,BAT-001582,PLT-02,CAR-01,"<bound method Series.mode of carrier_id                    CAR-01
carrier_name    GlobalTank Logistics
mode                     Bulk Liquid
base_otif                       0.94
Name: 0, dtype: object>",CUS-01,EMEA,91.09,1,10032.59,0,0
SHP-000828,2024-11,1,BAT-000418,PLT-02,CAR-03,"<bound method Series.mode of carrier_id               CAR-03
carrier_name    OceanChem Lines
mode                 Ocean Bulk
base_otif                  0.88
Name: 2, dtype: object>",CUS-04,EMEA,48.67,1,4653.49,0,0
SHP-000829,2025-03,5,BAT-001104,PLT-02,CAR-01,"<bound method Series.mode of carrier_id                    CAR-01
carrier_name    GlobalTank Logistics
mode                     Bulk Liquid
base_otif                       0.94
Name: 0, dtype: object>",CUS-06,AMER,22.08,0,2401.09,0,0
SHP-000830,2025-04,6,BAT-001468,PLT-04,CAR-02,"<bound method Series.mode of carrier_id                 CAR-02
carrier_name    EuroHaz Transport
mode                  Hazmat Road
base_otif                    0.91
Name: 1, dtype: object>",CUS-06,AMER,62.99,1,4201.34,0,0
SHP-000831,2024-10,0,BAT-000014,PLT-04,CAR-04,"<bound method Series.mode of carrier_id                CAR-04
carrier_name    RailChem Freight
mode                        Rail
base_otif                   0.93
Name: 3, dtype: object>",CUS-02,AMER,22.73,1,2297.18,0,0
SHP-000832,2025-06,8,BAT-001870,PLT-05,CAR-03,"<bound method Series.mode of carrier_id               CAR-03
carrier_name    OceanChem Lines
mode                 Ocean Bulk
base_otif                  0.88
Name: 2, dtype: object>",CUS-12,LATAM,17.2,1,1462.18,0,0
SHP-000833,2025-04,6,BAT-001474,PLT-05,CAR-02,"<bound method Series.mode of carrier_id                 CAR-02
carrier_name    EuroHaz Transport
mode                  Hazmat Road
base_otif                    0.91
Name: 1, dtype: object>",CUS-01,EMEA,27.19,1,3907.38,0,0
SHP-000834,2025-03,5,BAT-001286,PLT-06,CAR-04,"<bound method Series.mode of carrier_id                CAR-04
carrier_name    RailChem Freight
mode                        Rail
base_otif                   0.93
Name: 3, dtype: object>",CUS-14,APAC,16.73,1,2056.98,0,0
SHP-000835,2025-08,10,BAT-002306,PLT-05,CAR-01,"<bound method Series.mode of carrier_id                    CAR-01
carrier_name    GlobalTank Logistics
mode                     Bulk Liquid
base_otif                       0.94
Name: 0, dtype: object>",CUS-15,EMEA,57.82,1,3474.12,0,0
SHP-000836,2026-02,16,BAT-003534,PLT-04,CAR-03,"<bound method Series.mode of carrier_id               CAR-03
carrier_name    OceanChem Lines
mode                 Ocean Bulk
base_otif                  0.88
Name: 2, dtype: object>",CUS-04,EMEA,29.75,0,1950.21,0,0
SHP-000837,2025-09,11,BAT-002500,PLT-05,CAR-02,"<bound method Series.mode of carrier_id                 CAR-02
carrier_name    EuroHaz Transport
mode                  Hazmat Road
base_otif                    0.91
Name: 1, dtype: object>",CUS-08,EMEA,25.36,1,2696.79,0,0
SHP-000838,2026-05,19,BAT-004242,PLT-02,CAR-04,"<bound method Series.mode of carrier_id                CAR-04
carrier_name    RailChem Freight
mode                        Rail
base_otif                   0.93
Name: 3, dtype: object>",CUS-10,APAC,95.18,1,7568.38,0,1
SHP-000839,2025-03,5,BAT-001175,PLT-06,CAR-04,"<bound method Series.mode of carrier_id                CAR-04
carrier_name    RailChem Freight
mode                        Rail
base_otif                   0.93
Name: 3, dtype: object>",CUS-03,APAC,1.15,1,67.95,0,0
SHP-000840,2025-04,6,BAT-001386,PLT-05,CAR-04,"<bound method Series.mode of carrier_id                CAR-04
carrier_name    RailChem Freight
mode                        Rail
base_otif                   0.93
Name: 3, dtype: object>",CUS-10,APAC,65.06,1,9415.85,0,0
SHP-000841,2025-10,12,BAT-002750,PLT-03,CAR-01,"<bound method Series.mode of carrier_id                    CAR-01
carrier_name    GlobalTank Logistics
mode                     Bulk Liquid
base_otif                       0.94
Name: 0, dtype: object>",CUS-05,LATAM,56.59,1,4345.52,0,0
SHP-000842,2025-06,8,BAT-001783,PLT-05,CAR-03,"<bound method Series.mode of carrier_id               CAR-03
carrier_name    OceanChem Lines
mode                 Ocean Bulk
base_otif                  0.88
Name: 2, dtype: object>",CUS-12,LATAM,39.07,1,2279.32,0,0
SHP-000843,2026-04,18,BAT-004097,PLT-03,CAR-03,"<bound method Series.mode of carrier_id               CAR-03
carrier_name    OceanChem Lines
mode                 Ocean Bulk
base_otif                  0.88
Name: 2, dtype: object>",CUS-13,AMER,66.19,0,5734.17,0,1
SHP-000844,2025-01,3,BAT-000817,PLT-02,CAR-02,"<bound method Series.mode of carrier_id                 CAR-02
carrier_name    EuroHaz Transport
mode                  Hazmat Road
base_otif                    0.91
Name: 1, dtype: object>",CUS-03,APAC,21.24,1,1696.02,0,0
SHP-000845,2025-12,14,BAT-003126,PLT-05,CAR-03,"<bound method Series.mode of carrier_id               CAR-03
carrier_name    OceanChem Lines
mode                 Ocean Bulk
base_otif                  0.88
Name: 2, dtype: object>",CUS-08,EMEA,21.45,1,1244.56,0,0
SHP-000846,2025-12,14,BAT-003180,PLT-06,CAR-01,"<bound method Series.mode of carrier_id                    CAR-01
carrier_name    GlobalTank Logistics
mode                     Bulk Liquid
base_otif                       0.94
Name: 0, dtype: object>",CUS-12,LATAM,48.65,1,5773.56,0,0
SHP-000847,2025-11,13,BAT-002892,PLT-03,CAR-04,"<bound method Series.mode of carrier_id                CAR-04
carrier_name    RailChem Freight
mode                        Rail
base_otif                   0.93
Name: 3, dtype: object>",CUS-09,AMER,42.57,1,3978.14,0,0
SHP-000848,2025-02,4,BAT-001070,PLT-02,CAR-03,"<bound method Series.mode of carrier_id               CAR-03
carrier_name    OceanChem Lines
mode                 Ocean Bulk
base_otif                  0.88
Name: 2, dtype: object>",CUS-08,EMEA,54.82,0,3821.46,0,0
SHP-000849,2026-01,15,BAT-003390,PLT-02,CAR-02,"<bound method Series.mode of carrier_id                 CAR-02
carrier_name    EuroHaz Transport
mode                  Hazmat Road
base_otif                    0.91
Name: 1, dtype: object>",CUS-13,AMER,80.36,1,7378.67,0,0
SHP-000850,2025-05,7,BAT-001729,PLT-03,CAR-01,"<bound method Series.mode of carrier_id                    CAR-01
carrier_name    GlobalTank Logistics
mode                     Bulk Liquid
base_otif                       0.94
Name: 0, dtype: object>",CUS-15,EMEA,24.69,0,2310.95,0,0
SHP-000851,2024-11,1,BAT-000379,PLT-06,CAR-03,"<bound method Series.mode of carrier_id               CAR-03
carrier_name    OceanChem Lines
mode                 Ocean Bulk
base_otif                  0.88
Name: 2, dtype: object>",CUS-06,AMER,53.35,1,6973.44,0,0
SHP-000852,2024-10,0,BAT-000110,PLT-06,CAR-03,"<bound method Series.mode of carrier_id               CAR-03
carrier_name    OceanChem Lines
mode                 Ocean Bulk
base_otif                  0.88
Name: 2, dtype: object>",CUS-10,APAC,37.27,1,4295.34,0,0
SHP-000853,2025-01,3,BAT-000802,PLT-06,CAR-01,"<bound method Series.mode of carrier_id                    CAR-01
carrier_name    GlobalTank Logistics
mode                     Bulk Liquid
base_otif                       0.94
Name: 0, dtype: object>",CUS-07,APAC,27.99,1,1652.08,0,0
SHP-000854,2026-01,15,BAT-003427,PLT-03,CAR-04,"<bound method Series.mode of carrier_id                CAR-04
carrier_name    RailChem Freight
mode                        Rail
base_otif                   0.93
Name: 3, dtype: object>",CUS-01,EMEA,25.3,1,3287.08,0,0
SHP-000855,2025-03,5,BAT-001252,PLT-05,CAR-03,"<bound method Series.mode of carrier_id               CAR-03
carrier_name    OceanChem Lines
mode                 Ocean Bulk
base_otif                  0.88
Name: 2, dtype: object>",CUS-06,AMER,16.69,1,2096.04,0,0
SHP-000856,2026-08,22,BAT-005045,PLT-01,CAR-03,"<bound method Series.mode of carrier_id               CAR-03
carrier_name    OceanChem Lines
mode                 Ocean Bulk
base_otif                  0.88
Name: 2, dtype: object>",CUS-11,EMEA,31.93,1,2217.12,0,1
SHP-000857,2025-05,7,BAT-001694,PLT-03,CAR-05,"<bound method Series.mode of carrier_id               CAR-05
carrier_name    AirExpress Spec
mode                        Air
base_otif                  0.96
Name: 4, dtype: object>",CUS-02,AMER,63.02,1,5855.73,0,0
SHP-000858,2024-10,0,BAT-000039,PLT-05,CAR-05,"<bound method Series.mode of carrier_id               CAR-05
carrier_name    AirExpress Spec
mode                        Air
base_otif                  0.96
Name: 4, dtype: object>",CUS-05,LATAM,42.26,1,4883.24,0,0
SHP-000859,2026-01,15,BAT-003490,PLT-03,CAR-05,"<bound method Series.mode of carrier_id               CAR-05
carrier_name    AirExpress Spec
mode                        Air
base_otif                  0.96
Name: 4, dtype: object>",CUS-05,LATAM,24.81,1,1476.57,0,0
SHP-000860,2026-02,16,BAT-003581,PLT-03,CAR-04,"<bound method Series.mode of carrier_id                CAR-04
carrier_name    RailChem Freight
mode                        Rail
base_otif                   0.93
Name: 3, dtype: object>",CUS-02,AMER,1.12,1,103.27,0,0
SHP-000861,2024-10,0,BAT-000017,PLT-05,CAR-01,"<bound method Series.mode of carrier_id                    CAR-01
carrier_name    GlobalTank Logistics
mode                     Bulk Liquid
base_otif                       0.94
Name: 0, dtype: object>",CUS-10,APAC,27.13,1,1748.11,0,0
SHP-000862,2026-04,18,BAT-003998,PLT-04,CAR-04,"<bound method Series.mode of carrier_id                CAR-04
carrier_name    RailChem Freight
mode                        Rail
base_otif                   0.93
Name: 3, dtype: object>",CUS-08,EMEA,35.34,1,3637.25,0,1
SHP-000863,2025-03,5,BAT-001178,PLT-06,CAR-01,"<bound method Series.mode of carrier_id                    CAR-01
carrier_name    GlobalTank Logistics
mode                     Bulk Liquid
base_otif                       0.94
Name: 0, dtype: object>",CUS-15,EMEA,1.26,1,124.0,0,0
SHP-000864,2025-05,7,BAT-001542,PLT-01,CAR-03,"<bound method Series.mode of carrier_id               CAR-03
carrier_name    OceanChem Lines
mode                 Ocean Bulk
base_otif                  0.88
Name: 2, dtype: object>",CUS-08,EMEA,18.37,1,2146.51,0,0
SHP-000865,2026-05,19,BAT-004354,PLT-05,CAR-03,"<bound method Series.mode of carrier_id               CAR-03
carrier_name    OceanChem Lines
mode                 Ocean Bulk
base_otif                  0.88
Name: 2, dtype: object>",CUS-04,EMEA,28.4,1,2844.05,0,1
SHP-000866,2026-04,18,BAT-004116,PLT-06,CAR-05,"<bound method Series.mode of carrier_id               CAR-05
carrier_name    AirExpress Spec
mode                        Air
base_otif                  0.96
Name: 4, dtype: object>",CUS-11,EMEA,59.57,1,7065.91,0,1
SHP-000867,2024-12,2,BAT-000558,PLT-05,CAR-02,"<bound method Series.mode of carrier_id                 CAR-02
carrier_name    EuroHaz Transport
mode                  Hazmat Road
base_otif                    0.91
Name: 1, dtype: object>",CUS-08,EMEA,41.26,1,3600.13,0,0
SHP-000868,2026-03,17,BAT-003900,PLT-02,CAR-05,"<bound method Series.mode of carrier_id               CAR-05
carrier_name    AirExpress Spec
mode                        Air
base_otif                  0.96
Name: 4, dtype: object>",CUS-13,AMER,60.04,0,8111.33,0,0
SHP-000869,2026-05,19,BAT-004303,PLT-05,CAR-01,"<bound method Series.mode of carrier_id                    CAR-01
carrier_name    GlobalTank Logistics
mode                     Bulk Liquid
base_otif                       0.94
Name: 0, dtype: object>",CUS-10,APAC,28.59,1,3485.6,0,1
SHP-000870,2025-08,10,BAT-002239,PLT-04,CAR-02,"<bound method Series.mode of carrier_id                 CAR-02
carrier_name    EuroHaz Transport
mode                  Hazmat Road
base_otif                    0.91
Name: 1, dtype: object>",CUS-06,AMER,55.65,1,3836.68,0,0
SHP-000871,2025-09,11,BAT-002432,PLT-03,CAR-03,"<bound method Series.mode of carrier_id               CAR-03
carrier_name    OceanChem Lines
mode                 Ocean Bulk
base_otif                  0.88
Name: 2, dtype: object>",CUS-09,AMER,66.93,0,7052.88,1,0
SHP-000872,2025-06,8,BAT-001823,PLT-04,CAR-03,"<bound method Series.mode of carrier_id               CAR-03
carrier_name    OceanChem Lines
mode                 Ocean Bulk
base_otif                  0.88
Name: 2, dtype: object>",CUS-04,EMEA,34.63,1,4115.73,0,0
SHP-000873,2025-01,3,BAT-000702,PLT-01,CAR-03,"<bound method Series.mode of carrier_id               CAR-03
carrier_name    OceanChem Lines
mode                 Ocean Bulk
base_otif                  0.88
Name: 2, dtype: object>",CUS-08,EMEA,17.62,1,1687.43,0,0
SHP-000874,2024-10,0,BAT-000020,PLT-06,CAR-05,"<bound method Series.mode of carrier_id               CAR-05
carrier_name    AirExpress Spec
mode                        Air
base_otif                  0.96
Name: 4, dtype: object>",CUS-05,LATAM,45.53,1,4450.99,0,0
SHP-000875,2026-07,21,BAT-004663,PLT-01,CAR-04,"<bound method Series.mode of carrier_id                CAR-04
carrier_name    RailChem Freight
mode                        Rail
base_otif                   0.93
Name: 3, dtype: object>",CUS-15,EMEA,2.24,1,195.01,0,1
SHP-000876,2024-10,0,BAT-000013,PLT-05,CAR-03,"<bound method Series.mode of carrier_id               CAR-03
carrier_name    OceanChem Lines
mode                 Ocean Bulk
base_otif                  0.88
Name: 2, dtype: object>",CUS-14,APAC,26.49,1,3446.7,0,0
SHP-000877,2025-02,4,BAT-000969,PLT-03,CAR-02,"<bound method Series.mode of carrier_id                 CAR-02
carrier_name    EuroHaz Transport
mode                  Hazmat Road
base_otif                    0.91
Name: 1, dtype: object>",CUS-02,AMER,58.0,1,3835.06,0,0
SHP-000878,2025-11,13,BAT-002967,PLT-05,CAR-05,"<bound method Series.mode of carrier_id               CAR-05
carrier_name    AirExpress Spec
mode                        Air
base_otif                  0.96
Name: 4, dtype: object>",CUS-14,APAC,23.48,1,2008.1,0,0
SHP-000879,2025-05,7,BAT-001678,PLT-01,CAR-01,"<bound method Series.mode of carrier_id                    CAR-01
carrier_name    GlobalTank Logistics
mode                     Bulk Liquid
base_otif                       0.94
Name: 0, dtype: object>",CUS-15,EMEA,46.02,1,6312.85,0,0
SHP-000880,2025-03,5,BAT-001148,PLT-03,CAR-02,"<bound method Series.mode of carrier_id                 CAR-02
carrier_name    EuroHaz Transport
mode                  Hazmat Road
base_otif                    0.91
Name: 1, dtype: object>",CUS-04,EMEA,75.81,1,5510.8,0,0
SHP-000881,2026-07,21,BAT-004631,PLT-02,CAR-04,"<bound method Series.mode of carrier_id                CAR-04
carrier_name    RailChem Freight
mode                        Rail
base_otif                   0.93
Name: 3, dtype: object>",CUS-14,APAC,111.99,1,7093.39,0,1
SHP-000882,2026-01,15,BAT-003504,PLT-01,CAR-05,"<bound method Series.mode of carrier_id               CAR-05
carrier_name    AirExpress Spec
mode                        Air
base_otif                  0.96
Name: 4, dtype: object>",CUS-13,AMER,23.17,1,3084.89,0,0
SHP-000883,2026-01,15,BAT-003492,PLT-03,CAR-01,"<bound method Series.mode of carrier_id                    CAR-01
carrier_name    GlobalTank Logistics
mode                     Bulk Liquid
base_otif                       0.94
Name: 0, dtype: object>",CUS-10,APAC,30.58,0,1870.55,0,0
SHP-000884,2025-06,8,BAT-001795,PLT-05,CAR-03,"<bound method Series.mode of carrier_id               CAR-03
carrier_name    OceanChem Lines
mode                 Ocean Bulk
base_otif                  0.88
Name: 2, dtype: object>",CUS-13,AMER,60.76,1,6739.27,0,0
SHP-000885,2025-05,7,BAT-001560,PLT-01,CAR-01,"<bound method Series.mode of carrier_id                    CAR-01
carrier_name    GlobalTank Logistics
mode                     Bulk Liquid
base_otif                       0.94
Name: 0, dtype: object>",CUS-01,EMEA,2.27,1,175.18,0,0
SHP-000886,2025-07,9,BAT-002034,PLT-01,CAR-03,"<bound method Series.mode of carrier_id               CAR-03
carrier_name    OceanChem Lines
mode                 Ocean Bulk
base_otif                  0.88
Name: 2, dtype: object>",CUS-10,APAC,16.81,1,2156.99,0,0
SHP-000887,2024-10,0,BAT-000031,PLT-05,CAR-05,"<bound method Series.mode of carrier_id               CAR-05
carrier_name    AirExpress Spec
mode                        Air
base_otif                  0.96
Name: 4, dtype: object>",CUS-01,EMEA,41.03,1,5353.52,0,0
SHP-000888,2026-08,22,BAT-005053,PLT-05,CAR-05,"<bound method Series.mode of carrier_id               CAR-05
carrier_name    AirExpress Spec
mode                        Air
base_otif                  0.96
Name: 4, dtype: object>",CUS-02,AMER,14.38,1,1618.44,0,1
SHP-000889,2025-04,6,BAT-001342,PLT-01,CAR-04,"<bound method Series.mode of carrier_id                CAR-04
carrier_name    RailChem Freight
mode                        Rail
base_otif                   0.93
Name: 3, dtype: object>",CUS-07,APAC,57.19,1,6859.41,0,0
SHP-000890,2025-02,4,BAT-001046,PLT-03,CAR-04,"<bound method Series.mode of carrier_id                CAR-04
carrier_name    RailChem Freight
mode                        Rail
base_otif                   0.93
Name: 3, dtype: object>",CUS-04,EMEA,61.41,1,5016.11,0,0
SHP-000891,2025-06,8,BAT-001812,PLT-01,CAR-01,"<bound method Series.mode of carrier_id                    CAR-01
carrier_name    GlobalTank Logistics
mode                     Bulk Liquid
base_otif                       0.94
Name: 0, dtype: object>",CUS-02,AMER,17.56,1,1744.97,0,0
SHP-000892,2026-01,15,BAT-003493,PLT-04,CAR-04,"<bound method Series.mode of carrier_id                CAR-04
carrier_name    RailChem Freight
mode                        Rail
base_otif                   0.93
Name: 3, dtype: object>",CUS-07,APAC,71.23,1,7693.85,0,0
SHP-000893,2026-06,20,BAT-004589,PLT-06,CAR-01,"<bound method Series.mode of carrier_id                    CAR-01
carrier_name    GlobalTank Logistics
mode                     Bulk Liquid
base_otif                       0.94
Name: 0, dtype: object>",CUS-15,EMEA,46.06,1,5535.78,0,1
SHP-000894,2025-05,7,BAT-001755,PLT-06,CAR-02,"<bound method Series.mode of carrier_id                 CAR-02
carrier_name    EuroHaz Transport
mode                  Hazmat Road
base_otif                    0.91
Name: 1, dtype: object>",CUS-13,AMER,65.66,0,3986.24,0,0
SHP-000895,2026-03,17,BAT-003914,PLT-03,CAR-04,"<bound method Series.mode of carrier_id                CAR-04
carrier_name    RailChem Freight
mode                        Rail
base_otif                   0.93
Name: 3, dtype: object>",CUS-15,EMEA,22.14,1,1727.19,0,0
SHP-000896,2025-07,9,BAT-002104,PLT-01,CAR-05,"<bound method Series.mode of carrier_id               CAR-05
carrier_name    AirExpress Spec
mode                        Air
base_otif                  0.96
Name: 4, dtype: object>",CUS-01,EMEA,29.78,1,4014.57,0,0
SHP-000897,2025-04,6,BAT-001405,PLT-06,CAR-04,"<bound method Series.mode of carrier_id                CAR-04
carrier_name    RailChem Freight
mode                        Rail
base_otif                   0.93
Name: 3, dtype: object>",CUS-06,AMER,23.82,1,3099.44,0,0
SHP-000898,2026-06,20,BAT-004404,PLT-06,CAR-03,"<bound method Series.mode of carrier_id               CAR-03
carrier_name    OceanChem Lines
mode                 Ocean Bulk
base_otif                  0.88
Name: 2, dtype: object>",CUS-12,LATAM,47.36,1,2781.83,0,1
SHP-000899,2026-08,22,BAT-004978,PLT-06,CAR-03,"<bound method Series.mode of carrier_id               CAR-03
carrier_name    OceanChem Lines
mode                 Ocean Bulk
base_otif                  0.88
Name: 2, dtype: object>",CUS-01,EMEA,33.91,1,4439.11,0,1
SHP-000900,2025-09,11,BAT-002547,PLT-04,CAR-02,"<bound method Series.mode of carrier_id                 CAR-02
carrier_name    EuroHaz Transport
mode                  Hazmat Road
base_otif                    0.91
Name: 1, dtype: object>",CUS-07,APAC,21.18,1,1791.01,0,0
SHP-000901,2025-07,9,BAT-002094,PLT-01,CAR-03,"<bound method Series.mode of carrier_id               CAR-03
carrier_name    OceanChem Lines
mode                 Ocean Bulk
base_otif                  0.88
Name: 2, dtype: object>",CUS-10,APAC,22.04,0,2841.01,0,0
SHP-000902,2026-08,22,BAT-005037,PLT-06,CAR-03,"<bound method Series.mode of carrier_id               CAR-03
carrier_name    OceanChem Lines
mode                 Ocean Bulk
base_otif                  0.88
Name: 2, dtype: object>",CUS-03,APAC,28.5,1,2808.28,0,1
SHP-000903,2025-04,6,BAT-001494,PLT-05,CAR-02,"<bound method Series.mode of carrier_id                 CAR-02
carrier_name    EuroHaz Transport
mode                  Hazmat Road
base_otif                    0.91
Name: 1, dtype: object>",CUS-04,EMEA,26.02,1,2180.69,1,0
SHP-000904,2026-06,20,BAT-004619,PLT-03,CAR-03,"<bound method Series.mode of carrier_id               CAR-03
carrier_name    OceanChem Lines
mode                 Ocean Bulk
base_otif                  0.88
Name: 2, dtype: object>",CUS-11,EMEA,35.45,1,4644.89,0,1
SHP-000905,2026-07,21,BAT-004826,PLT-02,CAR-03,"<bound method Series.mode of carrier_id               CAR-03
carrier_name    OceanChem Lines
mode                 Ocean Bulk
base_otif                  0.88
Name: 2, dtype: object>",CUS-05,LATAM,38.0,1,4829.51,0,1
SHP-000906,2025-04,6,BAT-001485,PLT-05,CAR-02,"<bound method Series.mode of carrier_id                 CAR-02
carrier_name    EuroHaz Transport
mode                  Hazmat Road
base_otif                    0.91
Name: 1, dtype: object>",CUS-06,AMER,28.99,1,1754.65,0,0
SHP-000907,2026-05,19,BAT-004376,PLT-06,CAR-02,"<bound method Series.mode of carrier_id                 CAR-02
carrier_name    EuroHaz Transport
mode                  Hazmat Road
base_otif                    0.91
Name: 1, dtype: object>",CUS-09,AMER,83.4,1,7226.61,0,1
SHP-000908,2026-06,20,BAT-004461,PLT-05,CAR-02,"<bound method Series.mode of carrier_id                 CAR-02
carrier_name    EuroHaz Transport
mode                  Hazmat Road
base_otif                    0.91
Name: 1, dtype: object>",CUS-13,AMER,24.26,1,2231.61,0,1
SHP-000909,2026-07,21,BAT-004651,PLT-06,CAR-02,"<bound method Series.mode of carrier_id                 CAR-02
carrier_name    EuroHaz Transport
mode                  Hazmat Road
base_otif                    0.91
Name: 1, dtype: object>",CUS-03,APAC,23.93,1,2473.35,0,1
SHP-000910,2026-04,18,BAT-004044,PLT-02,CAR-05,"<bound method Series.mode of carrier_id               CAR-05
carrier_name    AirExpress Spec
mode                        Air
base_otif                  0.96
Name: 4, dtype: object>",CUS-02,AMER,31.96,1,2541.99,0,1
SHP-000911,2025-01,3,BAT-000821,PLT-01,CAR-05,"<bound method Series.mode of carrier_id               CAR-05
carrier_name    AirExpress Spec
mode                        Air
base_otif                  0.96
Name: 4, dtype: object>",CUS-09,AMER,51.95,1,4459.49,0,0
SHP-000912,2026-03,17,BAT-003892,PLT-03,CAR-02,"<bound method Series.mode of carrier_id                 CAR-02
carrier_name    EuroHaz Transport
mode                  Hazmat Road
base_otif                    0.91
Name: 1, dtype: object>",CUS-14,APAC,78.59,1,5512.91,0,0
SHP-000913,2025-12,14,BAT-003138,PLT-06,CAR-03,"<bound method Series.mode of carrier_id               CAR-03
carrier_name    OceanChem Lines
mode                 Ocean Bulk
base_otif                  0.88
Name: 2, dtype: object>",CUS-11,EMEA,74.36,1,9850.69,0,0
SHP-000914,2025-10,12,BAT-002716,PLT-01,CAR-05,"<bound method Series.mode of carrier_id               CAR-05
carrier_name    AirExpress Spec
mode                        Air
base_otif                  0.96
Name: 4, dtype: object>",CUS-03,APAC,21.99,1,2292.3,0,0
SHP-000915,2025-10,12,BAT-002683,PLT-03,CAR-05,"<bound method Series.mode of carrier_id               CAR-05
carrier_name    AirExpress Spec
mode                        Air
base_otif                  0.96
Name: 4, dtype: object>",CUS-03,APAC,18.7,1,2313.99,0,0
SHP-000916,2026-01,15,BAT-003453,PLT-04,CAR-04,"<bound method Series.mode of carrier_id                CAR-04
carrier_name    RailChem Freight
mode                        Rail
base_otif                   0.93
Name: 3, dtype: object>",CUS-03,APAC,66.77,1,7165.72,0,0
SHP-000917,2026-02,16,BAT-003669,PLT-02,CAR-03,"<bound method Series.mode of carrier_id               CAR-03
carrier_name    OceanChem Lines
mode                 Ocean Bulk
base_otif                  0.88
Name: 2, dtype: object>",CUS-15,EMEA,46.05,1,5105.26,0,0
SHP-000918,2025-09,11,BAT-002606,PLT-02,CAR-02,"<bound method Series.mode of carrier_id                 CAR-02
carrier_name    EuroHaz Transport
mode                  Hazmat Road
base_otif                    0.91
Name: 1, dtype: object>",CUS-11,EMEA,104.42,1,9335.05,0,0
SHP-000919,2026-06,20,BAT-004433,PLT-02,CAR-01,"<bound method Series.mode of carrier_id                    CAR-01
carrier_name    GlobalTank Logistics
mode                     Bulk Liquid
base_otif                       0.94
Name: 0, dtype: object>",CUS-05,LATAM,36.35,1,2728.14,0,1
SHP-000920,2024-10,0,BAT-000023,PLT-06,CAR-02,"<bound method Series.mode of carrier_id                 CAR-02
carrier_name    EuroHaz Transport
mode                  Hazmat Road
base_otif                    0.91
Name: 1, dtype: object>",CUS-06,AMER,54.0,1,4549.29,0,0
SHP-000921,2024-10,0,BAT-000215,PLT-01,CAR-02,"<bound method Series.mode of carrier_id                 CAR-02
carrier_name    EuroHaz Transport
mode                  Hazmat Road
base_otif                    0.91
Name: 1, dtype: object>",CUS-08,EMEA,24.3,1,1654.42,0,0
SHP-000922,2025-08,10,BAT-002244,PLT-04,CAR-05,"<bound method Series.mode of carrier_id               CAR-05
carrier_name    AirExpress Spec
mode                        Air
base_otif                  0.96
Name: 4, dtype: object>",CUS-15,EMEA,28.97,1,3721.19,0,0
SHP-000923,2025-02,4,BAT-000960,PLT-02,CAR-04,"<bound method Series.mode of carrier_id                CAR-04
carrier_name    RailChem Freight
mode                        Rail
base_otif                   0.93
Name: 3, dtype: object>",CUS-03,APAC,32.24,0,2472.17,0,0
SHP-000924,2026-03,17,BAT-003884,PLT-05,CAR-05,"<bound method Series.mode of carrier_id               CAR-05
carrier_name    AirExpress Spec
mode                        Air
base_otif                  0.96
Name: 4, dtype: object>",CUS-10,APAC,61.94,1,3916.19,0,0
SHP-000925,2026-09,23,BAT-005082,PLT-01,CAR-04,"<bound method Series.mode of carrier_id                CAR-04
carrier_name    RailChem Freight
mode                        Rail
base_otif                   0.93
Name: 3, dtype: object>",CUS-10,APAC,20.81,1,2526.22,0,1
SHP-000926,2026-03,17,BAT-003783,PLT-02,CAR-01,"<bound method Series.mode of carrier_id                    CAR-01
carrier_name    GlobalTank Logistics
mode                     Bulk Liquid
base_otif                       0.94
Name: 0, dtype: object>",CUS-09,AMER,42.35,1,4056.14,0,0
SHP-000927,2025-09,11,BAT-002465,PLT-06,CAR-03,"<bound method Series.mode of carrier_id               CAR-03
carrier_name    OceanChem Lines
mode                 Ocean Bulk
base_otif                  0.88
Name: 2, dtype: object>",CUS-13,AMER,34.91,1,4560.47,0,0
SHP-000928,2024-10,0,BAT-000178,PLT-03,CAR-02,"<bound method Series.mode of carrier_id                 CAR-02
carrier_name    EuroHaz Transport
mode                  Hazmat Road
base_otif                    0.91
Name: 1, dtype: object>",CUS-06,AMER,62.46,1,5080.66,0,0
SHP-000929,2025-11,13,BAT-002873,PLT-01,CAR-05,"<bound method Series.mode of carrier_id               CAR-05
carrier_name    AirExpress Spec
mode                        Air
base_otif                  0.96
Name: 4, dtype: object>",CUS-13,AMER,66.72,1,6180.07,0,0
SHP-000930,2025-03,5,BAT-001202,PLT-02,CAR-02,"<bound method Series.mode of carrier_id                 CAR-02
carrier_name    EuroHaz Transport
mode                  Hazmat Road
base_otif                    0.91
Name: 1, dtype: object>",CUS-14,APAC,3.16,1,218.42,0,0
SHP-000931,2025-08,10,BAT-002363,PLT-02,CAR-05,"<bound method Series.mode of carrier_id               CAR-05
carrier_name    AirExpress Spec
mode                        Air
base_otif                  0.96
Name: 4, dtype: object>",CUS-09,AMER,104.09,1,12600.7,0,0
SHP-000932,2026-02,16,BAT-003698,PLT-02,CAR-02,"<bound method Series.mode of carrier_id                 CAR-02
carrier_name    EuroHaz Transport
mode                  Hazmat Road
base_otif                    0.91
Name: 1, dtype: object>",CUS-07,APAC,47.96,1,4121.94,0,0
SHP-000933,2026-02,16,BAT-003608,PLT-05,CAR-02,"<bound method Series.mode of carrier_id                 CAR-02
carrier_name    EuroHaz Transport
mode                  Hazmat Road
base_otif                    0.91
Name: 1, dtype: object>",CUS-09,AMER,30.4,1,4101.52,0,0
SHP-000934,2026-02,16,BAT-003576,PLT-06,CAR-05,"<bound method Series.mode of carrier_id               CAR-05
carrier_name    AirExpress Spec
mode                        Air
base_otif                  0.96
Name: 4, dtype: object>",CUS-10,APAC,55.44,1,6043.42,0,0
SHP-000935,2026-08,22,BAT-004970,PLT-01,CAR-03,"<bound method Series.mode of carrier_id               CAR-03
carrier_name    OceanChem Lines
mode                 Ocean Bulk
base_otif                  0.88
Name: 2, dtype: object>",CUS-13,AMER,56.15,1,6374.35,0,1
SHP-000936,2026-09,23,BAT-005127,PLT-01,CAR-01,"<bound method Series.mode of carrier_id                    CAR-01
carrier_name    GlobalTank Logistics
mode                     Bulk Liquid
base_otif                       0.94
Name: 0, dtype: object>",CUS-14,APAC,26.24,1,2522.09,0,1
SHP-000937,2026-01,15,BAT-003471,PLT-02,CAR-05,"<bound method Series.mode of carrier_id               CAR-05
carrier_name    AirExpress Spec
mode                        Air
base_otif                  0.96
Name: 4, dtype: object>",CUS-01,EMEA,3.53,1,325.45,0,0
SHP-000938,2025-11,13,BAT-003022,PLT-05,CAR-01,"<bound method Series.mode of carrier_id                    CAR-01
carrier_name    GlobalTank Logistics
mode                     Bulk Liquid
base_otif                       0.94
Name: 0, dtype: object>",CUS-12,LATAM,43.46,1,5518.6,0,0
SHP-000939,2025-11,13,BAT-002924,PLT-02,CAR-01,"<bound method Series.mode of carrier_id                    CAR-01
carrier_name    GlobalTank Logistics
mode                     Bulk Liquid
base_otif                       0.94
Name: 0, dtype: object>",CUS-01,EMEA,1.63,1,190.18,0,0
SHP-000940,2025-08,10,BAT-002389,PLT-02,CAR-01,"<bound method Series.mode of carrier_id                    CAR-01
carrier_name    GlobalTank Logistics
mode                     Bulk Liquid
base_otif                       0.94
Name: 0, dtype: object>",CUS-01,EMEA,19.24,1,2573.64,0,0
SHP-000941,2026-09,23,BAT-005184,PLT-03,CAR-04,"<bound method Series.mode of carrier_id                CAR-04
carrier_name    RailChem Freight
mode                        Rail
base_otif                   0.93
Name: 3, dtype: object>",CUS-14,APAC,34.06,1,2150.48,0,1
SHP-000942,2025-07,9,BAT-002180,PLT-01,CAR-05,"<bound method Series.mode of carrier_id               CAR-05
carrier_name    AirExpress Spec
mode                        Air
base_otif                  0.96
Name: 4, dtype: object>",CUS-08,EMEA,25.44,1,2374.96,0,0
SHP-000943,2024-10,0,BAT-000136,PLT-01,CAR-04,"<bound method Series.mode of carrier_id                CAR-04
carrier_name    RailChem Freight
mode                        Rail
base_otif                   0.93
Name: 3, dtype: object>",CUS-03,APAC,23.23,1,3224.36,0,0
SHP-000944,2026-08,22,BAT-004933,PLT-05,CAR-04,"<bound method Series.mode of carrier_id                CAR-04
carrier_name    RailChem Freight
mode                        Rail
base_otif                   0.93
Name: 3, dtype: object>",CUS-05,LATAM,51.14,1,4044.82,0,1
SHP-000945,2026-05,19,BAT-004385,PLT-05,CAR-01,"<bound method Series.mode of carrier_id                    CAR-01
carrier_name    GlobalTank Logistics
mode                     Bulk Liquid
base_otif                       0.94
Name: 0, dtype: object>",CUS-12,LATAM,22.27,1,3011.57,0,1
SHP-000946,2026-05,19,BAT-004266,PLT-03,CAR-03,"<bound method Series.mode of carrier_id               CAR-03
carrier_name    OceanChem Lines
mode                 Ocean Bulk
base_otif                  0.88
Name: 2, dtype: object>",CUS-10,APAC,31.69,1,2205.07,0,1
SHP-000947,2025-07,9,BAT-001989,PLT-05,CAR-04,"<bound method Series.mode of carrier_id                CAR-04
carrier_name    RailChem Freight
mode                        Rail
base_otif                   0.93
Name: 3, dtype: object>",CUS-05,LATAM,19.88,1,1357.76,0,0
SHP-000948,2024-10,0,BAT-000066,PLT-04,CAR-05,"<bound method Series.mode of carrier_id               CAR-05
carrier_name    AirExpress Spec
mode                        Air
base_otif                  0.96
Name: 4, dtype: object>",CUS-06,AMER,49.48,1,3298.61,0,0
SHP-000949,2026-01,15,BAT-003441,PLT-02,CAR-03,"<bound method Series.mode of carrier_id               CAR-03
carrier_name    OceanChem Lines
mode                 Ocean Bulk
base_otif                  0.88
Name: 2, dtype: object>",CUS-05,LATAM,44.78,1,4701.04,0,0
SHP-000950,2026-08,22,BAT-004903,PLT-06,CAR-04,"<bound method Series.mode of carrier_id                CAR-04
carrier_name    RailChem Freight
mode                        Rail
base_otif                   0.93
Name: 3, dtype: object>",CUS-09,AMER,24.67,1,3316.45,0,1
SHP-000951,2025-02,4,BAT-001061,PLT-02,CAR-01,"<bound method Series.mode of carrier_id                    CAR-01
carrier_name    GlobalTank Logistics
mode                     Bulk Liquid
base_otif                       0.94
Name: 0, dtype: object>",CUS-08,EMEA,85.11,1,9340.43,0,0
SHP-000952,2026-06,20,BAT-004432,PLT-02,CAR-03,"<bound method Series.mode of carrier_id               CAR-03
carrier_name    OceanChem Lines
mode                 Ocean Bulk
base_otif                  0.88
Name: 2, dtype: object>",CUS-04,EMEA,29.51,1,3890.14,0,1
SHP-000953,2025-08,10,BAT-002410,PLT-01,CAR-01,"<bound method Series.mode of carrier_id                    CAR-01
carrier_name    GlobalTank Logistics
mode                     Bulk Liquid
base_otif                       0.94
Name: 0, dtype: object>",CUS-06,AMER,3.06,1,261.15,0,0
SHP-000954,2025-10,12,BAT-002784,PLT-06,CAR-02,"<bound method Series.mode of carrier_id                 CAR-02
carrier_name    EuroHaz Transport
mode                  Hazmat Road
base_otif                    0.91
Name: 1, dtype: object>",CUS-02,AMER,54.3,1,7650.29,0,0
SHP-000955,2025-04,6,BAT-001323,PLT-01,CAR-02,"<bound method Series.mode of carrier_id                 CAR-02
carrier_name    EuroHaz Transport
mode                  Hazmat Road
base_otif                    0.91
Name: 1, dtype: object>",CUS-03,APAC,73.61,1,10408.45,0,0
SHP-000956,2025-11,13,BAT-002872,PLT-03,CAR-05,"<bound method Series.mode of carrier_id               CAR-05
carrier_name    AirExpress Spec
mode                        Air
base_otif                  0.96
Name: 4, dtype: object>",CUS-02,AMER,54.74,1,3881.54,0,0
SHP-000957,2025-12,14,BAT-003276,PLT-01,CAR-02,"<bound method Series.mode of carrier_id                 CAR-02
carrier_name    EuroHaz Transport
mode                  Hazmat Road
base_otif                    0.91
Name: 1, dtype: object>",CUS-06,AMER,22.58,1,2374.12,0,0
SHP-000958,2025-04,6,BAT-001519,PLT-03,CAR-03,"<bound method Series.mode of carrier_id               CAR-03
carrier_name    OceanChem Lines
mode                 Ocean Bulk
base_otif                  0.88
Name: 2, dtype: object>",CUS-09,AMER,33.4,1,3983.14,0,0
SHP-000959,2025-02,4,BAT-001075,PLT-03,CAR-01,"<bound method Series.mode of carrier_id                    CAR-01
carrier_name    GlobalTank Logistics
mode                     Bulk Liquid
base_otif                       0.94
Name: 0, dtype: object>",CUS-09,AMER,23.89,1,1963.32,0,0
SHP-000960,2025-05,7,BAT-001642,PLT-04,CAR-01,"<bound method Series.mode of carrier_id                    CAR-01
carrier_name    GlobalTank Logistics
mode                     Bulk Liquid
base_otif                       0.94
Name: 0, dtype: object>",CUS-03,APAC,1.28,1,90.23,0,0
SHP-000961,2025-12,14,BAT-003132,PLT-02,CAR-01,"<bound method Series.mode of carrier_id                    CAR-01
carrier_name    GlobalTank Logistics
mode                     Bulk Liquid
base_otif                       0.94
Name: 0, dtype: object>",CUS-13,AMER,111.45,1,9388.24,0,0
SHP-000962,2025-07,9,BAT-002134,PLT-01,CAR-02,"<bound method Series.mode of carrier_id                 CAR-02
carrier_name    EuroHaz Transport
mode                  Hazmat Road
base_otif                    0.91
Name: 1, dtype: object>",CUS-12,LATAM,76.03,1,8054.68,0,0
SHP-000963,2026-06,20,BAT-004555,PLT-01,CAR-02,"<bound method Series.mode of carrier_id                 CAR-02
carrier_name    EuroHaz Transport
mode                  Hazmat Road
base_otif                    0.91
Name: 1, dtype: object>",CUS-10,APAC,51.24,1,5788.01,0,1
SHP-000964,2026-02,16,BAT-003686,PLT-04,CAR-03,"<bound method Series.mode of carrier_id               CAR-03
carrier_name    OceanChem Lines
mode                 Ocean Bulk
base_otif                  0.88
Name: 2, dtype: object>",CUS-07,APAC,23.57,1,2790.28,0,0
SHP-000965,2025-08,10,BAT-002341,PLT-03,CAR-05,"<bound method Series.mode of carrier_id               CAR-05
carrier_name    AirExpress Spec
mode                        Air
base_otif                  0.96
Name: 4, dtype: object>",CUS-12,LATAM,12.48,1,1205.08,0,0
SHP-000966,2025-03,5,BAT-001116,PLT-05,CAR-03,"<bound method Series.mode of carrier_id               CAR-03
carrier_name    OceanChem Lines
mode                 Ocean Bulk
base_otif                  0.88
Name: 2, dtype: object>",CUS-07,APAC,22.95,1,1728.77,0,0
SHP-000967,2024-11,1,BAT-000394,PLT-02,CAR-04,"<bound method Series.mode of carrier_id                CAR-04
carrier_name    RailChem Freight
mode                        Rail
base_otif                   0.93
Name: 3, dtype: object>",CUS-04,EMEA,14.22,1,1023.34,0,0
SHP-000968,2025-10,12,BAT-002827,PLT-02,CAR-03,"<bound method Series.mode of carrier_id               CAR-03
carrier_name    OceanChem Lines
mode                 Ocean Bulk
base_otif                  0.88
Name: 2, dtype: object>",CUS-01,EMEA,52.71,1,3656.63,0,0
SHP-000969,2026-02,16,BAT-003677,PLT-03,CAR-04,"<bound method Series.mode of carrier_id                CAR-04
carrier_name    RailChem Freight
mode                        Rail
base_otif                   0.93
Name: 3, dtype: object>",CUS-14,APAC,71.44,1,9151.51,0,0
SHP-000970,2026-04,18,BAT-004138,PLT-05,CAR-01,"<bound method Series.mode of carrier_id                    CAR-01
carrier_name    GlobalTank Logistics
mode                     Bulk Liquid
base_otif                       0.94
Name: 0, dtype: object>",CUS-01,EMEA,42.41,1,3782.1,0,1
SHP-000971,2026-05,19,BAT-004330,PLT-06,CAR-03,"<bound method Series.mode of carrier_id               CAR-03
carrier_name    OceanChem Lines
mode                 Ocean Bulk
base_otif                  0.88
Name: 2, dtype: object>",CUS-09,AMER,41.87,0,2648.34,1,1
SHP-000972,2025-06,8,BAT-001934,PLT-03,CAR-02,"<bound method Series.mode of carrier_id                 CAR-02
carrier_name    EuroHaz Transport
mode                  Hazmat Road
base_otif                    0.91
Name: 1, dtype: object>",CUS-08,EMEA,31.1,1,3194.2,0,0
SHP-000973,2026-09,23,BAT-005238,PLT-04,CAR-03,"<bound method Series.mode of carrier_id               CAR-03
carrier_name    OceanChem Lines
mode                 Ocean Bulk
base_otif                  0.88
Name: 2, dtype: object>",CUS-04,EMEA,40.04,1,4636.2,0,1
SHP-000974,2025-03,5,BAT-001218,PLT-01,CAR-02,"<bound method Series.mode of carrier_id                 CAR-02
carrier_name    EuroHaz Transport
mode                  Hazmat Road
base_otif                    0.91
Name: 1, dtype: object>",CUS-13,AMER,82.59,1,5247.1,0,0
SHP-000975,2025-08,10,BAT-002205,PLT-04,CAR-05,"<bound method Series.mode of carrier_id               CAR-05
carrier_name    AirExpress Spec
mode                        Air
base_otif                  0.96
Name: 4, dtype: object>",CUS-05,LATAM,32.39,1,1994.63,0,0
SHP-000976,2025-03,5,BAT-001191,PLT-04,CAR-02,"<bound method Series.mode of carrier_id                 CAR-02
carrier_name    EuroHaz Transport
mode                  Hazmat Road
base_otif                    0.91
Name: 1, dtype: object>",CUS-15,EMEA,22.58,1,1506.07,0,0
SHP-000977,2025-11,13,BAT-003010,PLT-04,CAR-01,"<bound method Series.mode of carrier_id                    CAR-01
carrier_name    GlobalTank Logistics
mode                     Bulk Liquid
base_otif                       0.94
Name: 0, dtype: object>",CUS-04,EMEA,1.8,1,145.79,0,0
SHP-000978,2026-03,17,BAT-003756,PLT-04,CAR-03,"<bound method Series.mode of carrier_id               CAR-03
carrier_name    OceanChem Lines
mode                 Ocean Bulk
base_otif                  0.88
Name: 2, dtype: object>",CUS-03,APAC,60.41,1,8266.62,0,0
SHP-000979,2024-10,0,BAT-000165,PLT-01,CAR-04,"<bound method Series.mode of carrier_id                CAR-04
carrier_name    RailChem Freight
mode                        Rail
base_otif                   0.93
Name: 3, dtype: object>",CUS-11,EMEA,1.47,1,142.48,0,0
SHP-000980,2025-08,10,BAT-002209,PLT-04,CAR-01,"<bound method Series.mode of carrier_id                    CAR-01
carrier_name    GlobalTank Logistics
mode                     Bulk Liquid
base_otif                       0.94
Name: 0, dtype: object>",CUS-02,AMER,76.23,1,10367.85,0,0
SHP-000981,2026-01,15,BAT-003316,PLT-05,CAR-04,"<bound method Series.mode of carrier_id                CAR-04
carrier_name    RailChem Freight
mode                        Rail
base_otif                   0.93
Name: 3, dtype: object>",CUS-13,AMER,21.11,0,2927.27,0,0
SHP-000982,2025-05,7,BAT-001543,PLT-05,CAR-01,"<bound method Series.mode of carrier_id                    CAR-01
carrier_name    GlobalTank Logistics
mode                     Bulk Liquid
base_otif                       0.94
Name: 0, dtype: object>",CUS-06,AMER,43.13,1,6063.1,0,0
SHP-000983,2024-11,1,BAT-000380,PLT-03,CAR-05,"<bound method Series.mode of carrier_id               CAR-05
carrier_name    AirExpress Spec
mode                        Air
base_otif                  0.96
Name: 4, dtype: object>",CUS-09,AMER,25.57,1,1866.6,0,0
SHP-000984,2025-04,6,BAT-001327,PLT-06,CAR-04,"<bound method Series.mode of carrier_id                CAR-04
carrier_name    RailChem Freight
mode                        Rail
base_otif                   0.93
Name: 3, dtype: object>",CUS-03,APAC,28.33,1,1944.73,0,0
SHP-000985,2025-12,14,BAT-003285,PLT-02,CAR-03,"<bound method Series.mode of carrier_id               CAR-03
carrier_name    OceanChem Lines
mode                 Ocean Bulk
base_otif                  0.88
Name: 2, dtype: object>",CUS-11,EMEA,34.8,1,3098.67,0,0
SHP-000986,2026-09,23,BAT-005188,PLT-02,CAR-02,"<bound method Series.mode of carrier_id                 CAR-02
carrier_name    EuroHaz Transport
mode                  Hazmat Road
base_otif                    0.91
Name: 1, dtype: object>",CUS-04,EMEA,67.15,1,8384.91,0,1
SHP-000987,2026-08,22,BAT-004845,PLT-04,CAR-05,"<bound method Series.mode of carrier_id               CAR-05
carrier_name    AirExpress Spec
mode                        Air
base_otif                  0.96
Name: 4, dtype: object>",CUS-11,EMEA,57.67,1,6625.53,0,1
SHP-000988,2025-11,13,BAT-002989,PLT-02,CAR-02,"<bound method Series.mode of carrier_id                 CAR-02
carrier_name    EuroHaz Transport
mode                  Hazmat Road
base_otif                    0.91
Name: 1, dtype: object>",CUS-03,APAC,50.31,1,5453.97,0,0
SHP-000989,2024-10,0,BAT-000158,PLT-01,CAR-01,"<bound method Series.mode of carrier_id                    CAR-01
carrier_name    GlobalTank Logistics
mode                     Bulk Liquid
base_otif                       0.94
Name: 0, dtype: object>",CUS-13,AMER,38.12,1,4691.71,0,0
SHP-000990,2026-07,21,BAT-004786,PLT-02,CAR-03,"<bound method Series.mode of carrier_id               CAR-03
carrier_name    OceanChem Lines
mode                 Ocean Bulk
base_otif                  0.88
Name: 2, dtype: object>",CUS-03,APAC,38.28,1,4573.86,0,1
SHP-000991,2025-09,11,BAT-002483,PLT-01,CAR-05,"<bound method Series.mode of carrier_id               CAR-05
carrier_name    AirExpress Spec
mode                        Air
base_otif                  0.96
Name: 4, dtype: object>",CUS-14,APAC,18.31,1,2322.91,0,0
SHP-000992,2025-11,13,BAT-002916,PLT-01,CAR-04,"<bound method Series.mode of carrier_id                CAR-04
carrier_name    RailChem Freight
mode                        Rail
base_otif                   0.93
Name: 3, dtype: object>",CUS-01,EMEA,82.16,0,9395.52,0,0
SHP-000993,2025-09,11,BAT-002558,PLT-02,CAR-05,"<bound method Series.mode of carrier_id               CAR-05
carrier_name    AirExpress Spec
mode                        Air
base_otif                  0.96
Name: 4, dtype: object>",CUS-08,EMEA,2.64,1,173.91,0,0
SHP-000994,2025-10,12,BAT-002754,PLT-03,CAR-03,"<bound method Series.mode of carrier_id               CAR-03
carrier_name    OceanChem Lines
mode                 Ocean Bulk
base_otif                  0.88
Name: 2, dtype: object>",CUS-04,EMEA,46.49,1,5565.65,0,0
SHP-000995,2025-07,9,BAT-002199,PLT-06,CAR-05,"<bound method Series.mode of carrier_id               CAR-05
carrier_name    AirExpress Spec
mode                        Air
base_otif                  0.96
Name: 4, dtype: object>",CUS-13,AMER,32.0,1,2784.81,0,0
SHP-000996,2024-12,2,BAT-000509,PLT-02,CAR-01,"<bound method Series.mode of carrier_id                    CAR-01
carrier_name    GlobalTank Logistics
mode                     Bulk Liquid
base_otif                       0.94
Name: 0, dtype: object>",CUS-15,EMEA,45.08,1,3267.33,0,0
SHP-000997,2025-02,4,BAT-000935,PLT-02,CAR-05,"<bound method Series.mode of carrier_id               CAR-05
carrier_name    AirExpress Spec
mode                        Air
base_otif                  0.96
Name: 4, dtype: object>",CUS-04,EMEA,41.49,1,5384.29,0,0
SHP-000998,2025-11,13,BAT-003035,PLT-03,CAR-02,"<bound method Series.mode of carrier_id                 CAR-02
carrier_name    EuroHaz Transport
mode                  Hazmat Road
base_otif                    0.91
Name: 1, dtype: object>",CUS-07,APAC,1.5,1,146.79,0,0
SHP-000999,2026-09,23,BAT-005086,PLT-04,CAR-04,"<bound method Series.mode of carrier_id                CAR-04
carrier_name    RailChem Freight
mode                        Rail
base_otif                   0.93
Name: 3, dtype: object>",CUS-13,AMER,1.45,1,116.65,0,1
SHP-001000,2024-10,0,BAT-000029,PLT-05,CAR-02,"<bound method Series.mode of carrier_id                 CAR-02
carrier_name    EuroHaz Transport
mode                  Hazmat Road
base_otif                    0.91
Name: 1, dtype: object>",CUS-07,APAC,26.92,1,3046.38,0,0
SHP-001001,2024-12,2,BAT-000463,PLT-01,CAR-05,"<bound method Series.mode of carrier_id               CAR-05
carrier_name    AirExpress Spec
mode                        Air
base_otif                  0.96
Name: 4, dtype: object>",CUS-02,AMER,15.22,1,1195.59,0,0
SHP-001002,2026-07,21,BAT-004745,PLT-04,CAR-04,"<bound method Series.mode of carrier_id                CAR-04
carrier_name    RailChem Freight
mode                        Rail
base_otif                   0.93
Name: 3, dtype: object>",CUS-07,APAC,17.6,1,1504.42,0,1
SHP-001003,2025-11,13,BAT-002866,PLT-06,CAR-03,"<bound method Series.mode of carrier_id               CAR-03
carrier_name    OceanChem Lines
mode                 Ocean Bulk
base_otif                  0.88
Name: 2, dtype: object>",CUS-06,AMER,30.45,1,3013.94,0,0
SHP-001004,2025-11,13,BAT-003033,PLT-04,CAR-04,"<bound method Series.mode of carrier_id                CAR-04
carrier_name    RailChem Freight
mode                        Rail
base_otif                   0.93
Name: 3, dtype: object>",CUS-13,AMER,30.12,1,2135.32,0,0
SHP-001005,2026-06,20,BAT-004554,PLT-03,CAR-05,"<bound method Series.mode of carrier_id               CAR-05
carrier_name    AirExpress Spec
mode                        Air
base_otif                  0.96
Name: 4, dtype: object>",CUS-02,AMER,34.72,1,4240.37,0,1
SHP-001006,2025-05,7,BAT-001559,PLT-06,CAR-03,"<bound method Series.mode of carrier_id               CAR-03
carrier_name    OceanChem Lines
mode                 Ocean Bulk
base_otif                  0.88
Name: 2, dtype: object>",CUS-01,EMEA,35.32,1,2270.52,0,0
SHP-001007,2024-12,2,BAT-000591,PLT-06,CAR-05,"<bound method Series.mode of carrier_id               CAR-05
carrier_name    AirExpress Spec
mode                        Air
base_otif                  0.96
Name: 4, dtype: object>",CUS-10,APAC,35.47,1,3901.97,0,0
SHP-001008,2024-10,0,BAT-000069,PLT-03,CAR-03,"<bound method Series.mode of carrier_id               CAR-03
carrier_name    OceanChem Lines
mode                 Ocean Bulk
base_otif                  0.88
Name: 2, dtype: object>",CUS-01,EMEA,33.8,1,2244.37,0,0
SHP-001009,2025-08,10,BAT-002409,PLT-06,CAR-02,"<bound method Series.mode of carrier_id                 CAR-02
carrier_name    EuroHaz Transport
mode                  Hazmat Road
base_otif                    0.91
Name: 1, dtype: object>",CUS-10,APAC,30.12,1,3347.71,0,0
SHP-001010,2026-07,21,BAT-004768,PLT-05,CAR-01,"<bound method Series.mode of carrier_id                    CAR-01
carrier_name    GlobalTank Logistics
mode                     Bulk Liquid
base_otif                       0.94
Name: 0, dtype: object>",CUS-05,LATAM,28.77,1,3049.66,0,1
SHP-001011,2024-10,0,BAT-000149,PLT-03,CAR-04,"<bound method Series.mode of carrier_id                CAR-04
carrier_name    RailChem Freight
mode                        Rail
base_otif                   0.93
Name: 3, dtype: object>",CUS-01,EMEA,0.92,1,90.68,0,0
SHP-001012,2026-08,22,BAT-004894,PLT-01,CAR-04,"<bound method Series.mode of carrier_id                CAR-04
carrier_name    RailChem Freight
mode                        Rail
base_otif                   0.93
Name: 3, dtype: object>",CUS-03,APAC,54.59,1,4361.64,0,1
SHP-001013,2026-01,15,BAT-003448,PLT-01,CAR-03,"<bound method Series.mode of carrier_id               CAR-03
carrier_name    OceanChem Lines
mode                 Ocean Bulk
base_otif                  0.88
Name: 2, dtype: object>",CUS-12,LATAM,38.61,1,4439.14,0,0
SHP-001014,2026-05,19,BAT-004339,PLT-04,CAR-01,"<bound method Series.mode of carrier_id                    CAR-01
carrier_name    GlobalTank Logistics
mode                     Bulk Liquid
base_otif                       0.94
Name: 0, dtype: object>",CUS-11,EMEA,68.92,1,7290.47,0,1
SHP-001015,2025-12,14,BAT-003184,PLT-06,CAR-05,"<bound method Series.mode of carrier_id               CAR-05
carrier_name    AirExpress Spec
mode                        Air
base_otif                  0.96
Name: 4, dtype: object>",CUS-07,APAC,80.86,1,10346.92,1,0
SHP-001016,2026-07,21,BAT-004829,PLT-04,CAR-04,"<bound method Series.mode of carrier_id                CAR-04
carrier_name    RailChem Freight
mode                        Rail
base_otif                   0.93
Name: 3, dtype: object>",CUS-13,AMER,42.76,1,5625.03,0,1
SHP-001017,2025-01,3,BAT-000764,PLT-03,CAR-03,"<bound method Series.mode of carrier_id               CAR-03
carrier_name    OceanChem Lines
mode                 Ocean Bulk
base_otif                  0.88
Name: 2, dtype: object>",CUS-06,AMER,2.55,1,290.73,0,0
SHP-001018,2026-03,17,BAT-003827,PLT-02,CAR-04,"<bound method Series.mode of carrier_id                CAR-04
carrier_name    RailChem Freight
mode                        Rail
base_otif                   0.93
Name: 3, dtype: object>",CUS-06,AMER,42.89,1,3936.24,0,0
SHP-001019,2026-08,22,BAT-004897,PLT-06,CAR-04,"<bound method Series.mode of carrier_id                CAR-04
carrier_name    RailChem Freight
mode                        Rail
base_otif                   0.93
Name: 3, dtype: object>",CUS-04,EMEA,86.16,1,10568.03,0,1
SHP-001020,2025-08,10,BAT-002212,PLT-03,CAR-01,"<bound method Series.mode of carrier_id                    CAR-01
carrier_name    GlobalTank Logistics
mode                     Bulk Liquid
base_otif                       0.94
Name: 0, dtype: object>",CUS-06,AMER,17.25,1,2027.6,0,0
SHP-001021,2026-08,22,BAT-004891,PLT-03,CAR-03,"<bound method Series.mode of carrier_id               CAR-03
carrier_name    OceanChem Lines
mode                 Ocean Bulk
base_otif                  0.88
Name: 2, dtype: object>",CUS-07,APAC,32.48,1,2999.8,0,1
SHP-001022,2024-11,1,BAT-000278,PLT-06,CAR-05,"<bound method Series.mode of carrier_id               CAR-05
carrier_name    AirExpress Spec
mode                        Air
base_otif                  0.96
Name: 4, dtype: object>",CUS-08,EMEA,54.19,1,4915.79,0,0
SHP-001023,2025-12,14,BAT-003091,PLT-06,CAR-04,"<bound method Series.mode of carrier_id                CAR-04
carrier_name    RailChem Freight
mode                        Rail
base_otif                   0.93
Name: 3, dtype: object>",CUS-06,AMER,28.96,1,4094.59,0,0
SHP-001024,2024-10,0,BAT-000139,PLT-01,CAR-05,"<bound method Series.mode of carrier_id               CAR-05
carrier_name    AirExpress Spec
mode                        Air
base_otif                  0.96
Name: 4, dtype: object>",CUS-09,AMER,2.49,1,313.1,0,0
SHP-001025,2025-06,8,BAT-001765,PLT-02,CAR-04,"<bound method Series.mode of carrier_id                CAR-04
carrier_name    RailChem Freight
mode                        Rail
base_otif                   0.93
Name: 3, dtype: object>",CUS-04,EMEA,67.68,1,5508.99,0,0
SHP-001026,2025-11,13,BAT-003024,PLT-05,CAR-05,"<bound method Series.mode of carrier_id               CAR-05
carrier_name    AirExpress Spec
mode                        Air
base_otif                  0.96
Name: 4, dtype: object>",CUS-15,EMEA,22.33,0,2406.44,0,0
SHP-001027,2024-11,1,BAT-000422,PLT-04,CAR-05,"<bound method Series.mode of carrier_id               CAR-05
carrier_name    AirExpress Spec
mode                        Air
base_otif                  0.96
Name: 4, dtype: object>",CUS-06,AMER,11.6,1,1435.77,0,0
SHP-001028,2025-05,7,BAT-001735,PLT-05,CAR-01,"<bound method Series.mode of carrier_id                    CAR-01
carrier_name    GlobalTank Logistics
mode                     Bulk Liquid
base_otif                       0.94
Name: 0, dtype: object>",CUS-02,AMER,65.76,1,7579.85,0,0
SHP-001029,2025-11,13,BAT-002922,PLT-03,CAR-01,"<bound method Series.mode of carrier_id                    CAR-01
carrier_name    GlobalTank Logistics
mode                     Bulk Liquid
base_otif                       0.94
Name: 0, dtype: object>",CUS-10,APAC,43.14,1,6030.42,0,0
SHP-001030,2026-02,16,BAT-003697,PLT-05,CAR-05,"<bound method Series.mode of carrier_id               CAR-05
carrier_name    AirExpress Spec
mode                        Air
base_otif                  0.96
Name: 4, dtype: object>",CUS-02,AMER,30.06,1,2302.07,0,0
SHP-001031,2026-06,20,BAT-004544,PLT-05,CAR-01,"<bound method Series.mode of carrier_id                    CAR-01
carrier_name    GlobalTank Logistics
mode                     Bulk Liquid
base_otif                       0.94
Name: 0, dtype: object>",CUS-10,APAC,55.63,1,4773.63,0,1
SHP-001032,2024-12,2,BAT-000548,PLT-02,CAR-05,"<bound method Series.mode of carrier_id               CAR-05
carrier_name    AirExpress Spec
mode                        Air
base_otif                  0.96
Name: 4, dtype: object>",CUS-03,APAC,13.87,1,940.42,0,0
SHP-001033,2025-12,14,BAT-003234,PLT-01,CAR-05,"<bound method Series.mode of carrier_id               CAR-05
carrier_name    AirExpress Spec
mode                        Air
base_otif                  0.96
Name: 4, dtype: object>",CUS-06,AMER,71.01,1,9535.87,0,0
SHP-001034,2024-11,1,BAT-000255,PLT-01,CAR-03,"<bound method Series.mode of carrier_id               CAR-03
carrier_name    OceanChem Lines
mode                 Ocean Bulk
base_otif                  0.88
Name: 2, dtype: object>",CUS-05,LATAM,65.28,1,6986.68,0,0
SHP-001035,2025-10,12,BAT-002644,PLT-05,CAR-05,"<bound method Series.mode of carrier_id               CAR-05
carrier_name    AirExpress Spec
mode                        Air
base_otif                  0.96
Name: 4, dtype: object>",CUS-02,AMER,20.37,1,1953.44,0,0
SHP-001036,2025-09,11,BAT-002631,PLT-04,CAR-02,"<bound method Series.mode of carrier_id                 CAR-02
carrier_name    EuroHaz Transport
mode                  Hazmat Road
base_otif                    0.91
Name: 1, dtype: object>",CUS-01,EMEA,13.71,1,1257.62,0,0
SHP-001037,2025-01,3,BAT-000772,PLT-03,CAR-04,"<bound method Series.mode of carrier_id                CAR-04
carrier_name    RailChem Freight
mode                        Rail
base_otif                   0.93
Name: 3, dtype: object>",CUS-14,APAC,31.64,1,1987.86,0,0
SHP-001038,2025-01,3,BAT-000776,PLT-02,CAR-02,"<bound method Series.mode of carrier_id                 CAR-02
carrier_name    EuroHaz Transport
mode                  Hazmat Road
base_otif                    0.91
Name: 1, dtype: object>",CUS-11,EMEA,99.9,1,8490.75,0,0
SHP-001039,2025-05,7,BAT-001616,PLT-06,CAR-02,"<bound method Series.mode of carrier_id                 CAR-02
carrier_name    EuroHaz Transport
mode                  Hazmat Road
base_otif                    0.91
Name: 1, dtype: object>",CUS-15,EMEA,11.76,1,767.12,0,0
SHP-001040,2025-06,8,BAT-001804,PLT-03,CAR-03,"<bound method Series.mode of carrier_id               CAR-03
carrier_name    OceanChem Lines
mode                 Ocean Bulk
base_otif                  0.88
Name: 2, dtype: object>",CUS-06,AMER,44.74,1,3996.98,0,0
SHP-001041,2025-02,4,BAT-001097,PLT-01,CAR-02,"<bound method Series.mode of carrier_id                 CAR-02
carrier_name    EuroHaz Transport
mode                  Hazmat Road
base_otif                    0.91
Name: 1, dtype: object>",CUS-09,AMER,42.82,1,2643.81,0,0
SHP-001042,2024-10,0,BAT-000192,PLT-04,CAR-02,"<bound method Series.mode of carrier_id                 CAR-02
carrier_name    EuroHaz Transport
mode                  Hazmat Road
base_otif                    0.91
Name: 1, dtype: object>",CUS-14,APAC,27.21,1,2668.23,0,0
SHP-001043,2024-12,2,BAT-000543,PLT-02,CAR-05,"<bound method Series.mode of carrier_id               CAR-05
carrier_name    AirExpress Spec
mode                        Air
base_otif                  0.96
Name: 4, dtype: object>",CUS-06,AMER,72.5,1,4347.41,0,0
SHP-001044,2025-06,8,BAT-001915,PLT-03,CAR-02,"<bound method Series.mode of carrier_id                 CAR-02
carrier_name    EuroHaz Transport
mode                  Hazmat Road
base_otif                    0.91
Name: 1, dtype: object>",CUS-04,EMEA,2.4,1,242.58,0,0
SHP-001045,2026-03,17,BAT-003948,PLT-03,CAR-01,"<bound method Series.mode of carrier_id                    CAR-01
carrier_name    GlobalTank Logistics
mode                     Bulk Liquid
base_otif                       0.94
Name: 0, dtype: object>",CUS-09,AMER,35.01,1,2540.08,0,0
SHP-001046,2026-03,17,BAT-003853,PLT-02,CAR-01,"<bound method Series.mode of carrier_id                    CAR-01
carrier_name    GlobalTank Logistics
mode                     Bulk Liquid
base_otif                       0.94
Name: 0, dtype: object>",CUS-08,EMEA,99.32,1,7328.1,0,0
SHP-001047,2024-11,1,BAT-000231,PLT-05,CAR-02,"<bound method Series.mode of carrier_id                 CAR-02
carrier_name    EuroHaz Transport
mode                  Hazmat Road
base_otif                    0.91
Name: 1, dtype: object>",CUS-06,AMER,13.64,1,1872.75,0,0
SHP-001048,2026-08,22,BAT-005025,PLT-01,CAR-05,"<bound method Series.mode of carrier_id               CAR-05
carrier_name    AirExpress Spec
mode                        Air
base_otif                  0.96
Name: 4, dtype: object>",CUS-10,APAC,29.35,1,2723.47,0,1
SHP-001049,2024-10,0,BAT-000108,PLT-06,CAR-02,"<bound method Series.mode of carrier_id                 CAR-02
carrier_name    EuroHaz Transport
mode                  Hazmat Road
base_otif                    0.91
Name: 1, dtype: object>",CUS-14,APAC,51.64,0,6629.57,0,0
SHP-001050,2025-07,9,BAT-002066,PLT-05,CAR-04,"<bound method Series.mode of carrier_id                CAR-04
carrier_name    RailChem Freight
mode                        Rail
base_otif                   0.93
Name: 3, dtype: object>",CUS-07,APAC,29.19,1,1971.81,0,0
SHP-001051,2025-01,3,BAT-000696,PLT-03,CAR-03,"<bound method Series.mode of carrier_id               CAR-03
carrier_name    OceanChem Lines
mode                 Ocean Bulk
base_otif                  0.88
Name: 2, dtype: object>",CUS-02,AMER,15.05,0,1928.68,0,0
SHP-001052,2026-04,18,BAT-004021,PLT-05,CAR-01,"<bound method Series.mode of carrier_id                    CAR-01
carrier_name    GlobalTank Logistics
mode                     Bulk Liquid
base_otif                       0.94
Name: 0, dtype: object>",CUS-11,EMEA,15.96,1,2061.93,0,1
SHP-001053,2025-03,5,BAT-001234,PLT-01,CAR-01,"<bound method Series.mode of carrier_id                    CAR-01
carrier_name    GlobalTank Logistics
mode                     Bulk Liquid
base_otif                       0.94
Name: 0, dtype: object>",CUS-07,APAC,64.55,1,5483.19,0,0
SHP-001054,2025-12,14,BAT-003264,PLT-06,CAR-01,"<bound method Series.mode of carrier_id                    CAR-01
carrier_name    GlobalTank Logistics
mode                     Bulk Liquid
base_otif                       0.94
Name: 0, dtype: object>",CUS-05,LATAM,2.67,1,237.53,0,0
SHP-001055,2025-05,7,BAT-001721,PLT-06,CAR-04,"<bound method Series.mode of carrier_id                CAR-04
carrier_name    RailChem Freight
mode                        Rail
base_otif                   0.93
Name: 3, dtype: object>",CUS-09,AMER,18.64,1,2219.94,0,0
SHP-001056,2026-09,23,BAT-005161,PLT-02,CAR-02,"<bound method Series.mode of carrier_id                 CAR-02
carrier_name    EuroHaz Transport
mode                  Hazmat Road
base_otif                    0.91
Name: 1, dtype: object>",CUS-12,LATAM,51.0,1,5526.72,0,1
SHP-001057,2025-12,14,BAT-003161,PLT-04,CAR-04,"<bound method Series.mode of carrier_id                CAR-04
carrier_name    RailChem Freight
mode                        Rail
base_otif                   0.93
Name: 3, dtype: object>",CUS-13,AMER,43.01,1,5604.8,0,0
SHP-001058,2025-05,7,BAT-001705,PLT-05,CAR-03,"<bound method Series.mode of carrier_id               CAR-03
carrier_name    OceanChem Lines
mode                 Ocean Bulk
base_otif                  0.88
Name: 2, dtype: object>",CUS-01,EMEA,27.35,1,2167.72,0,0
SHP-001059,2025-08,10,BAT-002402,PLT-01,CAR-02,"<bound method Series.mode of carrier_id                 CAR-02
carrier_name    EuroHaz Transport
mode                  Hazmat Road
base_otif                    0.91
Name: 1, dtype: object>",CUS-03,APAC,12.85,1,1711.56,0,0
SHP-001060,2024-10,0,BAT-000063,PLT-05,CAR-01,"<bound method Series.mode of carrier_id                    CAR-01
carrier_name    GlobalTank Logistics
mode                     Bulk Liquid
base_otif                       0.94
Name: 0, dtype: object>",CUS-13,AMER,27.64,1,3028.31,0,0
SHP-001061,2025-03,5,BAT-001247,PLT-01,CAR-05,"<bound method Series.mode of carrier_id               CAR-05
carrier_name    AirExpress Spec
mode                        Air
base_otif                  0.96
Name: 4, dtype: object>",CUS-06,AMER,39.49,1,3888.16,0,0
SHP-001062,2025-08,10,BAT-002320,PLT-06,CAR-01,"<bound method Series.mode of carrier_id                    CAR-01
carrier_name    GlobalTank Logistics
mode                     Bulk Liquid
base_otif                       0.94
Name: 0, dtype: object>",CUS-02,AMER,24.02,1,3325.02,0,0
SHP-001063,2026-01,15,BAT-003450,PLT-02,CAR-01,"<bound method Series.mode of carrier_id                    CAR-01
carrier_name    GlobalTank Logistics
mode                     Bulk Liquid
base_otif                       0.94
Name: 0, dtype: object>",CUS-01,EMEA,40.62,1,5228.06,0,0
SHP-001064,2026-05,19,BAT-004211,PLT-06,CAR-02,"<bound method Series.mode of carrier_id                 CAR-02
carrier_name    EuroHaz Transport
mode                  Hazmat Road
base_otif                    0.91
Name: 1, dtype: object>",CUS-08,EMEA,71.9,1,5750.78,0,1
SHP-001065,2025-10,12,BAT-002849,PLT-02,CAR-03,"<bound method Series.mode of carrier_id               CAR-03
carrier_name    OceanChem Lines
mode                 Ocean Bulk
base_otif                  0.88
Name: 2, dtype: object>",CUS-10,APAC,18.47,1,2666.35,0,0
SHP-001066,2025-08,10,BAT-002376,PLT-02,CAR-03,"<bound method Series.mode of carrier_id               CAR-03
carrier_name    OceanChem Lines
mode                 Ocean Bulk
base_otif                  0.88
Name: 2, dtype: object>",CUS-06,AMER,55.87,1,5761.96,0,0
SHP-001067,2025-03,5,BAT-001133,PLT-02,CAR-05,"<bound method Series.mode of carrier_id               CAR-05
carrier_name    AirExpress Spec
mode                        Air
base_otif                  0.96
Name: 4, dtype: object>",CUS-09,AMER,63.83,1,5596.12,0,0
SHP-001068,2026-09,23,BAT-005199,PLT-04,CAR-02,"<bound method Series.mode of carrier_id                 CAR-02
carrier_name    EuroHaz Transport
mode                  Hazmat Road
base_otif                    0.91
Name: 1, dtype: object>",CUS-09,AMER,23.46,1,3379.08,0,1
SHP-001069,2025-05,7,BAT-001672,PLT-04,CAR-03,"<bound method Series.mode of carrier_id               CAR-03
carrier_name    OceanChem Lines
mode                 Ocean Bulk
base_otif                  0.88
Name: 2, dtype: object>",CUS-08,EMEA,53.36,0,5344.32,0,0
SHP-001070,2025-06,8,BAT-001960,PLT-05,CAR-02,"<bound method Series.mode of carrier_id                 CAR-02
carrier_name    EuroHaz Transport
mode                  Hazmat Road
base_otif                    0.91
Name: 1, dtype: object>",CUS-01,EMEA,32.6,1,2752.6,0,0
SHP-001071,2025-12,14,BAT-003287,PLT-02,CAR-01,"<bound method Series.mode of carrier_id                    CAR-01
carrier_name    GlobalTank Logistics
mode                     Bulk Liquid
base_otif                       0.94
Name: 0, dtype: object>",CUS-09,AMER,35.0,1,3144.4,0,0
SHP-001072,2024-10,0,BAT-000052,PLT-02,CAR-01,"<bound method Series.mode of carrier_id                    CAR-01
carrier_name    GlobalTank Logistics
mode                     Bulk Liquid
base_otif                       0.94
Name: 0, dtype: object>",CUS-05,LATAM,32.55,1,2153.29,0,0
SHP-001073,2025-05,7,BAT-001599,PLT-06,CAR-01,"<bound method Series.mode of carrier_id                    CAR-01
carrier_name    GlobalTank Logistics
mode                     Bulk Liquid
base_otif                       0.94
Name: 0, dtype: object>",CUS-03,APAC,48.89,1,4737.54,0,0
SHP-001074,2025-08,10,BAT-002243,PLT-05,CAR-03,"<bound method Series.mode of carrier_id               CAR-03
carrier_name    OceanChem Lines
mode                 Ocean Bulk
base_otif                  0.88
Name: 2, dtype: object>",CUS-02,AMER,1.64,1,166.95,0,0
SHP-001075,2026-02,16,BAT-003528,PLT-04,CAR-02,"<bound method Series.mode of carrier_id                 CAR-02
carrier_name    EuroHaz Transport
mode                  Hazmat Road
base_otif                    0.91
Name: 1, dtype: object>",CUS-04,EMEA,78.69,1,5828.79,0,0
SHP-001076,2026-03,17,BAT-003742,PLT-02,CAR-01,"<bound method Series.mode of carrier_id                    CAR-01
carrier_name    GlobalTank Logistics
mode                     Bulk Liquid
base_otif                       0.94
Name: 0, dtype: object>",CUS-08,EMEA,93.89,1,11182.31,0,0
SHP-001077,2026-08,22,BAT-004847,PLT-05,CAR-03,"<bound method Series.mode of carrier_id               CAR-03
carrier_name    OceanChem Lines
mode                 Ocean Bulk
base_otif                  0.88
Name: 2, dtype: object>",CUS-11,EMEA,43.76,1,4196.76,0,1
SHP-001078,2025-07,9,BAT-001984,PLT-01,CAR-03,"<bound method Series.mode of carrier_id               CAR-03
carrier_name    OceanChem Lines
mode                 Ocean Bulk
base_otif                  0.88
Name: 2, dtype: object>",CUS-05,LATAM,34.65,1,5020.97,0,0
SHP-001079,2025-04,6,BAT-001340,PLT-03,CAR-05,"<bound method Series.mode of carrier_id               CAR-05
carrier_name    AirExpress Spec
mode                        Air
base_otif                  0.96
Name: 4, dtype: object>",CUS-08,EMEA,27.98,1,2542.85,0,0
SHP-001080,2025-06,8,BAT-001949,PLT-05,CAR-04,"<bound method Series.mode of carrier_id                CAR-04
carrier_name    RailChem Freight
mode                        Rail
base_otif                   0.93
Name: 3, dtype: object>",CUS-04,EMEA,32.61,1,2736.01,0,0
SHP-001081,2024-11,1,BAT-000264,PLT-03,CAR-04,"<bound method Series.mode of carrier_id                CAR-04
carrier_name    RailChem Freight
mode                        Rail
base_otif                   0.93
Name: 3, dtype: object>",CUS-05,LATAM,46.2,1,4672.24,0,0
SHP-001082,2026-08,22,BAT-004860,PLT-01,CAR-02,"<bound method Series.mode of carrier_id                 CAR-02
carrier_name    EuroHaz Transport
mode                  Hazmat Road
base_otif                    0.91
Name: 1, dtype: object>",CUS-03,APAC,21.1,1,2074.02,0,1
SHP-001083,2025-07,9,BAT-002126,PLT-01,CAR-02,"<bound method Series.mode of carrier_id                 CAR-02
carrier_name    EuroHaz Transport
mode                  Hazmat Road
base_otif                    0.91
Name: 1, dtype: object>",CUS-07,APAC,33.49,1,4349.72,0,0
SHP-001084,2025-11,13,BAT-002984,PLT-02,CAR-03,"<bound method Series.mode of carrier_id               CAR-03
carrier_name    OceanChem Lines
mode                 Ocean Bulk
base_otif                  0.88
Name: 2, dtype: object>",CUS-12,LATAM,95.52,0,7937.82,0,0
SHP-001085,2025-04,6,BAT-001355,PLT-05,CAR-05,"<bound method Series.mode of carrier_id               CAR-05
carrier_name    AirExpress Spec
mode                        Air
base_otif                  0.96
Name: 4, dtype: object>",CUS-15,EMEA,36.89,1,4058.64,0,0
SHP-001086,2025-05,7,BAT-001610,PLT-01,CAR-05,"<bound method Series.mode of carrier_id               CAR-05
carrier_name    AirExpress Spec
mode                        Air
base_otif                  0.96
Name: 4, dtype: object>",CUS-03,APAC,40.31,1,3663.69,0,0
SHP-001087,2026-02,16,BAT-003637,PLT-03,CAR-05,"<bound method Series.mode of carrier_id               CAR-05
carrier_name    AirExpress Spec
mode                        Air
base_otif                  0.96
Name: 4, dtype: object>",CUS-06,AMER,46.8,1,2982.25,0,0
SHP-001088,2026-08,22,BAT-005028,PLT-06,CAR-04,"<bound method Series.mode of carrier_id                CAR-04
carrier_name    RailChem Freight
mode                        Rail
base_otif                   0.93
Name: 3, dtype: object>",CUS-03,APAC,88.76,1,7734.48,0,1
SHP-001089,2026-04,18,BAT-003993,PLT-05,CAR-04,"<bound method Series.mode of carrier_id                CAR-04
carrier_name    RailChem Freight
mode                        Rail
base_otif                   0.93
Name: 3, dtype: object>",CUS-09,AMER,19.23,1,2382.14,0,1
SHP-001090,2026-08,22,BAT-004989,PLT-02,CAR-05,"<bound method Series.mode of carrier_id               CAR-05
carrier_name    AirExpress Spec
mode                        Air
base_otif                  0.96
Name: 4, dtype: object>",CUS-03,APAC,43.46,1,4237.31,0,1
SHP-001091,2025-03,5,BAT-001279,PLT-03,CAR-04,"<bound method Series.mode of carrier_id                CAR-04
carrier_name    RailChem Freight
mode                        Rail
base_otif                   0.93
Name: 3, dtype: object>",CUS-13,AMER,48.97,1,3405.9,0,0
SHP-001092,2025-02,4,BAT-001013,PLT-04,CAR-03,"<bound method Series.mode of carrier_id               CAR-03
carrier_name    OceanChem Lines
mode                 Ocean Bulk
base_otif                  0.88
Name: 2, dtype: object>",CUS-05,LATAM,77.81,0,8703.9,0,0
SHP-001093,2025-06,8,BAT-001808,PLT-04,CAR-02,"<bound method Series.mode of carrier_id                 CAR-02
carrier_name    EuroHaz Transport
mode                  Hazmat Road
base_otif                    0.91
Name: 1, dtype: object>",CUS-02,AMER,86.62,1,9994.06,0,0
SHP-001094,2025-10,12,BAT-002814,PLT-05,CAR-02,"<bound method Series.mode of carrier_id                 CAR-02
carrier_name    EuroHaz Transport
mode                  Hazmat Road
base_otif                    0.91
Name: 1, dtype: object>",CUS-09,AMER,62.32,0,5272.75,0,0
SHP-001095,2026-01,15,BAT-003379,PLT-06,CAR-03,"<bound method Series.mode of carrier_id               CAR-03
carrier_name    OceanChem Lines
mode                 Ocean Bulk
base_otif                  0.88
Name: 2, dtype: object>",CUS-12,LATAM,78.27,1,6027.62,0,0
SHP-001096,2026-03,17,BAT-003804,PLT-05,CAR-02,"<bound method Series.mode of carrier_id                 CAR-02
carrier_name    EuroHaz Transport
mode                  Hazmat Road
base_otif                    0.91
Name: 1, dtype: object>",CUS-06,AMER,22.93,1,3313.3,0,0
SHP-001097,2025-09,11,BAT-002522,PLT-06,CAR-03,"<bound method Series.mode of carrier_id               CAR-03
carrier_name    OceanChem Lines
mode                 Ocean Bulk
base_otif                  0.88
Name: 2, dtype: object>",CUS-09,AMER,41.71,1,4103.91,0,0
SHP-001098,2026-09,23,BAT-005201,PLT-01,CAR-05,"<bound method Series.mode of carrier_id               CAR-05
carrier_name    AirExpress Spec
mode                        Air
base_otif                  0.96
Name: 4, dtype: object>",CUS-11,EMEA,32.54,1,3827.81,0,1
SHP-001099,2025-07,9,BAT-002120,PLT-05,CAR-02,"<bound method Series.mode of carrier_id                 CAR-02
carrier_name    EuroHaz Transport
mode                  Hazmat Road
base_otif                    0.91
Name: 1, dtype: object>",CUS-10,APAC,28.3,1,3248.4,0,0
SHP-001100,2026-05,19,BAT-004182,PLT-04,CAR-05,"<bound method Series.mode of carrier_id               CAR-05
carrier_name    AirExpress Spec
mode                        Air
base_otif                  0.96
Name: 4, dtype: object>",CUS-15,EMEA,2.87,1,300.17,0,1
SHP-001101,2026-03,17,BAT-003949,PLT-03,CAR-01,"<bound method Series.mode of carrier_id                    CAR-01
carrier_name    GlobalTank Logistics
mode                     Bulk Liquid
base_otif                       0.94
Name: 0, dtype: object>",CUS-14,APAC,40.57,1,5345.31,0,0
SHP-001102,2026-01,15,BAT-003385,PLT-01,CAR-04,"<bound method Series.mode of carrier_id                CAR-04
carrier_name    RailChem Freight
mode                        Rail
base_otif                   0.93
Name: 3, dtype: object>",CUS-11,EMEA,72.31,1,6967.29,0,0
SHP-001103,2025-06,8,BAT-001858,PLT-04,CAR-01,"<bound method Series.mode of carrier_id                    CAR-01
carrier_name    GlobalTank Logistics
mode                     Bulk Liquid
base_otif                       0.94
Name: 0, dtype: object>",CUS-02,AMER,90.16,1,7893.51,0,0
SHP-001104,2026-06,20,BAT-004458,PLT-06,CAR-03,"<bound method Series.mode of carrier_id               CAR-03
carrier_name    OceanChem Lines
mode                 Ocean Bulk
base_otif                  0.88
Name: 2, dtype: object>",CUS-15,EMEA,43.82,1,6065.28,0,1
SHP-001105,2025-08,10,BAT-002249,PLT-03,CAR-01,"<bound method Series.mode of carrier_id                    CAR-01
carrier_name    GlobalTank Logistics
mode                     Bulk Liquid
base_otif                       0.94
Name: 0, dtype: object>",CUS-15,EMEA,24.47,1,1741.49,0,0
SHP-001106,2025-10,12,BAT-002824,PLT-02,CAR-05,"<bound method Series.mode of carrier_id               CAR-05
carrier_name    AirExpress Spec
mode                        Air
base_otif                  0.96
Name: 4, dtype: object>",CUS-10,APAC,72.74,1,10436.76,0,0
SHP-001107,2026-05,19,BAT-004399,PLT-06,CAR-05,"<bound method Series.mode of carrier_id               CAR-05
carrier_name    AirExpress Spec
mode                        Air
base_otif                  0.96
Name: 4, dtype: object>",CUS-05,LATAM,60.17,1,5235.15,0,1
SHP-001108,2025-04,6,BAT-001482,PLT-02,CAR-04,"<bound method Series.mode of carrier_id                CAR-04
carrier_name    RailChem Freight
mode                        Rail
base_otif                   0.93
Name: 3, dtype: object>",CUS-08,EMEA,30.9,1,2014.62,0,0
SHP-001109,2025-06,8,BAT-001979,PLT-06,CAR-02,"<bound method Series.mode of carrier_id                 CAR-02
carrier_name    EuroHaz Transport
mode                  Hazmat Road
base_otif                    0.91
Name: 1, dtype: object>",CUS-12,LATAM,31.22,1,3591.34,0,0
SHP-001110,2026-02,16,BAT-003738,PLT-02,CAR-05,"<bound method Series.mode of carrier_id               CAR-05
carrier_name    AirExpress Spec
mode                        Air
base_otif                  0.96
Name: 4, dtype: object>",CUS-12,LATAM,100.62,1,11514.81,0,0
SHP-001111,2025-04,6,BAT-001476,PLT-05,CAR-04,"<bound method Series.mode of carrier_id                CAR-04
carrier_name    RailChem Freight
mode                        Rail
base_otif                   0.93
Name: 3, dtype: object>",CUS-10,APAC,23.98,1,2131.98,0,0
SHP-001112,2025-04,6,BAT-001392,PLT-06,CAR-02,"<bound method Series.mode of carrier_id                 CAR-02
carrier_name    EuroHaz Transport
mode                  Hazmat Road
base_otif                    0.91
Name: 1, dtype: object>",CUS-03,APAC,13.12,1,1143.18,0,0
SHP-001113,2025-11,13,BAT-002885,PLT-06,CAR-05,"<bound method Series.mode of carrier_id               CAR-05
carrier_name    AirExpress Spec
mode                        Air
base_otif                  0.96
Name: 4, dtype: object>",CUS-12,LATAM,29.04,1,2369.84,0,0
SHP-001114,2025-04,6,BAT-001472,PLT-02,CAR-01,"<bound method Series.mode of carrier_id                    CAR-01
carrier_name    GlobalTank Logistics
mode                     Bulk Liquid
base_otif                       0.94
Name: 0, dtype: object>",CUS-14,APAC,41.72,1,3135.49,0,0
SHP-001115,2026-07,21,BAT-004668,PLT-04,CAR-03,"<bound method Series.mode of carrier_id               CAR-03
carrier_name    OceanChem Lines
mode                 Ocean Bulk
base_otif                  0.88
Name: 2, dtype: object>",CUS-02,AMER,36.94,1,5325.65,0,1
SHP-001116,2025-07,9,BAT-002082,PLT-06,CAR-01,"<bound method Series.mode of carrier_id                    CAR-01
carrier_name    GlobalTank Logistics
mode                     Bulk Liquid
base_otif                       0.94
Name: 0, dtype: object>",CUS-13,AMER,32.88,1,2324.61,0,0
SHP-001117,2026-02,16,BAT-003668,PLT-03,CAR-01,"<bound method Series.mode of carrier_id                    CAR-01
carrier_name    GlobalTank Logistics
mode                     Bulk Liquid
base_otif                       0.94
Name: 0, dtype: object>",CUS-15,EMEA,25.79,1,1633.45,0,0
SHP-001118,2026-09,23,BAT-005232,PLT-05,CAR-04,"<bound method Series.mode of carrier_id                CAR-04
carrier_name    RailChem Freight
mode                        Rail
base_otif                   0.93
Name: 3, dtype: object>",CUS-03,APAC,18.18,1,1615.57,0,1
SHP-001119,2025-02,4,BAT-000998,PLT-04,CAR-02,"<bound method Series.mode of carrier_id                 CAR-02
carrier_name    EuroHaz Transport
mode                  Hazmat Road
base_otif                    0.91
Name: 1, dtype: object>",CUS-10,APAC,42.38,1,4074.09,0,0
SHP-001120,2026-09,23,BAT-005118,PLT-01,CAR-01,"<bound method Series.mode of carrier_id                    CAR-01
carrier_name    GlobalTank Logistics
mode                     Bulk Liquid
base_otif                       0.94
Name: 0, dtype: object>",CUS-06,AMER,34.64,1,4193.15,0,1
SHP-001121,2024-12,2,BAT-000487,PLT-02,CAR-04,"<bound method Series.mode of carrier_id                CAR-04
carrier_name    RailChem Freight
mode                        Rail
base_otif                   0.93
Name: 3, dtype: object>",CUS-06,AMER,64.67,1,4006.09,0,0
SHP-001122,2026-02,16,BAT-003538,PLT-04,CAR-02,"<bound method Series.mode of carrier_id                 CAR-02
carrier_name    EuroHaz Transport
mode                  Hazmat Road
base_otif                    0.91
Name: 1, dtype: object>",CUS-05,LATAM,53.6,0,7220.3,0,0
SHP-001123,2026-06,20,BAT-004430,PLT-04,CAR-04,"<bound method Series.mode of carrier_id                CAR-04
carrier_name    RailChem Freight
mode                        Rail
base_otif                   0.93
Name: 3, dtype: object>",CUS-05,LATAM,49.51,1,5952.39,0,1
SHP-001124,2025-03,5,BAT-001265,PLT-04,CAR-01,"<bound method Series.mode of carrier_id                    CAR-01
carrier_name    GlobalTank Logistics
mode                     Bulk Liquid
base_otif                       0.94
Name: 0, dtype: object>",CUS-01,EMEA,34.08,1,2378.35,0,0
SHP-001125,2026-02,16,BAT-003578,PLT-06,CAR-04,"<bound method Series.mode of carrier_id                CAR-04
carrier_name    RailChem Freight
mode                        Rail
base_otif                   0.93
Name: 3, dtype: object>",CUS-12,LATAM,75.0,1,8997.17,0,0
SHP-001126,2025-11,13,BAT-002878,PLT-03,CAR-01,"<bound method Series.mode of carrier_id                    CAR-01
carrier_name    GlobalTank Logistics
mode                     Bulk Liquid
base_otif                       0.94
Name: 0, dtype: object>",CUS-12,LATAM,13.95,1,1783.07,0,0
SHP-001127,2025-02,4,BAT-001035,PLT-06,CAR-01,"<bound method Series.mode of carrier_id                    CAR-01
carrier_name    GlobalTank Logistics
mode                     Bulk Liquid
base_otif                       0.94
Name: 0, dtype: object>",CUS-07,APAC,40.63,1,3909.72,0,0
SHP-001128,2025-03,5,BAT-001205,PLT-02,CAR-01,"<bound method Series.mode of carrier_id                    CAR-01
carrier_name    GlobalTank Logistics
mode                     Bulk Liquid
base_otif                       0.94
Name: 0, dtype: object>",CUS-07,APAC,33.26,1,3083.08,0,0
SHP-001129,2025-02,4,BAT-000902,PLT-02,CAR-04,"<bound method Series.mode of carrier_id                CAR-04
carrier_name    RailChem Freight
mode                        Rail
base_otif                   0.93
Name: 3, dtype: object>",CUS-12,LATAM,76.66,1,7667.92,0,0
SHP-001130,2026-04,18,BAT-004119,PLT-05,CAR-01,"<bound method Series.mode of carrier_id                    CAR-01
carrier_name    GlobalTank Logistics
mode                     Bulk Liquid
base_otif                       0.94
Name: 0, dtype: object>",CUS-15,EMEA,52.74,1,4693.48,0,1
SHP-001131,2025-10,12,BAT-002650,PLT-04,CAR-01,"<bound method Series.mode of carrier_id                    CAR-01
carrier_name    GlobalTank Logistics
mode                     Bulk Liquid
base_otif                       0.94
Name: 0, dtype: object>",CUS-03,APAC,62.98,1,6932.24,0,0
SHP-001132,2025-02,4,BAT-000885,PLT-06,CAR-05,"<bound method Series.mode of carrier_id               CAR-05
carrier_name    AirExpress Spec
mode                        Air
base_otif                  0.96
Name: 4, dtype: object>",CUS-02,AMER,22.33,1,2663.49,0,0
SHP-001133,2025-05,7,BAT-001742,PLT-03,CAR-03,"<bound method Series.mode of carrier_id               CAR-03
carrier_name    OceanChem Lines
mode                 Ocean Bulk
base_otif                  0.88
Name: 2, dtype: object>",CUS-05,LATAM,17.21,1,1792.68,1,0
SHP-001134,2026-03,17,BAT-003741,PLT-02,CAR-04,"<bound method Series.mode of carrier_id                CAR-04
carrier_name    RailChem Freight
mode                        Rail
base_otif                   0.93
Name: 3, dtype: object>",CUS-07,APAC,23.68,1,2729.8,0,0
SHP-001135,2024-10,0,BAT-000140,PLT-01,CAR-02,"<bound method Series.mode of carrier_id                 CAR-02
carrier_name    EuroHaz Transport
mode                  Hazmat Road
base_otif                    0.91
Name: 1, dtype: object>",CUS-03,APAC,48.99,1,5999.73,0,0
SHP-001136,2024-11,1,BAT-000261,PLT-04,CAR-01,"<bound method Series.mode of carrier_id                    CAR-01
carrier_name    GlobalTank Logistics
mode                     Bulk Liquid
base_otif                       0.94
Name: 0, dtype: object>",CUS-15,EMEA,14.48,1,1798.16,0,0
SHP-001137,2026-09,23,BAT-005262,PLT-06,CAR-02,"<bound method Series.mode of carrier_id                 CAR-02
carrier_name    EuroHaz Transport
mode                  Hazmat Road
base_otif                    0.91
Name: 1, dtype: object>",CUS-03,APAC,34.46,1,4893.22,0,1
SHP-001138,2026-05,19,BAT-004307,PLT-04,CAR-05,"<bound method Series.mode of carrier_id               CAR-05
carrier_name    AirExpress Spec
mode                        Air
base_otif                  0.96
Name: 4, dtype: object>",CUS-05,LATAM,19.28,1,1664.05,0,1
SHP-001139,2026-08,22,BAT-005009,PLT-04,CAR-01,"<bound method Series.mode of carrier_id                    CAR-01
carrier_name    GlobalTank Logistics
mode                     Bulk Liquid
base_otif                       0.94
Name: 0, dtype: object>",CUS-01,EMEA,53.73,1,4843.51,0,1
SHP-001140,2026-06,20,BAT-004574,PLT-05,CAR-05,"<bound method Series.mode of carrier_id               CAR-05
carrier_name    AirExpress Spec
mode                        Air
base_otif                  0.96
Name: 4, dtype: object>",CUS-07,APAC,39.87,1,5218.24,0,1
SHP-001141,2026-03,17,BAT-003780,PLT-03,CAR-03,"<bound method Series.mode of carrier_id               CAR-03
carrier_name    OceanChem Lines
mode                 Ocean Bulk
base_otif                  0.88
Name: 2, dtype: object>",CUS-07,APAC,39.92,1,3504.52,0,0
SHP-001142,2026-01,15,BAT-003478,PLT-05,CAR-05,"<bound method Series.mode of carrier_id               CAR-05
carrier_name    AirExpress Spec
mode                        Air
base_otif                  0.96
Name: 4, dtype: object>",CUS-04,EMEA,21.41,1,2125.65,0,0
SHP-001143,2025-09,11,BAT-002429,PLT-02,CAR-02,"<bound method Series.mode of carrier_id                 CAR-02
carrier_name    EuroHaz Transport
mode                  Hazmat Road
base_otif                    0.91
Name: 1, dtype: object>",CUS-15,EMEA,90.42,0,7584.68,0,0
SHP-001144,2025-03,5,BAT-001146,PLT-01,CAR-01,"<bound method Series.mode of carrier_id                    CAR-01
carrier_name    GlobalTank Logistics
mode                     Bulk Liquid
base_otif                       0.94
Name: 0, dtype: object>",CUS-10,APAC,25.84,0,1985.73,0,0
SHP-001145,2025-07,9,BAT-002164,PLT-02,CAR-03,"<bound method Series.mode of carrier_id               CAR-03
carrier_name    OceanChem Lines
mode                 Ocean Bulk
base_otif                  0.88
Name: 2, dtype: object>",CUS-12,LATAM,27.9,0,1638.67,0,0
SHP-001146,2026-03,17,BAT-003859,PLT-03,CAR-03,"<bound method Series.mode of carrier_id               CAR-03
carrier_name    OceanChem Lines
mode                 Ocean Bulk
base_otif                  0.88
Name: 2, dtype: object>",CUS-01,EMEA,27.64,1,3172.25,0,0
SHP-001147,2026-07,21,BAT-004778,PLT-06,CAR-02,"<bound method Series.mode of carrier_id                 CAR-02
carrier_name    EuroHaz Transport
mode                  Hazmat Road
base_otif                    0.91
Name: 1, dtype: object>",CUS-04,EMEA,2.6,1,337.53,0,1
SHP-001148,2024-12,2,BAT-000485,PLT-05,CAR-04,"<bound method Series.mode of carrier_id                CAR-04
carrier_name    RailChem Freight
mode                        Rail
base_otif                   0.93
Name: 3, dtype: object>",CUS-13,AMER,47.41,1,3772.31,0,0
SHP-001149,2026-07,21,BAT-004702,PLT-06,CAR-05,"<bound method Series.mode of carrier_id               CAR-05
carrier_name    AirExpress Spec
mode                        Air
base_otif                  0.96
Name: 4, dtype: object>",CUS-03,APAC,35.65,1,4639.56,0,1
SHP-001150,2025-08,10,BAT-002378,PLT-01,CAR-05,"<bound method Series.mode of carrier_id               CAR-05
carrier_name    AirExpress Spec
mode                        Air
base_otif                  0.96
Name: 4, dtype: object>",CUS-06,AMER,66.22,1,6699.82,0,0
SHP-001151,2026-09,23,BAT-005070,PLT-01,CAR-04,"<bound method Series.mode of carrier_id                CAR-04
carrier_name    RailChem Freight
mode                        Rail
base_otif                   0.93
Name: 3, dtype: object>",CUS-01,EMEA,51.46,1,7238.4,0,1
SHP-001152,2025-11,13,BAT-003004,PLT-01,CAR-02,"<bound method Series.mode of carrier_id                 CAR-02
carrier_name    EuroHaz Transport
mode                  Hazmat Road
base_otif                    0.91
Name: 1, dtype: object>",CUS-06,AMER,23.69,1,3324.6,0,0
SHP-001153,2026-02,16,BAT-003571,PLT-01,CAR-05,"<bound method Series.mode of carrier_id               CAR-05
carrier_name    AirExpress Spec
mode                        Air
base_otif                  0.96
Name: 4, dtype: object>",CUS-08,EMEA,21.73,1,2536.61,0,0
SHP-001154,2026-08,22,BAT-005054,PLT-01,CAR-01,"<bound method Series.mode of carrier_id                    CAR-01
carrier_name    GlobalTank Logistics
mode                     Bulk Liquid
base_otif                       0.94
Name: 0, dtype: object>",CUS-09,AMER,48.16,1,3098.78,0,1
SHP-001155,2025-06,8,BAT-001762,PLT-01,CAR-04,"<bound method Series.mode of carrier_id                CAR-04
carrier_name    RailChem Freight
mode                        Rail
base_otif                   0.93
Name: 3, dtype: object>",CUS-13,AMER,18.39,1,1215.63,0,0
SHP-001156,2024-12,2,BAT-000600,PLT-02,CAR-05,"<bound method Series.mode of carrier_id               CAR-05
carrier_name    AirExpress Spec
mode                        Air
base_otif                  0.96
Name: 4, dtype: object>",CUS-03,APAC,35.27,1,4720.07,0,0
SHP-001157,2025-04,6,BAT-001413,PLT-02,CAR-04,"<bound method Series.mode of carrier_id                CAR-04
carrier_name    RailChem Freight
mode                        Rail
base_otif                   0.93
Name: 3, dtype: object>",CUS-05,LATAM,62.83,1,4054.23,0,0
SHP-001158,2025-02,4,BAT-001063,PLT-05,CAR-05,"<bound method Series.mode of carrier_id               CAR-05
carrier_name    AirExpress Spec
mode                        Air
base_otif                  0.96
Name: 4, dtype: object>",CUS-03,APAC,24.59,1,2962.04,0,0
SHP-001159,2025-11,13,BAT-002870,PLT-01,CAR-04,"<bound method Series.mode of carrier_id                CAR-04
carrier_name    RailChem Freight
mode                        Rail
base_otif                   0.93
Name: 3, dtype: object>",CUS-13,AMER,22.21,1,2894.91,0,0
SHP-001160,2025-01,3,BAT-000879,PLT-03,CAR-01,"<bound method Series.mode of carrier_id                    CAR-01
carrier_name    GlobalTank Logistics
mode                     Bulk Liquid
base_otif                       0.94
Name: 0, dtype: object>",CUS-01,EMEA,31.8,1,3882.59,0,0
SHP-001161,2024-11,1,BAT-000347,PLT-01,CAR-02,"<bound method Series.mode of carrier_id                 CAR-02
carrier_name    EuroHaz Transport
mode                  Hazmat Road
base_otif                    0.91
Name: 1, dtype: object>",CUS-11,EMEA,36.8,1,4587.48,0,0
SHP-001162,2025-01,3,BAT-000797,PLT-06,CAR-01,"<bound method Series.mode of carrier_id                    CAR-01
carrier_name    GlobalTank Logistics
mode                     Bulk Liquid
base_otif                       0.94
Name: 0, dtype: object>",CUS-11,EMEA,35.17,1,4483.9,0,0
SHP-001163,2026-01,15,BAT-003343,PLT-06,CAR-05,"<bound method Series.mode of carrier_id               CAR-05
carrier_name    AirExpress Spec
mode                        Air
base_otif                  0.96
Name: 4, dtype: object>",CUS-15,EMEA,60.57,0,5255.16,0,0
SHP-001164,2025-03,5,BAT-001164,PLT-03,CAR-05,"<bound method Series.mode of carrier_id               CAR-05
carrier_name    AirExpress Spec
mode                        Air
base_otif                  0.96
Name: 4, dtype: object>",CUS-10,APAC,1.91,1,151.92,0,0
SHP-001165,2025-01,3,BAT-000716,PLT-05,CAR-05,"<bound method Series.mode of carrier_id               CAR-05
carrier_name    AirExpress Spec
mode                        Air
base_otif                  0.96
Name: 4, dtype: object>",CUS-12,LATAM,51.55,1,6418.74,0,0
SHP-001166,2025-12,14,BAT-003245,PLT-06,CAR-05,"<bound method Series.mode of carrier_id               CAR-05
carrier_name    AirExpress Spec
mode                        Air
base_otif                  0.96
Name: 4, dtype: object>",CUS-12,LATAM,34.58,1,4228.25,0,0
SHP-001167,2026-08,22,BAT-005035,PLT-06,CAR-03,"<bound method Series.mode of carrier_id               CAR-03
carrier_name    OceanChem Lines
mode                 Ocean Bulk
base_otif                  0.88
Name: 2, dtype: object>",CUS-13,AMER,20.8,1,2401.95,0,1
SHP-001168,2025-10,12,BAT-002712,PLT-06,CAR-01,"<bound method Series.mode of carrier_id                    CAR-01
carrier_name    GlobalTank Logistics
mode                     Bulk Liquid
base_otif                       0.94
Name: 0, dtype: object>",CUS-03,APAC,66.35,1,3911.65,0,0
SHP-001169,2024-12,2,BAT-000514,PLT-06,CAR-01,"<bound method Series.mode of carrier_id                    CAR-01
carrier_name    GlobalTank Logistics
mode                     Bulk Liquid
base_otif                       0.94
Name: 0, dtype: object>",CUS-11,EMEA,82.13,1,6330.71,0,0
SHP-001170,2025-08,10,BAT-002345,PLT-01,CAR-01,"<bound method Series.mode of carrier_id                    CAR-01
carrier_name    GlobalTank Logistics
mode                     Bulk Liquid
base_otif                       0.94
Name: 0, dtype: object>",CUS-02,AMER,2.46,1,174.16,0,0
SHP-001171,2026-05,19,BAT-004285,PLT-04,CAR-01,"<bound method Series.mode of carrier_id                    CAR-01
carrier_name    GlobalTank Logistics
mode                     Bulk Liquid
base_otif                       0.94
Name: 0, dtype: object>",CUS-12,LATAM,72.66,1,7103.9,0,1
SHP-001172,2026-07,21,BAT-004638,PLT-04,CAR-02,"<bound method Series.mode of carrier_id                 CAR-02
carrier_name    EuroHaz Transport
mode                  Hazmat Road
base_otif                    0.91
Name: 1, dtype: object>",CUS-09,AMER,42.52,1,4995.54,0,1
SHP-001173,2024-12,2,BAT-000638,PLT-05,CAR-04,"<bound method Series.mode of carrier_id                CAR-04
carrier_name    RailChem Freight
mode                        Rail
base_otif                   0.93
Name: 3, dtype: object>",CUS-09,AMER,67.33,1,4154.42,0,0
SHP-001174,2026-02,16,BAT-003715,PLT-01,CAR-01,"<bound method Series.mode of carrier_id                    CAR-01
carrier_name    GlobalTank Logistics
mode                     Bulk Liquid
base_otif                       0.94
Name: 0, dtype: object>",CUS-05,LATAM,14.49,0,1946.35,0,0
SHP-001175,2025-10,12,BAT-002724,PLT-03,CAR-02,"<bound method Series.mode of carrier_id                 CAR-02
carrier_name    EuroHaz Transport
mode                  Hazmat Road
base_otif                    0.91
Name: 1, dtype: object>",CUS-09,AMER,27.86,1,1822.8,0,0
SHP-001176,2025-02,4,BAT-000980,PLT-04,CAR-01,"<bound method Series.mode of carrier_id                    CAR-01
carrier_name    GlobalTank Logistics
mode                     Bulk Liquid
base_otif                       0.94
Name: 0, dtype: object>",CUS-12,LATAM,37.61,0,4530.85,0,0
SHP-001177,2025-10,12,BAT-002822,PLT-05,CAR-03,"<bound method Series.mode of carrier_id               CAR-03
carrier_name    OceanChem Lines
mode                 Ocean Bulk
base_otif                  0.88
Name: 2, dtype: object>",CUS-10,APAC,59.5,0,5060.95,0,0
SHP-001178,2025-06,8,BAT-001877,PLT-06,CAR-05,"<bound method Series.mode of carrier_id               CAR-05
carrier_name    AirExpress Spec
mode                        Air
base_otif                  0.96
Name: 4, dtype: object>",CUS-09,AMER,58.68,1,4279.81,0,0
SHP-001179,2025-05,7,BAT-001758,PLT-03,CAR-02,"<bound method Series.mode of carrier_id                 CAR-02
carrier_name    EuroHaz Transport
mode                  Hazmat Road
base_otif                    0.91
Name: 1, dtype: object>",CUS-06,AMER,26.35,1,3798.26,0,0
SHP-001180,2026-03,17,BAT-003926,PLT-05,CAR-03,"<bound method Series.mode of carrier_id               CAR-03
carrier_name    OceanChem Lines
mode                 Ocean Bulk
base_otif                  0.88
Name: 2, dtype: object>",CUS-08,EMEA,23.24,1,3240.62,0,0
SHP-001181,2026-03,17,BAT-003951,PLT-05,CAR-03,"<bound method Series.mode of carrier_id               CAR-03
carrier_name    OceanChem Lines
mode                 Ocean Bulk
base_otif                  0.88
Name: 2, dtype: object>",CUS-09,AMER,38.19,1,5054.9,0,0
SHP-001182,2026-05,19,BAT-004334,PLT-01,CAR-03,"<bound method Series.mode of carrier_id               CAR-03
carrier_name    OceanChem Lines
mode                 Ocean Bulk
base_otif                  0.88
Name: 2, dtype: object>",CUS-07,APAC,68.79,1,8290.74,0,1
SHP-001183,2025-01,3,BAT-000726,PLT-03,CAR-03,"<bound method Series.mode of carrier_id               CAR-03
carrier_name    OceanChem Lines
mode                 Ocean Bulk
base_otif                  0.88
Name: 2, dtype: object>",CUS-13,AMER,72.31,1,9646.78,0,0
SHP-001184,2025-01,3,BAT-000833,PLT-06,CAR-04,"<bound method Series.mode of carrier_id                CAR-04
carrier_name    RailChem Freight
mode                        Rail
base_otif                   0.93
Name: 3, dtype: object>",CUS-14,APAC,38.12,1,4110.74,0,0
SHP-001185,2026-02,16,BAT-003673,PLT-04,CAR-05,"<bound method Series.mode of carrier_id               CAR-05
carrier_name    AirExpress Spec
mode                        Air
base_otif                  0.96
Name: 4, dtype: object>",CUS-08,EMEA,55.96,1,4394.07,0,0
SHP-001186,2026-09,23,BAT-005200,PLT-04,CAR-02,"<bound method Series.mode of carrier_id                 CAR-02
carrier_name    EuroHaz Transport
mode                  Hazmat Road
base_otif                    0.91
Name: 1, dtype: object>",CUS-08,EMEA,92.22,1,11795.34,0,1
SHP-001187,2025-07,9,BAT-002010,PLT-04,CAR-03,"<bound method Series.mode of carrier_id               CAR-03
carrier_name    OceanChem Lines
mode                 Ocean Bulk
base_otif                  0.88
Name: 2, dtype: object>",CUS-10,APAC,30.83,1,3767.98,0,0
SHP-001188,2026-05,19,BAT-004314,PLT-06,CAR-01,"<bound method Series.mode of carrier_id                    CAR-01
carrier_name    GlobalTank Logistics
mode                     Bulk Liquid
base_otif                       0.94
Name: 0, dtype: object>",CUS-01,EMEA,30.97,1,4000.68,0,1
SHP-001189,2024-11,1,BAT-000433,PLT-06,CAR-05,"<bound method Series.mode of carrier_id               CAR-05
carrier_name    AirExpress Spec
mode                        Air
base_otif                  0.96
Name: 4, dtype: object>",CUS-01,EMEA,47.68,1,6477.04,0,0
SHP-001190,2026-02,16,BAT-003609,PLT-05,CAR-02,"<bound method Series.mode of carrier_id                 CAR-02
carrier_name    EuroHaz Transport
mode                  Hazmat Road
base_otif                    0.91
Name: 1, dtype: object>",CUS-01,EMEA,44.94,1,2673.6,0,0
SHP-001191,2026-08,22,BAT-005050,PLT-06,CAR-01,"<bound method Series.mode of carrier_id                    CAR-01
carrier_name    GlobalTank Logistics
mode                     Bulk Liquid
base_otif                       0.94
Name: 0, dtype: object>",CUS-01,EMEA,2.34,1,273.62,0,1
SHP-001192,2025-10,12,BAT-002765,PLT-04,CAR-02,"<bound method Series.mode of carrier_id                 CAR-02
carrier_name    EuroHaz Transport
mode                  Hazmat Road
base_otif                    0.91
Name: 1, dtype: object>",CUS-02,AMER,22.37,1,1997.4,0,0
SHP-001193,2025-09,11,BAT-002617,PLT-01,CAR-02,"<bound method Series.mode of carrier_id                 CAR-02
carrier_name    EuroHaz Transport
mode                  Hazmat Road
base_otif                    0.91
Name: 1, dtype: object>",CUS-06,AMER,33.9,1,2702.38,0,0
SHP-001194,2025-06,8,BAT-001769,PLT-01,CAR-04,"<bound method Series.mode of carrier_id                CAR-04
carrier_name    RailChem Freight
mode                        Rail
base_otif                   0.93
Name: 3, dtype: object>",CUS-06,AMER,44.49,1,5907.99,0,0
SHP-001195,2025-04,6,BAT-001348,PLT-03,CAR-01,"<bound method Series.mode of carrier_id                    CAR-01
carrier_name    GlobalTank Logistics
mode                     Bulk Liquid
base_otif                       0.94
Name: 0, dtype: object>",CUS-01,EMEA,2.53,1,220.74,0,0
SHP-001196,2025-11,13,BAT-003001,PLT-06,CAR-05,"<bound method Series.mode of carrier_id               CAR-05
carrier_name    AirExpress Spec
mode                        Air
base_otif                  0.96
Name: 4, dtype: object>",CUS-13,AMER,44.1,1,5625.52,0,0
SHP-001197,2025-04,6,BAT-001539,PLT-06,CAR-03,"<bound method Series.mode of carrier_id               CAR-03
carrier_name    OceanChem Lines
mode                 Ocean Bulk
base_otif                  0.88
Name: 2, dtype: object>",CUS-03,APAC,35.68,1,3523.79,0,0
SHP-001198,2026-08,22,BAT-004902,PLT-05,CAR-05,"<bound method Series.mode of carrier_id               CAR-05
carrier_name    AirExpress Spec
mode                        Air
base_otif                  0.96
Name: 4, dtype: object>",CUS-03,APAC,20.87,1,2790.1,0,1
SHP-001199,2026-02,16,BAT-003623,PLT-04,CAR-01,"<bound method Series.mode of carrier_id                    CAR-01
carrier_name    GlobalTank Logistics
mode                     Bulk Liquid
base_otif                       0.94
Name: 0, dtype: object>",CUS-13,AMER,31.99,1,2233.66,0,0
SHP-001200,2024-11,1,BAT-000389,PLT-06,CAR-05,"<bound method Series.mode of carrier_id               CAR-05
carrier_name    AirExpress Spec
mode                        Air
base_otif                  0.96
Name: 4, dtype: object>",CUS-05,LATAM,20.69,1,1466.52,0,0
SHP-001201,2025-04,6,BAT-001524,PLT-04,CAR-02,"<bound method Series.mode of carrier_id                 CAR-02
carrier_name    EuroHaz Transport
mode                  Hazmat Road
base_otif                    0.91
Name: 1, dtype: object>",CUS-03,APAC,1.37,1,151.32,0,0
SHP-001202,2025-04,6,BAT-001358,PLT-06,CAR-04,"<bound method Series.mode of carrier_id                CAR-04
carrier_name    RailChem Freight
mode                        Rail
base_otif                   0.93
Name: 3, dtype: object>",CUS-05,LATAM,42.13,1,3506.49,0,0
SHP-001203,2026-06,20,BAT-004418,PLT-05,CAR-02,"<bound method Series.mode of carrier_id                 CAR-02
carrier_name    EuroHaz Transport
mode                  Hazmat Road
base_otif                    0.91
Name: 1, dtype: object>",CUS-08,EMEA,45.46,1,3916.38,0,1
SHP-001204,2026-08,22,BAT-004963,PLT-04,CAR-02,"<bound method Series.mode of carrier_id                 CAR-02
carrier_name    EuroHaz Transport
mode                  Hazmat Road
base_otif                    0.91
Name: 1, dtype: object>",CUS-03,APAC,96.59,1,6248.83,0,1
SHP-001205,2026-05,19,BAT-004186,PLT-05,CAR-04,"<bound method Series.mode of carrier_id                CAR-04
carrier_name    RailChem Freight
mode                        Rail
base_otif                   0.93
Name: 3, dtype: object>",CUS-10,APAC,32.37,1,3414.42,0,1
SHP-001206,2025-11,13,BAT-003013,PLT-05,CAR-04,"<bound method Series.mode of carrier_id                CAR-04
carrier_name    RailChem Freight
mode                        Rail
base_otif                   0.93
Name: 3, dtype: object>",CUS-13,AMER,25.61,1,2376.72,0,0
SHP-001207,2025-09,11,BAT-002503,PLT-05,CAR-05,"<bound method Series.mode of carrier_id               CAR-05
carrier_name    AirExpress Spec
mode                        Air
base_otif                  0.96
Name: 4, dtype: object>",CUS-04,EMEA,60.05,1,4362.85,0,0
SHP-001208,2026-04,18,BAT-003963,PLT-02,CAR-03,"<bound method Series.mode of carrier_id               CAR-03
carrier_name    OceanChem Lines
mode                 Ocean Bulk
base_otif                  0.88
Name: 2, dtype: object>",CUS-12,LATAM,85.67,1,7876.86,0,1
SHP-001209,2026-01,15,BAT-003477,PLT-02,CAR-04,"<bound method Series.mode of carrier_id                CAR-04
carrier_name    RailChem Freight
mode                        Rail
base_otif                   0.93
Name: 3, dtype: object>",CUS-12,LATAM,18.04,1,1529.17,0,0
SHP-001210,2025-03,5,BAT-001256,PLT-01,CAR-05,"<bound method Series.mode of carrier_id               CAR-05
carrier_name    AirExpress Spec
mode                        Air
base_otif                  0.96
Name: 4, dtype: object>",CUS-02,AMER,55.63,1,5341.6,0,0
SHP-001211,2026-04,18,BAT-003996,PLT-05,CAR-05,"<bound method Series.mode of carrier_id               CAR-05
carrier_name    AirExpress Spec
mode                        Air
base_otif                  0.96
Name: 4, dtype: object>",CUS-01,EMEA,28.09,1,3740.43,0,1
SHP-001212,2025-04,6,BAT-001504,PLT-02,CAR-01,"<bound method Series.mode of carrier_id                    CAR-01
carrier_name    GlobalTank Logistics
mode                     Bulk Liquid
base_otif                       0.94
Name: 0, dtype: object>",CUS-07,APAC,60.97,0,7413.8,0,0
SHP-001213,2026-05,19,BAT-004256,PLT-06,CAR-01,"<bound method Series.mode of carrier_id                    CAR-01
carrier_name    GlobalTank Logistics
mode                     Bulk Liquid
base_otif                       0.94
Name: 0, dtype: object>",CUS-09,AMER,30.77,1,3021.16,0,1
SHP-001214,2025-03,5,BAT-001271,PLT-06,CAR-02,"<bound method Series.mode of carrier_id                 CAR-02
carrier_name    EuroHaz Transport
mode                  Hazmat Road
base_otif                    0.91
Name: 1, dtype: object>",CUS-01,EMEA,79.29,1,8512.19,0,0
SHP-001215,2025-01,3,BAT-000869,PLT-05,CAR-03,"<bound method Series.mode of carrier_id               CAR-03
carrier_name    OceanChem Lines
mode                 Ocean Bulk
base_otif                  0.88
Name: 2, dtype: object>",CUS-09,AMER,26.71,1,2025.17,0,0
SHP-001216,2024-11,1,BAT-000331,PLT-01,CAR-02,"<bound method Series.mode of carrier_id                 CAR-02
carrier_name    EuroHaz Transport
mode                  Hazmat Road
base_otif                    0.91
Name: 1, dtype: object>",CUS-02,AMER,13.08,0,1815.97,0,0
SHP-001217,2025-10,12,BAT-002702,PLT-03,CAR-03,"<bound method Series.mode of carrier_id               CAR-03
carrier_name    OceanChem Lines
mode                 Ocean Bulk
base_otif                  0.88
Name: 2, dtype: object>",CUS-06,AMER,42.78,0,5697.38,0,0
SHP-001218,2026-05,19,BAT-004292,PLT-05,CAR-01,"<bound method Series.mode of carrier_id                    CAR-01
carrier_name    GlobalTank Logistics
mode                     Bulk Liquid
base_otif                       0.94
Name: 0, dtype: object>",CUS-05,LATAM,52.52,1,6768.82,0,1
SHP-001219,2026-02,16,BAT-003573,PLT-04,CAR-02,"<bound method Series.mode of carrier_id                 CAR-02
carrier_name    EuroHaz Transport
mode                  Hazmat Road
base_otif                    0.91
Name: 1, dtype: object>",CUS-05,LATAM,13.81,1,891.03,0,0
SHP-001220,2026-08,22,BAT-004892,PLT-04,CAR-04,"<bound method Series.mode of carrier_id                CAR-04
carrier_name    RailChem Freight
mode                        Rail
base_otif                   0.93
Name: 3, dtype: object>",CUS-14,APAC,1.46,1,198.9,0,1
SHP-001221,2024-12,2,BAT-000511,PLT-03,CAR-02,"<bound method Series.mode of carrier_id                 CAR-02
carrier_name    EuroHaz Transport
mode                  Hazmat Road
base_otif                    0.91
Name: 1, dtype: object>",CUS-13,AMER,48.21,1,5928.62,0,0
SHP-001222,2024-10,0,BAT-000177,PLT-06,CAR-03,"<bound method Series.mode of carrier_id               CAR-03
carrier_name    OceanChem Lines
mode                 Ocean Bulk
base_otif                  0.88
Name: 2, dtype: object>",CUS-12,LATAM,26.16,1,1927.41,0,0
SHP-001223,2025-12,14,BAT-003241,PLT-06,CAR-05,"<bound method Series.mode of carrier_id               CAR-05
carrier_name    AirExpress Spec
mode                        Air
base_otif                  0.96
Name: 4, dtype: object>",CUS-06,AMER,62.71,1,3788.45,0,0
SHP-001224,2025-04,6,BAT-001536,PLT-01,CAR-01,"<bound method Series.mode of carrier_id                    CAR-01
carrier_name    GlobalTank Logistics
mode                     Bulk Liquid
base_otif                       0.94
Name: 0, dtype: object>",CUS-08,EMEA,51.17,1,4506.41,0,0
SHP-001225,2026-01,15,BAT-003378,PLT-05,CAR-04,"<bound method Series.mode of carrier_id                CAR-04
carrier_name    RailChem Freight
mode                        Rail
base_otif                   0.93
Name: 3, dtype: object>",CUS-01,EMEA,21.02,1,1425.07,0,0
SHP-001226,2025-10,12,BAT-002661,PLT-05,CAR-04,"<bound method Series.mode of carrier_id                CAR-04
carrier_name    RailChem Freight
mode                        Rail
base_otif                   0.93
Name: 3, dtype: object>",CUS-06,AMER,48.38,1,2856.74,0,0
SHP-001227,2025-10,12,BAT-002707,PLT-03,CAR-05,"<bound method Series.mode of carrier_id               CAR-05
carrier_name    AirExpress Spec
mode                        Air
base_otif                  0.96
Name: 4, dtype: object>",CUS-11,EMEA,73.14,1,7341.17,0,0
SHP-001228,2025-09,11,BAT-002491,PLT-02,CAR-05,"<bound method Series.mode of carrier_id               CAR-05
carrier_name    AirExpress Spec
mode                        Air
base_otif                  0.96
Name: 4, dtype: object>",CUS-06,AMER,38.85,1,3268.07,0,0
SHP-001229,2026-05,19,BAT-004197,PLT-06,CAR-05,"<bound method Series.mode of carrier_id               CAR-05
carrier_name    AirExpress Spec
mode                        Air
base_otif                  0.96
Name: 4, dtype: object>",CUS-04,EMEA,28.8,1,2182.55,0,1
SHP-001230,2025-12,14,BAT-003174,PLT-06,CAR-03,"<bound method Series.mode of carrier_id               CAR-03
carrier_name    OceanChem Lines
mode                 Ocean Bulk
base_otif                  0.88
Name: 2, dtype: object>",CUS-12,LATAM,36.28,1,4898.34,0,0
SHP-001231,2025-09,11,BAT-002436,PLT-06,CAR-01,"<bound method Series.mode of carrier_id                    CAR-01
carrier_name    GlobalTank Logistics
mode                     Bulk Liquid
base_otif                       0.94
Name: 0, dtype: object>",CUS-01,EMEA,17.12,1,1656.22,0,0
SHP-001232,2025-05,7,BAT-001711,PLT-05,CAR-03,"<bound method Series.mode of carrier_id               CAR-03
carrier_name    OceanChem Lines
mode                 Ocean Bulk
base_otif                  0.88
Name: 2, dtype: object>",CUS-13,AMER,28.11,1,2450.78,0,0
SHP-001233,2026-08,22,BAT-004856,PLT-06,CAR-03,"<bound method Series.mode of carrier_id               CAR-03
carrier_name    OceanChem Lines
mode                 Ocean Bulk
base_otif                  0.88
Name: 2, dtype: object>",CUS-11,EMEA,19.21,1,2763.06,0,1
SHP-001234,2026-06,20,BAT-004475,PLT-05,CAR-03,"<bound method Series.mode of carrier_id               CAR-03
carrier_name    OceanChem Lines
mode                 Ocean Bulk
base_otif                  0.88
Name: 2, dtype: object>",CUS-14,APAC,17.77,0,1194.03,0,1
SHP-001235,2025-10,12,BAT-002696,PLT-01,CAR-04,"<bound method Series.mode of carrier_id                CAR-04
carrier_name    RailChem Freight
mode                        Rail
base_otif                   0.93
Name: 3, dtype: object>",CUS-10,APAC,27.81,1,3421.89,0,0
SHP-001236,2024-12,2,BAT-000571,PLT-05,CAR-05,"<bound method Series.mode of carrier_id               CAR-05
carrier_name    AirExpress Spec
mode                        Air
base_otif                  0.96
Name: 4, dtype: object>",CUS-12,LATAM,60.59,1,3877.83,0,0
SHP-001237,2024-12,2,BAT-000473,PLT-02,CAR-02,"<bound method Series.mode of carrier_id                 CAR-02
carrier_name    EuroHaz Transport
mode                  Hazmat Road
base_otif                    0.91
Name: 1, dtype: object>",CUS-10,APAC,30.24,1,3189.41,0,0
SHP-001238,2025-09,11,BAT-002449,PLT-03,CAR-01,"<bound method Series.mode of carrier_id                    CAR-01
carrier_name    GlobalTank Logistics
mode                     Bulk Liquid
base_otif                       0.94
Name: 0, dtype: object>",CUS-14,APAC,46.39,1,5915.71,0,0
SHP-001239,2025-06,8,BAT-001976,PLT-05,CAR-02,"<bound method Series.mode of carrier_id                 CAR-02
carrier_name    EuroHaz Transport
mode                  Hazmat Road
base_otif                    0.91
Name: 1, dtype: object>",CUS-08,EMEA,20.61,1,1722.62,0,0
SHP-001240,2026-08,22,BAT-004868,PLT-05,CAR-01,"<bound method Series.mode of carrier_id                    CAR-01
carrier_name    GlobalTank Logistics
mode                     Bulk Liquid
base_otif                       0.94
Name: 0, dtype: object>",CUS-09,AMER,10.26,1,1098.77,0,1
SHP-001241,2026-03,17,BAT-003955,PLT-03,CAR-04,"<bound method Series.mode of carrier_id                CAR-04
carrier_name    RailChem Freight
mode                        Rail
base_otif                   0.93
Name: 3, dtype: object>",CUS-08,EMEA,21.19,1,1402.11,0,0
SHP-001242,2024-12,2,BAT-000484,PLT-04,CAR-04,"<bound method Series.mode of carrier_id                CAR-04
carrier_name    RailChem Freight
mode                        Rail
base_otif                   0.93
Name: 3, dtype: object>",CUS-11,EMEA,35.5,1,2466.23,0,0
SHP-001243,2024-11,1,BAT-000271,PLT-06,CAR-05,"<bound method Series.mode of carrier_id               CAR-05
carrier_name    AirExpress Spec
mode                        Air
base_otif                  0.96
Name: 4, dtype: object>",CUS-10,APAC,47.78,1,6750.41,0,0
SHP-001244,2025-11,13,BAT-002910,PLT-02,CAR-01,"<bound method Series.mode of carrier_id                    CAR-01
carrier_name    GlobalTank Logistics
mode                     Bulk Liquid
base_otif                       0.94
Name: 0, dtype: object>",CUS-06,AMER,49.06,1,4305.26,0,0
SHP-001245,2026-02,16,BAT-003553,PLT-06,CAR-01,"<bound method Series.mode of carrier_id                    CAR-01
carrier_name    GlobalTank Logistics
mode                     Bulk Liquid
base_otif                       0.94
Name: 0, dtype: object>",CUS-03,APAC,83.78,1,9823.59,0,0
SHP-001246,2025-01,3,BAT-000810,PLT-03,CAR-03,"<bound method Series.mode of carrier_id               CAR-03
carrier_name    OceanChem Lines
mode                 Ocean Bulk
base_otif                  0.88
Name: 2, dtype: object>",CUS-12,LATAM,32.7,1,4491.8,0,0
SHP-001247,2026-05,19,BAT-004243,PLT-01,CAR-04,"<bound method Series.mode of carrier_id                CAR-04
carrier_name    RailChem Freight
mode                        Rail
base_otif                   0.93
Name: 3, dtype: object>",CUS-11,EMEA,34.24,1,4621.4,0,1
SHP-001248,2026-04,18,BAT-004030,PLT-04,CAR-04,"<bound method Series.mode of carrier_id                CAR-04
carrier_name    RailChem Freight
mode                        Rail
base_otif                   0.93
Name: 3, dtype: object>",CUS-02,AMER,1.48,1,138.16,0,1
SHP-001249,2025-01,3,BAT-000777,PLT-03,CAR-01,"<bound method Series.mode of carrier_id                    CAR-01
carrier_name    GlobalTank Logistics
mode                     Bulk Liquid
base_otif                       0.94
Name: 0, dtype: object>",CUS-08,EMEA,11.56,1,1248.12,0,0
SHP-001250,2026-03,17,BAT-003868,PLT-03,CAR-03,"<bound method Series.mode of carrier_id               CAR-03
carrier_name    OceanChem Lines
mode                 Ocean Bulk
base_otif                  0.88
Name: 2, dtype: object>",CUS-12,LATAM,52.68,1,6835.9,0,0
SHP-001251,2025-03,5,BAT-001308,PLT-02,CAR-04,"<bound method Series.mode of carrier_id                CAR-04
carrier_name    RailChem Freight
mode                        Rail
base_otif                   0.93
Name: 3, dtype: object>",CUS-03,APAC,3.31,1,359.31,0,0
SHP-001252,2026-09,23,BAT-005275,PLT-05,CAR-02,"<bound method Series.mode of carrier_id                 CAR-02
carrier_name    EuroHaz Transport
mode                  Hazmat Road
base_otif                    0.91
Name: 1, dtype: object>",CUS-08,EMEA,46.02,1,4320.84,0,1
SHP-001253,2025-05,7,BAT-001577,PLT-03,CAR-01,"<bound method Series.mode of carrier_id                    CAR-01
carrier_name    GlobalTank Logistics
mode                     Bulk Liquid
base_otif                       0.94
Name: 0, dtype: object>",CUS-10,APAC,42.33,1,5056.01,0,0
SHP-001254,2025-12,14,BAT-003272,PLT-01,CAR-05,"<bound method Series.mode of carrier_id               CAR-05
carrier_name    AirExpress Spec
mode                        Air
base_otif                  0.96
Name: 4, dtype: object>",CUS-02,AMER,38.26,1,3783.47,0,0
SHP-001255,2026-06,20,BAT-004446,PLT-01,CAR-03,"<bound method Series.mode of carrier_id               CAR-03
carrier_name    OceanChem Lines
mode                 Ocean Bulk
base_otif                  0.88
Name: 2, dtype: object>",CUS-09,AMER,34.78,0,2902.87,0,1
SHP-001256,2026-01,15,BAT-003514,PLT-02,CAR-04,"<bound method Series.mode of carrier_id                CAR-04
carrier_name    RailChem Freight
mode                        Rail
base_otif                   0.93
Name: 3, dtype: object>",CUS-02,AMER,21.75,1,3119.56,0,0
SHP-001257,2026-01,15,BAT-003365,PLT-01,CAR-05,"<bound method Series.mode of carrier_id               CAR-05
carrier_name    AirExpress Spec
mode                        Air
base_otif                  0.96
Name: 4, dtype: object>",CUS-15,EMEA,34.08,1,4574.62,0,0
SHP-001258,2026-03,17,BAT-003877,PLT-06,CAR-03,"<bound method Series.mode of carrier_id               CAR-03
carrier_name    OceanChem Lines
mode                 Ocean Bulk
base_otif                  0.88
Name: 2, dtype: object>",CUS-06,AMER,42.48,1,2593.08,0,0
SHP-001259,2026-05,19,BAT-004367,PLT-05,CAR-05,"<bound method Series.mode of carrier_id               CAR-05
carrier_name    AirExpress Spec
mode                        Air
base_otif                  0.96
Name: 4, dtype: object>",CUS-06,AMER,10.99,1,1031.73,0,1
SHP-001260,2024-10,0,BAT-000179,PLT-04,CAR-03,"<bound method Series.mode of carrier_id               CAR-03
carrier_name    OceanChem Lines
mode                 Ocean Bulk
base_otif                  0.88
Name: 2, dtype: object>",CUS-14,APAC,67.49,1,5849.25,0,0
SHP-001261,2024-11,1,BAT-000343,PLT-03,CAR-05,"<bound method Series.mode of carrier_id               CAR-05
carrier_name    AirExpress Spec
mode                        Air
base_otif                  0.96
Name: 4, dtype: object>",CUS-13,AMER,30.51,1,3441.45,0,0
SHP-001262,2026-03,17,BAT-003839,PLT-05,CAR-02,"<bound method Series.mode of carrier_id                 CAR-02
carrier_name    EuroHaz Transport
mode                  Hazmat Road
base_otif                    0.91
Name: 1, dtype: object>",CUS-15,EMEA,55.96,1,6983.78,0,0
SHP-001263,2025-09,11,BAT-002568,PLT-05,CAR-02,"<bound method Series.mode of carrier_id                 CAR-02
carrier_name    EuroHaz Transport
mode                  Hazmat Road
base_otif                    0.91
Name: 1, dtype: object>",CUS-14,APAC,49.08,1,4530.89,0,0
SHP-001264,2026-06,20,BAT-004559,PLT-05,CAR-02,"<bound method Series.mode of carrier_id                 CAR-02
carrier_name    EuroHaz Transport
mode                  Hazmat Road
base_otif                    0.91
Name: 1, dtype: object>",CUS-03,APAC,16.9,1,2232.21,0,1
SHP-001265,2025-08,10,BAT-002360,PLT-02,CAR-02,"<bound method Series.mode of carrier_id                 CAR-02
carrier_name    EuroHaz Transport
mode                  Hazmat Road
base_otif                    0.91
Name: 1, dtype: object>",CUS-02,AMER,59.9,1,3970.06,0,0
SHP-001266,2025-12,14,BAT-003094,PLT-06,CAR-05,"<bound method Series.mode of carrier_id               CAR-05
carrier_name    AirExpress Spec
mode                        Air
base_otif                  0.96
Name: 4, dtype: object>",CUS-01,EMEA,27.66,1,3458.57,0,0
SHP-001267,2026-06,20,BAT-004570,PLT-01,CAR-04,"<bound method Series.mode of carrier_id                CAR-04
carrier_name    RailChem Freight
mode                        Rail
base_otif                   0.93
Name: 3, dtype: object>",CUS-11,EMEA,84.11,1,9305.31,0,1
SHP-001268,2026-02,16,BAT-003556,PLT-03,CAR-05,"<bound method Series.mode of carrier_id               CAR-05
carrier_name    AirExpress Spec
mode                        Air
base_otif                  0.96
Name: 4, dtype: object>",CUS-09,AMER,14.27,1,1268.09,0,0
SHP-001269,2025-04,6,BAT-001461,PLT-01,CAR-01,"<bound method Series.mode of carrier_id                    CAR-01
carrier_name    GlobalTank Logistics
mode                     Bulk Liquid
base_otif                       0.94
Name: 0, dtype: object>",CUS-14,APAC,34.59,1,4018.99,0,0
SHP-001270,2025-12,14,BAT-003199,PLT-04,CAR-04,"<bound method Series.mode of carrier_id                CAR-04
carrier_name    RailChem Freight
mode                        Rail
base_otif                   0.93
Name: 3, dtype: object>",CUS-06,AMER,43.07,1,3024.28,0,0
SHP-001271,2025-03,5,BAT-001121,PLT-06,CAR-02,"<bound method Series.mode of carrier_id                 CAR-02
carrier_name    EuroHaz Transport
mode                  Hazmat Road
base_otif                    0.91
Name: 1, dtype: object>",CUS-07,APAC,27.27,1,3399.09,0,0
SHP-001272,2025-11,13,BAT-002998,PLT-03,CAR-01,"<bound method Series.mode of carrier_id                    CAR-01
carrier_name    GlobalTank Logistics
mode                     Bulk Liquid
base_otif                       0.94
Name: 0, dtype: object>",CUS-07,APAC,66.82,1,8865.52,0,0
SHP-001273,2026-09,23,BAT-005208,PLT-01,CAR-02,"<bound method Series.mode of carrier_id                 CAR-02
carrier_name    EuroHaz Transport
mode                  Hazmat Road
base_otif                    0.91
Name: 1, dtype: object>",CUS-12,LATAM,71.46,1,9778.8,0,1
SHP-001274,2025-07,9,BAT-002005,PLT-03,CAR-04,"<bound method Series.mode of carrier_id                CAR-04
carrier_name    RailChem Freight
mode                        Rail
base_otif                   0.93
Name: 3, dtype: object>",CUS-02,AMER,19.93,1,2824.16,0,0
SHP-001275,2026-02,16,BAT-003535,PLT-03,CAR-04,"<bound method Series.mode of carrier_id                CAR-04
carrier_name    RailChem Freight
mode                        Rail
base_otif                   0.93
Name: 3, dtype: object>",CUS-09,AMER,44.82,1,3242.79,0,0
SHP-001276,2026-08,22,BAT-004944,PLT-01,CAR-02,"<bound method Series.mode of carrier_id                 CAR-02
carrier_name    EuroHaz Transport
mode                  Hazmat Road
base_otif                    0.91
Name: 1, dtype: object>",CUS-06,AMER,29.53,1,3362.85,0,1
SHP-001277,2025-01,3,BAT-000704,PLT-01,CAR-04,"<bound method Series.mode of carrier_id                CAR-04
carrier_name    RailChem Freight
mode                        Rail
base_otif                   0.93
Name: 3, dtype: object>",CUS-13,AMER,40.22,1,4034.45,0,0
SHP-001278,2026-03,17,BAT-003896,PLT-02,CAR-02,"<bound method Series.mode of carrier_id                 CAR-02
carrier_name    EuroHaz Transport
mode                  Hazmat Road
base_otif                    0.91
Name: 1, dtype: object>",CUS-10,APAC,111.6,1,14739.19,0,0
SHP-001279,2026-04,18,BAT-004104,PLT-04,CAR-01,"<bound method Series.mode of carrier_id                    CAR-01
carrier_name    GlobalTank Logistics
mode                     Bulk Liquid
base_otif                       0.94
Name: 0, dtype: object>",CUS-02,AMER,17.4,1,1286.72,0,1
SHP-001280,2026-03,17,BAT-003945,PLT-06,CAR-05,"<bound method Series.mode of carrier_id               CAR-05
carrier_name    AirExpress Spec
mode                        Air
base_otif                  0.96
Name: 4, dtype: object>",CUS-07,APAC,48.51,1,4761.57,0,0
SHP-001281,2026-01,15,BAT-003440,PLT-05,CAR-03,"<bound method Series.mode of carrier_id               CAR-03
carrier_name    OceanChem Lines
mode                 Ocean Bulk
base_otif                  0.88
Name: 2, dtype: object>",CUS-14,APAC,43.58,1,4535.67,0,0
SHP-001282,2024-12,2,BAT-000522,PLT-02,CAR-03,"<bound method Series.mode of carrier_id               CAR-03
carrier_name    OceanChem Lines
mode                 Ocean Bulk
base_otif                  0.88
Name: 2, dtype: object>",CUS-12,LATAM,26.82,1,3165.14,0,0
SHP-001283,2025-03,5,BAT-001192,PLT-04,CAR-02,"<bound method Series.mode of carrier_id                 CAR-02
carrier_name    EuroHaz Transport
mode                  Hazmat Road
base_otif                    0.91
Name: 1, dtype: object>",CUS-11,EMEA,47.89,1,3438.44,0,0
SHP-001284,2025-03,5,BAT-001120,PLT-05,CAR-04,"<bound method Series.mode of carrier_id                CAR-04
carrier_name    RailChem Freight
mode                        Rail
base_otif                   0.93
Name: 3, dtype: object>",CUS-13,AMER,25.95,1,3028.97,0,0
SHP-001285,2025-09,11,BAT-002552,PLT-05,CAR-05,"<bound method Series.mode of carrier_id               CAR-05
carrier_name    AirExpress Spec
mode                        Air
base_otif                  0.96
Name: 4, dtype: object>",CUS-05,LATAM,13.88,1,1876.33,0,0
SHP-001286,2025-12,14,BAT-003265,PLT-03,CAR-01,"<bound method Series.mode of carrier_id                    CAR-01
carrier_name    GlobalTank Logistics
mode                     Bulk Liquid
base_otif                       0.94
Name: 0, dtype: object>",CUS-05,LATAM,39.84,1,3608.96,0,0
SHP-001287,2025-10,12,BAT-002791,PLT-06,CAR-05,"<bound method Series.mode of carrier_id               CAR-05
carrier_name    AirExpress Spec
mode                        Air
base_otif                  0.96
Name: 4, dtype: object>",CUS-03,APAC,70.03,1,4201.36,0,0
SHP-001288,2024-12,2,BAT-000507,PLT-03,CAR-05,"<bound method Series.mode of carrier_id               CAR-05
carrier_name    AirExpress Spec
mode                        Air
base_otif                  0.96
Name: 4, dtype: object>",CUS-05,LATAM,26.34,1,3773.99,0,0
SHP-001289,2024-12,2,BAT-000656,PLT-04,CAR-05,"<bound method Series.mode of carrier_id               CAR-05
carrier_name    AirExpress Spec
mode                        Air
base_otif                  0.96
Name: 4, dtype: object>",CUS-12,LATAM,21.25,1,2676.17,0,0
SHP-001290,2026-06,20,BAT-004471,PLT-06,CAR-01,"<bound method Series.mode of carrier_id                    CAR-01
carrier_name    GlobalTank Logistics
mode                     Bulk Liquid
base_otif                       0.94
Name: 0, dtype: object>",CUS-15,EMEA,19.3,1,1918.83,0,1
SHP-001291,2026-06,20,BAT-004580,PLT-01,CAR-03,"<bound method Series.mode of carrier_id               CAR-03
carrier_name    OceanChem Lines
mode                 Ocean Bulk
base_otif                  0.88
Name: 2, dtype: object>",CUS-06,AMER,31.72,1,3694.36,0,1
SHP-001292,2026-03,17,BAT-003828,PLT-04,CAR-04,"<bound method Series.mode of carrier_id                CAR-04
carrier_name    RailChem Freight
mode                        Rail
base_otif                   0.93
Name: 3, dtype: object>",CUS-05,LATAM,85.22,1,8698.69,0,0
SHP-001293,2025-07,9,BAT-001982,PLT-02,CAR-05,"<bound method Series.mode of carrier_id               CAR-05
carrier_name    AirExpress Spec
mode                        Air
base_otif                  0.96
Name: 4, dtype: object>",CUS-10,APAC,65.44,1,8165.17,0,0
SHP-001294,2025-06,8,BAT-001943,PLT-03,CAR-05,"<bound method Series.mode of carrier_id               CAR-05
carrier_name    AirExpress Spec
mode                        Air
base_otif                  0.96
Name: 4, dtype: object>",CUS-02,AMER,16.52,1,1415.31,0,0
SHP-001295,2026-03,17,BAT-003785,PLT-03,CAR-05,"<bound method Series.mode of carrier_id               CAR-05
carrier_name    AirExpress Spec
mode                        Air
base_otif                  0.96
Name: 4, dtype: object>",CUS-15,EMEA,19.99,1,1601.35,0,0
SHP-001296,2024-11,1,BAT-000402,PLT-03,CAR-03,"<bound method Series.mode of carrier_id               CAR-03
carrier_name    OceanChem Lines
mode                 Ocean Bulk
base_otif                  0.88
Name: 2, dtype: object>",CUS-15,EMEA,26.95,1,1983.97,0,0
SHP-001297,2025-10,12,BAT-002641,PLT-06,CAR-01,"<bound method Series.mode of carrier_id                    CAR-01
carrier_name    GlobalTank Logistics
mode                     Bulk Liquid
base_otif                       0.94
Name: 0, dtype: object>",CUS-13,AMER,40.63,1,4816.17,0,0
SHP-001298,2024-12,2,BAT-000450,PLT-02,CAR-01,"<bound method Series.mode of carrier_id                    CAR-01
carrier_name    GlobalTank Logistics
mode                     Bulk Liquid
base_otif                       0.94
Name: 0, dtype: object>",CUS-12,LATAM,21.38,1,1260.77,0,0
SHP-001299,2025-05,7,BAT-001669,PLT-04,CAR-02,"<bound method Series.mode of carrier_id                 CAR-02
carrier_name    EuroHaz Transport
mode                  Hazmat Road
base_otif                    0.91
Name: 1, dtype: object>",CUS-09,AMER,95.19,1,8970.5,0,0
SHP-001300,2026-01,15,BAT-003466,PLT-05,CAR-02,"<bound method Series.mode of carrier_id                 CAR-02
carrier_name    EuroHaz Transport
mode                  Hazmat Road
base_otif                    0.91
Name: 1, dtype: object>",CUS-02,AMER,21.19,1,2578.25,0,0
SHP-001301,2026-01,15,BAT-003499,PLT-05,CAR-03,"<bound method Series.mode of carrier_id               CAR-03
carrier_name    OceanChem Lines
mode                 Ocean Bulk
base_otif                  0.88
Name: 2, dtype: object>",CUS-09,AMER,42.84,1,5234.74,0,0
SHP-001302,2025-08,10,BAT-002362,PLT-05,CAR-04,"<bound method Series.mode of carrier_id                CAR-04
carrier_name    RailChem Freight
mode                        Rail
base_otif                   0.93
Name: 3, dtype: object>",CUS-04,EMEA,35.21,0,4898.76,0,0
SHP-001303,2025-03,5,BAT-001245,PLT-02,CAR-01,"<bound method Series.mode of carrier_id                    CAR-01
carrier_name    GlobalTank Logistics
mode                     Bulk Liquid
base_otif                       0.94
Name: 0, dtype: object>",CUS-09,AMER,32.95,1,2145.81,0,0
SHP-001304,2026-05,19,BAT-004185,PLT-06,CAR-05,"<bound method Series.mode of carrier_id               CAR-05
carrier_name    AirExpress Spec
mode                        Air
base_otif                  0.96
Name: 4, dtype: object>",CUS-12,LATAM,63.38,1,4408.84,0,1
SHP-001305,2025-04,6,BAT-001453,PLT-05,CAR-01,"<bound method Series.mode of carrier_id                    CAR-01
carrier_name    GlobalTank Logistics
mode                     Bulk Liquid
base_otif                       0.94
Name: 0, dtype: object>",CUS-09,AMER,0.72,1,94.83,0,0
SHP-001306,2025-05,7,BAT-001574,PLT-03,CAR-02,"<bound method Series.mode of carrier_id                 CAR-02
carrier_name    EuroHaz Transport
mode                  Hazmat Road
base_otif                    0.91
Name: 1, dtype: object>",CUS-14,APAC,29.75,1,4072.77,0,0
SHP-001307,2025-01,3,BAT-000662,PLT-01,CAR-01,"<bound method Series.mode of carrier_id                    CAR-01
carrier_name    GlobalTank Logistics
mode                     Bulk Liquid
base_otif                       0.94
Name: 0, dtype: object>",CUS-13,AMER,42.35,1,4409.07,0,0
SHP-001308,2026-02,16,BAT-003648,PLT-03,CAR-05,"<bound method Series.mode of carrier_id               CAR-05
carrier_name    AirExpress Spec
mode                        Air
base_otif                  0.96
Name: 4, dtype: object>",CUS-02,AMER,55.99,1,3260.66,0,0
SHP-001309,2025-08,10,BAT-002316,PLT-02,CAR-05,"<bound method Series.mode of carrier_id               CAR-05
carrier_name    AirExpress Spec
mode                        Air
base_otif                  0.96
Name: 4, dtype: object>",CUS-08,EMEA,116.17,1,10232.42,0,0
SHP-001310,2026-01,15,BAT-003482,PLT-01,CAR-01,"<bound method Series.mode of carrier_id                    CAR-01
carrier_name    GlobalTank Logistics
mode                     Bulk Liquid
base_otif                       0.94
Name: 0, dtype: object>",CUS-14,APAC,26.88,1,3726.67,0,0
SHP-001311,2026-09,23,BAT-005196,PLT-06,CAR-02,"<bound method Series.mode of carrier_id                 CAR-02
carrier_name    EuroHaz Transport
mode                  Hazmat Road
base_otif                    0.91
Name: 1, dtype: object>",CUS-09,AMER,38.94,1,2759.64,0,1
SHP-001312,2026-04,18,BAT-003976,PLT-06,CAR-04,"<bound method Series.mode of carrier_id                CAR-04
carrier_name    RailChem Freight
mode                        Rail
base_otif                   0.93
Name: 3, dtype: object>",CUS-10,APAC,30.01,1,2938.1,0,1
SHP-001313,2026-03,17,BAT-003749,PLT-03,CAR-02,"<bound method Series.mode of carrier_id                 CAR-02
carrier_name    EuroHaz Transport
mode                  Hazmat Road
base_otif                    0.91
Name: 1, dtype: object>",CUS-06,AMER,27.2,1,2912.22,0,0
SHP-001314,2025-06,8,BAT-001845,PLT-02,CAR-02,"<bound method Series.mode of carrier_id                 CAR-02
carrier_name    EuroHaz Transport
mode                  Hazmat Road
base_otif                    0.91
Name: 1, dtype: object>",CUS-11,EMEA,102.34,1,12299.61,0,0
SHP-001315,2025-11,13,BAT-002959,PLT-03,CAR-02,"<bound method Series.mode of carrier_id                 CAR-02
carrier_name    EuroHaz Transport
mode                  Hazmat Road
base_otif                    0.91
Name: 1, dtype: object>",CUS-13,AMER,48.57,1,5996.01,0,0
SHP-001316,2026-03,17,BAT-003928,PLT-03,CAR-02,"<bound method Series.mode of carrier_id                 CAR-02
carrier_name    EuroHaz Transport
mode                  Hazmat Road
base_otif                    0.91
Name: 1, dtype: object>",CUS-10,APAC,39.28,1,2814.54,1,0
SHP-001317,2025-09,11,BAT-002513,PLT-05,CAR-02,"<bound method Series.mode of carrier_id                 CAR-02
carrier_name    EuroHaz Transport
mode                  Hazmat Road
base_otif                    0.91
Name: 1, dtype: object>",CUS-08,EMEA,52.08,1,3029.11,0,0
SHP-001318,2026-05,19,BAT-004233,PLT-06,CAR-03,"<bound method Series.mode of carrier_id               CAR-03
carrier_name    OceanChem Lines
mode                 Ocean Bulk
base_otif                  0.88
Name: 2, dtype: object>",CUS-13,AMER,83.54,1,9963.07,0,1
SHP-001319,2026-01,15,BAT-003315,PLT-01,CAR-04,"<bound method Series.mode of carrier_id                CAR-04
carrier_name    RailChem Freight
mode                        Rail
base_otif                   0.93
Name: 3, dtype: object>",CUS-07,APAC,53.94,1,4720.94,0,0
SHP-001320,2024-12,2,BAT-000535,PLT-05,CAR-01,"<bound method Series.mode of carrier_id                    CAR-01
carrier_name    GlobalTank Logistics
mode                     Bulk Liquid
base_otif                       0.94
Name: 0, dtype: object>",CUS-13,AMER,1.31,1,97.49,0,0
SHP-001321,2025-04,6,BAT-001462,PLT-02,CAR-02,"<bound method Series.mode of carrier_id                 CAR-02
carrier_name    EuroHaz Transport
mode                  Hazmat Road
base_otif                    0.91
Name: 1, dtype: object>",CUS-11,EMEA,26.23,1,1903.53,0,0
SHP-001322,2025-04,6,BAT-001336,PLT-04,CAR-05,"<bound method Series.mode of carrier_id               CAR-05
carrier_name    AirExpress Spec
mode                        Air
base_otif                  0.96
Name: 4, dtype: object>",CUS-07,APAC,49.59,1,6570.75,0,0
SHP-001323,2024-11,1,BAT-000230,PLT-01,CAR-01,"<bound method Series.mode of carrier_id                    CAR-01
carrier_name    GlobalTank Logistics
mode                     Bulk Liquid
base_otif                       0.94
Name: 0, dtype: object>",CUS-14,APAC,20.28,1,1720.86,0,0
SHP-001324,2026-08,22,BAT-004986,PLT-06,CAR-02,"<bound method Series.mode of carrier_id                 CAR-02
carrier_name    EuroHaz Transport
mode                  Hazmat Road
base_otif                    0.91
Name: 1, dtype: object>",CUS-02,AMER,44.79,1,2946.43,0,1
SHP-001325,2026-03,17,BAT-003959,PLT-03,CAR-04,"<bound method Series.mode of carrier_id                CAR-04
carrier_name    RailChem Freight
mode                        Rail
base_otif                   0.93
Name: 3, dtype: object>",CUS-07,APAC,74.62,0,9058.1,0,0
SHP-001326,2025-08,10,BAT-002342,PLT-06,CAR-04,"<bound method Series.mode of carrier_id                CAR-04
carrier_name    RailChem Freight
mode                        Rail
base_otif                   0.93
Name: 3, dtype: object>",CUS-10,APAC,21.97,1,3074.1,0,0
SHP-001327,2026-09,23,BAT-005083,PLT-06,CAR-01,"<bound method Series.mode of carrier_id                    CAR-01
carrier_name    GlobalTank Logistics
mode                     Bulk Liquid
base_otif                       0.94
Name: 0, dtype: object>",CUS-04,EMEA,42.11,1,4570.59,0,1
SHP-001328,2024-12,2,BAT-000502,PLT-02,CAR-04,"<bound method Series.mode of carrier_id                CAR-04
carrier_name    RailChem Freight
mode                        Rail
base_otif                   0.93
Name: 3, dtype: object>",CUS-13,AMER,70.99,1,9594.2,0,0
SHP-001329,2025-01,3,BAT-000852,PLT-02,CAR-04,"<bound method Series.mode of carrier_id                CAR-04
carrier_name    RailChem Freight
mode                        Rail
base_otif                   0.93
Name: 3, dtype: object>",CUS-11,EMEA,35.05,1,3731.95,0,0
SHP-001330,2024-12,2,BAT-000647,PLT-02,CAR-05,"<bound method Series.mode of carrier_id               CAR-05
carrier_name    AirExpress Spec
mode                        Air
base_otif                  0.96
Name: 4, dtype: object>",CUS-11,EMEA,44.19,1,3634.7,0,0
SHP-001331,2025-05,7,BAT-001626,PLT-05,CAR-02,"<bound method Series.mode of carrier_id                 CAR-02
carrier_name    EuroHaz Transport
mode                  Hazmat Road
base_otif                    0.91
Name: 1, dtype: object>",CUS-06,AMER,41.53,1,5623.29,0,0
SHP-001332,2024-11,1,BAT-000235,PLT-06,CAR-05,"<bound method Series.mode of carrier_id               CAR-05
carrier_name    AirExpress Spec
mode                        Air
base_otif                  0.96
Name: 4, dtype: object>",CUS-15,EMEA,57.79,1,6418.36,0,0
SHP-001333,2026-01,15,BAT-003435,PLT-06,CAR-02,"<bound method Series.mode of carrier_id                 CAR-02
carrier_name    EuroHaz Transport
mode                  Hazmat Road
base_otif                    0.91
Name: 1, dtype: object>",CUS-06,AMER,61.33,1,4489.05,0,0
SHP-001334,2026-06,20,BAT-004557,PLT-05,CAR-01,"<bound method Series.mode of carrier_id                    CAR-01
carrier_name    GlobalTank Logistics
mode                     Bulk Liquid
base_otif                       0.94
Name: 0, dtype: object>",CUS-03,APAC,39.21,1,2541.89,0,1
SHP-001335,2025-01,3,BAT-000840,PLT-04,CAR-02,"<bound method Series.mode of carrier_id                 CAR-02
carrier_name    EuroHaz Transport
mode                  Hazmat Road
base_otif                    0.91
Name: 1, dtype: object>",CUS-15,EMEA,1.41,1,104.66,0,0
SHP-001336,2026-07,21,BAT-004751,PLT-06,CAR-01,"<bound method Series.mode of carrier_id                    CAR-01
carrier_name    GlobalTank Logistics
mode                     Bulk Liquid
base_otif                       0.94
Name: 0, dtype: object>",CUS-11,EMEA,35.39,1,4485.76,0,1
SHP-001337,2024-10,0,BAT-000078,PLT-03,CAR-02,"<bound method Series.mode of carrier_id                 CAR-02
carrier_name    EuroHaz Transport
mode                  Hazmat Road
base_otif                    0.91
Name: 1, dtype: object>",CUS-09,AMER,72.23,1,5955.2,0,0
SHP-001338,2026-06,20,BAT-004423,PLT-06,CAR-04,"<bound method Series.mode of carrier_id                CAR-04
carrier_name    RailChem Freight
mode                        Rail
base_otif                   0.93
Name: 3, dtype: object>",CUS-06,AMER,43.25,1,2924.06,0,1
SHP-001339,2025-06,8,BAT-001900,PLT-01,CAR-04,"<bound method Series.mode of carrier_id                CAR-04
carrier_name    RailChem Freight
mode                        Rail
base_otif                   0.93
Name: 3, dtype: object>",CUS-07,APAC,40.67,1,2391.78,0,0
SHP-001340,2026-08,22,BAT-004844,PLT-02,CAR-03,"<bound method Series.mode of carrier_id               CAR-03
carrier_name    OceanChem Lines
mode                 Ocean Bulk
base_otif                  0.88
Name: 2, dtype: object>",CUS-14,APAC,26.14,1,3323.28,0,1
SHP-001341,2026-05,19,BAT-004362,PLT-01,CAR-03,"<bound method Series.mode of carrier_id               CAR-03
carrier_name    OceanChem Lines
mode                 Ocean Bulk
base_otif                  0.88
Name: 2, dtype: object>",CUS-06,AMER,21.25,1,1370.7,1,1
SHP-001342,2026-07,21,BAT-004706,PLT-02,CAR-04,"<bound method Series.mode of carrier_id                CAR-04
carrier_name    RailChem Freight
mode                        Rail
base_otif                   0.93
Name: 3, dtype: object>",CUS-01,EMEA,39.8,1,3533.04,0,1
SHP-001343,2024-11,1,BAT-000351,PLT-03,CAR-02,"<bound method Series.mode of carrier_id                 CAR-02
carrier_name    EuroHaz Transport
mode                  Hazmat Road
base_otif                    0.91
Name: 1, dtype: object>",CUS-11,EMEA,9.97,1,1349.55,0,0
SHP-001344,2026-08,22,BAT-004929,PLT-06,CAR-04,"<bound method Series.mode of carrier_id                CAR-04
carrier_name    RailChem Freight
mode                        Rail
base_otif                   0.93
Name: 3, dtype: object>",CUS-14,APAC,31.49,1,3012.63,0,1
SHP-001345,2024-10,0,BAT-000070,PLT-02,CAR-05,"<bound method Series.mode of carrier_id               CAR-05
carrier_name    AirExpress Spec
mode                        Air
base_otif                  0.96
Name: 4, dtype: object>",CUS-02,AMER,75.0,1,9801.07,0,0
SHP-001346,2025-08,10,BAT-002224,PLT-03,CAR-05,"<bound method Series.mode of carrier_id               CAR-05
carrier_name    AirExpress Spec
mode                        Air
base_otif                  0.96
Name: 4, dtype: object>",CUS-06,AMER,68.86,1,5127.92,0,0
SHP-001347,2026-02,16,BAT-003584,PLT-06,CAR-05,"<bound method Series.mode of carrier_id               CAR-05
carrier_name    AirExpress Spec
mode                        Air
base_otif                  0.96
Name: 4, dtype: object>",CUS-01,EMEA,82.71,1,9864.18,1,0
SHP-001348,2025-03,5,BAT-001313,PLT-04,CAR-02,"<bound method Series.mode of carrier_id                 CAR-02
carrier_name    EuroHaz Transport
mode                  Hazmat Road
base_otif                    0.91
Name: 1, dtype: object>",CUS-13,AMER,62.43,1,3882.47,0,0
SHP-001349,2025-07,9,BAT-002186,PLT-05,CAR-03,"<bound method Series.mode of carrier_id               CAR-03
carrier_name    OceanChem Lines
mode                 Ocean Bulk
base_otif                  0.88
Name: 2, dtype: object>",CUS-15,EMEA,46.31,1,3803.52,0,0
SHP-001350,2026-07,21,BAT-004643,PLT-04,CAR-05,"<bound method Series.mode of carrier_id               CAR-05
carrier_name    AirExpress Spec
mode                        Air
base_otif                  0.96
Name: 4, dtype: object>",CUS-07,APAC,50.94,1,3550.94,0,1
SHP-001351,2025-10,12,BAT-002825,PLT-03,CAR-04,"<bound method Series.mode of carrier_id                CAR-04
carrier_name    RailChem Freight
mode                        Rail
base_otif                   0.93
Name: 3, dtype: object>",CUS-12,LATAM,40.11,1,4858.46,0,0
SHP-001352,2025-02,4,BAT-001055,PLT-04,CAR-01,"<bound method Series.mode of carrier_id                    CAR-01
carrier_name    GlobalTank Logistics
mode                     Bulk Liquid
base_otif                       0.94
Name: 0, dtype: object>",CUS-09,AMER,45.32,1,5410.84,0,0
SHP-001353,2026-05,19,BAT-004240,PLT-05,CAR-05,"<bound method Series.mode of carrier_id               CAR-05
carrier_name    AirExpress Spec
mode                        Air
base_otif                  0.96
Name: 4, dtype: object>",CUS-02,AMER,35.67,1,3867.91,0,1
SHP-001354,2026-05,19,BAT-004400,PLT-03,CAR-03,"<bound method Series.mode of carrier_id               CAR-03
carrier_name    OceanChem Lines
mode                 Ocean Bulk
base_otif                  0.88
Name: 2, dtype: object>",CUS-03,APAC,21.12,1,3050.5,0,1
SHP-001355,2025-11,13,BAT-003026,PLT-02,CAR-02,"<bound method Series.mode of carrier_id                 CAR-02
carrier_name    EuroHaz Transport
mode                  Hazmat Road
base_otif                    0.91
Name: 1, dtype: object>",CUS-13,AMER,20.6,1,2476.99,0,0
SHP-001356,2026-04,18,BAT-004165,PLT-06,CAR-01,"<bound method Series.mode of carrier_id                    CAR-01
carrier_name    GlobalTank Logistics
mode                     Bulk Liquid
base_otif                       0.94
Name: 0, dtype: object>",CUS-12,LATAM,29.03,1,2791.26,0,1
SHP-001357,2026-09,23,BAT-005179,PLT-05,CAR-01,"<bound method Series.mode of carrier_id                    CAR-01
carrier_name    GlobalTank Logistics
mode                     Bulk Liquid
base_otif                       0.94
Name: 0, dtype: object>",CUS-14,APAC,38.9,1,5573.64,0,1
SHP-001358,2026-01,15,BAT-003398,PLT-04,CAR-02,"<bound method Series.mode of carrier_id                 CAR-02
carrier_name    EuroHaz Transport
mode                  Hazmat Road
base_otif                    0.91
Name: 1, dtype: object>",CUS-11,EMEA,32.92,0,3078.48,0,0
SHP-001359,2026-09,23,BAT-005122,PLT-04,CAR-02,"<bound method Series.mode of carrier_id                 CAR-02
carrier_name    EuroHaz Transport
mode                  Hazmat Road
base_otif                    0.91
Name: 1, dtype: object>",CUS-03,APAC,82.64,1,6366.13,0,1
SHP-001360,2025-04,6,BAT-001490,PLT-06,CAR-04,"<bound method Series.mode of carrier_id                CAR-04
carrier_name    RailChem Freight
mode                        Rail
base_otif                   0.93
Name: 3, dtype: object>",CUS-03,APAC,29.02,1,2432.85,0,0
SHP-001361,2025-02,4,BAT-001074,PLT-03,CAR-02,"<bound method Series.mode of carrier_id                 CAR-02
carrier_name    EuroHaz Transport
mode                  Hazmat Road
base_otif                    0.91
Name: 1, dtype: object>",CUS-06,AMER,37.46,1,3808.71,0,0
SHP-001362,2025-02,4,BAT-000970,PLT-03,CAR-02,"<bound method Series.mode of carrier_id                 CAR-02
carrier_name    EuroHaz Transport
mode                  Hazmat Road
base_otif                    0.91
Name: 1, dtype: object>",CUS-13,AMER,21.16,1,1293.47,0,0
SHP-001363,2025-09,11,BAT-002574,PLT-01,CAR-05,"<bound method Series.mode of carrier_id               CAR-05
carrier_name    AirExpress Spec
mode                        Air
base_otif                  0.96
Name: 4, dtype: object>",CUS-06,AMER,28.27,1,1836.22,0,0
SHP-001364,2026-03,17,BAT-003851,PLT-03,CAR-02,"<bound method Series.mode of carrier_id                 CAR-02
carrier_name    EuroHaz Transport
mode                  Hazmat Road
base_otif                    0.91
Name: 1, dtype: object>",CUS-07,APAC,16.93,1,2057.47,0,0
SHP-001365,2026-08,22,BAT-004952,PLT-02,CAR-04,"<bound method Series.mode of carrier_id                CAR-04
carrier_name    RailChem Freight
mode                        Rail
base_otif                   0.93
Name: 3, dtype: object>",CUS-02,AMER,19.59,1,1397.88,0,1
SHP-001366,2026-09,23,BAT-005206,PLT-04,CAR-03,"<bound method Series.mode of carrier_id               CAR-03
carrier_name    OceanChem Lines
mode                 Ocean Bulk
base_otif                  0.88
Name: 2, dtype: object>",CUS-15,EMEA,33.78,1,3303.06,0,1
SHP-001367,2025-10,12,BAT-002798,PLT-05,CAR-01,"<bound method Series.mode of carrier_id                    CAR-01
carrier_name    GlobalTank Logistics
mode                     Bulk Liquid
base_otif                       0.94
Name: 0, dtype: object>",CUS-09,AMER,20.22,1,2914.47,0,0
SHP-001368,2026-08,22,BAT-004956,PLT-02,CAR-02,"<bound method Series.mode of carrier_id                 CAR-02
carrier_name    EuroHaz Transport
mode                  Hazmat Road
base_otif                    0.91
Name: 1, dtype: object>",CUS-01,EMEA,17.24,1,1313.45,0,1
SHP-001369,2026-06,20,BAT-004601,PLT-03,CAR-01,"<bound method Series.mode of carrier_id                    CAR-01
carrier_name    GlobalTank Logistics
mode                     Bulk Liquid
base_otif                       0.94
Name: 0, dtype: object>",CUS-04,EMEA,26.06,1,1915.18,0,1
SHP-001370,2025-05,7,BAT-001628,PLT-01,CAR-04,"<bound method Series.mode of carrier_id                CAR-04
carrier_name    RailChem Freight
mode                        Rail
base_otif                   0.93
Name: 3, dtype: object>",CUS-09,AMER,49.46,1,5027.43,0,0
SHP-001371,2025-04,6,BAT-001391,PLT-02,CAR-05,"<bound method Series.mode of carrier_id               CAR-05
carrier_name    AirExpress Spec
mode                        Air
base_otif                  0.96
Name: 4, dtype: object>",CUS-12,LATAM,38.21,1,2384.31,0,0
SHP-001372,2026-02,16,BAT-003630,PLT-06,CAR-05,"<bound method Series.mode of carrier_id               CAR-05
carrier_name    AirExpress Spec
mode                        Air
base_otif                  0.96
Name: 4, dtype: object>",CUS-14,APAC,39.08,1,2501.92,0,0
SHP-001373,2025-01,3,BAT-000740,PLT-04,CAR-03,"<bound method Series.mode of carrier_id               CAR-03
carrier_name    OceanChem Lines
mode                 Ocean Bulk
base_otif                  0.88
Name: 2, dtype: object>",CUS-01,EMEA,83.99,1,9734.57,0,0
SHP-001374,2026-03,17,BAT-003765,PLT-01,CAR-01,"<bound method Series.mode of carrier_id                    CAR-01
carrier_name    GlobalTank Logistics
mode                     Bulk Liquid
base_otif                       0.94
Name: 0, dtype: object>",CUS-15,EMEA,25.7,1,3445.7,0,0
SHP-001375,2025-09,11,BAT-002624,PLT-04,CAR-01,"<bound method Series.mode of carrier_id                    CAR-01
carrier_name    GlobalTank Logistics
mode                     Bulk Liquid
base_otif                       0.94
Name: 0, dtype: object>",CUS-13,AMER,28.3,1,2457.71,0,0
SHP-001376,2024-12,2,BAT-000596,PLT-06,CAR-05,"<bound method Series.mode of carrier_id               CAR-05
carrier_name    AirExpress Spec
mode                        Air
base_otif                  0.96
Name: 4, dtype: object>",CUS-08,EMEA,70.35,1,6301.08,0,0
SHP-001377,2024-11,1,BAT-000288,PLT-01,CAR-01,"<bound method Series.mode of carrier_id                    CAR-01
carrier_name    GlobalTank Logistics
mode                     Bulk Liquid
base_otif                       0.94
Name: 0, dtype: object>",CUS-06,AMER,77.67,0,10334.54,0,0
SHP-001378,2025-02,4,BAT-000989,PLT-03,CAR-04,"<bound method Series.mode of carrier_id                CAR-04
carrier_name    RailChem Freight
mode                        Rail
base_otif                   0.93
Name: 3, dtype: object>",CUS-15,EMEA,69.03,1,8176.64,0,0
SHP-001379,2026-06,20,BAT-004420,PLT-06,CAR-02,"<bound method Series.mode of carrier_id                 CAR-02
carrier_name    EuroHaz Transport
mode                  Hazmat Road
base_otif                    0.91
Name: 1, dtype: object>",CUS-05,LATAM,31.03,1,3967.35,0,1
SHP-001380,2025-09,11,BAT-002581,PLT-02,CAR-03,"<bound method Series.mode of carrier_id               CAR-03
carrier_name    OceanChem Lines
mode                 Ocean Bulk
base_otif                  0.88
Name: 2, dtype: object>",CUS-08,EMEA,38.77,1,5337.13,0,0
SHP-001381,2025-12,14,BAT-003186,PLT-02,CAR-03,"<bound method Series.mode of carrier_id               CAR-03
carrier_name    OceanChem Lines
mode                 Ocean Bulk
base_otif                  0.88
Name: 2, dtype: object>",CUS-11,EMEA,25.53,1,2558.96,0,0
SHP-001382,2026-02,16,BAT-003728,PLT-02,CAR-01,"<bound method Series.mode of carrier_id                    CAR-01
carrier_name    GlobalTank Logistics
mode                     Bulk Liquid
base_otif                       0.94
Name: 0, dtype: object>",CUS-04,EMEA,85.69,1,6353.24,0,0
SHP-001383,2024-11,1,BAT-000373,PLT-03,CAR-02,"<bound method Series.mode of carrier_id                 CAR-02
carrier_name    EuroHaz Transport
mode                  Hazmat Road
base_otif                    0.91
Name: 1, dtype: object>",CUS-02,AMER,47.12,1,4813.59,0,0
SHP-001384,2024-11,1,BAT-000320,PLT-02,CAR-03,"<bound method Series.mode of carrier_id               CAR-03
carrier_name    OceanChem Lines
mode                 Ocean Bulk
base_otif                  0.88
Name: 2, dtype: object>",CUS-09,AMER,25.51,1,2200.48,0,0
SHP-001385,2026-08,22,BAT-004999,PLT-01,CAR-05,"<bound method Series.mode of carrier_id               CAR-05
carrier_name    AirExpress Spec
mode                        Air
base_otif                  0.96
Name: 4, dtype: object>",CUS-05,LATAM,57.62,1,3887.37,0,1
SHP-001386,2026-07,21,BAT-004839,PLT-05,CAR-02,"<bound method Series.mode of carrier_id                 CAR-02
carrier_name    EuroHaz Transport
mode                  Hazmat Road
base_otif                    0.91
Name: 1, dtype: object>",CUS-04,EMEA,44.73,1,5810.67,0,1
SHP-001387,2026-09,23,BAT-005274,PLT-03,CAR-03,"<bound method Series.mode of carrier_id               CAR-03
carrier_name    OceanChem Lines
mode                 Ocean Bulk
base_otif                  0.88
Name: 2, dtype: object>",CUS-01,EMEA,55.13,1,7145.71,0,1
SHP-001388,2025-10,12,BAT-002859,PLT-03,CAR-04,"<bound method Series.mode of carrier_id                CAR-04
carrier_name    RailChem Freight
mode                        Rail
base_otif                   0.93
Name: 3, dtype: object>",CUS-06,AMER,15.84,1,1229.08,0,0
SHP-001389,2026-07,21,BAT-004801,PLT-05,CAR-01,"<bound method Series.mode of carrier_id                    CAR-01
carrier_name    GlobalTank Logistics
mode                     Bulk Liquid
base_otif                       0.94
Name: 0, dtype: object>",CUS-09,AMER,45.58,1,6427.49,0,1
SHP-001390,2025-07,9,BAT-002033,PLT-06,CAR-03,"<bound method Series.mode of carrier_id               CAR-03
carrier_name    OceanChem Lines
mode                 Ocean Bulk
base_otif                  0.88
Name: 2, dtype: object>",CUS-04,EMEA,13.48,0,1615.76,0,0
SHP-001391,2024-10,0,BAT-000201,PLT-05,CAR-03,"<bound method Series.mode of carrier_id               CAR-03
carrier_name    OceanChem Lines
mode                 Ocean Bulk
base_otif                  0.88
Name: 2, dtype: object>",CUS-12,LATAM,17.91,1,1103.9,0,0
SHP-001392,2024-10,0,BAT-000040,PLT-05,CAR-02,"<bound method Series.mode of carrier_id                 CAR-02
carrier_name    EuroHaz Transport
mode                  Hazmat Road
base_otif                    0.91
Name: 1, dtype: object>",CUS-08,EMEA,1.89,1,260.23,0,0
SHP-001393,2025-03,5,BAT-001318,PLT-01,CAR-02,"<bound method Series.mode of carrier_id                 CAR-02
carrier_name    EuroHaz Transport
mode                  Hazmat Road
base_otif                    0.91
Name: 1, dtype: object>",CUS-07,APAC,50.42,1,6610.11,0,0
SHP-001394,2026-06,20,BAT-004536,PLT-01,CAR-05,"<bound method Series.mode of carrier_id               CAR-05
carrier_name    AirExpress Spec
mode                        Air
base_otif                  0.96
Name: 4, dtype: object>",CUS-04,EMEA,38.5,1,4393.99,0,1
SHP-001395,2025-07,9,BAT-001994,PLT-05,CAR-03,"<bound method Series.mode of carrier_id               CAR-03
carrier_name    OceanChem Lines
mode                 Ocean Bulk
base_otif                  0.88
Name: 2, dtype: object>",CUS-07,APAC,28.06,1,1641.71,0,0
SHP-001396,2026-03,17,BAT-003936,PLT-06,CAR-01,"<bound method Series.mode of carrier_id                    CAR-01
carrier_name    GlobalTank Logistics
mode                     Bulk Liquid
base_otif                       0.94
Name: 0, dtype: object>",CUS-04,EMEA,52.81,1,3210.64,0,0
SHP-001397,2025-01,3,BAT-000836,PLT-06,CAR-03,"<bound method Series.mode of carrier_id               CAR-03
carrier_name    OceanChem Lines
mode                 Ocean Bulk
base_otif                  0.88
Name: 2, dtype: object>",CUS-14,APAC,62.77,1,8564.66,0,0
SHP-001398,2024-12,2,BAT-000639,PLT-06,CAR-02,"<bound method Series.mode of carrier_id                 CAR-02
carrier_name    EuroHaz Transport
mode                  Hazmat Road
base_otif                    0.91
Name: 1, dtype: object>",CUS-14,APAC,63.92,1,5261.49,0,0
SHP-001399,2025-01,3,BAT-000826,PLT-06,CAR-02,"<bound method Series.mode of carrier_id                 CAR-02
carrier_name    EuroHaz Transport
mode                  Hazmat Road
base_otif                    0.91
Name: 1, dtype: object>",CUS-08,EMEA,63.06,1,6969.24,0,0
SHP-001400,2025-11,13,BAT-002887,PLT-04,CAR-05,"<bound method Series.mode of carrier_id               CAR-05
carrier_name    AirExpress Spec
mode                        Air
base_otif                  0.96
Name: 4, dtype: object>",CUS-02,AMER,57.67,1,5003.64,0,0
SHP-001401,2025-12,14,BAT-003227,PLT-03,CAR-01,"<bound method Series.mode of carrier_id                    CAR-01
carrier_name    GlobalTank Logistics
mode                     Bulk Liquid
base_otif                       0.94
Name: 0, dtype: object>",CUS-11,EMEA,12.82,1,1270.18,0,0
SHP-001402,2026-02,16,BAT-003618,PLT-04,CAR-01,"<bound method Series.mode of carrier_id                    CAR-01
carrier_name    GlobalTank Logistics
mode                     Bulk Liquid
base_otif                       0.94
Name: 0, dtype: object>",CUS-11,EMEA,30.65,1,4287.74,0,0
SHP-001403,2026-07,21,BAT-004825,PLT-02,CAR-02,"<bound method Series.mode of carrier_id                 CAR-02
carrier_name    EuroHaz Transport
mode                  Hazmat Road
base_otif                    0.91
Name: 1, dtype: object>",CUS-06,AMER,65.98,1,9339.31,0,1
SHP-001404,2025-09,11,BAT-002504,PLT-06,CAR-01,"<bound method Series.mode of carrier_id                    CAR-01
carrier_name    GlobalTank Logistics
mode                     Bulk Liquid
base_otif                       0.94
Name: 0, dtype: object>",CUS-04,EMEA,32.75,1,3113.61,0,0
SHP-001405,2026-01,15,BAT-003317,PLT-05,CAR-03,"<bound method Series.mode of carrier_id               CAR-03
carrier_name    OceanChem Lines
mode                 Ocean Bulk
base_otif                  0.88
Name: 2, dtype: object>",CUS-03,APAC,18.02,1,1284.18,0,0
SHP-001406,2025-04,6,BAT-001540,PLT-06,CAR-03,"<bound method Series.mode of carrier_id               CAR-03
carrier_name    OceanChem Lines
mode                 Ocean Bulk
base_otif                  0.88
Name: 2, dtype: object>",CUS-15,EMEA,36.47,0,2679.42,0,0
SHP-001407,2026-05,19,BAT-004195,PLT-01,CAR-03,"<bound method Series.mode of carrier_id               CAR-03
carrier_name    OceanChem Lines
mode                 Ocean Bulk
base_otif                  0.88
Name: 2, dtype: object>",CUS-01,EMEA,44.71,1,4599.48,0,1
SHP-001408,2024-12,2,BAT-000651,PLT-05,CAR-04,"<bound method Series.mode of carrier_id                CAR-04
carrier_name    RailChem Freight
mode                        Rail
base_otif                   0.93
Name: 3, dtype: object>",CUS-01,EMEA,46.0,0,4393.14,0,0
SHP-001409,2026-02,16,BAT-003602,PLT-01,CAR-03,"<bound method Series.mode of carrier_id               CAR-03
carrier_name    OceanChem Lines
mode                 Ocean Bulk
base_otif                  0.88
Name: 2, dtype: object>",CUS-03,APAC,44.71,1,3705.75,0,0
SHP-001410,2026-08,22,BAT-004966,PLT-01,CAR-05,"<bound method Series.mode of carrier_id               CAR-05
carrier_name    AirExpress Spec
mode                        Air
base_otif                  0.96
Name: 4, dtype: object>",CUS-15,EMEA,21.11,1,2781.83,0,1
SHP-001411,2025-12,14,BAT-003112,PLT-06,CAR-05,"<bound method Series.mode of carrier_id               CAR-05
carrier_name    AirExpress Spec
mode                        Air
base_otif                  0.96
Name: 4, dtype: object>",CUS-10,APAC,18.09,0,2178.94,0,0
SHP-001412,2025-09,11,BAT-002495,PLT-06,CAR-05,"<bound method Series.mode of carrier_id               CAR-05
carrier_name    AirExpress Spec
mode                        Air
base_otif                  0.96
Name: 4, dtype: object>",CUS-14,APAC,50.48,1,7207.5,0,0
SHP-001413,2025-02,4,BAT-000903,PLT-06,CAR-01,"<bound method Series.mode of carrier_id                    CAR-01
carrier_name    GlobalTank Logistics
mode                     Bulk Liquid
base_otif                       0.94
Name: 0, dtype: object>",CUS-06,AMER,11.67,1,1004.71,0,0
SHP-001414,2024-12,2,BAT-000578,PLT-06,CAR-05,"<bound method Series.mode of carrier_id               CAR-05
carrier_name    AirExpress Spec
mode                        Air
base_otif                  0.96
Name: 4, dtype: object>",CUS-03,APAC,52.64,1,3954.88,0,0
SHP-001415,2024-11,1,BAT-000385,PLT-04,CAR-05,"<bound method Series.mode of carrier_id               CAR-05
carrier_name    AirExpress Spec
mode                        Air
base_otif                  0.96
Name: 4, dtype: object>",CUS-15,EMEA,26.21,1,1556.72,0,0
SHP-001416,2026-02,16,BAT-003649,PLT-04,CAR-01,"<bound method Series.mode of carrier_id                    CAR-01
carrier_name    GlobalTank Logistics
mode                     Bulk Liquid
base_otif                       0.94
Name: 0, dtype: object>",CUS-03,APAC,59.77,1,8448.03,0,0
SHP-001417,2024-12,2,BAT-000477,PLT-02,CAR-01,"<bound method Series.mode of carrier_id                    CAR-01
carrier_name    GlobalTank Logistics
mode                     Bulk Liquid
base_otif                       0.94
Name: 0, dtype: object>",CUS-12,LATAM,19.7,1,2092.55,0,0
SHP-001418,2024-10,0,BAT-000051,PLT-01,CAR-03,"<bound method Series.mode of carrier_id               CAR-03
carrier_name    OceanChem Lines
mode                 Ocean Bulk
base_otif                  0.88
Name: 2, dtype: object>",CUS-07,APAC,50.42,1,5619.3,0,0
SHP-001419,2025-10,12,BAT-002779,PLT-06,CAR-02,"<bound method Series.mode of carrier_id                 CAR-02
carrier_name    EuroHaz Transport
mode                  Hazmat Road
base_otif                    0.91
Name: 1, dtype: object>",CUS-05,LATAM,84.05,1,8051.71,0,0
SHP-001420,2025-02,4,BAT-001081,PLT-01,CAR-04,"<bound method Series.mode of carrier_id                CAR-04
carrier_name    RailChem Freight
mode                        Rail
base_otif                   0.93
Name: 3, dtype: object>",CUS-01,EMEA,63.66,0,5642.79,0,0
SHP-001421,2026-01,15,BAT-003418,PLT-01,CAR-03,"<bound method Series.mode of carrier_id               CAR-03
carrier_name    OceanChem Lines
mode                 Ocean Bulk
base_otif                  0.88
Name: 2, dtype: object>",CUS-01,EMEA,13.77,1,1187.7,0,0
SHP-001422,2025-11,13,BAT-002921,PLT-05,CAR-03,"<bound method Series.mode of carrier_id               CAR-03
carrier_name    OceanChem Lines
mode                 Ocean Bulk
base_otif                  0.88
Name: 2, dtype: object>",CUS-14,APAC,22.51,1,2319.18,0,0
SHP-001423,2025-02,4,BAT-000981,PLT-03,CAR-03,"<bound method Series.mode of carrier_id               CAR-03
carrier_name    OceanChem Lines
mode                 Ocean Bulk
base_otif                  0.88
Name: 2, dtype: object>",CUS-06,AMER,27.42,1,3668.48,0,0
SHP-001424,2026-07,21,BAT-004731,PLT-02,CAR-04,"<bound method Series.mode of carrier_id                CAR-04
carrier_name    RailChem Freight
mode                        Rail
base_otif                   0.93
Name: 3, dtype: object>",CUS-03,APAC,95.18,1,11182.66,0,1
SHP-001425,2026-08,22,BAT-005041,PLT-02,CAR-05,"<bound method Series.mode of carrier_id               CAR-05
carrier_name    AirExpress Spec
mode                        Air
base_otif                  0.96
Name: 4, dtype: object>",CUS-07,APAC,37.19,1,3703.25,0,1
SHP-001426,2025-06,8,BAT-001885,PLT-02,CAR-01,"<bound method Series.mode of carrier_id                    CAR-01
carrier_name    GlobalTank Logistics
mode                     Bulk Liquid
base_otif                       0.94
Name: 0, dtype: object>",CUS-12,LATAM,70.3,1,6471.16,0,0
SHP-001427,2024-10,0,BAT-000198,PLT-03,CAR-04,"<bound method Series.mode of carrier_id                CAR-04
carrier_name    RailChem Freight
mode                        Rail
base_otif                   0.93
Name: 3, dtype: object>",CUS-14,APAC,52.76,1,3812.18,0,0
SHP-001428,2026-06,20,BAT-004413,PLT-02,CAR-04,"<bound method Series.mode of carrier_id                CAR-04
carrier_name    RailChem Freight
mode                        Rail
base_otif                   0.93
Name: 3, dtype: object>",CUS-03,APAC,83.53,1,7611.41,0,1
SHP-001429,2026-01,15,BAT-003372,PLT-04,CAR-03,"<bound method Series.mode of carrier_id               CAR-03
carrier_name    OceanChem Lines
mode                 Ocean Bulk
base_otif                  0.88
Name: 2, dtype: object>",CUS-01,EMEA,54.86,1,4644.49,0,0
SHP-001430,2026-04,18,BAT-004103,PLT-01,CAR-01,"<bound method Series.mode of carrier_id                    CAR-01
carrier_name    GlobalTank Logistics
mode                     Bulk Liquid
base_otif                       0.94
Name: 0, dtype: object>",CUS-04,EMEA,74.75,1,8548.33,0,1
SHP-001431,2026-08,22,BAT-005000,PLT-06,CAR-04,"<bound method Series.mode of carrier_id                CAR-04
carrier_name    RailChem Freight
mode                        Rail
base_otif                   0.93
Name: 3, dtype: object>",CUS-02,AMER,1.91,1,206.11,0,1
SHP-001432,2026-01,15,BAT-003491,PLT-02,CAR-05,"<bound method Series.mode of carrier_id               CAR-05
carrier_name    AirExpress Spec
mode                        Air
base_otif                  0.96
Name: 4, dtype: object>",CUS-15,EMEA,34.9,1,4278.72,0,0
SHP-001433,2025-06,8,BAT-001833,PLT-05,CAR-04,"<bound method Series.mode of carrier_id                CAR-04
carrier_name    RailChem Freight
mode                        Rail
base_otif                   0.93
Name: 3, dtype: object>",CUS-11,EMEA,35.89,1,4458.16,0,0
SHP-001434,2026-09,23,BAT-005216,PLT-06,CAR-03,"<bound method Series.mode of carrier_id               CAR-03
carrier_name    OceanChem Lines
mode                 Ocean Bulk
base_otif                  0.88
Name: 2, dtype: object>",CUS-11,EMEA,52.01,1,3253.86,0,1
SHP-001435,2024-11,1,BAT-000276,PLT-02,CAR-04,"<bound method Series.mode of carrier_id                CAR-04
carrier_name    RailChem Freight
mode                        Rail
base_otif                   0.93
Name: 3, dtype: object>",CUS-10,APAC,74.3,0,8818.81,0,0
SHP-001436,2026-05,19,BAT-004333,PLT-05,CAR-04,"<bound method Series.mode of carrier_id                CAR-04
carrier_name    RailChem Freight
mode                        Rail
base_otif                   0.93
Name: 3, dtype: object>",CUS-07,APAC,48.54,1,2987.09,0,1
SHP-001437,2025-04,6,BAT-001441,PLT-05,CAR-02,"<bound method Series.mode of carrier_id                 CAR-02
carrier_name    EuroHaz Transport
mode                  Hazmat Road
base_otif                    0.91
Name: 1, dtype: object>",CUS-06,AMER,29.45,1,3905.89,0,0
SHP-001438,2024-10,0,BAT-000047,PLT-06,CAR-02,"<bound method Series.mode of carrier_id                 CAR-02
carrier_name    EuroHaz Transport
mode                  Hazmat Road
base_otif                    0.91
Name: 1, dtype: object>",CUS-14,APAC,56.04,1,5628.52,0,0
SHP-001439,2026-04,18,BAT-004080,PLT-05,CAR-03,"<bound method Series.mode of carrier_id               CAR-03
carrier_name    OceanChem Lines
mode                 Ocean Bulk
base_otif                  0.88
Name: 2, dtype: object>",CUS-01,EMEA,29.84,1,1778.63,0,1
SHP-001440,2026-04,18,BAT-004164,PLT-05,CAR-04,"<bound method Series.mode of carrier_id                CAR-04
carrier_name    RailChem Freight
mode                        Rail
base_otif                   0.93
Name: 3, dtype: object>",CUS-06,AMER,23.47,1,1693.79,0,1
SHP-001441,2024-12,2,BAT-000604,PLT-03,CAR-05,"<bound method Series.mode of carrier_id               CAR-05
carrier_name    AirExpress Spec
mode                        Air
base_otif                  0.96
Name: 4, dtype: object>",CUS-03,APAC,13.65,1,1484.71,0,0
SHP-001442,2026-09,23,BAT-005157,PLT-04,CAR-01,"<bound method Series.mode of carrier_id                    CAR-01
carrier_name    GlobalTank Logistics
mode                     Bulk Liquid
base_otif                       0.94
Name: 0, dtype: object>",CUS-03,APAC,2.63,1,244.53,0,1
SHP-001443,2025-08,10,BAT-002381,PLT-06,CAR-04,"<bound method Series.mode of carrier_id                CAR-04
carrier_name    RailChem Freight
mode                        Rail
base_otif                   0.93
Name: 3, dtype: object>",CUS-10,APAC,18.04,1,1724.02,1,0
SHP-001444,2026-04,18,BAT-004145,PLT-02,CAR-05,"<bound method Series.mode of carrier_id               CAR-05
carrier_name    AirExpress Spec
mode                        Air
base_otif                  0.96
Name: 4, dtype: object>",CUS-02,AMER,2.3,1,184.75,0,1
SHP-001445,2026-06,20,BAT-004568,PLT-05,CAR-03,"<bound method Series.mode of carrier_id               CAR-03
carrier_name    OceanChem Lines
mode                 Ocean Bulk
base_otif                  0.88
Name: 2, dtype: object>",CUS-09,AMER,60.35,1,5094.23,0,1
SHP-001446,2025-08,10,BAT-002227,PLT-04,CAR-02,"<bound method Series.mode of carrier_id                 CAR-02
carrier_name    EuroHaz Transport
mode                  Hazmat Road
base_otif                    0.91
Name: 1, dtype: object>",CUS-06,AMER,33.55,1,2152.33,0,0
SHP-001447,2026-01,15,BAT-003331,PLT-06,CAR-02,"<bound method Series.mode of carrier_id                 CAR-02
carrier_name    EuroHaz Transport
mode                  Hazmat Road
base_otif                    0.91
Name: 1, dtype: object>",CUS-02,AMER,66.47,1,5521.05,0,0
SHP-001448,2025-01,3,BAT-000700,PLT-05,CAR-03,"<bound method Series.mode of carrier_id               CAR-03
carrier_name    OceanChem Lines
mode                 Ocean Bulk
base_otif                  0.88
Name: 2, dtype: object>",CUS-02,AMER,9.83,1,777.1,0,0
SHP-001449,2026-03,17,BAT-003888,PLT-05,CAR-04,"<bound method Series.mode of carrier_id                CAR-04
carrier_name    RailChem Freight
mode                        Rail
base_otif                   0.93
Name: 3, dtype: object>",CUS-13,AMER,17.84,1,1673.81,1,0
SHP-001450,2025-01,3,BAT-000779,PLT-01,CAR-02,"<bound method Series.mode of carrier_id                 CAR-02
carrier_name    EuroHaz Transport
mode                  Hazmat Road
base_otif                    0.91
Name: 1, dtype: object>",CUS-02,AMER,38.04,1,2635.86,0,0
SHP-001451,2025-12,14,BAT-003105,PLT-05,CAR-01,"<bound method Series.mode of carrier_id                    CAR-01
carrier_name    GlobalTank Logistics
mode                     Bulk Liquid
base_otif                       0.94
Name: 0, dtype: object>",CUS-11,EMEA,40.68,1,2451.02,0,0
SHP-001452,2026-03,17,BAT-003866,PLT-03,CAR-05,"<bound method Series.mode of carrier_id               CAR-05
carrier_name    AirExpress Spec
mode                        Air
base_otif                  0.96
Name: 4, dtype: object>",CUS-08,EMEA,1.2,1,155.69,0,0
SHP-001453,2025-06,8,BAT-001977,PLT-03,CAR-04,"<bound method Series.mode of carrier_id                CAR-04
carrier_name    RailChem Freight
mode                        Rail
base_otif                   0.93
Name: 3, dtype: object>",CUS-01,EMEA,41.49,1,2946.91,0,0
SHP-001454,2025-11,13,BAT-002908,PLT-06,CAR-03,"<bound method Series.mode of carrier_id               CAR-03
carrier_name    OceanChem Lines
mode                 Ocean Bulk
base_otif                  0.88
Name: 2, dtype: object>",CUS-13,AMER,68.2,1,7867.02,0,0
SHP-001455,2025-05,7,BAT-001619,PLT-05,CAR-02,"<bound method Series.mode of carrier_id                 CAR-02
carrier_name    EuroHaz Transport
mode                  Hazmat Road
base_otif                    0.91
Name: 1, dtype: object>",CUS-02,AMER,64.91,0,6590.28,0,0
SHP-001456,2024-12,2,BAT-000576,PLT-03,CAR-03,"<bound method Series.mode of carrier_id               CAR-03
carrier_name    OceanChem Lines
mode                 Ocean Bulk
base_otif                  0.88
Name: 2, dtype: object>",CUS-07,APAC,25.79,1,1642.59,0,0
SHP-001457,2025-09,11,BAT-002430,PLT-05,CAR-04,"<bound method Series.mode of carrier_id                CAR-04
carrier_name    RailChem Freight
mode                        Rail
base_otif                   0.93
Name: 3, dtype: object>",CUS-12,LATAM,35.53,1,3315.67,0,0
SHP-001458,2026-09,23,BAT-005242,PLT-02,CAR-01,"<bound method Series.mode of carrier_id                    CAR-01
carrier_name    GlobalTank Logistics
mode                     Bulk Liquid
base_otif                       0.94
Name: 0, dtype: object>",CUS-14,APAC,43.17,1,3916.44,0,1
SHP-001459,2025-01,3,BAT-000742,PLT-02,CAR-03,"<bound method Series.mode of carrier_id               CAR-03
carrier_name    OceanChem Lines
mode                 Ocean Bulk
base_otif                  0.88
Name: 2, dtype: object>",CUS-06,AMER,13.55,1,1892.66,0,0
SHP-001460,2025-08,10,BAT-002326,PLT-01,CAR-04,"<bound method Series.mode of carrier_id                CAR-04
carrier_name    RailChem Freight
mode                        Rail
base_otif                   0.93
Name: 3, dtype: object>",CUS-14,APAC,26.23,1,2851.73,0,0
SHP-001461,2026-06,20,BAT-004486,PLT-03,CAR-01,"<bound method Series.mode of carrier_id                    CAR-01
carrier_name    GlobalTank Logistics
mode                     Bulk Liquid
base_otif                       0.94
Name: 0, dtype: object>",CUS-12,LATAM,46.67,1,3154.39,1,1
SHP-001462,2025-01,3,BAT-000830,PLT-03,CAR-03,"<bound method Series.mode of carrier_id               CAR-03
carrier_name    OceanChem Lines
mode                 Ocean Bulk
base_otif                  0.88
Name: 2, dtype: object>",CUS-10,APAC,40.58,1,5680.58,0,0
SHP-001463,2025-02,4,BAT-000964,PLT-03,CAR-04,"<bound method Series.mode of carrier_id                CAR-04
carrier_name    RailChem Freight
mode                        Rail
base_otif                   0.93
Name: 3, dtype: object>",CUS-04,EMEA,14.35,1,1722.04,0,0
SHP-001464,2026-06,20,BAT-004616,PLT-01,CAR-05,"<bound method Series.mode of carrier_id               CAR-05
carrier_name    AirExpress Spec
mode                        Air
base_otif                  0.96
Name: 4, dtype: object>",CUS-08,EMEA,11.5,1,1287.11,0,1
SHP-001465,2025-03,5,BAT-001154,PLT-03,CAR-03,"<bound method Series.mode of carrier_id               CAR-03
carrier_name    OceanChem Lines
mode                 Ocean Bulk
base_otif                  0.88
Name: 2, dtype: object>",CUS-07,APAC,31.3,1,3356.87,0,0
SHP-001466,2026-04,18,BAT-003969,PLT-03,CAR-02,"<bound method Series.mode of carrier_id                 CAR-02
carrier_name    EuroHaz Transport
mode                  Hazmat Road
base_otif                    0.91
Name: 1, dtype: object>",CUS-03,APAC,13.09,1,1377.71,0,1
SHP-001467,2025-08,10,BAT-002204,PLT-05,CAR-01,"<bound method Series.mode of carrier_id                    CAR-01
carrier_name    GlobalTank Logistics
mode                     Bulk Liquid
base_otif                       0.94
Name: 0, dtype: object>",CUS-08,EMEA,65.95,1,5393.22,0,0
SHP-001468,2025-03,5,BAT-001274,PLT-01,CAR-05,"<bound method Series.mode of carrier_id               CAR-05
carrier_name    AirExpress Spec
mode                        Air
base_otif                  0.96
Name: 4, dtype: object>",CUS-14,APAC,61.55,1,7388.42,0,0
SHP-001469,2025-09,11,BAT-002459,PLT-03,CAR-01,"<bound method Series.mode of carrier_id                    CAR-01
carrier_name    GlobalTank Logistics
mode                     Bulk Liquid
base_otif                       0.94
Name: 0, dtype: object>",CUS-13,AMER,51.94,1,5890.01,0,0
SHP-001470,2025-01,3,BAT-000868,PLT-05,CAR-02,"<bound method Series.mode of carrier_id                 CAR-02
carrier_name    EuroHaz Transport
mode                  Hazmat Road
base_otif                    0.91
Name: 1, dtype: object>",CUS-09,AMER,21.52,1,1714.75,0,0
SHP-001471,2024-10,0,BAT-000099,PLT-02,CAR-05,"<bound method Series.mode of carrier_id               CAR-05
carrier_name    AirExpress Spec
mode                        Air
base_otif                  0.96
Name: 4, dtype: object>",CUS-08,EMEA,27.48,1,1911.78,0,0
SHP-001472,2026-05,19,BAT-004206,PLT-01,CAR-02,"<bound method Series.mode of carrier_id                 CAR-02
carrier_name    EuroHaz Transport
mode                  Hazmat Road
base_otif                    0.91
Name: 1, dtype: object>",CUS-09,AMER,38.37,1,2278.37,0,1
SHP-001473,2024-11,1,BAT-000298,PLT-02,CAR-03,"<bound method Series.mode of carrier_id               CAR-03
carrier_name    OceanChem Lines
mode                 Ocean Bulk
base_otif                  0.88
Name: 2, dtype: object>",CUS-14,APAC,66.18,1,4245.65,0,0
SHP-001474,2025-09,11,BAT-002533,PLT-04,CAR-02,"<bound method Series.mode of carrier_id                 CAR-02
carrier_name    EuroHaz Transport
mode                  Hazmat Road
base_otif                    0.91
Name: 1, dtype: object>",CUS-14,APAC,27.88,1,2613.54,0,0
SHP-001475,2026-06,20,BAT-004595,PLT-06,CAR-03,"<bound method Series.mode of carrier_id               CAR-03
carrier_name    OceanChem Lines
mode                 Ocean Bulk
base_otif                  0.88
Name: 2, dtype: object>",CUS-11,EMEA,22.01,1,1597.91,0,1
SHP-001476,2025-01,3,BAT-000719,PLT-02,CAR-02,"<bound method Series.mode of carrier_id                 CAR-02
carrier_name    EuroHaz Transport
mode                  Hazmat Road
base_otif                    0.91
Name: 1, dtype: object>",CUS-07,APAC,104.61,1,9979.04,0,0
SHP-001477,2025-03,5,BAT-001165,PLT-01,CAR-03,"<bound method Series.mode of carrier_id               CAR-03
carrier_name    OceanChem Lines
mode                 Ocean Bulk
base_otif                  0.88
Name: 2, dtype: object>",CUS-13,AMER,20.81,1,1733.16,0,0
SHP-001478,2025-03,5,BAT-001124,PLT-06,CAR-01,"<bound method Series.mode of carrier_id                    CAR-01
carrier_name    GlobalTank Logistics
mode                     Bulk Liquid
base_otif                       0.94
Name: 0, dtype: object>",CUS-05,LATAM,56.92,1,5676.78,0,0
SHP-001479,2026-03,17,BAT-003931,PLT-04,CAR-01,"<bound method Series.mode of carrier_id                    CAR-01
carrier_name    GlobalTank Logistics
mode                     Bulk Liquid
base_otif                       0.94
Name: 0, dtype: object>",CUS-10,APAC,28.7,1,1979.97,0,0
SHP-001480,2025-10,12,BAT-002766,PLT-04,CAR-02,"<bound method Series.mode of carrier_id                 CAR-02
carrier_name    EuroHaz Transport
mode                  Hazmat Road
base_otif                    0.91
Name: 1, dtype: object>",CUS-14,APAC,16.42,1,992.36,0,0
SHP-001481,2025-10,12,BAT-002836,PLT-03,CAR-05,"<bound method Series.mode of carrier_id               CAR-05
carrier_name    AirExpress Spec
mode                        Air
base_otif                  0.96
Name: 4, dtype: object>",CUS-14,APAC,14.45,1,1995.54,0,0
SHP-001482,2026-05,19,BAT-004340,PLT-06,CAR-05,"<bound method Series.mode of carrier_id               CAR-05
carrier_name    AirExpress Spec
mode                        Air
base_otif                  0.96
Name: 4, dtype: object>",CUS-14,APAC,20.55,1,2851.64,0,1
SHP-001483,2026-02,16,BAT-003570,PLT-04,CAR-03,"<bound method Series.mode of carrier_id               CAR-03
carrier_name    OceanChem Lines
mode                 Ocean Bulk
base_otif                  0.88
Name: 2, dtype: object>",CUS-10,APAC,39.13,1,3125.19,0,0
SHP-001484,2025-06,8,BAT-001978,PLT-06,CAR-01,"<bound method Series.mode of carrier_id                    CAR-01
carrier_name    GlobalTank Logistics
mode                     Bulk Liquid
base_otif                       0.94
Name: 0, dtype: object>",CUS-09,AMER,75.63,1,7535.26,0,0
SHP-001485,2025-06,8,BAT-001855,PLT-01,CAR-05,"<bound method Series.mode of carrier_id               CAR-05
carrier_name    AirExpress Spec
mode                        Air
base_otif                  0.96
Name: 4, dtype: object>",CUS-02,AMER,57.28,1,5020.29,0,0
SHP-001486,2025-11,13,BAT-003005,PLT-03,CAR-04,"<bound method Series.mode of carrier_id                CAR-04
carrier_name    RailChem Freight
mode                        Rail
base_otif                   0.93
Name: 3, dtype: object>",CUS-04,EMEA,27.77,1,3661.01,0,0
SHP-001487,2026-05,19,BAT-004229,PLT-01,CAR-04,"<bound method Series.mode of carrier_id                CAR-04
carrier_name    RailChem Freight
mode                        Rail
base_otif                   0.93
Name: 3, dtype: object>",CUS-15,EMEA,41.98,1,4594.52,0,1
SHP-001488,2025-09,11,BAT-002493,PLT-02,CAR-04,"<bound method Series.mode of carrier_id                CAR-04
carrier_name    RailChem Freight
mode                        Rail
base_otif                   0.93
Name: 3, dtype: object>",CUS-06,AMER,20.51,1,1462.45,0,0
SHP-001489,2024-12,2,BAT-000564,PLT-06,CAR-03,"<bound method Series.mode of carrier_id               CAR-03
carrier_name    OceanChem Lines
mode                 Ocean Bulk
base_otif                  0.88
Name: 2, dtype: object>",CUS-11,EMEA,33.54,0,3007.58,0,0
SHP-001490,2024-10,0,BAT-000185,PLT-02,CAR-03,"<bound method Series.mode of carrier_id               CAR-03
carrier_name    OceanChem Lines
mode                 Ocean Bulk
base_otif                  0.88
Name: 2, dtype: object>",CUS-12,LATAM,48.33,0,2928.05,0,0
SHP-001491,2025-06,8,BAT-001940,PLT-04,CAR-02,"<bound method Series.mode of carrier_id                 CAR-02
carrier_name    EuroHaz Transport
mode                  Hazmat Road
base_otif                    0.91
Name: 1, dtype: object>",CUS-05,LATAM,75.7,1,5182.63,0,0
SHP-001492,2025-08,10,BAT-002346,PLT-02,CAR-04,"<bound method Series.mode of carrier_id                CAR-04
carrier_name    RailChem Freight
mode                        Rail
base_otif                   0.93
Name: 3, dtype: object>",CUS-05,LATAM,13.34,1,858.0,1,0
SHP-001493,2025-07,9,BAT-002117,PLT-06,CAR-03,"<bound method Series.mode of carrier_id               CAR-03
carrier_name    OceanChem Lines
mode                 Ocean Bulk
base_otif                  0.88
Name: 2, dtype: object>",CUS-09,AMER,59.33,1,8357.89,0,0
SHP-001494,2026-05,19,BAT-004353,PLT-01,CAR-01,"<bound method Series.mode of carrier_id                    CAR-01
carrier_name    GlobalTank Logistics
mode                     Bulk Liquid
base_otif                       0.94
Name: 0, dtype: object>",CUS-04,EMEA,2.76,1,351.53,0,1
SHP-001495,2026-07,21,BAT-004734,PLT-03,CAR-02,"<bound method Series.mode of carrier_id                 CAR-02
carrier_name    EuroHaz Transport
mode                  Hazmat Road
base_otif                    0.91
Name: 1, dtype: object>",CUS-06,AMER,32.75,1,3249.02,0,1
SHP-001496,2025-11,13,BAT-002976,PLT-02,CAR-04,"<bound method Series.mode of carrier_id                CAR-04
carrier_name    RailChem Freight
mode                        Rail
base_otif                   0.93
Name: 3, dtype: object>",CUS-04,EMEA,22.68,1,1863.23,0,0
SHP-001497,2025-02,4,BAT-000918,PLT-05,CAR-03,"<bound method Series.mode of carrier_id               CAR-03
carrier_name    OceanChem Lines
mode                 Ocean Bulk
base_otif                  0.88
Name: 2, dtype: object>",CUS-03,APAC,2.28,1,275.62,0,0
SHP-001498,2026-02,16,BAT-003597,PLT-06,CAR-01,"<bound method Series.mode of carrier_id                    CAR-01
carrier_name    GlobalTank Logistics
mode                     Bulk Liquid
base_otif                       0.94
Name: 0, dtype: object>",CUS-01,EMEA,41.78,1,3730.61,0,0
SHP-001499,2025-04,6,BAT-001362,PLT-06,CAR-03,"<bound method Series.mode of carrier_id               CAR-03
carrier_name    OceanChem Lines
mode                 Ocean Bulk
base_otif                  0.88
Name: 2, dtype: object>",CUS-09,AMER,36.88,0,3116.85,0,0
SHP-001500,2024-11,1,BAT-000400,PLT-05,CAR-04,"<bound method Series.mode of carrier_id                CAR-04
carrier_name    RailChem Freight
mode                        Rail
base_otif                   0.93
Name: 3, dtype: object>",CUS-15,EMEA,18.33,1,1388.08,0,0
SHP-001501,2026-02,16,BAT-003582,PLT-01,CAR-01,"<bound method Series.mode of carrier_id                    CAR-01
carrier_name    GlobalTank Logistics
mode                     Bulk Liquid
base_otif                       0.94
Name: 0, dtype: object>",CUS-14,APAC,32.06,1,3109.37,0,0
SHP-001502,2026-09,23,BAT-005277,PLT-01,CAR-02,"<bound method Series.mode of carrier_id                 CAR-02
carrier_name    EuroHaz Transport
mode                  Hazmat Road
base_otif                    0.91
Name: 1, dtype: object>",CUS-03,APAC,40.12,1,5686.75,0,1
SHP-001503,2026-08,22,BAT-004924,PLT-01,CAR-04,"<bound method Series.mode of carrier_id                CAR-04
carrier_name    RailChem Freight
mode                        Rail
base_otif                   0.93
Name: 3, dtype: object>",CUS-13,AMER,79.28,1,7516.13,0,1
SHP-001504,2026-09,23,BAT-005214,PLT-02,CAR-04,"<bound method Series.mode of carrier_id                CAR-04
carrier_name    RailChem Freight
mode                        Rail
base_otif                   0.93
Name: 3, dtype: object>",CUS-07,APAC,37.44,1,5380.45,0,1
SHP-001505,2025-03,5,BAT-001193,PLT-04,CAR-02,"<bound method Series.mode of carrier_id                 CAR-02
carrier_name    EuroHaz Transport
mode                  Hazmat Road
base_otif                    0.91
Name: 1, dtype: object>",CUS-10,APAC,85.26,1,5848.15,0,0
SHP-001506,2026-03,17,BAT-003870,PLT-01,CAR-01,"<bound method Series.mode of carrier_id                    CAR-01
carrier_name    GlobalTank Logistics
mode                     Bulk Liquid
base_otif                       0.94
Name: 0, dtype: object>",CUS-02,AMER,19.41,1,2556.33,0,0
SHP-001507,2025-01,3,BAT-000705,PLT-06,CAR-02,"<bound method Series.mode of carrier_id                 CAR-02
carrier_name    EuroHaz Transport
mode                  Hazmat Road
base_otif                    0.91
Name: 1, dtype: object>",CUS-14,APAC,1.62,1,141.83,0,0
SHP-001508,2025-08,10,BAT-002356,PLT-05,CAR-05,"<bound method Series.mode of carrier_id               CAR-05
carrier_name    AirExpress Spec
mode                        Air
base_otif                  0.96
Name: 4, dtype: object>",CUS-15,EMEA,26.62,1,2444.15,0,0
SHP-001509,2025-07,9,BAT-002166,PLT-03,CAR-03,"<bound method Series.mode of carrier_id               CAR-03
carrier_name    OceanChem Lines
mode                 Ocean Bulk
base_otif                  0.88
Name: 2, dtype: object>",CUS-13,AMER,18.14,1,2609.84,0,0
SHP-001510,2026-02,16,BAT-003701,PLT-05,CAR-05,"<bound method Series.mode of carrier_id               CAR-05
carrier_name    AirExpress Spec
mode                        Air
base_otif                  0.96
Name: 4, dtype: object>",CUS-09,AMER,54.36,1,5696.6,0,0
SHP-001511,2025-04,6,BAT-001513,PLT-01,CAR-03,"<bound method Series.mode of carrier_id               CAR-03
carrier_name    OceanChem Lines
mode                 Ocean Bulk
base_otif                  0.88
Name: 2, dtype: object>",CUS-02,AMER,70.62,0,6001.72,0,0
SHP-001512,2026-05,19,BAT-004202,PLT-06,CAR-05,"<bound method Series.mode of carrier_id               CAR-05
carrier_name    AirExpress Spec
mode                        Air
base_otif                  0.96
Name: 4, dtype: object>",CUS-13,AMER,44.18,1,2899.12,0,1
SHP-001513,2025-05,7,BAT-001680,PLT-05,CAR-05,"<bound method Series.mode of carrier_id               CAR-05
carrier_name    AirExpress Spec
mode                        Air
base_otif                  0.96
Name: 4, dtype: object>",CUS-07,APAC,28.1,1,2576.22,0,0
SHP-001514,2025-11,13,BAT-003014,PLT-02,CAR-04,"<bound method Series.mode of carrier_id                CAR-04
carrier_name    RailChem Freight
mode                        Rail
base_otif                   0.93
Name: 3, dtype: object>",CUS-03,APAC,38.94,1,3837.83,0,0
SHP-001515,2024-12,2,BAT-000567,PLT-01,CAR-03,"<bound method Series.mode of carrier_id               CAR-03
carrier_name    OceanChem Lines
mode                 Ocean Bulk
base_otif                  0.88
Name: 2, dtype: object>",CUS-13,AMER,31.87,1,3015.97,0,0
SHP-001516,2025-11,13,BAT-003049,PLT-06,CAR-02,"<bound method Series.mode of carrier_id                 CAR-02
carrier_name    EuroHaz Transport
mode                  Hazmat Road
base_otif                    0.91
Name: 1, dtype: object>",CUS-15,EMEA,19.15,1,1901.0,0,0
SHP-001517,2026-02,16,BAT-003678,PLT-04,CAR-01,"<bound method Series.mode of carrier_id                    CAR-01
carrier_name    GlobalTank Logistics
mode                     Bulk Liquid
base_otif                       0.94
Name: 0, dtype: object>",CUS-01,EMEA,25.24,1,2745.1,0,0
SHP-001518,2024-10,0,BAT-000134,PLT-06,CAR-03,"<bound method Series.mode of carrier_id               CAR-03
carrier_name    OceanChem Lines
mode                 Ocean Bulk
base_otif                  0.88
Name: 2, dtype: object>",CUS-10,APAC,71.25,1,6274.95,0,0
SHP-001519,2026-06,20,BAT-004608,PLT-04,CAR-03,"<bound method Series.mode of carrier_id               CAR-03
carrier_name    OceanChem Lines
mode                 Ocean Bulk
base_otif                  0.88
Name: 2, dtype: object>",CUS-09,AMER,38.4,0,2590.93,1,1
SHP-001520,2026-08,22,BAT-004974,PLT-04,CAR-01,"<bound method Series.mode of carrier_id                    CAR-01
carrier_name    GlobalTank Logistics
mode                     Bulk Liquid
base_otif                       0.94
Name: 0, dtype: object>",CUS-06,AMER,53.16,1,4730.66,0,1
SHP-001521,2026-02,16,BAT-003558,PLT-06,CAR-03,"<bound method Series.mode of carrier_id               CAR-03
carrier_name    OceanChem Lines
mode                 Ocean Bulk
base_otif                  0.88
Name: 2, dtype: object>",CUS-07,APAC,33.92,1,2052.76,0,0
SHP-001522,2025-12,14,BAT-003191,PLT-06,CAR-02,"<bound method Series.mode of carrier_id                 CAR-02
carrier_name    EuroHaz Transport
mode                  Hazmat Road
base_otif                    0.91
Name: 1, dtype: object>",CUS-07,APAC,44.23,1,5275.97,0,0
SHP-001523,2026-07,21,BAT-004737,PLT-06,CAR-05,"<bound method Series.mode of carrier_id               CAR-05
carrier_name    AirExpress Spec
mode                        Air
base_otif                  0.96
Name: 4, dtype: object>",CUS-03,APAC,58.78,1,7192.02,0,1
SHP-001524,2025-02,4,BAT-001048,PLT-02,CAR-04,"<bound method Series.mode of carrier_id                CAR-04
carrier_name    RailChem Freight
mode                        Rail
base_otif                   0.93
Name: 3, dtype: object>",CUS-08,EMEA,82.19,1,8816.63,0,0
SHP-001525,2025-06,8,BAT-001956,PLT-01,CAR-05,"<bound method Series.mode of carrier_id               CAR-05
carrier_name    AirExpress Spec
mode                        Air
base_otif                  0.96
Name: 4, dtype: object>",CUS-10,APAC,35.66,1,3670.08,0,0
SHP-001526,2026-06,20,BAT-004587,PLT-01,CAR-05,"<bound method Series.mode of carrier_id               CAR-05
carrier_name    AirExpress Spec
mode                        Air
base_otif                  0.96
Name: 4, dtype: object>",CUS-10,APAC,22.59,1,3091.56,0,1
SHP-001527,2026-06,20,BAT-004515,PLT-01,CAR-02,"<bound method Series.mode of carrier_id                 CAR-02
carrier_name    EuroHaz Transport
mode                  Hazmat Road
base_otif                    0.91
Name: 1, dtype: object>",CUS-15,EMEA,60.15,1,5361.64,0,1
SHP-001528,2024-12,2,BAT-000612,PLT-02,CAR-05,"<bound method Series.mode of carrier_id               CAR-05
carrier_name    AirExpress Spec
mode                        Air
base_otif                  0.96
Name: 4, dtype: object>",CUS-01,EMEA,43.41,1,3329.99,0,0
SHP-001529,2024-10,0,BAT-000200,PLT-02,CAR-03,"<bound method Series.mode of carrier_id               CAR-03
carrier_name    OceanChem Lines
mode                 Ocean Bulk
base_otif                  0.88
Name: 2, dtype: object>",CUS-05,LATAM,22.5,1,1853.61,0,0
SHP-001530,2025-04,6,BAT-001394,PLT-06,CAR-04,"<bound method Series.mode of carrier_id                CAR-04
carrier_name    RailChem Freight
mode                        Rail
base_otif                   0.93
Name: 3, dtype: object>",CUS-11,EMEA,36.99,1,2622.44,0,0
SHP-001531,2026-02,16,BAT-003620,PLT-02,CAR-01,"<bound method Series.mode of carrier_id                    CAR-01
carrier_name    GlobalTank Logistics
mode                     Bulk Liquid
base_otif                       0.94
Name: 0, dtype: object>",CUS-14,APAC,76.91,1,9938.16,0,0
SHP-001532,2026-06,20,BAT-004582,PLT-01,CAR-04,"<bound method Series.mode of carrier_id                CAR-04
carrier_name    RailChem Freight
mode                        Rail
base_otif                   0.93
Name: 3, dtype: object>",CUS-13,AMER,1.44,1,141.97,0,1
SHP-001533,2025-12,14,BAT-003130,PLT-01,CAR-03,"<bound method Series.mode of carrier_id               CAR-03
carrier_name    OceanChem Lines
mode                 Ocean Bulk
base_otif                  0.88
Name: 2, dtype: object>",CUS-05,LATAM,1.17,1,159.24,0,0
SHP-001534,2026-03,17,BAT-003862,PLT-02,CAR-01,"<bound method Series.mode of carrier_id                    CAR-01
carrier_name    GlobalTank Logistics
mode                     Bulk Liquid
base_otif                       0.94
Name: 0, dtype: object>",CUS-10,APAC,44.21,1,3924.83,0,0
SHP-001535,2025-10,12,BAT-002797,PLT-04,CAR-04,"<bound method Series.mode of carrier_id                CAR-04
carrier_name    RailChem Freight
mode                        Rail
base_otif                   0.93
Name: 3, dtype: object>",CUS-03,APAC,34.08,1,2664.98,0,0
SHP-001536,2025-02,4,BAT-000900,PLT-05,CAR-01,"<bound method Series.mode of carrier_id                    CAR-01
carrier_name    GlobalTank Logistics
mode                     Bulk Liquid
base_otif                       0.94
Name: 0, dtype: object>",CUS-11,EMEA,25.83,1,1544.31,0,0
SHP-001537,2025-04,6,BAT-001495,PLT-05,CAR-04,"<bound method Series.mode of carrier_id                CAR-04
carrier_name    RailChem Freight
mode                        Rail
base_otif                   0.93
Name: 3, dtype: object>",CUS-08,EMEA,49.54,1,4479.32,0,0
SHP-001538,2026-07,21,BAT-004667,PLT-05,CAR-03,"<bound method Series.mode of carrier_id               CAR-03
carrier_name    OceanChem Lines
mode                 Ocean Bulk
base_otif                  0.88
Name: 2, dtype: object>",CUS-06,AMER,37.03,1,2469.27,0,1
SHP-001539,2025-08,10,BAT-002279,PLT-03,CAR-05,"<bound method Series.mode of carrier_id               CAR-05
carrier_name    AirExpress Spec
mode                        Air
base_otif                  0.96
Name: 4, dtype: object>",CUS-15,EMEA,56.4,1,3431.68,0,0
SHP-001540,2026-07,21,BAT-004683,PLT-01,CAR-01,"<bound method Series.mode of carrier_id                    CAR-01
carrier_name    GlobalTank Logistics
mode                     Bulk Liquid
base_otif                       0.94
Name: 0, dtype: object>",CUS-03,APAC,71.63,1,8603.99,0,1
SHP-001541,2026-03,17,BAT-003801,PLT-06,CAR-01,"<bound method Series.mode of carrier_id                    CAR-01
carrier_name    GlobalTank Logistics
mode                     Bulk Liquid
base_otif                       0.94
Name: 0, dtype: object>",CUS-08,EMEA,35.46,1,2242.02,0,0
SHP-001542,2026-04,18,BAT-004043,PLT-01,CAR-03,"<bound method Series.mode of carrier_id               CAR-03
carrier_name    OceanChem Lines
mode                 Ocean Bulk
base_otif                  0.88
Name: 2, dtype: object>",CUS-03,APAC,2.83,1,170.11,0,1
SHP-001543,2026-03,17,BAT-003833,PLT-04,CAR-04,"<bound method Series.mode of carrier_id                CAR-04
carrier_name    RailChem Freight
mode                        Rail
base_otif                   0.93
Name: 3, dtype: object>",CUS-14,APAC,35.11,1,3965.79,0,0
SHP-001544,2026-03,17,BAT-003924,PLT-02,CAR-04,"<bound method Series.mode of carrier_id                CAR-04
carrier_name    RailChem Freight
mode                        Rail
base_otif                   0.93
Name: 3, dtype: object>",CUS-13,AMER,69.68,1,6092.45,0,0
SHP-001545,2026-05,19,BAT-004200,PLT-04,CAR-01,"<bound method Series.mode of carrier_id                    CAR-01
carrier_name    GlobalTank Logistics
mode                     Bulk Liquid
base_otif                       0.94
Name: 0, dtype: object>",CUS-04,EMEA,33.39,1,4392.97,0,1
SHP-001546,2024-11,1,BAT-000368,PLT-06,CAR-03,"<bound method Series.mode of carrier_id               CAR-03
carrier_name    OceanChem Lines
mode                 Ocean Bulk
base_otif                  0.88
Name: 2, dtype: object>",CUS-05,LATAM,1.83,0,246.02,0,0
SHP-001547,2025-01,3,BAT-000860,PLT-06,CAR-03,"<bound method Series.mode of carrier_id               CAR-03
carrier_name    OceanChem Lines
mode                 Ocean Bulk
base_otif                  0.88
Name: 2, dtype: object>",CUS-04,EMEA,17.67,1,1205.61,0,0
SHP-001548,2026-04,18,BAT-004046,PLT-05,CAR-02,"<bound method Series.mode of carrier_id                 CAR-02
carrier_name    EuroHaz Transport
mode                  Hazmat Road
base_otif                    0.91
Name: 1, dtype: object>",CUS-12,LATAM,26.51,0,1973.67,0,1
SHP-001549,2025-12,14,BAT-003093,PLT-04,CAR-01,"<bound method Series.mode of carrier_id                    CAR-01
carrier_name    GlobalTank Logistics
mode                     Bulk Liquid
base_otif                       0.94
Name: 0, dtype: object>",CUS-01,EMEA,85.02,1,10218.91,0,0
SHP-001550,2026-03,17,BAT-003751,PLT-01,CAR-05,"<bound method Series.mode of carrier_id               CAR-05
carrier_name    AirExpress Spec
mode                        Air
base_otif                  0.96
Name: 4, dtype: object>",CUS-07,APAC,1.06,1,85.71,0,0
SHP-001551,2025-09,11,BAT-002628,PLT-02,CAR-02,"<bound method Series.mode of carrier_id                 CAR-02
carrier_name    EuroHaz Transport
mode                  Hazmat Road
base_otif                    0.91
Name: 1, dtype: object>",CUS-11,EMEA,34.15,1,3099.89,0,0
SHP-001552,2025-08,10,BAT-002275,PLT-03,CAR-03,"<bound method Series.mode of carrier_id               CAR-03
carrier_name    OceanChem Lines
mode                 Ocean Bulk
base_otif                  0.88
Name: 2, dtype: object>",CUS-11,EMEA,17.7,0,2127.87,0,0
SHP-001553,2025-09,11,BAT-002543,PLT-05,CAR-05,"<bound method Series.mode of carrier_id               CAR-05
carrier_name    AirExpress Spec
mode                        Air
base_otif                  0.96
Name: 4, dtype: object>",CUS-09,AMER,18.06,1,2161.07,0,0
SHP-001554,2025-09,11,BAT-002441,PLT-05,CAR-02,"<bound method Series.mode of carrier_id                 CAR-02
carrier_name    EuroHaz Transport
mode                  Hazmat Road
base_otif                    0.91
Name: 1, dtype: object>",CUS-04,EMEA,47.3,1,3800.92,0,0
SHP-001555,2025-08,10,BAT-002417,PLT-02,CAR-04,"<bound method Series.mode of carrier_id                CAR-04
carrier_name    RailChem Freight
mode                        Rail
base_otif                   0.93
Name: 3, dtype: object>",CUS-07,APAC,96.18,1,12485.27,0,0
SHP-001556,2025-07,9,BAT-002163,PLT-04,CAR-05,"<bound method Series.mode of carrier_id               CAR-05
carrier_name    AirExpress Spec
mode                        Air
base_otif                  0.96
Name: 4, dtype: object>",CUS-01,EMEA,30.73,1,3753.95,0,0
SHP-001557,2026-09,23,BAT-005218,PLT-03,CAR-02,"<bound method Series.mode of carrier_id                 CAR-02
carrier_name    EuroHaz Transport
mode                  Hazmat Road
base_otif                    0.91
Name: 1, dtype: object>",CUS-13,AMER,16.44,1,2072.7,0,1
SHP-001558,2026-03,17,BAT-003754,PLT-06,CAR-01,"<bound method Series.mode of carrier_id                    CAR-01
carrier_name    GlobalTank Logistics
mode                     Bulk Liquid
base_otif                       0.94
Name: 0, dtype: object>",CUS-11,EMEA,67.77,1,6820.89,0,0
SHP-001559,2025-06,8,BAT-001834,PLT-02,CAR-05,"<bound method Series.mode of carrier_id               CAR-05
carrier_name    AirExpress Spec
mode                        Air
base_otif                  0.96
Name: 4, dtype: object>",CUS-08,EMEA,37.66,1,5203.6,0,0
SHP-001560,2024-10,0,BAT-000025,PLT-02,CAR-02,"<bound method Series.mode of carrier_id                 CAR-02
carrier_name    EuroHaz Transport
mode                  Hazmat Road
base_otif                    0.91
Name: 1, dtype: object>",CUS-12,LATAM,48.94,1,4513.45,0,0
SHP-001561,2026-06,20,BAT-004499,PLT-04,CAR-05,"<bound method Series.mode of carrier_id               CAR-05
carrier_name    AirExpress Spec
mode                        Air
base_otif                  0.96
Name: 4, dtype: object>",CUS-01,EMEA,47.31,1,3344.46,0,1
SHP-001562,2025-08,10,BAT-002299,PLT-01,CAR-01,"<bound method Series.mode of carrier_id                    CAR-01
carrier_name    GlobalTank Logistics
mode                     Bulk Liquid
base_otif                       0.94
Name: 0, dtype: object>",CUS-07,APAC,58.82,1,5072.13,0,0
SHP-001563,2024-10,0,BAT-000046,PLT-01,CAR-02,"<bound method Series.mode of carrier_id                 CAR-02
carrier_name    EuroHaz Transport
mode                  Hazmat Road
base_otif                    0.91
Name: 1, dtype: object>",CUS-02,AMER,79.34,1,7695.39,0,0
SHP-001564,2025-04,6,BAT-001457,PLT-03,CAR-05,"<bound method Series.mode of carrier_id               CAR-05
carrier_name    AirExpress Spec
mode                        Air
base_otif                  0.96
Name: 4, dtype: object>",CUS-13,AMER,54.12,1,4206.08,0,0
SHP-001565,2025-03,5,BAT-001101,PLT-04,CAR-03,"<bound method Series.mode of carrier_id               CAR-03
carrier_name    OceanChem Lines
mode                 Ocean Bulk
base_otif                  0.88
Name: 2, dtype: object>",CUS-12,LATAM,55.51,1,5640.74,0,0
SHP-001566,2026-02,16,BAT-003607,PLT-01,CAR-04,"<bound method Series.mode of carrier_id                CAR-04
carrier_name    RailChem Freight
mode                        Rail
base_otif                   0.93
Name: 3, dtype: object>",CUS-08,EMEA,18.58,1,1795.21,0,0
SHP-001567,2025-03,5,BAT-001231,PLT-03,CAR-05,"<bound method Series.mode of carrier_id               CAR-05
carrier_name    AirExpress Spec
mode                        Air
base_otif                  0.96
Name: 4, dtype: object>",CUS-03,APAC,12.78,1,1352.8,0,0
SHP-001568,2026-07,21,BAT-004622,PLT-04,CAR-04,"<bound method Series.mode of carrier_id                CAR-04
carrier_name    RailChem Freight
mode                        Rail
base_otif                   0.93
Name: 3, dtype: object>",CUS-03,APAC,45.54,1,4820.37,0,1
SHP-001569,2026-04,18,BAT-004123,PLT-06,CAR-05,"<bound method Series.mode of carrier_id               CAR-05
carrier_name    AirExpress Spec
mode                        Air
base_otif                  0.96
Name: 4, dtype: object>",CUS-08,EMEA,32.37,1,2579.56,0,1
SHP-001570,2026-05,19,BAT-004223,PLT-02,CAR-01,"<bound method Series.mode of carrier_id                    CAR-01
carrier_name    GlobalTank Logistics
mode                     Bulk Liquid
base_otif                       0.94
Name: 0, dtype: object>",CUS-12,LATAM,63.69,1,8537.61,0,1
SHP-001571,2026-09,23,BAT-005191,PLT-02,CAR-05,"<bound method Series.mode of carrier_id               CAR-05
carrier_name    AirExpress Spec
mode                        Air
base_otif                  0.96
Name: 4, dtype: object>",CUS-11,EMEA,53.95,1,3920.14,0,1
SHP-001572,2026-02,16,BAT-003646,PLT-04,CAR-05,"<bound method Series.mode of carrier_id               CAR-05
carrier_name    AirExpress Spec
mode                        Air
base_otif                  0.96
Name: 4, dtype: object>",CUS-12,LATAM,32.31,1,3941.86,0,0
SHP-001573,2025-11,13,BAT-003055,PLT-01,CAR-05,"<bound method Series.mode of carrier_id               CAR-05
carrier_name    AirExpress Spec
mode                        Air
base_otif                  0.96
Name: 4, dtype: object>",CUS-09,AMER,1.13,1,150.68,0,0
SHP-001574,2026-07,21,BAT-004730,PLT-05,CAR-04,"<bound method Series.mode of carrier_id                CAR-04
carrier_name    RailChem Freight
mode                        Rail
base_otif                   0.93
Name: 3, dtype: object>",CUS-10,APAC,13.1,1,1806.64,0,1
SHP-001575,2025-08,10,BAT-002369,PLT-01,CAR-02,"<bound method Series.mode of carrier_id                 CAR-02
carrier_name    EuroHaz Transport
mode                  Hazmat Road
base_otif                    0.91
Name: 1, dtype: object>",CUS-01,EMEA,21.23,1,2257.28,0,0
SHP-001576,2025-08,10,BAT-002301,PLT-02,CAR-04,"<bound method Series.mode of carrier_id                CAR-04
carrier_name    RailChem Freight
mode                        Rail
base_otif                   0.93
Name: 3, dtype: object>",CUS-15,EMEA,62.89,1,6921.6,1,0
SHP-001577,2026-06,20,BAT-004449,PLT-06,CAR-01,"<bound method Series.mode of carrier_id                    CAR-01
carrier_name    GlobalTank Logistics
mode                     Bulk Liquid
base_otif                       0.94
Name: 0, dtype: object>",CUS-01,EMEA,34.83,1,4306.06,0,1
SHP-001578,2026-04,18,BAT-004115,PLT-06,CAR-02,"<bound method Series.mode of carrier_id                 CAR-02
carrier_name    EuroHaz Transport
mode                  Hazmat Road
base_otif                    0.91
Name: 1, dtype: object>",CUS-01,EMEA,17.28,1,1823.19,0,1
SHP-001579,2025-02,4,BAT-001077,PLT-01,CAR-05,"<bound method Series.mode of carrier_id               CAR-05
carrier_name    AirExpress Spec
mode                        Air
base_otif                  0.96
Name: 4, dtype: object>",CUS-14,APAC,10.57,1,1297.63,0,0
SHP-001580,2026-01,15,BAT-003430,PLT-04,CAR-03,"<bound method Series.mode of carrier_id               CAR-03
carrier_name    OceanChem Lines
mode                 Ocean Bulk
base_otif                  0.88
Name: 2, dtype: object>",CUS-02,AMER,61.2,1,8229.29,0,0
SHP-001581,2024-11,1,BAT-000390,PLT-05,CAR-02,"<bound method Series.mode of carrier_id                 CAR-02
carrier_name    EuroHaz Transport
mode                  Hazmat Road
base_otif                    0.91
Name: 1, dtype: object>",CUS-15,EMEA,28.43,1,3946.38,0,0
SHP-001582,2025-05,7,BAT-001614,PLT-03,CAR-03,"<bound method Series.mode of carrier_id               CAR-03
carrier_name    OceanChem Lines
mode                 Ocean Bulk
base_otif                  0.88
Name: 2, dtype: object>",CUS-09,AMER,64.7,1,4861.97,0,0
SHP-001583,2025-06,8,BAT-001921,PLT-04,CAR-05,"<bound method Series.mode of carrier_id               CAR-05
carrier_name    AirExpress Spec
mode                        Air
base_otif                  0.96
Name: 4, dtype: object>",CUS-13,AMER,27.47,1,2284.26,0,0
SHP-001584,2026-09,23,BAT-005162,PLT-06,CAR-05,"<bound method Series.mode of carrier_id               CAR-05
carrier_name    AirExpress Spec
mode                        Air
base_otif                  0.96
Name: 4, dtype: object>",CUS-03,APAC,35.29,1,4510.56,0,1
SHP-001585,2024-11,1,BAT-000399,PLT-04,CAR-01,"<bound method Series.mode of carrier_id                    CAR-01
carrier_name    GlobalTank Logistics
mode                     Bulk Liquid
base_otif                       0.94
Name: 0, dtype: object>",CUS-08,EMEA,42.07,1,5684.06,0,0
SHP-001586,2025-02,4,BAT-001045,PLT-05,CAR-03,"<bound method Series.mode of carrier_id               CAR-03
carrier_name    OceanChem Lines
mode                 Ocean Bulk
base_otif                  0.88
Name: 2, dtype: object>",CUS-10,APAC,64.98,1,7208.73,0,0
SHP-001587,2026-09,23,BAT-005266,PLT-02,CAR-02,"<bound method Series.mode of carrier_id                 CAR-02
carrier_name    EuroHaz Transport
mode                  Hazmat Road
base_otif                    0.91
Name: 1, dtype: object>",CUS-13,AMER,72.03,1,5332.95,0,1
SHP-001588,2024-11,1,BAT-000243,PLT-01,CAR-04,"<bound method Series.mode of carrier_id                CAR-04
carrier_name    RailChem Freight
mode                        Rail
base_otif                   0.93
Name: 3, dtype: object>",CUS-07,APAC,14.63,1,2083.94,0,0
SHP-001589,2024-12,2,BAT-000465,PLT-05,CAR-02,"<bound method Series.mode of carrier_id                 CAR-02
carrier_name    EuroHaz Transport
mode                  Hazmat Road
base_otif                    0.91
Name: 1, dtype: object>",CUS-05,LATAM,49.36,1,5407.9,1,0
SHP-001590,2025-07,9,BAT-002079,PLT-03,CAR-05,"<bound method Series.mode of carrier_id               CAR-05
carrier_name    AirExpress Spec
mode                        Air
base_otif                  0.96
Name: 4, dtype: object>",CUS-06,AMER,55.81,1,6501.37,0,0
SHP-001591,2025-12,14,BAT-003110,PLT-01,CAR-04,"<bound method Series.mode of carrier_id                CAR-04
carrier_name    RailChem Freight
mode                        Rail
base_otif                   0.93
Name: 3, dtype: object>",CUS-05,LATAM,51.45,1,5342.39,0,0
SHP-001592,2024-10,0,BAT-000060,PLT-01,CAR-01,"<bound method Series.mode of carrier_id                    CAR-01
carrier_name    GlobalTank Logistics
mode                     Bulk Liquid
base_otif                       0.94
Name: 0, dtype: object>",CUS-03,APAC,32.62,1,3809.96,0,0
SHP-001593,2025-04,6,BAT-001429,PLT-02,CAR-02,"<bound method Series.mode of carrier_id                 CAR-02
carrier_name    EuroHaz Transport
mode                  Hazmat Road
base_otif                    0.91
Name: 1, dtype: object>",CUS-06,AMER,61.99,1,4201.81,0,0
SHP-001594,2025-09,11,BAT-002549,PLT-04,CAR-02,"<bound method Series.mode of carrier_id                 CAR-02
carrier_name    EuroHaz Transport
mode                  Hazmat Road
base_otif                    0.91
Name: 1, dtype: object>",CUS-04,EMEA,35.64,1,3824.42,0,0
SHP-001595,2025-04,6,BAT-001379,PLT-02,CAR-02,"<bound method Series.mode of carrier_id                 CAR-02
carrier_name    EuroHaz Transport
mode                  Hazmat Road
base_otif                    0.91
Name: 1, dtype: object>",CUS-01,EMEA,97.43,1,9388.02,0,0
SHP-001596,2025-11,13,BAT-002939,PLT-04,CAR-01,"<bound method Series.mode of carrier_id                    CAR-01
carrier_name    GlobalTank Logistics
mode                     Bulk Liquid
base_otif                       0.94
Name: 0, dtype: object>",CUS-02,AMER,29.49,1,2426.52,0,0
SHP-001597,2024-10,0,BAT-000093,PLT-05,CAR-04,"<bound method Series.mode of carrier_id                CAR-04
carrier_name    RailChem Freight
mode                        Rail
base_otif                   0.93
Name: 3, dtype: object>",CUS-02,AMER,38.06,1,4867.72,0,0
SHP-001598,2026-08,22,BAT-004977,PLT-04,CAR-02,"<bound method Series.mode of carrier_id                 CAR-02
carrier_name    EuroHaz Transport
mode                  Hazmat Road
base_otif                    0.91
Name: 1, dtype: object>",CUS-04,EMEA,38.87,1,4804.58,0,1
SHP-001599,2024-11,1,BAT-000262,PLT-02,CAR-05,"<bound method Series.mode of carrier_id               CAR-05
carrier_name    AirExpress Spec
mode                        Air
base_otif                  0.96
Name: 4, dtype: object>",CUS-05,LATAM,39.39,1,4130.92,0,0
SHP-001600,2026-03,17,BAT-003766,PLT-04,CAR-02,"<bound method Series.mode of carrier_id                 CAR-02
carrier_name    EuroHaz Transport
mode                  Hazmat Road
base_otif                    0.91
Name: 1, dtype: object>",CUS-02,AMER,13.23,1,1218.96,0,0
SHP-001601,2026-01,15,BAT-003467,PLT-02,CAR-04,"<bound method Series.mode of carrier_id                CAR-04
carrier_name    RailChem Freight
mode                        Rail
base_otif                   0.93
Name: 3, dtype: object>",CUS-08,EMEA,30.87,1,2046.61,0,0
SHP-001602,2026-07,21,BAT-004794,PLT-03,CAR-01,"<bound method Series.mode of carrier_id                    CAR-01
carrier_name    GlobalTank Logistics
mode                     Bulk Liquid
base_otif                       0.94
Name: 0, dtype: object>",CUS-10,APAC,1.44,1,109.1,0,1
SHP-001603,2025-01,3,BAT-000717,PLT-01,CAR-04,"<bound method Series.mode of carrier_id                CAR-04
carrier_name    RailChem Freight
mode                        Rail
base_otif                   0.93
Name: 3, dtype: object>",CUS-13,AMER,48.14,1,3904.89,0,0
SHP-001604,2026-05,19,BAT-004359,PLT-04,CAR-04,"<bound method Series.mode of carrier_id                CAR-04
carrier_name    RailChem Freight
mode                        Rail
base_otif                   0.93
Name: 3, dtype: object>",CUS-08,EMEA,96.7,1,13014.45,0,1
SHP-001605,2026-03,17,BAT-003791,PLT-04,CAR-04,"<bound method Series.mode of carrier_id                CAR-04
carrier_name    RailChem Freight
mode                        Rail
base_otif                   0.93
Name: 3, dtype: object>",CUS-06,AMER,48.03,1,6711.97,0,0
SHP-001606,2025-08,10,BAT-002261,PLT-02,CAR-02,"<bound method Series.mode of carrier_id                 CAR-02
carrier_name    EuroHaz Transport
mode                  Hazmat Road
base_otif                    0.91
Name: 1, dtype: object>",CUS-13,AMER,37.26,1,5092.73,0,0
SHP-001607,2025-12,14,BAT-003222,PLT-04,CAR-04,"<bound method Series.mode of carrier_id                CAR-04
carrier_name    RailChem Freight
mode                        Rail
base_otif                   0.93
Name: 3, dtype: object>",CUS-01,EMEA,34.29,1,2745.04,0,0
SHP-001608,2025-09,11,BAT-002609,PLT-06,CAR-04,"<bound method Series.mode of carrier_id                CAR-04
carrier_name    RailChem Freight
mode                        Rail
base_otif                   0.93
Name: 3, dtype: object>",CUS-08,EMEA,50.58,1,6674.54,0,0
SHP-001609,2026-05,19,BAT-004393,PLT-01,CAR-02,"<bound method Series.mode of carrier_id                 CAR-02
carrier_name    EuroHaz Transport
mode                  Hazmat Road
base_otif                    0.91
Name: 1, dtype: object>",CUS-01,EMEA,14.32,1,1092.82,0,1
SHP-001610,2026-02,16,BAT-003706,PLT-05,CAR-03,"<bound method Series.mode of carrier_id               CAR-03
carrier_name    OceanChem Lines
mode                 Ocean Bulk
base_otif                  0.88
Name: 2, dtype: object>",CUS-08,EMEA,36.0,1,4805.94,0,0
SHP-001611,2025-12,14,BAT-003230,PLT-04,CAR-02,"<bound method Series.mode of carrier_id                 CAR-02
carrier_name    EuroHaz Transport
mode                  Hazmat Road
base_otif                    0.91
Name: 1, dtype: object>",CUS-13,AMER,25.4,1,1536.92,0,0
SHP-001612,2025-01,3,BAT-000661,PLT-03,CAR-05,"<bound method Series.mode of carrier_id               CAR-05
carrier_name    AirExpress Spec
mode                        Air
base_otif                  0.96
Name: 4, dtype: object>",CUS-02,AMER,13.75,1,969.37,0,0
SHP-001613,2025-02,4,BAT-001057,PLT-05,CAR-05,"<bound method Series.mode of carrier_id               CAR-05
carrier_name    AirExpress Spec
mode                        Air
base_otif                  0.96
Name: 4, dtype: object>",CUS-07,APAC,49.37,1,6755.54,0,0
SHP-001614,2026-02,16,BAT-003691,PLT-05,CAR-01,"<bound method Series.mode of carrier_id                    CAR-01
carrier_name    GlobalTank Logistics
mode                     Bulk Liquid
base_otif                       0.94
Name: 0, dtype: object>",CUS-13,AMER,23.57,1,3113.35,0,0
SHP-001615,2026-03,17,BAT-003879,PLT-06,CAR-04,"<bound method Series.mode of carrier_id                CAR-04
carrier_name    RailChem Freight
mode                        Rail
base_otif                   0.93
Name: 3, dtype: object>",CUS-04,EMEA,82.17,1,8899.87,0,0
SHP-001616,2025-06,8,BAT-001957,PLT-06,CAR-04,"<bound method Series.mode of carrier_id                CAR-04
carrier_name    RailChem Freight
mode                        Rail
base_otif                   0.93
Name: 3, dtype: object>",CUS-05,LATAM,20.51,1,2568.95,0,0
SHP-001617,2024-12,2,BAT-000568,PLT-05,CAR-03,"<bound method Series.mode of carrier_id               CAR-03
carrier_name    OceanChem Lines
mode                 Ocean Bulk
base_otif                  0.88
Name: 2, dtype: object>",CUS-03,APAC,12.89,1,1134.15,0,0
SHP-001618,2026-03,17,BAT-003824,PLT-06,CAR-01,"<bound method Series.mode of carrier_id                    CAR-01
carrier_name    GlobalTank Logistics
mode                     Bulk Liquid
base_otif                       0.94
Name: 0, dtype: object>",CUS-03,APAC,60.28,1,4901.88,0,0
SHP-001619,2025-05,7,BAT-001734,PLT-03,CAR-02,"<bound method Series.mode of carrier_id                 CAR-02
carrier_name    EuroHaz Transport
mode                  Hazmat Road
base_otif                    0.91
Name: 1, dtype: object>",CUS-11,EMEA,11.13,1,1354.35,0,0
SHP-001620,2026-04,18,BAT-004144,PLT-03,CAR-04,"<bound method Series.mode of carrier_id                CAR-04
carrier_name    RailChem Freight
mode                        Rail
base_otif                   0.93
Name: 3, dtype: object>",CUS-10,APAC,27.63,1,3921.38,0,1
SHP-001621,2026-01,15,BAT-003403,PLT-02,CAR-05,"<bound method Series.mode of carrier_id               CAR-05
carrier_name    AirExpress Spec
mode                        Air
base_otif                  0.96
Name: 4, dtype: object>",CUS-12,LATAM,24.37,1,2908.0,0,0
SHP-001622,2025-07,9,BAT-002175,PLT-06,CAR-04,"<bound method Series.mode of carrier_id                CAR-04
carrier_name    RailChem Freight
mode                        Rail
base_otif                   0.93
Name: 3, dtype: object>",CUS-03,APAC,55.7,1,5504.43,0,0
SHP-001623,2025-05,7,BAT-001655,PLT-03,CAR-03,"<bound method Series.mode of carrier_id               CAR-03
carrier_name    OceanChem Lines
mode                 Ocean Bulk
base_otif                  0.88
Name: 2, dtype: object>",CUS-06,AMER,21.03,0,2669.97,0,0
SHP-001624,2024-11,1,BAT-000329,PLT-02,CAR-03,"<bound method Series.mode of carrier_id               CAR-03
carrier_name    OceanChem Lines
mode                 Ocean Bulk
base_otif                  0.88
Name: 2, dtype: object>",CUS-13,AMER,19.68,1,2470.82,0,0
SHP-001625,2025-03,5,BAT-001255,PLT-03,CAR-04,"<bound method Series.mode of carrier_id                CAR-04
carrier_name    RailChem Freight
mode                        Rail
base_otif                   0.93
Name: 3, dtype: object>",CUS-06,AMER,26.01,1,3077.87,0,0
SHP-001626,2026-04,18,BAT-003964,PLT-05,CAR-03,"<bound method Series.mode of carrier_id               CAR-03
carrier_name    OceanChem Lines
mode                 Ocean Bulk
base_otif                  0.88
Name: 2, dtype: object>",CUS-08,EMEA,67.57,1,5000.32,0,1
SHP-001627,2025-09,11,BAT-002614,PLT-04,CAR-05,"<bound method Series.mode of carrier_id               CAR-05
carrier_name    AirExpress Spec
mode                        Air
base_otif                  0.96
Name: 4, dtype: object>",CUS-15,EMEA,36.29,1,5136.03,0,0
SHP-001628,2026-01,15,BAT-003424,PLT-01,CAR-04,"<bound method Series.mode of carrier_id                CAR-04
carrier_name    RailChem Freight
mode                        Rail
base_otif                   0.93
Name: 3, dtype: object>",CUS-09,AMER,25.44,1,3229.99,0,0
SHP-001629,2026-01,15,BAT-003473,PLT-06,CAR-02,"<bound method Series.mode of carrier_id                 CAR-02
carrier_name    EuroHaz Transport
mode                  Hazmat Road
base_otif                    0.91
Name: 1, dtype: object>",CUS-13,AMER,16.58,1,2402.64,0,0
SHP-001630,2025-12,14,BAT-003300,PLT-06,CAR-04,"<bound method Series.mode of carrier_id                CAR-04
carrier_name    RailChem Freight
mode                        Rail
base_otif                   0.93
Name: 3, dtype: object>",CUS-08,EMEA,85.2,1,9390.47,0,0
SHP-001631,2025-10,12,BAT-002714,PLT-06,CAR-02,"<bound method Series.mode of carrier_id                 CAR-02
carrier_name    EuroHaz Transport
mode                  Hazmat Road
base_otif                    0.91
Name: 1, dtype: object>",CUS-05,LATAM,30.24,1,2278.17,0,0
SHP-001632,2025-11,13,BAT-003008,PLT-02,CAR-02,"<bound method Series.mode of carrier_id                 CAR-02
carrier_name    EuroHaz Transport
mode                  Hazmat Road
base_otif                    0.91
Name: 1, dtype: object>",CUS-03,APAC,58.92,1,7705.95,0,0
SHP-001633,2026-09,23,BAT-005087,PLT-04,CAR-04,"<bound method Series.mode of carrier_id                CAR-04
carrier_name    RailChem Freight
mode                        Rail
base_otif                   0.93
Name: 3, dtype: object>",CUS-14,APAC,45.44,1,4469.83,0,1
SHP-001634,2024-10,0,BAT-000150,PLT-01,CAR-04,"<bound method Series.mode of carrier_id                CAR-04
carrier_name    RailChem Freight
mode                        Rail
base_otif                   0.93
Name: 3, dtype: object>",CUS-07,APAC,22.41,0,2329.37,0,0
SHP-001635,2025-10,12,BAT-002756,PLT-01,CAR-02,"<bound method Series.mode of carrier_id                 CAR-02
carrier_name    EuroHaz Transport
mode                  Hazmat Road
base_otif                    0.91
Name: 1, dtype: object>",CUS-04,EMEA,20.42,1,1770.3,0,0
SHP-001636,2025-05,7,BAT-001621,PLT-04,CAR-05,"<bound method Series.mode of carrier_id               CAR-05
carrier_name    AirExpress Spec
mode                        Air
base_otif                  0.96
Name: 4, dtype: object>",CUS-07,APAC,44.66,1,2948.3,0,0
SHP-001637,2025-08,10,BAT-002265,PLT-03,CAR-03,"<bound method Series.mode of carrier_id               CAR-03
carrier_name    OceanChem Lines
mode                 Ocean Bulk
base_otif                  0.88
Name: 2, dtype: object>",CUS-07,APAC,14.26,1,921.98,0,0
SHP-001638,2025-04,6,BAT-001526,PLT-06,CAR-03,"<bound method Series.mode of carrier_id               CAR-03
carrier_name    OceanChem Lines
mode                 Ocean Bulk
base_otif                  0.88
Name: 2, dtype: object>",CUS-14,APAC,23.56,1,2754.32,0,0
SHP-001639,2025-12,14,BAT-003125,PLT-02,CAR-05,"<bound method Series.mode of carrier_id               CAR-05
carrier_name    AirExpress Spec
mode                        Air
base_otif                  0.96
Name: 4, dtype: object>",CUS-04,EMEA,64.13,1,4256.61,0,0
SHP-001640,2026-06,20,BAT-004546,PLT-03,CAR-05,"<bound method Series.mode of carrier_id               CAR-05
carrier_name    AirExpress Spec
mode                        Air
base_otif                  0.96
Name: 4, dtype: object>",CUS-14,APAC,44.98,1,4298.64,0,1
SHP-001641,2025-08,10,BAT-002264,PLT-04,CAR-03,"<bound method Series.mode of carrier_id               CAR-03
carrier_name    OceanChem Lines
mode                 Ocean Bulk
base_otif                  0.88
Name: 2, dtype: object>",CUS-15,EMEA,54.81,1,7845.17,0,0
SHP-001642,2025-03,5,BAT-001156,PLT-01,CAR-05,"<bound method Series.mode of carrier_id               CAR-05
carrier_name    AirExpress Spec
mode                        Air
base_otif                  0.96
Name: 4, dtype: object>",CUS-14,APAC,38.22,1,3416.87,0,0
SHP-001643,2025-02,4,BAT-001040,PLT-01,CAR-04,"<bound method Series.mode of carrier_id                CAR-04
carrier_name    RailChem Freight
mode                        Rail
base_otif                   0.93
Name: 3, dtype: object>",CUS-05,LATAM,12.03,1,1031.94,0,0
SHP-001644,2024-11,1,BAT-000287,PLT-01,CAR-01,"<bound method Series.mode of carrier_id                    CAR-01
carrier_name    GlobalTank Logistics
mode                     Bulk Liquid
base_otif                       0.94
Name: 0, dtype: object>",CUS-07,APAC,56.12,1,6512.31,0,0
SHP-001645,2026-06,20,BAT-004618,PLT-02,CAR-02,"<bound method Series.mode of carrier_id                 CAR-02
carrier_name    EuroHaz Transport
mode                  Hazmat Road
base_otif                    0.91
Name: 1, dtype: object>",CUS-10,APAC,104.24,1,9922.03,0,1
SHP-001646,2026-07,21,BAT-004773,PLT-02,CAR-04,"<bound method Series.mode of carrier_id                CAR-04
carrier_name    RailChem Freight
mode                        Rail
base_otif                   0.93
Name: 3, dtype: object>",CUS-01,EMEA,35.75,1,2706.73,0,1
SHP-001647,2026-04,18,BAT-004001,PLT-05,CAR-05,"<bound method Series.mode of carrier_id               CAR-05
carrier_name    AirExpress Spec
mode                        Air
base_otif                  0.96
Name: 4, dtype: object>",CUS-08,EMEA,36.42,1,3704.73,0,1
SHP-001648,2025-10,12,BAT-002719,PLT-02,CAR-01,"<bound method Series.mode of carrier_id                    CAR-01
carrier_name    GlobalTank Logistics
mode                     Bulk Liquid
base_otif                       0.94
Name: 0, dtype: object>",CUS-03,APAC,36.16,1,3037.4,0,0
SHP-001649,2024-10,0,BAT-000090,PLT-06,CAR-02,"<bound method Series.mode of carrier_id                 CAR-02
carrier_name    EuroHaz Transport
mode                  Hazmat Road
base_otif                    0.91
Name: 1, dtype: object>",CUS-01,EMEA,20.06,1,2827.18,0,0
SHP-001650,2026-02,16,BAT-003721,PLT-05,CAR-02,"<bound method Series.mode of carrier_id                 CAR-02
carrier_name    EuroHaz Transport
mode                  Hazmat Road
base_otif                    0.91
Name: 1, dtype: object>",CUS-15,EMEA,23.26,1,2741.66,0,0
SHP-001651,2025-03,5,BAT-001136,PLT-06,CAR-03,"<bound method Series.mode of carrier_id               CAR-03
carrier_name    OceanChem Lines
mode                 Ocean Bulk
base_otif                  0.88
Name: 2, dtype: object>",CUS-03,APAC,40.48,1,3057.3,0,0
SHP-001652,2026-08,22,BAT-004959,PLT-02,CAR-02,"<bound method Series.mode of carrier_id                 CAR-02
carrier_name    EuroHaz Transport
mode                  Hazmat Road
base_otif                    0.91
Name: 1, dtype: object>",CUS-09,AMER,101.69,1,6356.86,0,1
SHP-001653,2025-12,14,BAT-003082,PLT-01,CAR-05,"<bound method Series.mode of carrier_id               CAR-05
carrier_name    AirExpress Spec
mode                        Air
base_otif                  0.96
Name: 4, dtype: object>",CUS-09,AMER,37.64,1,4412.43,0,0
SHP-001654,2024-10,0,BAT-000219,PLT-01,CAR-03,"<bound method Series.mode of carrier_id               CAR-03
carrier_name    OceanChem Lines
mode                 Ocean Bulk
base_otif                  0.88
Name: 2, dtype: object>",CUS-02,AMER,19.18,1,2068.21,0,0
SHP-001655,2025-12,14,BAT-003150,PLT-02,CAR-03,"<bound method Series.mode of carrier_id               CAR-03
carrier_name    OceanChem Lines
mode                 Ocean Bulk
base_otif                  0.88
Name: 2, dtype: object>",CUS-10,APAC,2.58,1,265.27,0,0
SHP-001656,2026-09,23,BAT-005068,PLT-05,CAR-01,"<bound method Series.mode of carrier_id                    CAR-01
carrier_name    GlobalTank Logistics
mode                     Bulk Liquid
base_otif                       0.94
Name: 0, dtype: object>",CUS-01,EMEA,43.7,1,2792.37,0,1
SHP-001657,2026-01,15,BAT-003484,PLT-05,CAR-02,"<bound method Series.mode of carrier_id                 CAR-02
carrier_name    EuroHaz Transport
mode                  Hazmat Road
base_otif                    0.91
Name: 1, dtype: object>",CUS-02,AMER,2.0,0,130.96,0,0
SHP-001658,2025-06,8,BAT-001888,PLT-05,CAR-01,"<bound method Series.mode of carrier_id                    CAR-01
carrier_name    GlobalTank Logistics
mode                     Bulk Liquid
base_otif                       0.94
Name: 0, dtype: object>",CUS-10,APAC,28.21,1,3556.39,0,0
SHP-001659,2025-04,6,BAT-001344,PLT-01,CAR-01,"<bound method Series.mode of carrier_id                    CAR-01
carrier_name    GlobalTank Logistics
mode                     Bulk Liquid
base_otif                       0.94
Name: 0, dtype: object>",CUS-09,AMER,34.33,1,2066.69,0,0
SHP-001660,2026-05,19,BAT-004323,PLT-06,CAR-03,"<bound method Series.mode of carrier_id               CAR-03
carrier_name    OceanChem Lines
mode                 Ocean Bulk
base_otif                  0.88
Name: 2, dtype: object>",CUS-12,LATAM,17.95,1,1745.33,0,1
SHP-001661,2026-07,21,BAT-004669,PLT-01,CAR-04,"<bound method Series.mode of carrier_id                CAR-04
carrier_name    RailChem Freight
mode                        Rail
base_otif                   0.93
Name: 3, dtype: object>",CUS-13,AMER,33.72,1,4756.59,0,1
SHP-001662,2025-01,3,BAT-000783,PLT-02,CAR-03,"<bound method Series.mode of carrier_id               CAR-03
carrier_name    OceanChem Lines
mode                 Ocean Bulk
base_otif                  0.88
Name: 2, dtype: object>",CUS-05,LATAM,25.93,1,3438.47,0,0
SHP-001663,2025-08,10,BAT-002413,PLT-01,CAR-01,"<bound method Series.mode of carrier_id                    CAR-01
carrier_name    GlobalTank Logistics
mode                     Bulk Liquid
base_otif                       0.94
Name: 0, dtype: object>",CUS-13,AMER,36.24,1,5001.6,0,0
SHP-001664,2026-03,17,BAT-003938,PLT-01,CAR-04,"<bound method Series.mode of carrier_id                CAR-04
carrier_name    RailChem Freight
mode                        Rail
base_otif                   0.93
Name: 3, dtype: object>",CUS-01,EMEA,48.08,1,5080.25,0,0
SHP-001665,2026-01,15,BAT-003494,PLT-04,CAR-04,"<bound method Series.mode of carrier_id                CAR-04
carrier_name    RailChem Freight
mode                        Rail
base_otif                   0.93
Name: 3, dtype: object>",CUS-05,LATAM,50.76,1,6425.38,0,0
SHP-001666,2026-04,18,BAT-004150,PLT-06,CAR-03,"<bound method Series.mode of carrier_id               CAR-03
carrier_name    OceanChem Lines
mode                 Ocean Bulk
base_otif                  0.88
Name: 2, dtype: object>",CUS-11,EMEA,33.14,1,2405.37,0,1
SHP-001667,2025-02,4,BAT-000965,PLT-01,CAR-02,"<bound method Series.mode of carrier_id                 CAR-02
carrier_name    EuroHaz Transport
mode                  Hazmat Road
base_otif                    0.91
Name: 1, dtype: object>",CUS-13,AMER,2.38,1,270.06,0,0
SHP-001668,2026-09,23,BAT-005279,PLT-04,CAR-05,"<bound method Series.mode of carrier_id               CAR-05
carrier_name    AirExpress Spec
mode                        Air
base_otif                  0.96
Name: 4, dtype: object>",CUS-12,LATAM,64.21,1,6352.18,0,1
SHP-001669,2024-10,0,BAT-000213,PLT-05,CAR-03,"<bound method Series.mode of carrier_id               CAR-03
carrier_name    OceanChem Lines
mode                 Ocean Bulk
base_otif                  0.88
Name: 2, dtype: object>",CUS-07,APAC,42.31,0,4730.07,0,0
SHP-001670,2024-10,0,BAT-000079,PLT-01,CAR-02,"<bound method Series.mode of carrier_id                 CAR-02
carrier_name    EuroHaz Transport
mode                  Hazmat Road
base_otif                    0.91
Name: 1, dtype: object>",CUS-01,EMEA,66.36,1,9178.39,0,0
SHP-001671,2026-08,22,BAT-004842,PLT-05,CAR-03,"<bound method Series.mode of carrier_id               CAR-03
carrier_name    OceanChem Lines
mode                 Ocean Bulk
base_otif                  0.88
Name: 2, dtype: object>",CUS-12,LATAM,28.97,1,3014.95,0,1
SHP-001672,2026-03,17,BAT-003788,PLT-02,CAR-01,"<bound method Series.mode of carrier_id                    CAR-01
carrier_name    GlobalTank Logistics
mode                     Bulk Liquid
base_otif                       0.94
Name: 0, dtype: object>",CUS-06,AMER,33.73,1,2910.92,0,0
SHP-001673,2025-09,11,BAT-002485,PLT-04,CAR-01,"<bound method Series.mode of carrier_id                    CAR-01
carrier_name    GlobalTank Logistics
mode                     Bulk Liquid
base_otif                       0.94
Name: 0, dtype: object>",CUS-06,AMER,32.97,0,3090.14,0,0
SHP-001674,2024-10,0,BAT-000043,PLT-04,CAR-02,"<bound method Series.mode of carrier_id                 CAR-02
carrier_name    EuroHaz Transport
mode                  Hazmat Road
base_otif                    0.91
Name: 1, dtype: object>",CUS-07,APAC,93.18,1,13403.41,0,0
SHP-001675,2025-03,5,BAT-001297,PLT-03,CAR-02,"<bound method Series.mode of carrier_id                 CAR-02
carrier_name    EuroHaz Transport
mode                  Hazmat Road
base_otif                    0.91
Name: 1, dtype: object>",CUS-11,EMEA,37.69,1,3985.92,0,0
SHP-001676,2024-11,1,BAT-000358,PLT-01,CAR-04,"<bound method Series.mode of carrier_id                CAR-04
carrier_name    RailChem Freight
mode                        Rail
base_otif                   0.93
Name: 3, dtype: object>",CUS-06,AMER,71.75,1,8485.83,0,0
SHP-001677,2025-02,4,BAT-000882,PLT-05,CAR-05,"<bound method Series.mode of carrier_id               CAR-05
carrier_name    AirExpress Spec
mode                        Air
base_otif                  0.96
Name: 4, dtype: object>",CUS-10,APAC,28.23,1,4024.93,0,0
SHP-001678,2024-10,0,BAT-000203,PLT-01,CAR-05,"<bound method Series.mode of carrier_id               CAR-05
carrier_name    AirExpress Spec
mode                        Air
base_otif                  0.96
Name: 4, dtype: object>",CUS-02,AMER,0.98,1,119.98,0,0
SHP-001679,2025-07,9,BAT-002101,PLT-03,CAR-04,"<bound method Series.mode of carrier_id                CAR-04
carrier_name    RailChem Freight
mode                        Rail
base_otif                   0.93
Name: 3, dtype: object>",CUS-04,EMEA,12.0,1,1658.09,0,0
SHP-001680,2025-02,4,BAT-001056,PLT-05,CAR-02,"<bound method Series.mode of carrier_id                 CAR-02
carrier_name    EuroHaz Transport
mode                  Hazmat Road
base_otif                    0.91
Name: 1, dtype: object>",CUS-13,AMER,1.14,1,74.94,0,0
SHP-001681,2026-06,20,BAT-004498,PLT-01,CAR-02,"<bound method Series.mode of carrier_id                 CAR-02
carrier_name    EuroHaz Transport
mode                  Hazmat Road
base_otif                    0.91
Name: 1, dtype: object>",CUS-12,LATAM,22.36,1,1814.77,0,1
SHP-001682,2025-08,10,BAT-002285,PLT-02,CAR-05,"<bound method Series.mode of carrier_id               CAR-05
carrier_name    AirExpress Spec
mode                        Air
base_otif                  0.96
Name: 4, dtype: object>",CUS-11,EMEA,67.22,1,7994.74,0,0
SHP-001683,2026-06,20,BAT-004530,PLT-02,CAR-02,"<bound method Series.mode of carrier_id                 CAR-02
carrier_name    EuroHaz Transport
mode                  Hazmat Road
base_otif                    0.91
Name: 1, dtype: object>",CUS-07,APAC,92.94,1,5480.04,0,1
SHP-001684,2026-03,17,BAT-003947,PLT-04,CAR-04,"<bound method Series.mode of carrier_id                CAR-04
carrier_name    RailChem Freight
mode                        Rail
base_otif                   0.93
Name: 3, dtype: object>",CUS-15,EMEA,32.64,1,3387.03,0,0
SHP-001685,2026-04,18,BAT-004133,PLT-01,CAR-03,"<bound method Series.mode of carrier_id               CAR-03
carrier_name    OceanChem Lines
mode                 Ocean Bulk
base_otif                  0.88
Name: 2, dtype: object>",CUS-14,APAC,58.46,0,5286.66,0,1
SHP-001686,2025-11,13,BAT-002948,PLT-02,CAR-05,"<bound method Series.mode of carrier_id               CAR-05
carrier_name    AirExpress Spec
mode                        Air
base_otif                  0.96
Name: 4, dtype: object>",CUS-05,LATAM,14.31,1,1765.43,0,0
SHP-001687,2026-08,22,BAT-005011,PLT-02,CAR-03,"<bound method Series.mode of carrier_id               CAR-03
carrier_name    OceanChem Lines
mode                 Ocean Bulk
base_otif                  0.88
Name: 2, dtype: object>",CUS-14,APAC,79.6,1,10251.81,0,1
SHP-001688,2025-09,11,BAT-002484,PLT-06,CAR-04,"<bound method Series.mode of carrier_id                CAR-04
carrier_name    RailChem Freight
mode                        Rail
base_otif                   0.93
Name: 3, dtype: object>",CUS-13,AMER,30.32,1,4012.89,0,0
SHP-001689,2024-10,0,BAT-000095,PLT-04,CAR-02,"<bound method Series.mode of carrier_id                 CAR-02
carrier_name    EuroHaz Transport
mode                  Hazmat Road
base_otif                    0.91
Name: 1, dtype: object>",CUS-07,APAC,36.87,1,2633.67,0,0
SHP-001690,2025-08,10,BAT-002260,PLT-04,CAR-05,"<bound method Series.mode of carrier_id               CAR-05
carrier_name    AirExpress Spec
mode                        Air
base_otif                  0.96
Name: 4, dtype: object>",CUS-10,APAC,2.01,1,220.56,0,0
SHP-001691,2025-08,10,BAT-002241,PLT-06,CAR-05,"<bound method Series.mode of carrier_id               CAR-05
carrier_name    AirExpress Spec
mode                        Air
base_otif                  0.96
Name: 4, dtype: object>",CUS-09,AMER,50.1,1,3905.97,0,0
SHP-001692,2025-08,10,BAT-002332,PLT-04,CAR-01,"<bound method Series.mode of carrier_id                    CAR-01
carrier_name    GlobalTank Logistics
mode                     Bulk Liquid
base_otif                       0.94
Name: 0, dtype: object>",CUS-13,AMER,87.92,1,7814.57,0,0
SHP-001693,2025-02,4,BAT-000962,PLT-04,CAR-02,"<bound method Series.mode of carrier_id                 CAR-02
carrier_name    EuroHaz Transport
mode                  Hazmat Road
base_otif                    0.91
Name: 1, dtype: object>",CUS-02,AMER,31.55,1,3262.46,0,0
SHP-001694,2026-07,21,BAT-004653,PLT-06,CAR-03,"<bound method Series.mode of carrier_id               CAR-03
carrier_name    OceanChem Lines
mode                 Ocean Bulk
base_otif                  0.88
Name: 2, dtype: object>",CUS-06,AMER,2.3,1,145.64,0,1
SHP-001695,2024-11,1,BAT-000292,PLT-05,CAR-04,"<bound method Series.mode of carrier_id                CAR-04
carrier_name    RailChem Freight
mode                        Rail
base_otif                   0.93
Name: 3, dtype: object>",CUS-01,EMEA,44.96,0,3958.49,0,0
SHP-001696,2026-07,21,BAT-004834,PLT-05,CAR-04,"<bound method Series.mode of carrier_id                CAR-04
carrier_name    RailChem Freight
mode                        Rail
base_otif                   0.93
Name: 3, dtype: object>",CUS-10,APAC,42.17,1,4757.02,0,1
SHP-001697,2026-01,15,BAT-003409,PLT-04,CAR-04,"<bound method Series.mode of carrier_id                CAR-04
carrier_name    RailChem Freight
mode                        Rail
base_otif                   0.93
Name: 3, dtype: object>",CUS-02,AMER,3.28,1,432.22,0,0
SHP-001698,2026-06,20,BAT-004599,PLT-05,CAR-03,"<bound method Series.mode of carrier_id               CAR-03
carrier_name    OceanChem Lines
mode                 Ocean Bulk
base_otif                  0.88
Name: 2, dtype: object>",CUS-15,EMEA,17.89,1,1375.11,0,1
SHP-001699,2024-11,1,BAT-000342,PLT-03,CAR-04,"<bound method Series.mode of carrier_id                CAR-04
carrier_name    RailChem Freight
mode                        Rail
base_otif                   0.93
Name: 3, dtype: object>",CUS-10,APAC,70.13,1,4343.26,0,0
SHP-001700,2025-12,14,BAT-003096,PLT-04,CAR-01,"<bound method Series.mode of carrier_id                    CAR-01
carrier_name    GlobalTank Logistics
mode                     Bulk Liquid
base_otif                       0.94
Name: 0, dtype: object>",CUS-13,AMER,53.62,1,6591.88,0,0
SHP-001701,2025-05,7,BAT-001700,PLT-02,CAR-01,"<bound method Series.mode of carrier_id                    CAR-01
carrier_name    GlobalTank Logistics
mode                     Bulk Liquid
base_otif                       0.94
Name: 0, dtype: object>",CUS-13,AMER,32.86,1,4721.64,0,0
SHP-001702,2026-03,17,BAT-003743,PLT-01,CAR-01,"<bound method Series.mode of carrier_id                    CAR-01
carrier_name    GlobalTank Logistics
mode                     Bulk Liquid
base_otif                       0.94
Name: 0, dtype: object>",CUS-03,APAC,31.53,1,3932.1,0,0
SHP-001703,2025-04,6,BAT-001339,PLT-01,CAR-05,"<bound method Series.mode of carrier_id               CAR-05
carrier_name    AirExpress Spec
mode                        Air
base_otif                  0.96
Name: 4, dtype: object>",CUS-04,EMEA,31.91,1,3973.57,0,0
SHP-001704,2026-05,19,BAT-004192,PLT-04,CAR-04,"<bound method Series.mode of carrier_id                CAR-04
carrier_name    RailChem Freight
mode                        Rail
base_otif                   0.93
Name: 3, dtype: object>",CUS-14,APAC,84.14,0,8174.51,0,1
SHP-001705,2026-06,20,BAT-004493,PLT-06,CAR-05,"<bound method Series.mode of carrier_id               CAR-05
carrier_name    AirExpress Spec
mode                        Air
base_otif                  0.96
Name: 4, dtype: object>",CUS-13,AMER,52.56,1,4377.8,0,1
SHP-001706,2025-08,10,BAT-002400,PLT-05,CAR-03,"<bound method Series.mode of carrier_id               CAR-03
carrier_name    OceanChem Lines
mode                 Ocean Bulk
base_otif                  0.88
Name: 2, dtype: object>",CUS-08,EMEA,9.29,1,895.14,0,0
SHP-001707,2025-06,8,BAT-001832,PLT-04,CAR-04,"<bound method Series.mode of carrier_id                CAR-04
carrier_name    RailChem Freight
mode                        Rail
base_otif                   0.93
Name: 3, dtype: object>",CUS-03,APAC,32.02,1,4247.23,0,0
SHP-001708,2026-01,15,BAT-003355,PLT-04,CAR-01,"<bound method Series.mode of carrier_id                    CAR-01
carrier_name    GlobalTank Logistics
mode                     Bulk Liquid
base_otif                       0.94
Name: 0, dtype: object>",CUS-04,EMEA,2.07,1,252.36,0,0
SHP-001709,2025-07,9,BAT-002157,PLT-01,CAR-03,"<bound method Series.mode of carrier_id               CAR-03
carrier_name    OceanChem Lines
mode                 Ocean Bulk
base_otif                  0.88
Name: 2, dtype: object>",CUS-03,APAC,48.2,1,5283.94,0,0
SHP-001710,2026-01,15,BAT-003416,PLT-04,CAR-04,"<bound method Series.mode of carrier_id                CAR-04
carrier_name    RailChem Freight
mode                        Rail
base_otif                   0.93
Name: 3, dtype: object>",CUS-12,LATAM,44.37,1,4291.1,0,0
SHP-001711,2026-09,23,BAT-005178,PLT-01,CAR-05,"<bound method Series.mode of carrier_id               CAR-05
carrier_name    AirExpress Spec
mode                        Air
base_otif                  0.96
Name: 4, dtype: object>",CUS-15,EMEA,93.05,1,10605.88,0,1
SHP-001712,2025-08,10,BAT-002388,PLT-01,CAR-05,"<bound method Series.mode of carrier_id               CAR-05
carrier_name    AirExpress Spec
mode                        Air
base_otif                  0.96
Name: 4, dtype: object>",CUS-03,APAC,1.87,1,143.57,0,0
SHP-001713,2025-12,14,BAT-003190,PLT-02,CAR-05,"<bound method Series.mode of carrier_id               CAR-05
carrier_name    AirExpress Spec
mode                        Air
base_otif                  0.96
Name: 4, dtype: object>",CUS-07,APAC,23.98,1,2176.62,1,0
SHP-001714,2024-12,2,BAT-000489,PLT-04,CAR-04,"<bound method Series.mode of carrier_id                CAR-04
carrier_name    RailChem Freight
mode                        Rail
base_otif                   0.93
Name: 3, dtype: object>",CUS-01,EMEA,26.59,0,3566.12,0,0
SHP-001715,2026-05,19,BAT-004244,PLT-01,CAR-04,"<bound method Series.mode of carrier_id                CAR-04
carrier_name    RailChem Freight
mode                        Rail
base_otif                   0.93
Name: 3, dtype: object>",CUS-07,APAC,84.33,1,8070.75,0,1
SHP-001716,2024-11,1,BAT-000223,PLT-02,CAR-01,"<bound method Series.mode of carrier_id                    CAR-01
carrier_name    GlobalTank Logistics
mode                     Bulk Liquid
base_otif                       0.94
Name: 0, dtype: object>",CUS-01,EMEA,94.33,1,10575.94,0,0
SHP-001717,2025-01,3,BAT-000823,PLT-05,CAR-02,"<bound method Series.mode of carrier_id                 CAR-02
carrier_name    EuroHaz Transport
mode                  Hazmat Road
base_otif                    0.91
Name: 1, dtype: object>",CUS-02,AMER,23.17,1,1982.18,0,0
SHP-001718,2025-06,8,BAT-001958,PLT-03,CAR-05,"<bound method Series.mode of carrier_id               CAR-05
carrier_name    AirExpress Spec
mode                        Air
base_otif                  0.96
Name: 4, dtype: object>",CUS-01,EMEA,22.12,1,2437.0,0,0
SHP-001719,2026-04,18,BAT-004015,PLT-05,CAR-02,"<bound method Series.mode of carrier_id                 CAR-02
carrier_name    EuroHaz Transport
mode                  Hazmat Road
base_otif                    0.91
Name: 1, dtype: object>",CUS-13,AMER,24.81,1,2223.87,0,1
SHP-001720,2026-07,21,BAT-004747,PLT-02,CAR-01,"<bound method Series.mode of carrier_id                    CAR-01
carrier_name    GlobalTank Logistics
mode                     Bulk Liquid
base_otif                       0.94
Name: 0, dtype: object>",CUS-15,EMEA,1.94,1,221.33,0,1
SHP-001721,2025-12,14,BAT-003257,PLT-03,CAR-01,"<bound method Series.mode of carrier_id                    CAR-01
carrier_name    GlobalTank Logistics
mode                     Bulk Liquid
base_otif                       0.94
Name: 0, dtype: object>",CUS-03,APAC,1.74,1,209.35,0,0
SHP-001722,2026-05,19,BAT-004287,PLT-05,CAR-02,"<bound method Series.mode of carrier_id                 CAR-02
carrier_name    EuroHaz Transport
mode                  Hazmat Road
base_otif                    0.91
Name: 1, dtype: object>",CUS-12,LATAM,19.52,1,1632.81,0,1
SHP-001723,2025-01,3,BAT-000857,PLT-03,CAR-05,"<bound method Series.mode of carrier_id               CAR-05
carrier_name    AirExpress Spec
mode                        Air
base_otif                  0.96
Name: 4, dtype: object>",CUS-03,APAC,21.75,1,2475.48,0,0
SHP-001724,2026-03,17,BAT-003939,PLT-06,CAR-01,"<bound method Series.mode of carrier_id                    CAR-01
carrier_name    GlobalTank Logistics
mode                     Bulk Liquid
base_otif                       0.94
Name: 0, dtype: object>",CUS-03,APAC,15.5,1,2066.11,0,0
SHP-001725,2026-06,20,BAT-004524,PLT-04,CAR-03,"<bound method Series.mode of carrier_id               CAR-03
carrier_name    OceanChem Lines
mode                 Ocean Bulk
base_otif                  0.88
Name: 2, dtype: object>",CUS-09,AMER,19.85,1,1332.49,0,1
SHP-001726,2026-07,21,BAT-004657,PLT-06,CAR-01,"<bound method Series.mode of carrier_id                    CAR-01
carrier_name    GlobalTank Logistics
mode                     Bulk Liquid
base_otif                       0.94
Name: 0, dtype: object>",CUS-10,APAC,28.01,1,3770.34,0,1
SHP-001727,2026-08,22,BAT-004846,PLT-02,CAR-01,"<bound method Series.mode of carrier_id                    CAR-01
carrier_name    GlobalTank Logistics
mode                     Bulk Liquid
base_otif                       0.94
Name: 0, dtype: object>",CUS-03,APAC,73.45,1,7927.71,0,1
SHP-001728,2025-02,4,BAT-000924,PLT-03,CAR-02,"<bound method Series.mode of carrier_id                 CAR-02
carrier_name    EuroHaz Transport
mode                  Hazmat Road
base_otif                    0.91
Name: 1, dtype: object>",CUS-11,EMEA,19.0,1,1877.08,0,0
SHP-001729,2025-06,8,BAT-001774,PLT-03,CAR-03,"<bound method Series.mode of carrier_id               CAR-03
carrier_name    OceanChem Lines
mode                 Ocean Bulk
base_otif                  0.88
Name: 2, dtype: object>",CUS-14,APAC,27.49,1,3168.62,0,0
SHP-001730,2026-08,22,BAT-004887,PLT-05,CAR-02,"<bound method Series.mode of carrier_id                 CAR-02
carrier_name    EuroHaz Transport
mode                  Hazmat Road
base_otif                    0.91
Name: 1, dtype: object>",CUS-05,LATAM,13.12,1,1493.97,0,1
SHP-001731,2025-07,9,BAT-002159,PLT-03,CAR-05,"<bound method Series.mode of carrier_id               CAR-05
carrier_name    AirExpress Spec
mode                        Air
base_otif                  0.96
Name: 4, dtype: object>",CUS-04,EMEA,74.4,1,5438.58,0,0
SHP-001732,2025-03,5,BAT-001242,PLT-03,CAR-02,"<bound method Series.mode of carrier_id                 CAR-02
carrier_name    EuroHaz Transport
mode                  Hazmat Road
base_otif                    0.91
Name: 1, dtype: object>",CUS-13,AMER,24.41,1,1880.11,0,0
SHP-001733,2025-03,5,BAT-001168,PLT-06,CAR-05,"<bound method Series.mode of carrier_id               CAR-05
carrier_name    AirExpress Spec
mode                        Air
base_otif                  0.96
Name: 4, dtype: object>",CUS-02,AMER,1.03,1,125.36,0,0
SHP-001734,2025-06,8,BAT-001838,PLT-01,CAR-03,"<bound method Series.mode of carrier_id               CAR-03
carrier_name    OceanChem Lines
mode                 Ocean Bulk
base_otif                  0.88
Name: 2, dtype: object>",CUS-09,AMER,49.36,1,5203.82,0,0
SHP-001735,2025-01,3,BAT-000711,PLT-06,CAR-05,"<bound method Series.mode of carrier_id               CAR-05
carrier_name    AirExpress Spec
mode                        Air
base_otif                  0.96
Name: 4, dtype: object>",CUS-04,EMEA,47.25,1,4123.71,0,0
SHP-001736,2024-11,1,BAT-000341,PLT-06,CAR-04,"<bound method Series.mode of carrier_id                CAR-04
carrier_name    RailChem Freight
mode                        Rail
base_otif                   0.93
Name: 3, dtype: object>",CUS-15,EMEA,39.76,1,5022.33,0,0
SHP-001737,2025-02,4,BAT-000942,PLT-05,CAR-04,"<bound method Series.mode of carrier_id                CAR-04
carrier_name    RailChem Freight
mode                        Rail
base_otif                   0.93
Name: 3, dtype: object>",CUS-01,EMEA,29.98,1,4318.68,0,0
SHP-001738,2026-09,23,BAT-005160,PLT-03,CAR-03,"<bound method Series.mode of carrier_id               CAR-03
carrier_name    OceanChem Lines
mode                 Ocean Bulk
base_otif                  0.88
Name: 2, dtype: object>",CUS-04,EMEA,59.53,1,3806.69,0,1
SHP-001739,2025-11,13,BAT-002895,PLT-02,CAR-05,"<bound method Series.mode of carrier_id               CAR-05
carrier_name    AirExpress Spec
mode                        Air
base_otif                  0.96
Name: 4, dtype: object>",CUS-05,LATAM,58.74,1,4775.24,0,0
SHP-001740,2025-02,4,BAT-001079,PLT-06,CAR-03,"<bound method Series.mode of carrier_id               CAR-03
carrier_name    OceanChem Lines
mode                 Ocean Bulk
base_otif                  0.88
Name: 2, dtype: object>",CUS-08,EMEA,63.93,0,7379.83,0,0
SHP-001741,2025-07,9,BAT-002137,PLT-06,CAR-03,"<bound method Series.mode of carrier_id               CAR-03
carrier_name    OceanChem Lines
mode                 Ocean Bulk
base_otif                  0.88
Name: 2, dtype: object>",CUS-10,APAC,67.03,0,5103.12,0,0
SHP-001742,2024-11,1,BAT-000302,PLT-02,CAR-05,"<bound method Series.mode of carrier_id               CAR-05
carrier_name    AirExpress Spec
mode                        Air
base_otif                  0.96
Name: 4, dtype: object>",CUS-13,AMER,44.4,1,2703.01,0,0
SHP-001743,2025-05,7,BAT-001545,PLT-01,CAR-04,"<bound method Series.mode of carrier_id                CAR-04
carrier_name    RailChem Freight
mode                        Rail
base_otif                   0.93
Name: 3, dtype: object>",CUS-14,APAC,90.99,1,10927.48,0,0
SHP-001744,2025-09,11,BAT-002592,PLT-04,CAR-03,"<bound method Series.mode of carrier_id               CAR-03
carrier_name    OceanChem Lines
mode                 Ocean Bulk
base_otif                  0.88
Name: 2, dtype: object>",CUS-15,EMEA,28.64,0,3501.01,0,0
SHP-001745,2025-04,6,BAT-001330,PLT-05,CAR-02,"<bound method Series.mode of carrier_id                 CAR-02
carrier_name    EuroHaz Transport
mode                  Hazmat Road
base_otif                    0.91
Name: 1, dtype: object>",CUS-09,AMER,9.66,1,1086.94,0,0
SHP-001746,2024-10,0,BAT-000036,PLT-04,CAR-04,"<bound method Series.mode of carrier_id                CAR-04
carrier_name    RailChem Freight
mode                        Rail
base_otif                   0.93
Name: 3, dtype: object>",CUS-12,LATAM,32.43,1,3508.53,0,0
SHP-001747,2025-01,3,BAT-000787,PLT-04,CAR-01,"<bound method Series.mode of carrier_id                    CAR-01
carrier_name    GlobalTank Logistics
mode                     Bulk Liquid
base_otif                       0.94
Name: 0, dtype: object>",CUS-07,APAC,62.79,1,4052.13,0,0
SHP-001748,2026-07,21,BAT-004693,PLT-01,CAR-02,"<bound method Series.mode of carrier_id                 CAR-02
carrier_name    EuroHaz Transport
mode                  Hazmat Road
base_otif                    0.91
Name: 1, dtype: object>",CUS-03,APAC,31.01,1,2232.23,0,1
SHP-001749,2025-07,9,BAT-002001,PLT-03,CAR-03,"<bound method Series.mode of carrier_id               CAR-03
carrier_name    OceanChem Lines
mode                 Ocean Bulk
base_otif                  0.88
Name: 2, dtype: object>",CUS-01,EMEA,39.2,1,4752.73,0,0
SHP-001750,2026-06,20,BAT-004407,PLT-06,CAR-02,"<bound method Series.mode of carrier_id                 CAR-02
carrier_name    EuroHaz Transport
mode                  Hazmat Road
base_otif                    0.91
Name: 1, dtype: object>",CUS-13,AMER,77.86,1,11066.64,0,1
SHP-001751,2025-08,10,BAT-002373,PLT-05,CAR-02,"<bound method Series.mode of carrier_id                 CAR-02
carrier_name    EuroHaz Transport
mode                  Hazmat Road
base_otif                    0.91
Name: 1, dtype: object>",CUS-09,AMER,18.69,1,1655.3,0,0
SHP-001752,2025-10,12,BAT-002658,PLT-03,CAR-03,"<bound method Series.mode of carrier_id               CAR-03
carrier_name    OceanChem Lines
mode                 Ocean Bulk
base_otif                  0.88
Name: 2, dtype: object>",CUS-06,AMER,2.58,1,184.31,0,0
SHP-001753,2025-12,14,BAT-003237,PLT-01,CAR-04,"<bound method Series.mode of carrier_id                CAR-04
carrier_name    RailChem Freight
mode                        Rail
base_otif                   0.93
Name: 3, dtype: object>",CUS-02,AMER,41.17,1,3249.47,0,0
SHP-001754,2026-05,19,BAT-004241,PLT-01,CAR-04,"<bound method Series.mode of carrier_id                CAR-04
carrier_name    RailChem Freight
mode                        Rail
base_otif                   0.93
Name: 3, dtype: object>",CUS-02,AMER,38.1,1,3247.92,0,1
SHP-001755,2025-12,14,BAT-003158,PLT-01,CAR-04,"<bound method Series.mode of carrier_id                CAR-04
carrier_name    RailChem Freight
mode                        Rail
base_otif                   0.93
Name: 3, dtype: object>",CUS-06,AMER,31.5,0,4131.88,0,0
SHP-001756,2025-12,14,BAT-003162,PLT-03,CAR-03,"<bound method Series.mode of carrier_id               CAR-03
carrier_name    OceanChem Lines
mode                 Ocean Bulk
base_otif                  0.88
Name: 2, dtype: object>",CUS-01,EMEA,40.94,0,3431.32,0,0
SHP-001757,2026-06,20,BAT-004494,PLT-01,CAR-04,"<bound method Series.mode of carrier_id                CAR-04
carrier_name    RailChem Freight
mode                        Rail
base_otif                   0.93
Name: 3, dtype: object>",CUS-08,EMEA,37.44,1,2843.64,0,1
SHP-001758,2024-11,1,BAT-000393,PLT-04,CAR-01,"<bound method Series.mode of carrier_id                    CAR-01
carrier_name    GlobalTank Logistics
mode                     Bulk Liquid
base_otif                       0.94
Name: 0, dtype: object>",CUS-09,AMER,23.68,1,2750.49,0,0
SHP-001759,2025-06,8,BAT-001849,PLT-04,CAR-04,"<bound method Series.mode of carrier_id                CAR-04
carrier_name    RailChem Freight
mode                        Rail
base_otif                   0.93
Name: 3, dtype: object>",CUS-13,AMER,37.0,1,4744.2,0,0
SHP-001760,2026-06,20,BAT-004513,PLT-04,CAR-05,"<bound method Series.mode of carrier_id               CAR-05
carrier_name    AirExpress Spec
mode                        Air
base_otif                  0.96
Name: 4, dtype: object>",CUS-11,EMEA,27.3,1,1913.57,0,1
SHP-001761,2026-05,19,BAT-004235,PLT-04,CAR-01,"<bound method Series.mode of carrier_id                    CAR-01
carrier_name    GlobalTank Logistics
mode                     Bulk Liquid
base_otif                       0.94
Name: 0, dtype: object>",CUS-13,AMER,31.3,1,3600.35,1,1
SHP-001762,2026-08,22,BAT-004955,PLT-06,CAR-01,"<bound method Series.mode of carrier_id                    CAR-01
carrier_name    GlobalTank Logistics
mode                     Bulk Liquid
base_otif                       0.94
Name: 0, dtype: object>",CUS-05,LATAM,3.12,1,296.39,0,1
SHP-001763,2025-05,7,BAT-001611,PLT-03,CAR-05,"<bound method Series.mode of carrier_id               CAR-05
carrier_name    AirExpress Spec
mode                        Air
base_otif                  0.96
Name: 4, dtype: object>",CUS-14,APAC,54.9,1,3881.43,0,0
SHP-001764,2025-07,9,BAT-002057,PLT-06,CAR-05,"<bound method Series.mode of carrier_id               CAR-05
carrier_name    AirExpress Spec
mode                        Air
base_otif                  0.96
Name: 4, dtype: object>",CUS-03,APAC,51.66,1,6511.46,0,0
SHP-001765,2024-10,0,BAT-000187,PLT-02,CAR-01,"<bound method Series.mode of carrier_id                    CAR-01
carrier_name    GlobalTank Logistics
mode                     Bulk Liquid
base_otif                       0.94
Name: 0, dtype: object>",CUS-08,EMEA,98.67,1,13860.56,0,0
SHP-001766,2025-11,13,BAT-003062,PLT-06,CAR-03,"<bound method Series.mode of carrier_id               CAR-03
carrier_name    OceanChem Lines
mode                 Ocean Bulk
base_otif                  0.88
Name: 2, dtype: object>",CUS-13,AMER,57.12,1,4376.86,0,0
SHP-001767,2025-10,12,BAT-002647,PLT-01,CAR-05,"<bound method Series.mode of carrier_id               CAR-05
carrier_name    AirExpress Spec
mode                        Air
base_otif                  0.96
Name: 4, dtype: object>",CUS-11,EMEA,32.39,1,1913.97,0,0
SHP-001768,2025-07,9,BAT-002176,PLT-02,CAR-02,"<bound method Series.mode of carrier_id                 CAR-02
carrier_name    EuroHaz Transport
mode                  Hazmat Road
base_otif                    0.91
Name: 1, dtype: object>",CUS-09,AMER,2.18,1,136.73,0,0
SHP-001769,2026-01,15,BAT-003386,PLT-04,CAR-02,"<bound method Series.mode of carrier_id                 CAR-02
carrier_name    EuroHaz Transport
mode                  Hazmat Road
base_otif                    0.91
Name: 1, dtype: object>",CUS-07,APAC,52.62,0,5775.97,0,0
SHP-001770,2024-12,2,BAT-000458,PLT-05,CAR-04,"<bound method Series.mode of carrier_id                CAR-04
carrier_name    RailChem Freight
mode                        Rail
base_otif                   0.93
Name: 3, dtype: object>",CUS-04,EMEA,30.57,1,3366.38,0,0
SHP-001771,2025-06,8,BAT-001887,PLT-05,CAR-02,"<bound method Series.mode of carrier_id                 CAR-02
carrier_name    EuroHaz Transport
mode                  Hazmat Road
base_otif                    0.91
Name: 1, dtype: object>",CUS-09,AMER,18.1,0,2353.47,0,0
SHP-001772,2024-11,1,BAT-000237,PLT-01,CAR-04,"<bound method Series.mode of carrier_id                CAR-04
carrier_name    RailChem Freight
mode                        Rail
base_otif                   0.93
Name: 3, dtype: object>",CUS-05,LATAM,50.91,1,5040.65,0,0
SHP-001773,2025-04,6,BAT-001491,PLT-01,CAR-03,"<bound method Series.mode of carrier_id               CAR-03
carrier_name    OceanChem Lines
mode                 Ocean Bulk
base_otif                  0.88
Name: 2, dtype: object>",CUS-13,AMER,30.29,1,2249.75,0,0
SHP-001774,2026-05,19,BAT-004381,PLT-04,CAR-03,"<bound method Series.mode of carrier_id               CAR-03
carrier_name    OceanChem Lines
mode                 Ocean Bulk
base_otif                  0.88
Name: 2, dtype: object>",CUS-08,EMEA,60.94,0,5002.01,1,1
SHP-001775,2025-05,7,BAT-001622,PLT-06,CAR-02,"<bound method Series.mode of carrier_id                 CAR-02
carrier_name    EuroHaz Transport
mode                  Hazmat Road
base_otif                    0.91
Name: 1, dtype: object>",CUS-14,APAC,20.89,1,2055.34,0,0
SHP-001776,2025-07,9,BAT-002143,PLT-05,CAR-01,"<bound method Series.mode of carrier_id                    CAR-01
carrier_name    GlobalTank Logistics
mode                     Bulk Liquid
base_otif                       0.94
Name: 0, dtype: object>",CUS-06,AMER,8.89,1,1255.46,0,0
SHP-001777,2025-11,13,BAT-003041,PLT-06,CAR-01,"<bound method Series.mode of carrier_id                    CAR-01
carrier_name    GlobalTank Logistics
mode                     Bulk Liquid
base_otif                       0.94
Name: 0, dtype: object>",CUS-14,APAC,69.16,1,9910.71,0,0
SHP-001778,2026-03,17,BAT-003767,PLT-04,CAR-04,"<bound method Series.mode of carrier_id                CAR-04
carrier_name    RailChem Freight
mode                        Rail
base_otif                   0.93
Name: 3, dtype: object>",CUS-12,LATAM,29.94,1,2981.31,0,0
SHP-001779,2025-06,8,BAT-001856,PLT-04,CAR-02,"<bound method Series.mode of carrier_id                 CAR-02
carrier_name    EuroHaz Transport
mode                  Hazmat Road
base_otif                    0.91
Name: 1, dtype: object>",CUS-07,APAC,59.08,0,8371.86,0,0
SHP-001780,2025-06,8,BAT-001862,PLT-04,CAR-05,"<bound method Series.mode of carrier_id               CAR-05
carrier_name    AirExpress Spec
mode                        Air
base_otif                  0.96
Name: 4, dtype: object>",CUS-06,AMER,62.37,1,4056.15,0,0
SHP-001781,2026-06,20,BAT-004470,PLT-01,CAR-04,"<bound method Series.mode of carrier_id                CAR-04
carrier_name    RailChem Freight
mode                        Rail
base_otif                   0.93
Name: 3, dtype: object>",CUS-04,EMEA,2.08,1,206.51,0,1
SHP-001782,2026-02,16,BAT-003603,PLT-05,CAR-03,"<bound method Series.mode of carrier_id               CAR-03
carrier_name    OceanChem Lines
mode                 Ocean Bulk
base_otif                  0.88
Name: 2, dtype: object>",CUS-12,LATAM,20.56,1,2706.87,0,0
SHP-001783,2025-03,5,BAT-001310,PLT-03,CAR-01,"<bound method Series.mode of carrier_id                    CAR-01
carrier_name    GlobalTank Logistics
mode                     Bulk Liquid
base_otif                       0.94
Name: 0, dtype: object>",CUS-07,APAC,43.47,1,3963.76,0,0
SHP-001784,2025-02,4,BAT-001082,PLT-02,CAR-03,"<bound method Series.mode of carrier_id               CAR-03
carrier_name    OceanChem Lines
mode                 Ocean Bulk
base_otif                  0.88
Name: 2, dtype: object>",CUS-11,EMEA,91.34,1,12351.6,0,0
SHP-001785,2025-01,3,BAT-000770,PLT-05,CAR-03,"<bound method Series.mode of carrier_id               CAR-03
carrier_name    OceanChem Lines
mode                 Ocean Bulk
base_otif                  0.88
Name: 2, dtype: object>",CUS-09,AMER,9.99,1,992.73,0,0
SHP-001786,2025-07,9,BAT-002108,PLT-04,CAR-01,"<bound method Series.mode of carrier_id                    CAR-01
carrier_name    GlobalTank Logistics
mode                     Bulk Liquid
base_otif                       0.94
Name: 0, dtype: object>",CUS-12,LATAM,36.8,1,3181.64,1,0
SHP-001787,2025-06,8,BAT-001953,PLT-04,CAR-03,"<bound method Series.mode of carrier_id               CAR-03
carrier_name    OceanChem Lines
mode                 Ocean Bulk
base_otif                  0.88
Name: 2, dtype: object>",CUS-01,EMEA,76.63,1,10005.26,0,0
SHP-001788,2025-03,5,BAT-001233,PLT-04,CAR-03,"<bound method Series.mode of carrier_id               CAR-03
carrier_name    OceanChem Lines
mode                 Ocean Bulk
base_otif                  0.88
Name: 2, dtype: object>",CUS-08,EMEA,29.0,1,2837.51,0,0
SHP-001789,2026-08,22,BAT-005034,PLT-04,CAR-02,"<bound method Series.mode of carrier_id                 CAR-02
carrier_name    EuroHaz Transport
mode                  Hazmat Road
base_otif                    0.91
Name: 1, dtype: object>",CUS-12,LATAM,30.28,1,2632.61,0,1
SHP-001790,2025-02,4,BAT-001022,PLT-01,CAR-01,"<bound method Series.mode of carrier_id                    CAR-01
carrier_name    GlobalTank Logistics
mode                     Bulk Liquid
base_otif                       0.94
Name: 0, dtype: object>",CUS-05,LATAM,62.02,1,4988.35,0,0
SHP-001791,2026-02,16,BAT-003536,PLT-01,CAR-05,"<bound method Series.mode of carrier_id               CAR-05
carrier_name    AirExpress Spec
mode                        Air
base_otif                  0.96
Name: 4, dtype: object>",CUS-05,LATAM,36.45,1,4189.49,0,0
SHP-001792,2025-09,11,BAT-002497,PLT-01,CAR-03,"<bound method Series.mode of carrier_id               CAR-03
carrier_name    OceanChem Lines
mode                 Ocean Bulk
base_otif                  0.88
Name: 2, dtype: object>",CUS-07,APAC,62.78,1,4200.92,0,0
SHP-001793,2024-11,1,BAT-000339,PLT-02,CAR-05,"<bound method Series.mode of carrier_id               CAR-05
carrier_name    AirExpress Spec
mode                        Air
base_otif                  0.96
Name: 4, dtype: object>",CUS-06,AMER,89.48,1,12818.63,0,0
SHP-001794,2025-07,9,BAT-002173,PLT-02,CAR-02,"<bound method Series.mode of carrier_id                 CAR-02
carrier_name    EuroHaz Transport
mode                  Hazmat Road
base_otif                    0.91
Name: 1, dtype: object>",CUS-12,LATAM,51.03,0,6093.5,0,0
SHP-001795,2025-01,3,BAT-000820,PLT-02,CAR-05,"<bound method Series.mode of carrier_id               CAR-05
carrier_name    AirExpress Spec
mode                        Air
base_otif                  0.96
Name: 4, dtype: object>",CUS-08,EMEA,46.85,0,6661.9,0,0
SHP-001796,2025-05,7,BAT-001646,PLT-06,CAR-02,"<bound method Series.mode of carrier_id                 CAR-02
carrier_name    EuroHaz Transport
mode                  Hazmat Road
base_otif                    0.91
Name: 1, dtype: object>",CUS-01,EMEA,12.04,1,895.02,0,0
SHP-001797,2025-02,4,BAT-000944,PLT-01,CAR-02,"<bound method Series.mode of carrier_id                 CAR-02
carrier_name    EuroHaz Transport
mode                  Hazmat Road
base_otif                    0.91
Name: 1, dtype: object>",CUS-14,APAC,2.37,1,262.81,0,0
SHP-001798,2026-01,15,BAT-003468,PLT-05,CAR-02,"<bound method Series.mode of carrier_id                 CAR-02
carrier_name    EuroHaz Transport
mode                  Hazmat Road
base_otif                    0.91
Name: 1, dtype: object>",CUS-05,LATAM,17.15,0,2057.72,0,0
SHP-001799,2025-03,5,BAT-001171,PLT-01,CAR-01,"<bound method Series.mode of carrier_id                    CAR-01
carrier_name    GlobalTank Logistics
mode                     Bulk Liquid
base_otif                       0.94
Name: 0, dtype: object>",CUS-15,EMEA,62.53,1,5613.79,0,0
SHP-001800,2026-06,20,BAT-004484,PLT-01,CAR-02,"<bound method Series.mode of carrier_id                 CAR-02
carrier_name    EuroHaz Transport
mode                  Hazmat Road
base_otif                    0.91
Name: 1, dtype: object>",CUS-02,AMER,63.32,1,8757.97,0,1
SHP-001801,2026-02,16,BAT-003546,PLT-02,CAR-04,"<bound method Series.mode of carrier_id                CAR-04
carrier_name    RailChem Freight
mode                        Rail
base_otif                   0.93
Name: 3, dtype: object>",CUS-08,EMEA,54.84,1,5463.75,0,0
SHP-001802,2025-05,7,BAT-001736,PLT-05,CAR-01,"<bound method Series.mode of carrier_id                    CAR-01
carrier_name    GlobalTank Logistics
mode                     Bulk Liquid
base_otif                       0.94
Name: 0, dtype: object>",CUS-06,AMER,16.51,1,2167.83,0,0
SHP-001803,2025-05,7,BAT-001670,PLT-05,CAR-03,"<bound method Series.mode of carrier_id               CAR-03
carrier_name    OceanChem Lines
mode                 Ocean Bulk
base_otif                  0.88
Name: 2, dtype: object>",CUS-07,APAC,42.15,1,5997.66,0,0
SHP-001804,2026-05,19,BAT-004264,PLT-01,CAR-03,"<bound method Series.mode of carrier_id               CAR-03
carrier_name    OceanChem Lines
mode                 Ocean Bulk
base_otif                  0.88
Name: 2, dtype: object>",CUS-08,EMEA,21.39,1,2012.7,0,1
SHP-001805,2025-12,14,BAT-003083,PLT-06,CAR-05,"<bound method Series.mode of carrier_id               CAR-05
carrier_name    AirExpress Spec
mode                        Air
base_otif                  0.96
Name: 4, dtype: object>",CUS-15,EMEA,22.31,1,1591.55,0,0
SHP-001806,2026-03,17,BAT-003818,PLT-02,CAR-04,"<bound method Series.mode of carrier_id                CAR-04
carrier_name    RailChem Freight
mode                        Rail
base_otif                   0.93
Name: 3, dtype: object>",CUS-03,APAC,16.54,1,1507.77,0,0
SHP-001807,2026-01,15,BAT-003326,PLT-02,CAR-02,"<bound method Series.mode of carrier_id                 CAR-02
carrier_name    EuroHaz Transport
mode                  Hazmat Road
base_otif                    0.91
Name: 1, dtype: object>",CUS-13,AMER,61.68,1,7973.86,0,0
SHP-001808,2026-08,22,BAT-005046,PLT-01,CAR-02,"<bound method Series.mode of carrier_id                 CAR-02
carrier_name    EuroHaz Transport
mode                  Hazmat Road
base_otif                    0.91
Name: 1, dtype: object>",CUS-10,APAC,33.52,1,3858.45,0,1
SHP-001809,2025-09,11,BAT-002564,PLT-02,CAR-05,"<bound method Series.mode of carrier_id               CAR-05
carrier_name    AirExpress Spec
mode                        Air
base_otif                  0.96
Name: 4, dtype: object>",CUS-06,AMER,2.52,1,263.94,0,0
SHP-001810,2024-12,2,BAT-000493,PLT-05,CAR-04,"<bound method Series.mode of carrier_id                CAR-04
carrier_name    RailChem Freight
mode                        Rail
base_otif                   0.93
Name: 3, dtype: object>",CUS-13,AMER,47.76,1,5997.56,0,0
SHP-001811,2026-02,16,BAT-003663,PLT-01,CAR-05,"<bound method Series.mode of carrier_id               CAR-05
carrier_name    AirExpress Spec
mode                        Air
base_otif                  0.96
Name: 4, dtype: object>",CUS-13,AMER,83.95,1,11155.69,0,0
SHP-001812,2025-06,8,BAT-001811,PLT-01,CAR-05,"<bound method Series.mode of carrier_id               CAR-05
carrier_name    AirExpress Spec
mode                        Air
base_otif                  0.96
Name: 4, dtype: object>",CUS-12,LATAM,75.56,1,5391.27,0,0
SHP-001813,2026-03,17,BAT-003885,PLT-06,CAR-05,"<bound method Series.mode of carrier_id               CAR-05
carrier_name    AirExpress Spec
mode                        Air
base_otif                  0.96
Name: 4, dtype: object>",CUS-05,LATAM,34.8,1,3557.16,0,0
SHP-001814,2026-07,21,BAT-004641,PLT-06,CAR-03,"<bound method Series.mode of carrier_id               CAR-03
carrier_name    OceanChem Lines
mode                 Ocean Bulk
base_otif                  0.88
Name: 2, dtype: object>",CUS-07,APAC,50.21,1,3268.18,0,1
SHP-001815,2026-09,23,BAT-005177,PLT-02,CAR-02,"<bound method Series.mode of carrier_id                 CAR-02
carrier_name    EuroHaz Transport
mode                  Hazmat Road
base_otif                    0.91
Name: 1, dtype: object>",CUS-10,APAC,40.85,1,5631.69,0,1
SHP-001816,2025-07,9,BAT-002141,PLT-03,CAR-04,"<bound method Series.mode of carrier_id                CAR-04
carrier_name    RailChem Freight
mode                        Rail
base_otif                   0.93
Name: 3, dtype: object>",CUS-13,AMER,53.22,1,4526.06,0,0
SHP-001817,2025-01,3,BAT-000866,PLT-05,CAR-03,"<bound method Series.mode of carrier_id               CAR-03
carrier_name    OceanChem Lines
mode                 Ocean Bulk
base_otif                  0.88
Name: 2, dtype: object>",CUS-09,AMER,52.71,1,3235.38,0,0
SHP-001818,2026-09,23,BAT-005187,PLT-03,CAR-05,"<bound method Series.mode of carrier_id               CAR-05
carrier_name    AirExpress Spec
mode                        Air
base_otif                  0.96
Name: 4, dtype: object>",CUS-15,EMEA,31.98,1,4118.54,0,1
SHP-001819,2026-02,16,BAT-003537,PLT-05,CAR-05,"<bound method Series.mode of carrier_id               CAR-05
carrier_name    AirExpress Spec
mode                        Air
base_otif                  0.96
Name: 4, dtype: object>",CUS-07,APAC,23.43,1,2466.66,0,0
SHP-001820,2025-10,12,BAT-002812,PLT-06,CAR-03,"<bound method Series.mode of carrier_id               CAR-03
carrier_name    OceanChem Lines
mode                 Ocean Bulk
base_otif                  0.88
Name: 2, dtype: object>",CUS-10,APAC,80.99,0,5734.91,0,0
SHP-001821,2025-01,3,BAT-000679,PLT-04,CAR-02,"<bound method Series.mode of carrier_id                 CAR-02
carrier_name    EuroHaz Transport
mode                  Hazmat Road
base_otif                    0.91
Name: 1, dtype: object>",CUS-05,LATAM,22.8,1,3120.39,0,0
SHP-001822,2025-03,5,BAT-001241,PLT-05,CAR-05,"<bound method Series.mode of carrier_id               CAR-05
carrier_name    AirExpress Spec
mode                        Air
base_otif                  0.96
Name: 4, dtype: object>",CUS-06,AMER,1.58,0,153.94,0,0
SHP-001823,2024-10,0,BAT-000181,PLT-04,CAR-04,"<bound method Series.mode of carrier_id                CAR-04
carrier_name    RailChem Freight
mode                        Rail
base_otif                   0.93
Name: 3, dtype: object>",CUS-03,APAC,52.64,1,7080.02,0,0
SHP-001824,2025-10,12,BAT-002831,PLT-06,CAR-01,"<bound method Series.mode of carrier_id                    CAR-01
carrier_name    GlobalTank Logistics
mode                     Bulk Liquid
base_otif                       0.94
Name: 0, dtype: object>",CUS-09,AMER,2.54,0,213.93,0,0
SHP-001825,2025-08,10,BAT-002269,PLT-01,CAR-01,"<bound method Series.mode of carrier_id                    CAR-01
carrier_name    GlobalTank Logistics
mode                     Bulk Liquid
base_otif                       0.94
Name: 0, dtype: object>",CUS-11,EMEA,23.17,1,1820.8,0,0
SHP-001826,2026-01,15,BAT-003336,PLT-03,CAR-05,"<bound method Series.mode of carrier_id               CAR-05
carrier_name    AirExpress Spec
mode                        Air
base_otif                  0.96
Name: 4, dtype: object>",CUS-15,EMEA,15.74,1,1993.09,0,0
SHP-001827,2026-07,21,BAT-004740,PLT-06,CAR-05,"<bound method Series.mode of carrier_id               CAR-05
carrier_name    AirExpress Spec
mode                        Air
base_otif                  0.96
Name: 4, dtype: object>",CUS-05,LATAM,3.08,1,274.9,0,1
SHP-001828,2026-03,17,BAT-003800,PLT-06,CAR-05,"<bound method Series.mode of carrier_id               CAR-05
carrier_name    AirExpress Spec
mode                        Air
base_otif                  0.96
Name: 4, dtype: object>",CUS-10,APAC,62.55,1,6305.91,0,0
SHP-001829,2025-02,4,BAT-000931,PLT-03,CAR-01,"<bound method Series.mode of carrier_id                    CAR-01
carrier_name    GlobalTank Logistics
mode                     Bulk Liquid
base_otif                       0.94
Name: 0, dtype: object>",CUS-07,APAC,1.0,1,121.99,0,0
SHP-001830,2025-12,14,BAT-003259,PLT-05,CAR-04,"<bound method Series.mode of carrier_id                CAR-04
carrier_name    RailChem Freight
mode                        Rail
base_otif                   0.93
Name: 3, dtype: object>",CUS-09,AMER,35.03,1,3582.0,0,0
SHP-001831,2026-05,19,BAT-004188,PLT-05,CAR-05,"<bound method Series.mode of carrier_id               CAR-05
carrier_name    AirExpress Spec
mode                        Air
base_otif                  0.96
Name: 4, dtype: object>",CUS-08,EMEA,53.68,1,6671.84,0,1
SHP-001832,2025-09,11,BAT-002563,PLT-02,CAR-01,"<bound method Series.mode of carrier_id                    CAR-01
carrier_name    GlobalTank Logistics
mode                     Bulk Liquid
base_otif                       0.94
Name: 0, dtype: object>",CUS-02,AMER,21.97,1,2090.26,0,0
SHP-001833,2025-11,13,BAT-003023,PLT-06,CAR-03,"<bound method Series.mode of carrier_id               CAR-03
carrier_name    OceanChem Lines
mode                 Ocean Bulk
base_otif                  0.88
Name: 2, dtype: object>",CUS-15,EMEA,33.2,1,3624.93,0,0
SHP-001834,2026-07,21,BAT-004749,PLT-02,CAR-04,"<bound method Series.mode of carrier_id                CAR-04
carrier_name    RailChem Freight
mode                        Rail
base_otif                   0.93
Name: 3, dtype: object>",CUS-01,EMEA,52.06,1,5301.51,0,1
SHP-001835,2026-04,18,BAT-004167,PLT-03,CAR-05,"<bound method Series.mode of carrier_id               CAR-05
carrier_name    AirExpress Spec
mode                        Air
base_otif                  0.96
Name: 4, dtype: object>",CUS-06,AMER,22.02,1,2016.94,0,1
SHP-001836,2026-09,23,BAT-005096,PLT-04,CAR-04,"<bound method Series.mode of carrier_id                CAR-04
carrier_name    RailChem Freight
mode                        Rail
base_otif                   0.93
Name: 3, dtype: object>",CUS-01,EMEA,43.4,1,4065.8,0,1
SHP-001837,2026-03,17,BAT-003838,PLT-02,CAR-01,"<bound method Series.mode of carrier_id                    CAR-01
carrier_name    GlobalTank Logistics
mode                     Bulk Liquid
base_otif                       0.94
Name: 0, dtype: object>",CUS-01,EMEA,2.93,1,268.65,0,0
SHP-001838,2025-01,3,BAT-000715,PLT-06,CAR-02,"<bound method Series.mode of carrier_id                 CAR-02
carrier_name    EuroHaz Transport
mode                  Hazmat Road
base_otif                    0.91
Name: 1, dtype: object>",CUS-14,APAC,64.56,1,6640.63,0,0
SHP-001839,2026-06,20,BAT-004605,PLT-04,CAR-05,"<bound method Series.mode of carrier_id               CAR-05
carrier_name    AirExpress Spec
mode                        Air
base_otif                  0.96
Name: 4, dtype: object>",CUS-06,AMER,71.76,1,10141.05,0,1
SHP-001840,2026-05,19,BAT-004325,PLT-02,CAR-01,"<bound method Series.mode of carrier_id                    CAR-01
carrier_name    GlobalTank Logistics
mode                     Bulk Liquid
base_otif                       0.94
Name: 0, dtype: object>",CUS-08,EMEA,69.5,1,9171.64,0,1
SHP-001841,2025-12,14,BAT-003216,PLT-05,CAR-05,"<bound method Series.mode of carrier_id               CAR-05
carrier_name    AirExpress Spec
mode                        Air
base_otif                  0.96
Name: 4, dtype: object>",CUS-11,EMEA,37.93,1,2990.24,0,0
SHP-001842,2024-10,0,BAT-000088,PLT-03,CAR-05,"<bound method Series.mode of carrier_id               CAR-05
carrier_name    AirExpress Spec
mode                        Air
base_otif                  0.96
Name: 4, dtype: object>",CUS-12,LATAM,36.5,1,2348.48,0,0
SHP-001843,2024-12,2,BAT-000486,PLT-02,CAR-03,"<bound method Series.mode of carrier_id               CAR-03
carrier_name    OceanChem Lines
mode                 Ocean Bulk
base_otif                  0.88
Name: 2, dtype: object>",CUS-12,LATAM,41.87,1,5473.44,0,0
SHP-001844,2025-06,8,BAT-001809,PLT-01,CAR-05,"<bound method Series.mode of carrier_id               CAR-05
carrier_name    AirExpress Spec
mode                        Air
base_otif                  0.96
Name: 4, dtype: object>",CUS-07,APAC,54.66,1,4609.01,0,0
SHP-001845,2025-08,10,BAT-002405,PLT-03,CAR-02,"<bound method Series.mode of carrier_id                 CAR-02
carrier_name    EuroHaz Transport
mode                  Hazmat Road
base_otif                    0.91
Name: 1, dtype: object>",CUS-14,APAC,1.89,1,200.7,0,0
SHP-001846,2026-04,18,BAT-004004,PLT-05,CAR-01,"<bound method Series.mode of carrier_id                    CAR-01
carrier_name    GlobalTank Logistics
mode                     Bulk Liquid
base_otif                       0.94
Name: 0, dtype: object>",CUS-10,APAC,30.76,1,3407.12,0,1
SHP-001847,2026-07,21,BAT-004716,PLT-05,CAR-01,"<bound method Series.mode of carrier_id                    CAR-01
carrier_name    GlobalTank Logistics
mode                     Bulk Liquid
base_otif                       0.94
Name: 0, dtype: object>",CUS-02,AMER,47.01,1,3290.99,0,1
SHP-001848,2025-11,13,BAT-002983,PLT-06,CAR-03,"<bound method Series.mode of carrier_id               CAR-03
carrier_name    OceanChem Lines
mode                 Ocean Bulk
base_otif                  0.88
Name: 2, dtype: object>",CUS-15,EMEA,35.83,0,3331.79,0,0
SHP-001849,2026-06,20,BAT-004434,PLT-06,CAR-01,"<bound method Series.mode of carrier_id                    CAR-01
carrier_name    GlobalTank Logistics
mode                     Bulk Liquid
base_otif                       0.94
Name: 0, dtype: object>",CUS-08,EMEA,56.48,1,7380.1,0,1
SHP-001850,2025-02,4,BAT-000928,PLT-04,CAR-02,"<bound method Series.mode of carrier_id                 CAR-02
carrier_name    EuroHaz Transport
mode                  Hazmat Road
base_otif                    0.91
Name: 1, dtype: object>",CUS-15,EMEA,40.73,1,3362.8,0,0
SHP-001851,2026-02,16,BAT-003647,PLT-02,CAR-02,"<bound method Series.mode of carrier_id                 CAR-02
carrier_name    EuroHaz Transport
mode                  Hazmat Road
base_otif                    0.91
Name: 1, dtype: object>",CUS-02,AMER,47.16,1,5816.94,0,0
SHP-001852,2025-05,7,BAT-001683,PLT-01,CAR-01,"<bound method Series.mode of carrier_id                    CAR-01
carrier_name    GlobalTank Logistics
mode                     Bulk Liquid
base_otif                       0.94
Name: 0, dtype: object>",CUS-05,LATAM,43.71,1,4975.77,0,0
SHP-001853,2025-09,11,BAT-002489,PLT-02,CAR-04,"<bound method Series.mode of carrier_id                CAR-04
carrier_name    RailChem Freight
mode                        Rail
base_otif                   0.93
Name: 3, dtype: object>",CUS-01,EMEA,79.48,1,7160.59,0,0
SHP-001854,2026-08,22,BAT-004882,PLT-05,CAR-05,"<bound method Series.mode of carrier_id               CAR-05
carrier_name    AirExpress Spec
mode                        Air
base_otif                  0.96
Name: 4, dtype: object>",CUS-10,APAC,41.27,1,5711.28,0,1
SHP-001855,2026-06,20,BAT-004584,PLT-04,CAR-02,"<bound method Series.mode of carrier_id                 CAR-02
carrier_name    EuroHaz Transport
mode                  Hazmat Road
base_otif                    0.91
Name: 1, dtype: object>",CUS-11,EMEA,49.94,1,6061.45,0,1
SHP-001856,2025-05,7,BAT-001726,PLT-02,CAR-03,"<bound method Series.mode of carrier_id               CAR-03
carrier_name    OceanChem Lines
mode                 Ocean Bulk
base_otif                  0.88
Name: 2, dtype: object>",CUS-07,APAC,98.3,1,11650.69,0,0
SHP-001857,2026-02,16,BAT-003621,PLT-06,CAR-03,"<bound method Series.mode of carrier_id               CAR-03
carrier_name    OceanChem Lines
mode                 Ocean Bulk
base_otif                  0.88
Name: 2, dtype: object>",CUS-03,APAC,43.8,1,4651.74,0,0
SHP-001858,2025-03,5,BAT-001227,PLT-04,CAR-01,"<bound method Series.mode of carrier_id                    CAR-01
carrier_name    GlobalTank Logistics
mode                     Bulk Liquid
base_otif                       0.94
Name: 0, dtype: object>",CUS-08,EMEA,23.96,1,3232.08,0,0
SHP-001859,2025-07,9,BAT-002152,PLT-06,CAR-01,"<bound method Series.mode of carrier_id                    CAR-01
carrier_name    GlobalTank Logistics
mode                     Bulk Liquid
base_otif                       0.94
Name: 0, dtype: object>",CUS-04,EMEA,45.76,1,3733.58,0,0
SHP-001860,2025-01,3,BAT-000706,PLT-02,CAR-04,"<bound method Series.mode of carrier_id                CAR-04
carrier_name    RailChem Freight
mode                        Rail
base_otif                   0.93
Name: 3, dtype: object>",CUS-09,AMER,22.81,1,1957.92,0,0
SHP-001861,2025-08,10,BAT-002411,PLT-01,CAR-05,"<bound method Series.mode of carrier_id               CAR-05
carrier_name    AirExpress Spec
mode                        Air
base_otif                  0.96
Name: 4, dtype: object>",CUS-14,APAC,2.81,1,241.63,0,0
SHP-001862,2025-12,14,BAT-003273,PLT-05,CAR-01,"<bound method Series.mode of carrier_id                    CAR-01
carrier_name    GlobalTank Logistics
mode                     Bulk Liquid
base_otif                       0.94
Name: 0, dtype: object>",CUS-04,EMEA,21.98,1,1816.18,0,0
SHP-001863,2025-01,3,BAT-000859,PLT-02,CAR-02,"<bound method Series.mode of carrier_id                 CAR-02
carrier_name    EuroHaz Transport
mode                  Hazmat Road
base_otif                    0.91
Name: 1, dtype: object>",CUS-11,EMEA,41.08,1,5311.06,0,0
SHP-001864,2025-09,11,BAT-002496,PLT-05,CAR-02,"<bound method Series.mode of carrier_id                 CAR-02
carrier_name    EuroHaz Transport
mode                  Hazmat Road
base_otif                    0.91
Name: 1, dtype: object>",CUS-05,LATAM,26.46,1,1560.07,0,0
SHP-001865,2025-06,8,BAT-001777,PLT-04,CAR-01,"<bound method Series.mode of carrier_id                    CAR-01
carrier_name    GlobalTank Logistics
mode                     Bulk Liquid
base_otif                       0.94
Name: 0, dtype: object>",CUS-07,APAC,83.75,1,11608.2,0,0
SHP-001866,2025-10,12,BAT-002673,PLT-06,CAR-03,"<bound method Series.mode of carrier_id               CAR-03
carrier_name    OceanChem Lines
mode                 Ocean Bulk
base_otif                  0.88
Name: 2, dtype: object>",CUS-08,EMEA,21.52,1,2910.02,0,0
SHP-001867,2025-12,14,BAT-003106,PLT-06,CAR-05,"<bound method Series.mode of carrier_id               CAR-05
carrier_name    AirExpress Spec
mode                        Air
base_otif                  0.96
Name: 4, dtype: object>",CUS-09,AMER,69.61,1,9243.41,0,0
SHP-001868,2025-04,6,BAT-001389,PLT-05,CAR-02,"<bound method Series.mode of carrier_id                 CAR-02
carrier_name    EuroHaz Transport
mode                  Hazmat Road
base_otif                    0.91
Name: 1, dtype: object>",CUS-03,APAC,53.78,1,7570.83,0,0
SHP-001869,2026-07,21,BAT-004646,PLT-04,CAR-01,"<bound method Series.mode of carrier_id                    CAR-01
carrier_name    GlobalTank Logistics
mode                     Bulk Liquid
base_otif                       0.94
Name: 0, dtype: object>",CUS-06,AMER,78.14,1,4781.4,0,1
SHP-001870,2024-11,1,BAT-000363,PLT-04,CAR-03,"<bound method Series.mode of carrier_id               CAR-03
carrier_name    OceanChem Lines
mode                 Ocean Bulk
base_otif                  0.88
Name: 2, dtype: object>",CUS-02,AMER,54.77,1,6419.75,0,0
SHP-001871,2025-02,4,BAT-000983,PLT-01,CAR-05,"<bound method Series.mode of carrier_id               CAR-05
carrier_name    AirExpress Spec
mode                        Air
base_otif                  0.96
Name: 4, dtype: object>",CUS-03,APAC,43.15,1,5290.81,0,0
SHP-001872,2025-11,13,BAT-002966,PLT-02,CAR-01,"<bound method Series.mode of carrier_id                    CAR-01
carrier_name    GlobalTank Logistics
mode                     Bulk Liquid
base_otif                       0.94
Name: 0, dtype: object>",CUS-05,LATAM,103.82,1,9245.44,0,0
SHP-001873,2025-11,13,BAT-003059,PLT-01,CAR-01,"<bound method Series.mode of carrier_id                    CAR-01
carrier_name    GlobalTank Logistics
mode                     Bulk Liquid
base_otif                       0.94
Name: 0, dtype: object>",CUS-02,AMER,38.06,1,2804.02,0,0
SHP-001874,2025-11,13,BAT-002950,PLT-04,CAR-01,"<bound method Series.mode of carrier_id                    CAR-01
carrier_name    GlobalTank Logistics
mode                     Bulk Liquid
base_otif                       0.94
Name: 0, dtype: object>",CUS-10,APAC,64.29,1,5403.43,0,0
SHP-001875,2026-06,20,BAT-004514,PLT-03,CAR-01,"<bound method Series.mode of carrier_id                    CAR-01
carrier_name    GlobalTank Logistics
mode                     Bulk Liquid
base_otif                       0.94
Name: 0, dtype: object>",CUS-10,APAC,27.62,1,3547.81,0,1
SHP-001876,2025-12,14,BAT-003220,PLT-01,CAR-05,"<bound method Series.mode of carrier_id               CAR-05
carrier_name    AirExpress Spec
mode                        Air
base_otif                  0.96
Name: 4, dtype: object>",CUS-10,APAC,33.03,1,4262.64,0,0
SHP-001877,2025-08,10,BAT-002231,PLT-03,CAR-04,"<bound method Series.mode of carrier_id                CAR-04
carrier_name    RailChem Freight
mode                        Rail
base_otif                   0.93
Name: 3, dtype: object>",CUS-10,APAC,16.03,1,981.69,0,0
SHP-001878,2025-01,3,BAT-000873,PLT-01,CAR-04,"<bound method Series.mode of carrier_id                CAR-04
carrier_name    RailChem Freight
mode                        Rail
base_otif                   0.93
Name: 3, dtype: object>",CUS-04,EMEA,14.02,1,878.79,0,0
SHP-001879,2025-02,4,BAT-001051,PLT-05,CAR-05,"<bound method Series.mode of carrier_id               CAR-05
carrier_name    AirExpress Spec
mode                        Air
base_otif                  0.96
Name: 4, dtype: object>",CUS-12,LATAM,43.06,1,3946.42,0,0
SHP-001880,2025-01,3,BAT-000803,PLT-05,CAR-02,"<bound method Series.mode of carrier_id                 CAR-02
carrier_name    EuroHaz Transport
mode                  Hazmat Road
base_otif                    0.91
Name: 1, dtype: object>",CUS-13,AMER,34.57,1,3536.86,0,0
SHP-001881,2025-02,4,BAT-000993,PLT-01,CAR-05,"<bound method Series.mode of carrier_id               CAR-05
carrier_name    AirExpress Spec
mode                        Air
base_otif                  0.96
Name: 4, dtype: object>",CUS-09,AMER,50.59,1,3082.74,0,0
SHP-001882,2025-04,6,BAT-001481,PLT-05,CAR-01,"<bound method Series.mode of carrier_id                    CAR-01
carrier_name    GlobalTank Logistics
mode                     Bulk Liquid
base_otif                       0.94
Name: 0, dtype: object>",CUS-02,AMER,19.87,1,1898.28,0,0
SHP-001883,2026-09,23,BAT-005267,PLT-02,CAR-03,"<bound method Series.mode of carrier_id               CAR-03
carrier_name    OceanChem Lines
mode                 Ocean Bulk
base_otif                  0.88
Name: 2, dtype: object>",CUS-15,EMEA,53.91,1,4408.57,0,1
SHP-001884,2026-06,20,BAT-004603,PLT-04,CAR-04,"<bound method Series.mode of carrier_id                CAR-04
carrier_name    RailChem Freight
mode                        Rail
base_otif                   0.93
Name: 3, dtype: object>",CUS-02,AMER,24.23,1,3180.62,0,1
SHP-001885,2025-08,10,BAT-002380,PLT-05,CAR-04,"<bound method Series.mode of carrier_id                CAR-04
carrier_name    RailChem Freight
mode                        Rail
base_otif                   0.93
Name: 3, dtype: object>",CUS-08,EMEA,25.43,1,3154.35,0,0
SHP-001886,2025-10,12,BAT-002727,PLT-02,CAR-02,"<bound method Series.mode of carrier_id                 CAR-02
carrier_name    EuroHaz Transport
mode                  Hazmat Road
base_otif                    0.91
Name: 1, dtype: object>",CUS-01,EMEA,48.8,1,3972.65,0,0
SHP-001887,2026-05,19,BAT-004311,PLT-04,CAR-03,"<bound method Series.mode of carrier_id               CAR-03
carrier_name    OceanChem Lines
mode                 Ocean Bulk
base_otif                  0.88
Name: 2, dtype: object>",CUS-02,AMER,88.04,1,8800.13,0,1
SHP-001888,2025-12,14,BAT-003231,PLT-02,CAR-01,"<bound method Series.mode of carrier_id                    CAR-01
carrier_name    GlobalTank Logistics
mode                     Bulk Liquid
base_otif                       0.94
Name: 0, dtype: object>",CUS-13,AMER,62.74,1,7450.64,0,0
SHP-001889,2026-05,19,BAT-004343,PLT-05,CAR-05,"<bound method Series.mode of carrier_id               CAR-05
carrier_name    AirExpress Spec
mode                        Air
base_otif                  0.96
Name: 4, dtype: object>",CUS-15,EMEA,18.35,1,2502.08,0,1
SHP-001890,2025-11,13,BAT-003040,PLT-03,CAR-02,"<bound method Series.mode of carrier_id                 CAR-02
carrier_name    EuroHaz Transport
mode                  Hazmat Road
base_otif                    0.91
Name: 1, dtype: object>",CUS-02,AMER,35.71,1,2685.24,0,0
SHP-001891,2026-04,18,BAT-004033,PLT-05,CAR-02,"<bound method Series.mode of carrier_id                 CAR-02
carrier_name    EuroHaz Transport
mode                  Hazmat Road
base_otif                    0.91
Name: 1, dtype: object>",CUS-01,EMEA,54.22,1,5769.38,0,1
SHP-001892,2025-05,7,BAT-001573,PLT-05,CAR-01,"<bound method Series.mode of carrier_id                    CAR-01
carrier_name    GlobalTank Logistics
mode                     Bulk Liquid
base_otif                       0.94
Name: 0, dtype: object>",CUS-06,AMER,2.4,1,176.62,0,0
SHP-001893,2026-07,21,BAT-004821,PLT-06,CAR-05,"<bound method Series.mode of carrier_id               CAR-05
carrier_name    AirExpress Spec
mode                        Air
base_otif                  0.96
Name: 4, dtype: object>",CUS-14,APAC,1.17,1,167.04,0,1
SHP-001894,2026-07,21,BAT-004807,PLT-02,CAR-03,"<bound method Series.mode of carrier_id               CAR-03
carrier_name    OceanChem Lines
mode                 Ocean Bulk
base_otif                  0.88
Name: 2, dtype: object>",CUS-10,APAC,20.74,1,2460.36,0,1
SHP-001895,2025-11,13,BAT-003018,PLT-01,CAR-03,"<bound method Series.mode of carrier_id               CAR-03
carrier_name    OceanChem Lines
mode                 Ocean Bulk
base_otif                  0.88
Name: 2, dtype: object>",CUS-09,AMER,55.01,1,5601.11,0,0
SHP-001896,2026-09,23,BAT-005190,PLT-03,CAR-05,"<bound method Series.mode of carrier_id               CAR-05
carrier_name    AirExpress Spec
mode                        Air
base_otif                  0.96
Name: 4, dtype: object>",CUS-02,AMER,28.65,1,2216.0,0,1
SHP-001897,2025-12,14,BAT-003193,PLT-02,CAR-03,"<bound method Series.mode of carrier_id               CAR-03
carrier_name    OceanChem Lines
mode                 Ocean Bulk
base_otif                  0.88
Name: 2, dtype: object>",CUS-06,AMER,21.32,0,2672.79,0,0
SHP-001898,2026-09,23,BAT-005249,PLT-05,CAR-05,"<bound method Series.mode of carrier_id               CAR-05
carrier_name    AirExpress Spec
mode                        Air
base_otif                  0.96
Name: 4, dtype: object>",CUS-05,LATAM,25.75,1,2468.63,0,1
SHP-001899,2025-06,8,BAT-001950,PLT-03,CAR-02,"<bound method Series.mode of carrier_id                 CAR-02
carrier_name    EuroHaz Transport
mode                  Hazmat Road
base_otif                    0.91
Name: 1, dtype: object>",CUS-10,APAC,18.74,1,1087.09,0,0
SHP-001900,2026-09,23,BAT-005170,PLT-03,CAR-02,"<bound method Series.mode of carrier_id                 CAR-02
carrier_name    EuroHaz Transport
mode                  Hazmat Road
base_otif                    0.91
Name: 1, dtype: object>",CUS-15,EMEA,41.96,1,3231.55,0,1
SHP-001901,2025-08,10,BAT-002329,PLT-05,CAR-04,"<bound method Series.mode of carrier_id                CAR-04
carrier_name    RailChem Freight
mode                        Rail
base_otif                   0.93
Name: 3, dtype: object>",CUS-10,APAC,48.15,1,5241.84,0,0
SHP-001902,2026-02,16,BAT-003545,PLT-03,CAR-03,"<bound method Series.mode of carrier_id               CAR-03
carrier_name    OceanChem Lines
mode                 Ocean Bulk
base_otif                  0.88
Name: 2, dtype: object>",CUS-14,APAC,37.21,1,5336.56,0,0
SHP-001903,2026-05,19,BAT-004224,PLT-01,CAR-04,"<bound method Series.mode of carrier_id                CAR-04
carrier_name    RailChem Freight
mode                        Rail
base_otif                   0.93
Name: 3, dtype: object>",CUS-03,APAC,49.94,1,5325.43,0,1
SHP-001904,2024-11,1,BAT-000301,PLT-01,CAR-02,"<bound method Series.mode of carrier_id                 CAR-02
carrier_name    EuroHaz Transport
mode                  Hazmat Road
base_otif                    0.91
Name: 1, dtype: object>",CUS-02,AMER,31.4,1,3702.99,0,0
SHP-001905,2026-08,22,BAT-004930,PLT-02,CAR-02,"<bound method Series.mode of carrier_id                 CAR-02
carrier_name    EuroHaz Transport
mode                  Hazmat Road
base_otif                    0.91
Name: 1, dtype: object>",CUS-09,AMER,55.49,1,3698.13,0,1
SHP-001906,2024-10,0,BAT-000098,PLT-02,CAR-02,"<bound method Series.mode of carrier_id                 CAR-02
carrier_name    EuroHaz Transport
mode                  Hazmat Road
base_otif                    0.91
Name: 1, dtype: object>",CUS-08,EMEA,41.61,1,5328.0,0,0
SHP-001907,2025-08,10,BAT-002267,PLT-05,CAR-05,"<bound method Series.mode of carrier_id               CAR-05
carrier_name    AirExpress Spec
mode                        Air
base_otif                  0.96
Name: 4, dtype: object>",CUS-06,AMER,25.81,1,1534.36,0,0
SHP-001908,2025-10,12,BAT-002840,PLT-02,CAR-04,"<bound method Series.mode of carrier_id                CAR-04
carrier_name    RailChem Freight
mode                        Rail
base_otif                   0.93
Name: 3, dtype: object>",CUS-10,APAC,63.5,1,8874.68,0,0
SHP-001909,2026-09,23,BAT-005276,PLT-05,CAR-02,"<bound method Series.mode of carrier_id                 CAR-02
carrier_name    EuroHaz Transport
mode                  Hazmat Road
base_otif                    0.91
Name: 1, dtype: object>",CUS-01,EMEA,26.99,1,2112.89,0,1
SHP-001910,2025-08,10,BAT-002228,PLT-01,CAR-02,"<bound method Series.mode of carrier_id                 CAR-02
carrier_name    EuroHaz Transport
mode                  Hazmat Road
base_otif                    0.91
Name: 1, dtype: object>",CUS-13,AMER,31.63,1,2879.7,0,0
SHP-001911,2024-10,0,BAT-000176,PLT-05,CAR-02,"<bound method Series.mode of carrier_id                 CAR-02
carrier_name    EuroHaz Transport
mode                  Hazmat Road
base_otif                    0.91
Name: 1, dtype: object>",CUS-06,AMER,35.17,1,2480.79,0,0
SHP-001912,2025-10,12,BAT-002806,PLT-03,CAR-04,"<bound method Series.mode of carrier_id                CAR-04
carrier_name    RailChem Freight
mode                        Rail
base_otif                   0.93
Name: 3, dtype: object>",CUS-13,AMER,61.33,0,7334.49,0,0
SHP-001913,2025-07,9,BAT-002061,PLT-05,CAR-01,"<bound method Series.mode of carrier_id                    CAR-01
carrier_name    GlobalTank Logistics
mode                     Bulk Liquid
base_otif                       0.94
Name: 0, dtype: object>",CUS-06,AMER,20.17,1,2194.39,0,0
SHP-001914,2025-12,14,BAT-003178,PLT-02,CAR-02,"<bound method Series.mode of carrier_id                 CAR-02
carrier_name    EuroHaz Transport
mode                  Hazmat Road
base_otif                    0.91
Name: 1, dtype: object>",CUS-07,APAC,72.9,1,4544.86,0,0
SHP-001915,2025-09,11,BAT-002562,PLT-04,CAR-05,"<bound method Series.mode of carrier_id               CAR-05
carrier_name    AirExpress Spec
mode                        Air
base_otif                  0.96
Name: 4, dtype: object>",CUS-01,EMEA,2.89,1,253.33,0,0
SHP-001916,2024-12,2,BAT-000644,PLT-01,CAR-03,"<bound method Series.mode of carrier_id               CAR-03
carrier_name    OceanChem Lines
mode                 Ocean Bulk
base_otif                  0.88
Name: 2, dtype: object>",CUS-11,EMEA,20.61,1,1664.19,0,0
SHP-001917,2026-03,17,BAT-003937,PLT-01,CAR-02,"<bound method Series.mode of carrier_id                 CAR-02
carrier_name    EuroHaz Transport
mode                  Hazmat Road
base_otif                    0.91
Name: 1, dtype: object>",CUS-12,LATAM,18.16,1,1743.26,0,0
SHP-001918,2025-10,12,BAT-002655,PLT-01,CAR-05,"<bound method Series.mode of carrier_id               CAR-05
carrier_name    AirExpress Spec
mode                        Air
base_otif                  0.96
Name: 4, dtype: object>",CUS-04,EMEA,37.77,1,4443.33,0,0
SHP-001919,2025-04,6,BAT-001437,PLT-03,CAR-04,"<bound method Series.mode of carrier_id                CAR-04
carrier_name    RailChem Freight
mode                        Rail
base_otif                   0.93
Name: 3, dtype: object>",CUS-01,EMEA,78.06,1,9992.32,0,0
SHP-001920,2026-03,17,BAT-003799,PLT-01,CAR-02,"<bound method Series.mode of carrier_id                 CAR-02
carrier_name    EuroHaz Transport
mode                  Hazmat Road
base_otif                    0.91
Name: 1, dtype: object>",CUS-06,AMER,2.4,1,170.92,0,0
SHP-001921,2026-07,21,BAT-004654,PLT-02,CAR-02,"<bound method Series.mode of carrier_id                 CAR-02
carrier_name    EuroHaz Transport
mode                  Hazmat Road
base_otif                    0.91
Name: 1, dtype: object>",CUS-08,EMEA,78.32,1,9567.58,0,1
SHP-001922,2026-05,19,BAT-004290,PLT-03,CAR-01,"<bound method Series.mode of carrier_id                    CAR-01
carrier_name    GlobalTank Logistics
mode                     Bulk Liquid
base_otif                       0.94
Name: 0, dtype: object>",CUS-05,LATAM,27.83,1,2174.42,0,1
SHP-001923,2025-09,11,BAT-002603,PLT-01,CAR-01,"<bound method Series.mode of carrier_id                    CAR-01
carrier_name    GlobalTank Logistics
mode                     Bulk Liquid
base_otif                       0.94
Name: 0, dtype: object>",CUS-10,APAC,57.78,1,5362.71,0,0
SHP-001924,2026-08,22,BAT-005059,PLT-01,CAR-01,"<bound method Series.mode of carrier_id                    CAR-01
carrier_name    GlobalTank Logistics
mode                     Bulk Liquid
base_otif                       0.94
Name: 0, dtype: object>",CUS-14,APAC,43.6,1,5029.89,0,1
SHP-001925,2026-06,20,BAT-004578,PLT-05,CAR-01,"<bound method Series.mode of carrier_id                    CAR-01
carrier_name    GlobalTank Logistics
mode                     Bulk Liquid
base_otif                       0.94
Name: 0, dtype: object>",CUS-05,LATAM,23.78,1,1463.65,0,1
SHP-001926,2025-07,9,BAT-002196,PLT-01,CAR-03,"<bound method Series.mode of carrier_id               CAR-03
carrier_name    OceanChem Lines
mode                 Ocean Bulk
base_otif                  0.88
Name: 2, dtype: object>",CUS-08,EMEA,45.92,1,3625.4,0,0
SHP-001927,2026-05,19,BAT-004313,PLT-01,CAR-05,"<bound method Series.mode of carrier_id               CAR-05
carrier_name    AirExpress Spec
mode                        Air
base_otif                  0.96
Name: 4, dtype: object>",CUS-10,APAC,56.26,1,4747.44,0,1
SHP-001928,2026-07,21,BAT-004680,PLT-02,CAR-01,"<bound method Series.mode of carrier_id                    CAR-01
carrier_name    GlobalTank Logistics
mode                     Bulk Liquid
base_otif                       0.94
Name: 0, dtype: object>",CUS-14,APAC,45.03,1,6264.4,0,1
SHP-001929,2026-03,17,BAT-003822,PLT-05,CAR-02,"<bound method Series.mode of carrier_id                 CAR-02
carrier_name    EuroHaz Transport
mode                  Hazmat Road
base_otif                    0.91
Name: 1, dtype: object>",CUS-03,APAC,29.79,1,3431.9,0,0
SHP-001930,2025-04,6,BAT-001440,PLT-05,CAR-01,"<bound method Series.mode of carrier_id                    CAR-01
carrier_name    GlobalTank Logistics
mode                     Bulk Liquid
base_otif                       0.94
Name: 0, dtype: object>",CUS-12,LATAM,14.05,1,1923.35,0,0
SHP-001931,2025-08,10,BAT-002300,PLT-01,CAR-04,"<bound method Series.mode of carrier_id                CAR-04
carrier_name    RailChem Freight
mode                        Rail
base_otif                   0.93
Name: 3, dtype: object>",CUS-08,EMEA,22.44,1,1978.74,0,0
SHP-001932,2026-04,18,BAT-004142,PLT-06,CAR-05,"<bound method Series.mode of carrier_id               CAR-05
carrier_name    AirExpress Spec
mode                        Air
base_otif                  0.96
Name: 4, dtype: object>",CUS-15,EMEA,25.1,1,2457.91,0,1
SHP-001933,2024-10,0,BAT-000115,PLT-05,CAR-03,"<bound method Series.mode of carrier_id               CAR-03
carrier_name    OceanChem Lines
mode                 Ocean Bulk
base_otif                  0.88
Name: 2, dtype: object>",CUS-06,AMER,30.96,1,2107.71,0,0
SHP-001934,2025-11,13,BAT-002864,PLT-02,CAR-01,"<bound method Series.mode of carrier_id                    CAR-01
carrier_name    GlobalTank Logistics
mode                     Bulk Liquid
base_otif                       0.94
Name: 0, dtype: object>",CUS-10,APAC,63.49,1,4280.77,0,0
SHP-001935,2026-09,23,BAT-005107,PLT-06,CAR-04,"<bound method Series.mode of carrier_id                CAR-04
carrier_name    RailChem Freight
mode                        Rail
base_otif                   0.93
Name: 3, dtype: object>",CUS-15,EMEA,41.58,0,4387.98,0,1
SHP-001936,2025-01,3,BAT-000815,PLT-06,CAR-02,"<bound method Series.mode of carrier_id                 CAR-02
carrier_name    EuroHaz Transport
mode                  Hazmat Road
base_otif                    0.91
Name: 1, dtype: object>",CUS-01,EMEA,55.13,0,3463.03,0,0
SHP-001937,2026-01,15,BAT-003503,PLT-03,CAR-05,"<bound method Series.mode of carrier_id               CAR-05
carrier_name    AirExpress Spec
mode                        Air
base_otif                  0.96
Name: 4, dtype: object>",CUS-01,EMEA,33.21,1,4746.47,0,0
SHP-001938,2024-12,2,BAT-000582,PLT-01,CAR-04,"<bound method Series.mode of carrier_id                CAR-04
carrier_name    RailChem Freight
mode                        Rail
base_otif                   0.93
Name: 3, dtype: object>",CUS-15,EMEA,83.28,1,6168.94,0,0
SHP-001939,2026-06,20,BAT-004472,PLT-05,CAR-04,"<bound method Series.mode of carrier_id                CAR-04
carrier_name    RailChem Freight
mode                        Rail
base_otif                   0.93
Name: 3, dtype: object>",CUS-13,AMER,34.86,1,4325.82,0,1
SHP-001940,2026-09,23,BAT-005095,PLT-02,CAR-03,"<bound method Series.mode of carrier_id               CAR-03
carrier_name    OceanChem Lines
mode                 Ocean Bulk
base_otif                  0.88
Name: 2, dtype: object>",CUS-02,AMER,64.28,1,7641.79,0,1
SHP-001941,2026-03,17,BAT-003793,PLT-01,CAR-01,"<bound method Series.mode of carrier_id                    CAR-01
carrier_name    GlobalTank Logistics
mode                     Bulk Liquid
base_otif                       0.94
Name: 0, dtype: object>",CUS-01,EMEA,48.63,0,6372.81,0,0
SHP-001942,2024-10,0,BAT-000206,PLT-02,CAR-02,"<bound method Series.mode of carrier_id                 CAR-02
carrier_name    EuroHaz Transport
mode                  Hazmat Road
base_otif                    0.91
Name: 1, dtype: object>",CUS-08,EMEA,91.73,1,11567.93,0,0
SHP-001943,2026-06,20,BAT-004576,PLT-04,CAR-04,"<bound method Series.mode of carrier_id                CAR-04
carrier_name    RailChem Freight
mode                        Rail
base_otif                   0.93
Name: 3, dtype: object>",CUS-14,APAC,50.72,1,6442.6,0,1
SHP-001944,2026-07,21,BAT-004743,PLT-04,CAR-02,"<bound method Series.mode of carrier_id                 CAR-02
carrier_name    EuroHaz Transport
mode                  Hazmat Road
base_otif                    0.91
Name: 1, dtype: object>",CUS-01,EMEA,33.36,1,2328.99,0,1
SHP-001945,2025-05,7,BAT-001632,PLT-02,CAR-02,"<bound method Series.mode of carrier_id                 CAR-02
carrier_name    EuroHaz Transport
mode                  Hazmat Road
base_otif                    0.91
Name: 1, dtype: object>",CUS-13,AMER,72.35,1,6066.11,0,0
SHP-001946,2026-05,19,BAT-004302,PLT-03,CAR-04,"<bound method Series.mode of carrier_id                CAR-04
carrier_name    RailChem Freight
mode                        Rail
base_otif                   0.93
Name: 3, dtype: object>",CUS-13,AMER,48.47,1,7002.83,0,1
SHP-001947,2026-07,21,BAT-004784,PLT-01,CAR-05,"<bound method Series.mode of carrier_id               CAR-05
carrier_name    AirExpress Spec
mode                        Air
base_otif                  0.96
Name: 4, dtype: object>",CUS-04,EMEA,23.45,1,3172.29,0,1
SHP-001948,2025-05,7,BAT-001564,PLT-02,CAR-05,"<bound method Series.mode of carrier_id               CAR-05
carrier_name    AirExpress Spec
mode                        Air
base_otif                  0.96
Name: 4, dtype: object>",CUS-03,APAC,88.98,1,8835.18,0,0
SHP-001949,2025-11,13,BAT-002963,PLT-06,CAR-03,"<bound method Series.mode of carrier_id               CAR-03
carrier_name    OceanChem Lines
mode                 Ocean Bulk
base_otif                  0.88
Name: 2, dtype: object>",CUS-09,AMER,31.0,1,2789.67,0,0
SHP-001950,2025-01,3,BAT-000698,PLT-02,CAR-01,"<bound method Series.mode of carrier_id                    CAR-01
carrier_name    GlobalTank Logistics
mode                     Bulk Liquid
base_otif                       0.94
Name: 0, dtype: object>",CUS-10,APAC,42.88,1,3092.59,0,0
SHP-001951,2025-02,4,BAT-001054,PLT-06,CAR-02,"<bound method Series.mode of carrier_id                 CAR-02
carrier_name    EuroHaz Transport
mode                  Hazmat Road
base_otif                    0.91
Name: 1, dtype: object>",CUS-05,LATAM,2.05,1,119.4,0,0
SHP-001952,2026-04,18,BAT-004163,PLT-02,CAR-05,"<bound method Series.mode of carrier_id               CAR-05
carrier_name    AirExpress Spec
mode                        Air
base_otif                  0.96
Name: 4, dtype: object>",CUS-12,LATAM,98.27,1,7611.35,0,1
SHP-001953,2024-12,2,BAT-000459,PLT-01,CAR-03,"<bound method Series.mode of carrier_id               CAR-03
carrier_name    OceanChem Lines
mode                 Ocean Bulk
base_otif                  0.88
Name: 2, dtype: object>",CUS-08,EMEA,56.05,1,5107.02,0,0
SHP-001954,2025-07,9,BAT-002135,PLT-04,CAR-03,"<bound method Series.mode of carrier_id               CAR-03
carrier_name    OceanChem Lines
mode                 Ocean Bulk
base_otif                  0.88
Name: 2, dtype: object>",CUS-09,AMER,64.11,1,4568.4,0,0
SHP-001955,2025-07,9,BAT-002119,PLT-06,CAR-05,"<bound method Series.mode of carrier_id               CAR-05
carrier_name    AirExpress Spec
mode                        Air
base_otif                  0.96
Name: 4, dtype: object>",CUS-12,LATAM,32.06,1,2550.13,0,0
SHP-001956,2025-07,9,BAT-002107,PLT-01,CAR-01,"<bound method Series.mode of carrier_id                    CAR-01
carrier_name    GlobalTank Logistics
mode                     Bulk Liquid
base_otif                       0.94
Name: 0, dtype: object>",CUS-06,AMER,42.86,1,4168.56,0,0
SHP-001957,2025-02,4,BAT-001088,PLT-05,CAR-05,"<bound method Series.mode of carrier_id               CAR-05
carrier_name    AirExpress Spec
mode                        Air
base_otif                  0.96
Name: 4, dtype: object>",CUS-09,AMER,10.1,1,660.47,0,0
SHP-001958,2025-11,13,BAT-002863,PLT-04,CAR-05,"<bound method Series.mode of carrier_id               CAR-05
carrier_name    AirExpress Spec
mode                        Air
base_otif                  0.96
Name: 4, dtype: object>",CUS-07,APAC,40.61,1,3242.04,0,0
SHP-001959,2026-04,18,BAT-004156,PLT-02,CAR-03,"<bound method Series.mode of carrier_id               CAR-03
carrier_name    OceanChem Lines
mode                 Ocean Bulk
base_otif                  0.88
Name: 2, dtype: object>",CUS-01,EMEA,83.47,1,7095.72,0,1
SHP-001960,2025-12,14,BAT-003087,PLT-05,CAR-01,"<bound method Series.mode of carrier_id                    CAR-01
carrier_name    GlobalTank Logistics
mode                     Bulk Liquid
base_otif                       0.94
Name: 0, dtype: object>",CUS-11,EMEA,60.97,1,7616.81,0,0
SHP-001961,2025-06,8,BAT-001948,PLT-02,CAR-01,"<bound method Series.mode of carrier_id                    CAR-01
carrier_name    GlobalTank Logistics
mode                     Bulk Liquid
base_otif                       0.94
Name: 0, dtype: object>",CUS-06,AMER,2.8,1,163.5,0,0
SHP-001962,2025-05,7,BAT-001580,PLT-01,CAR-03,"<bound method Series.mode of carrier_id               CAR-03
carrier_name    OceanChem Lines
mode                 Ocean Bulk
base_otif                  0.88
Name: 2, dtype: object>",CUS-03,APAC,2.35,1,328.83,0,0
SHP-001963,2025-04,6,BAT-001369,PLT-04,CAR-05,"<bound method Series.mode of carrier_id               CAR-05
carrier_name    AirExpress Spec
mode                        Air
base_otif                  0.96
Name: 4, dtype: object>",CUS-12,LATAM,38.97,1,4350.11,0,0
SHP-001964,2025-05,7,BAT-001594,PLT-05,CAR-03,"<bound method Series.mode of carrier_id               CAR-03
carrier_name    OceanChem Lines
mode                 Ocean Bulk
base_otif                  0.88
Name: 2, dtype: object>",CUS-11,EMEA,9.64,0,1290.04,0,0
SHP-001965,2026-06,20,BAT-004521,PLT-04,CAR-01,"<bound method Series.mode of carrier_id                    CAR-01
carrier_name    GlobalTank Logistics
mode                     Bulk Liquid
base_otif                       0.94
Name: 0, dtype: object>",CUS-13,AMER,67.91,1,8662.6,0,1
SHP-001966,2025-06,8,BAT-001970,PLT-05,CAR-03,"<bound method Series.mode of carrier_id               CAR-03
carrier_name    OceanChem Lines
mode                 Ocean Bulk
base_otif                  0.88
Name: 2, dtype: object>",CUS-02,AMER,22.77,0,2138.1,0,0
SHP-001967,2026-04,18,BAT-004155,PLT-01,CAR-05,"<bound method Series.mode of carrier_id               CAR-05
carrier_name    AirExpress Spec
mode                        Air
base_otif                  0.96
Name: 4, dtype: object>",CUS-14,APAC,70.12,1,8957.58,0,1
SHP-001968,2026-07,21,BAT-004658,PLT-02,CAR-03,"<bound method Series.mode of carrier_id               CAR-03
carrier_name    OceanChem Lines
mode                 Ocean Bulk
base_otif                  0.88
Name: 2, dtype: object>",CUS-15,EMEA,94.89,1,9872.54,0,1
SHP-001969,2026-04,18,BAT-004061,PLT-03,CAR-01,"<bound method Series.mode of carrier_id                    CAR-01
carrier_name    GlobalTank Logistics
mode                     Bulk Liquid
base_otif                       0.94
Name: 0, dtype: object>",CUS-05,LATAM,23.87,1,3359.58,1,1
SHP-001970,2024-10,0,BAT-000148,PLT-02,CAR-05,"<bound method Series.mode of carrier_id               CAR-05
carrier_name    AirExpress Spec
mode                        Air
base_otif                  0.96
Name: 4, dtype: object>",CUS-15,EMEA,46.8,1,4672.76,1,0
SHP-001971,2025-08,10,BAT-002211,PLT-02,CAR-05,"<bound method Series.mode of carrier_id               CAR-05
carrier_name    AirExpress Spec
mode                        Air
base_otif                  0.96
Name: 4, dtype: object>",CUS-01,EMEA,31.41,1,3065.49,0,0
SHP-001972,2025-08,10,BAT-002218,PLT-04,CAR-05,"<bound method Series.mode of carrier_id               CAR-05
carrier_name    AirExpress Spec
mode                        Air
base_otif                  0.96
Name: 4, dtype: object>",CUS-08,EMEA,21.4,1,1297.2,0,0
SHP-001973,2025-11,13,BAT-003063,PLT-05,CAR-05,"<bound method Series.mode of carrier_id               CAR-05
carrier_name    AirExpress Spec
mode                        Air
base_otif                  0.96
Name: 4, dtype: object>",CUS-10,APAC,51.87,1,7247.78,0,0
SHP-001974,2025-09,11,BAT-002607,PLT-03,CAR-03,"<bound method Series.mode of carrier_id               CAR-03
carrier_name    OceanChem Lines
mode                 Ocean Bulk
base_otif                  0.88
Name: 2, dtype: object>",CUS-06,AMER,0.88,1,98.22,0,0
SHP-001975,2026-08,22,BAT-004998,PLT-06,CAR-04,"<bound method Series.mode of carrier_id                CAR-04
carrier_name    RailChem Freight
mode                        Rail
base_otif                   0.93
Name: 3, dtype: object>",CUS-02,AMER,38.1,1,4773.72,0,1
SHP-001976,2025-09,11,BAT-002588,PLT-01,CAR-02,"<bound method Series.mode of carrier_id                 CAR-02
carrier_name    EuroHaz Transport
mode                  Hazmat Road
base_otif                    0.91
Name: 1, dtype: object>",CUS-12,LATAM,35.29,1,4209.85,0,0
SHP-001977,2025-04,6,BAT-001443,PLT-02,CAR-04,"<bound method Series.mode of carrier_id                CAR-04
carrier_name    RailChem Freight
mode                        Rail
base_otif                   0.93
Name: 3, dtype: object>",CUS-13,AMER,3.54,1,448.0,0,0
SHP-001978,2026-04,18,BAT-004124,PLT-03,CAR-03,"<bound method Series.mode of carrier_id               CAR-03
carrier_name    OceanChem Lines
mode                 Ocean Bulk
base_otif                  0.88
Name: 2, dtype: object>",CUS-06,AMER,31.53,1,4302.51,0,1
SHP-001979,2026-01,15,BAT-003366,PLT-03,CAR-04,"<bound method Series.mode of carrier_id                CAR-04
carrier_name    RailChem Freight
mode                        Rail
base_otif                   0.93
Name: 3, dtype: object>",CUS-06,AMER,44.78,1,6230.97,0,0
SHP-001980,2026-07,21,BAT-004673,PLT-02,CAR-03,"<bound method Series.mode of carrier_id               CAR-03
carrier_name    OceanChem Lines
mode                 Ocean Bulk
base_otif                  0.88
Name: 2, dtype: object>",CUS-14,APAC,45.12,1,3704.9,0,1
SHP-001981,2024-12,2,BAT-000470,PLT-03,CAR-05,"<bound method Series.mode of carrier_id               CAR-05
carrier_name    AirExpress Spec
mode                        Air
base_otif                  0.96
Name: 4, dtype: object>",CUS-13,AMER,31.13,1,2472.81,0,0
SHP-001982,2025-09,11,BAT-002573,PLT-02,CAR-01,"<bound method Series.mode of carrier_id                    CAR-01
carrier_name    GlobalTank Logistics
mode                     Bulk Liquid
base_otif                       0.94
Name: 0, dtype: object>",CUS-01,EMEA,38.92,1,5501.9,0,0
SHP-001983,2026-05,19,BAT-004297,PLT-01,CAR-01,"<bound method Series.mode of carrier_id                    CAR-01
carrier_name    GlobalTank Logistics
mode                     Bulk Liquid
base_otif                       0.94
Name: 0, dtype: object>",CUS-11,EMEA,38.94,1,4185.21,0,1
SHP-001984,2025-10,12,BAT-002684,PLT-01,CAR-03,"<bound method Series.mode of carrier_id               CAR-03
carrier_name    OceanChem Lines
mode                 Ocean Bulk
base_otif                  0.88
Name: 2, dtype: object>",CUS-09,AMER,79.97,1,9006.73,0,0
SHP-001985,2025-07,9,BAT-002096,PLT-04,CAR-03,"<bound method Series.mode of carrier_id               CAR-03
carrier_name    OceanChem Lines
mode                 Ocean Bulk
base_otif                  0.88
Name: 2, dtype: object>",CUS-03,APAC,15.28,1,1159.43,0,0
SHP-001986,2024-11,1,BAT-000257,PLT-01,CAR-01,"<bound method Series.mode of carrier_id                    CAR-01
carrier_name    GlobalTank Logistics
mode                     Bulk Liquid
base_otif                       0.94
Name: 0, dtype: object>",CUS-12,LATAM,33.44,1,4463.26,0,0
SHP-001987,2025-09,11,BAT-002618,PLT-05,CAR-02,"<bound method Series.mode of carrier_id                 CAR-02
carrier_name    EuroHaz Transport
mode                  Hazmat Road
base_otif                    0.91
Name: 1, dtype: object>",CUS-02,AMER,2.0,0,120.53,0,0
SHP-001988,2025-04,6,BAT-001331,PLT-05,CAR-05,"<bound method Series.mode of carrier_id               CAR-05
carrier_name    AirExpress Spec
mode                        Air
base_otif                  0.96
Name: 4, dtype: object>",CUS-13,AMER,13.98,1,1131.91,0,0
SHP-001989,2026-09,23,BAT-005213,PLT-02,CAR-03,"<bound method Series.mode of carrier_id               CAR-03
carrier_name    OceanChem Lines
mode                 Ocean Bulk
base_otif                  0.88
Name: 2, dtype: object>",CUS-06,AMER,35.06,1,4694.42,0,1
SHP-001990,2025-03,5,BAT-001182,PLT-01,CAR-01,"<bound method Series.mode of carrier_id                    CAR-01
carrier_name    GlobalTank Logistics
mode                     Bulk Liquid
base_otif                       0.94
Name: 0, dtype: object>",CUS-03,APAC,83.42,1,5907.43,0,0
SHP-001991,2025-04,6,BAT-001378,PLT-02,CAR-01,"<bound method Series.mode of carrier_id                    CAR-01
carrier_name    GlobalTank Logistics
mode                     Bulk Liquid
base_otif                       0.94
Name: 0, dtype: object>",CUS-03,APAC,31.46,1,3183.33,0,0
SHP-001992,2025-05,7,BAT-001609,PLT-02,CAR-02,"<bound method Series.mode of carrier_id                 CAR-02
carrier_name    EuroHaz Transport
mode                  Hazmat Road
base_otif                    0.91
Name: 1, dtype: object>",CUS-08,EMEA,34.57,0,4754.62,0,0
SHP-001993,2025-02,4,BAT-001001,PLT-03,CAR-04,"<bound method Series.mode of carrier_id                CAR-04
carrier_name    RailChem Freight
mode                        Rail
base_otif                   0.93
Name: 3, dtype: object>",CUS-10,APAC,47.62,1,6074.01,0,0
SHP-001994,2026-08,22,BAT-004896,PLT-06,CAR-02,"<bound method Series.mode of carrier_id                 CAR-02
carrier_name    EuroHaz Transport
mode                  Hazmat Road
base_otif                    0.91
Name: 1, dtype: object>",CUS-04,EMEA,53.16,1,6887.98,0,1
SHP-001995,2024-10,0,BAT-000097,PLT-02,CAR-01,"<bound method Series.mode of carrier_id                    CAR-01
carrier_name    GlobalTank Logistics
mode                     Bulk Liquid
base_otif                       0.94
Name: 0, dtype: object>",CUS-12,LATAM,59.59,1,7873.13,0,0
SHP-001996,2026-08,22,BAT-005002,PLT-02,CAR-02,"<bound method Series.mode of carrier_id                 CAR-02
carrier_name    EuroHaz Transport
mode                  Hazmat Road
base_otif                    0.91
Name: 1, dtype: object>",CUS-14,APAC,54.9,1,4400.66,0,1
SHP-001997,2026-05,19,BAT-004351,PLT-01,CAR-03,"<bound method Series.mode of carrier_id               CAR-03
carrier_name    OceanChem Lines
mode                 Ocean Bulk
base_otif                  0.88
Name: 2, dtype: object>",CUS-11,EMEA,41.5,1,3152.67,0,1
SHP-001998,2025-02,4,BAT-000892,PLT-06,CAR-05,"<bound method Series.mode of carrier_id               CAR-05
carrier_name    AirExpress Spec
mode                        Air
base_otif                  0.96
Name: 4, dtype: object>",CUS-06,AMER,31.5,1,4167.28,0,0
SHP-001999,2026-03,17,BAT-003787,PLT-06,CAR-05,"<bound method Series.mode of carrier_id               CAR-05
carrier_name    AirExpress Spec
mode                        Air
base_otif                  0.96
Name: 4, dtype: object>",CUS-11,EMEA,1.8,1,152.33,0,0
SHP-002000,2025-03,5,BAT-001291,PLT-02,CAR-04,"<bound method Series.mode of carrier_id                CAR-04
carrier_name    RailChem Freight
mode                        Rail
base_otif                   0.93
Name: 3, dtype: object>",CUS-15,EMEA,35.89,1,2430.97,0,0
SHP-002001,2025-06,8,BAT-001933,PLT-01,CAR-04,"<bound method Series.mode of carrier_id                CAR-04
carrier_name    RailChem Freight
mode                        Rail
base_otif                   0.93
Name: 3, dtype: object>",CUS-15,EMEA,21.4,1,1915.6,0,0
SHP-002002,2024-12,2,BAT-000642,PLT-02,CAR-01,"<bound method Series.mode of carrier_id                    CAR-01
carrier_name    GlobalTank Logistics
mode                     Bulk Liquid
base_otif                       0.94
Name: 0, dtype: object>",CUS-15,EMEA,101.53,1,12955.37,0,0
SHP-002003,2025-10,12,BAT-002722,PLT-05,CAR-03,"<bound method Series.mode of carrier_id               CAR-03
carrier_name    OceanChem Lines
mode                 Ocean Bulk
base_otif                  0.88
Name: 2, dtype: object>",CUS-02,AMER,14.65,1,1110.53,0,0
SHP-002004,2026-05,19,BAT-004231,PLT-06,CAR-05,"<bound method Series.mode of carrier_id               CAR-05
carrier_name    AirExpress Spec
mode                        Air
base_otif                  0.96
Name: 4, dtype: object>",CUS-14,APAC,27.84,1,2986.5,0,1
SHP-002005,2025-10,12,BAT-002729,PLT-03,CAR-03,"<bound method Series.mode of carrier_id               CAR-03
carrier_name    OceanChem Lines
mode                 Ocean Bulk
base_otif                  0.88
Name: 2, dtype: object>",CUS-04,EMEA,33.29,1,3609.0,0,0
SHP-002006,2026-01,15,BAT-003392,PLT-05,CAR-01,"<bound method Series.mode of carrier_id                    CAR-01
carrier_name    GlobalTank Logistics
mode                     Bulk Liquid
base_otif                       0.94
Name: 0, dtype: object>",CUS-13,AMER,45.32,1,3994.34,0,0
SHP-002007,2024-10,0,BAT-000037,PLT-04,CAR-03,"<bound method Series.mode of carrier_id               CAR-03
carrier_name    OceanChem Lines
mode                 Ocean Bulk
base_otif                  0.88
Name: 2, dtype: object>",CUS-09,AMER,65.22,1,6519.36,0,0
SHP-002008,2026-09,23,BAT-005089,PLT-03,CAR-04,"<bound method Series.mode of carrier_id                CAR-04
carrier_name    RailChem Freight
mode                        Rail
base_otif                   0.93
Name: 3, dtype: object>",CUS-10,APAC,21.81,1,1574.18,0,1
SHP-002009,2025-09,11,BAT-002427,PLT-05,CAR-04,"<bound method Series.mode of carrier_id                CAR-04
carrier_name    RailChem Freight
mode                        Rail
base_otif                   0.93
Name: 3, dtype: object>",CUS-01,EMEA,35.17,1,3882.18,0,0
SHP-002010,2025-02,4,BAT-001034,PLT-04,CAR-02,"<bound method Series.mode of carrier_id                 CAR-02
carrier_name    EuroHaz Transport
mode                  Hazmat Road
base_otif                    0.91
Name: 1, dtype: object>",CUS-01,EMEA,100.03,1,8757.13,0,0
SHP-002011,2026-09,23,BAT-005237,PLT-04,CAR-01,"<bound method Series.mode of carrier_id                    CAR-01
carrier_name    GlobalTank Logistics
mode                     Bulk Liquid
base_otif                       0.94
Name: 0, dtype: object>",CUS-08,EMEA,27.7,1,3601.18,0,1
SHP-002012,2024-12,2,BAT-000462,PLT-01,CAR-05,"<bound method Series.mode of carrier_id               CAR-05
carrier_name    AirExpress Spec
mode                        Air
base_otif                  0.96
Name: 4, dtype: object>",CUS-14,APAC,55.62,1,5131.84,0,0
SHP-002013,2024-12,2,BAT-000481,PLT-05,CAR-05,"<bound method Series.mode of carrier_id               CAR-05
carrier_name    AirExpress Spec
mode                        Air
base_otif                  0.96
Name: 4, dtype: object>",CUS-06,AMER,37.35,1,3566.12,0,0
SHP-002014,2025-05,7,BAT-001584,PLT-05,CAR-01,"<bound method Series.mode of carrier_id                    CAR-01
carrier_name    GlobalTank Logistics
mode                     Bulk Liquid
base_otif                       0.94
Name: 0, dtype: object>",CUS-13,AMER,34.13,1,3009.73,0,0
SHP-002015,2024-10,0,BAT-000145,PLT-05,CAR-04,"<bound method Series.mode of carrier_id                CAR-04
carrier_name    RailChem Freight
mode                        Rail
base_otif                   0.93
Name: 3, dtype: object>",CUS-03,APAC,23.68,1,2487.97,0,0
SHP-002016,2026-05,19,BAT-004356,PLT-06,CAR-01,"<bound method Series.mode of carrier_id                    CAR-01
carrier_name    GlobalTank Logistics
mode                     Bulk Liquid
base_otif                       0.94
Name: 0, dtype: object>",CUS-09,AMER,53.45,1,4644.52,0,1
SHP-002017,2024-12,2,BAT-000577,PLT-06,CAR-02,"<bound method Series.mode of carrier_id                 CAR-02
carrier_name    EuroHaz Transport
mode                  Hazmat Road
base_otif                    0.91
Name: 1, dtype: object>",CUS-08,EMEA,72.15,1,9955.95,0,0
SHP-002018,2026-02,16,BAT-003523,PLT-03,CAR-04,"<bound method Series.mode of carrier_id                CAR-04
carrier_name    RailChem Freight
mode                        Rail
base_otif                   0.93
Name: 3, dtype: object>",CUS-15,EMEA,55.59,1,5541.22,0,0
SHP-002019,2026-08,22,BAT-004917,PLT-01,CAR-03,"<bound method Series.mode of carrier_id               CAR-03
carrier_name    OceanChem Lines
mode                 Ocean Bulk
base_otif                  0.88
Name: 2, dtype: object>",CUS-05,LATAM,17.34,1,1306.63,0,1
SHP-002020,2025-01,3,BAT-000693,PLT-06,CAR-05,"<bound method Series.mode of carrier_id               CAR-05
carrier_name    AirExpress Spec
mode                        Air
base_otif                  0.96
Name: 4, dtype: object>",CUS-14,APAC,25.51,1,2585.72,0,0
SHP-002021,2026-03,17,BAT-003916,PLT-02,CAR-04,"<bound method Series.mode of carrier_id                CAR-04
carrier_name    RailChem Freight
mode                        Rail
base_otif                   0.93
Name: 3, dtype: object>",CUS-15,EMEA,47.67,1,4165.9,0,0
SHP-002022,2025-01,3,BAT-000734,PLT-04,CAR-04,"<bound method Series.mode of carrier_id                CAR-04
carrier_name    RailChem Freight
mode                        Rail
base_otif                   0.93
Name: 3, dtype: object>",CUS-08,EMEA,43.76,1,4903.88,0,0
SHP-002023,2025-08,10,BAT-002223,PLT-06,CAR-05,"<bound method Series.mode of carrier_id               CAR-05
carrier_name    AirExpress Spec
mode                        Air
base_otif                  0.96
Name: 4, dtype: object>",CUS-12,LATAM,41.37,1,3124.41,0,0
SHP-002024,2025-03,5,BAT-001250,PLT-06,CAR-05,"<bound method Series.mode of carrier_id               CAR-05
carrier_name    AirExpress Spec
mode                        Air
base_otif                  0.96
Name: 4, dtype: object>",CUS-05,LATAM,17.96,0,1464.37,0,0
SHP-002025,2025-09,11,BAT-002540,PLT-05,CAR-01,"<bound method Series.mode of carrier_id                    CAR-01
carrier_name    GlobalTank Logistics
mode                     Bulk Liquid
base_otif                       0.94
Name: 0, dtype: object>",CUS-01,EMEA,37.83,1,3559.9,0,0
SHP-002026,2025-07,9,BAT-002142,PLT-01,CAR-04,"<bound method Series.mode of carrier_id                CAR-04
carrier_name    RailChem Freight
mode                        Rail
base_otif                   0.93
Name: 3, dtype: object>",CUS-10,APAC,82.24,1,9796.02,0,0
SHP-002027,2026-06,20,BAT-004425,PLT-05,CAR-01,"<bound method Series.mode of carrier_id                    CAR-01
carrier_name    GlobalTank Logistics
mode                     Bulk Liquid
base_otif                       0.94
Name: 0, dtype: object>",CUS-12,LATAM,66.13,0,4473.33,0,1
SHP-002028,2025-02,4,BAT-001018,PLT-04,CAR-05,"<bound method Series.mode of carrier_id               CAR-05
carrier_name    AirExpress Spec
mode                        Air
base_otif                  0.96
Name: 4, dtype: object>",CUS-14,APAC,44.16,1,4759.37,0,0
SHP-002029,2025-05,7,BAT-001568,PLT-01,CAR-04,"<bound method Series.mode of carrier_id                CAR-04
carrier_name    RailChem Freight
mode                        Rail
base_otif                   0.93
Name: 3, dtype: object>",CUS-04,EMEA,62.0,1,7413.9,0,0
SHP-002030,2026-02,16,BAT-003548,PLT-06,CAR-01,"<bound method Series.mode of carrier_id                    CAR-01
carrier_name    GlobalTank Logistics
mode                     Bulk Liquid
base_otif                       0.94
Name: 0, dtype: object>",CUS-09,AMER,15.6,1,1768.49,0,0
SHP-002031,2025-10,12,BAT-002795,PLT-02,CAR-05,"<bound method Series.mode of carrier_id               CAR-05
carrier_name    AirExpress Spec
mode                        Air
base_otif                  0.96
Name: 4, dtype: object>",CUS-09,AMER,2.93,1,213.21,0,0
SHP-002032,2025-07,9,BAT-002039,PLT-03,CAR-02,"<bound method Series.mode of carrier_id                 CAR-02
carrier_name    EuroHaz Transport
mode                  Hazmat Road
base_otif                    0.91
Name: 1, dtype: object>",CUS-11,EMEA,33.14,1,4002.0,0,0
SHP-002033,2025-12,14,BAT-003221,PLT-06,CAR-05,"<bound method Series.mode of carrier_id               CAR-05
carrier_name    AirExpress Spec
mode                        Air
base_otif                  0.96
Name: 4, dtype: object>",CUS-06,AMER,36.66,1,5001.96,0,0
SHP-002034,2025-03,5,BAT-001187,PLT-05,CAR-01,"<bound method Series.mode of carrier_id                    CAR-01
carrier_name    GlobalTank Logistics
mode                     Bulk Liquid
base_otif                       0.94
Name: 0, dtype: object>",CUS-07,APAC,23.85,1,1764.0,0,0
SHP-002035,2025-03,5,BAT-001161,PLT-04,CAR-05,"<bound method Series.mode of carrier_id               CAR-05
carrier_name    AirExpress Spec
mode                        Air
base_otif                  0.96
Name: 4, dtype: object>",CUS-10,APAC,72.18,1,5801.4,0,0
SHP-002036,2026-08,22,BAT-004907,PLT-06,CAR-05,"<bound method Series.mode of carrier_id               CAR-05
carrier_name    AirExpress Spec
mode                        Air
base_otif                  0.96
Name: 4, dtype: object>",CUS-05,LATAM,23.45,1,1983.9,0,1
SHP-002037,2025-03,5,BAT-001221,PLT-04,CAR-04,"<bound method Series.mode of carrier_id                CAR-04
carrier_name    RailChem Freight
mode                        Rail
base_otif                   0.93
Name: 3, dtype: object>",CUS-09,AMER,41.38,1,5165.7,0,0
SHP-002038,2024-11,1,BAT-000424,PLT-01,CAR-01,"<bound method Series.mode of carrier_id                    CAR-01
carrier_name    GlobalTank Logistics
mode                     Bulk Liquid
base_otif                       0.94
Name: 0, dtype: object>",CUS-13,AMER,17.15,1,1655.75,0,0
SHP-002039,2025-03,5,BAT-001299,PLT-06,CAR-01,"<bound method Series.mode of carrier_id                    CAR-01
carrier_name    GlobalTank Logistics
mode                     Bulk Liquid
base_otif                       0.94
Name: 0, dtype: object>",CUS-12,LATAM,51.82,1,6288.36,0,0
SHP-002040,2026-09,23,BAT-005146,PLT-06,CAR-03,"<bound method Series.mode of carrier_id               CAR-03
carrier_name    OceanChem Lines
mode                 Ocean Bulk
base_otif                  0.88
Name: 2, dtype: object>",CUS-10,APAC,55.08,1,4655.82,0,1
SHP-002041,2026-04,18,BAT-004041,PLT-01,CAR-05,"<bound method Series.mode of carrier_id               CAR-05
carrier_name    AirExpress Spec
mode                        Air
base_otif                  0.96
Name: 4, dtype: object>",CUS-04,EMEA,43.29,1,4915.26,0,1
SHP-002042,2026-02,16,BAT-003734,PLT-03,CAR-01,"<bound method Series.mode of carrier_id                    CAR-01
carrier_name    GlobalTank Logistics
mode                     Bulk Liquid
base_otif                       0.94
Name: 0, dtype: object>",CUS-02,AMER,29.37,1,1847.93,0,0
SHP-002043,2025-12,14,BAT-003101,PLT-06,CAR-03,"<bound method Series.mode of carrier_id               CAR-03
carrier_name    OceanChem Lines
mode                 Ocean Bulk
base_otif                  0.88
Name: 2, dtype: object>",CUS-04,EMEA,39.52,0,4124.7,0,0
SHP-002044,2024-12,2,BAT-000629,PLT-02,CAR-02,"<bound method Series.mode of carrier_id                 CAR-02
carrier_name    EuroHaz Transport
mode                  Hazmat Road
base_otif                    0.91
Name: 1, dtype: object>",CUS-12,LATAM,16.72,1,1505.63,0,0
SHP-002045,2026-02,16,BAT-003736,PLT-05,CAR-01,"<bound method Series.mode of carrier_id                    CAR-01
carrier_name    GlobalTank Logistics
mode                     Bulk Liquid
base_otif                       0.94
Name: 0, dtype: object>",CUS-08,EMEA,62.48,1,4566.46,0,0
SHP-002046,2025-03,5,BAT-001188,PLT-05,CAR-01,"<bound method Series.mode of carrier_id                    CAR-01
carrier_name    GlobalTank Logistics
mode                     Bulk Liquid
base_otif                       0.94
Name: 0, dtype: object>",CUS-03,APAC,27.55,1,3528.4,0,0
SHP-002047,2026-03,17,BAT-003856,PLT-03,CAR-05,"<bound method Series.mode of carrier_id               CAR-05
carrier_name    AirExpress Spec
mode                        Air
base_otif                  0.96
Name: 4, dtype: object>",CUS-04,EMEA,32.2,1,3766.53,0,0
SHP-002048,2025-10,12,BAT-002652,PLT-05,CAR-01,"<bound method Series.mode of carrier_id                    CAR-01
carrier_name    GlobalTank Logistics
mode                     Bulk Liquid
base_otif                       0.94
Name: 0, dtype: object>",CUS-08,EMEA,0.81,1,98.39,0,0
SHP-002049,2026-01,15,BAT-003507,PLT-04,CAR-03,"<bound method Series.mode of carrier_id               CAR-03
carrier_name    OceanChem Lines
mode                 Ocean Bulk
base_otif                  0.88
Name: 2, dtype: object>",CUS-05,LATAM,90.52,1,7216.57,0,0
SHP-002050,2025-10,12,BAT-002725,PLT-03,CAR-01,"<bound method Series.mode of carrier_id                    CAR-01
carrier_name    GlobalTank Logistics
mode                     Bulk Liquid
base_otif                       0.94
Name: 0, dtype: object>",CUS-15,EMEA,45.83,1,3427.86,0,0
SHP-002051,2025-02,4,BAT-000895,PLT-06,CAR-02,"<bound method Series.mode of carrier_id                 CAR-02
carrier_name    EuroHaz Transport
mode                  Hazmat Road
base_otif                    0.91
Name: 1, dtype: object>",CUS-03,APAC,25.33,1,1987.01,0,0
SHP-002052,2026-07,21,BAT-004688,PLT-05,CAR-02,"<bound method Series.mode of carrier_id                 CAR-02
carrier_name    EuroHaz Transport
mode                  Hazmat Road
base_otif                    0.91
Name: 1, dtype: object>",CUS-09,AMER,19.9,1,2357.39,0,1
SHP-002053,2025-02,4,BAT-000916,PLT-02,CAR-02,"<bound method Series.mode of carrier_id                 CAR-02
carrier_name    EuroHaz Transport
mode                  Hazmat Road
base_otif                    0.91
Name: 1, dtype: object>",CUS-01,EMEA,28.1,1,3451.72,0,0
SHP-002054,2025-09,11,BAT-002640,PLT-04,CAR-02,"<bound method Series.mode of carrier_id                 CAR-02
carrier_name    EuroHaz Transport
mode                  Hazmat Road
base_otif                    0.91
Name: 1, dtype: object>",CUS-10,APAC,16.25,1,2236.98,0,0
SHP-002055,2026-07,21,BAT-004823,PLT-01,CAR-03,"<bound method Series.mode of carrier_id               CAR-03
carrier_name    OceanChem Lines
mode                 Ocean Bulk
base_otif                  0.88
Name: 2, dtype: object>",CUS-06,AMER,17.76,1,2471.58,0,1
SHP-002056,2026-05,19,BAT-004248,PLT-01,CAR-04,"<bound method Series.mode of carrier_id                CAR-04
carrier_name    RailChem Freight
mode                        Rail
base_otif                   0.93
Name: 3, dtype: object>",CUS-05,LATAM,55.88,1,5609.91,0,1
SHP-002057,2026-06,20,BAT-004590,PLT-04,CAR-04,"<bound method Series.mode of carrier_id                CAR-04
carrier_name    RailChem Freight
mode                        Rail
base_otif                   0.93
Name: 3, dtype: object>",CUS-07,APAC,31.13,1,2289.26,0,1
SHP-002058,2025-03,5,BAT-001285,PLT-04,CAR-01,"<bound method Series.mode of carrier_id                    CAR-01
carrier_name    GlobalTank Logistics
mode                     Bulk Liquid
base_otif                       0.94
Name: 0, dtype: object>",CUS-06,AMER,23.11,1,2305.12,0,0
SHP-002059,2025-11,13,BAT-003000,PLT-04,CAR-05,"<bound method Series.mode of carrier_id               CAR-05
carrier_name    AirExpress Spec
mode                        Air
base_otif                  0.96
Name: 4, dtype: object>",CUS-15,EMEA,78.34,1,6723.37,0,0
SHP-002060,2026-02,16,BAT-003628,PLT-06,CAR-05,"<bound method Series.mode of carrier_id               CAR-05
carrier_name    AirExpress Spec
mode                        Air
base_otif                  0.96
Name: 4, dtype: object>",CUS-04,EMEA,17.36,1,2124.81,0,0
SHP-002061,2025-06,8,BAT-001851,PLT-02,CAR-05,"<bound method Series.mode of carrier_id               CAR-05
carrier_name    AirExpress Spec
mode                        Air
base_otif                  0.96
Name: 4, dtype: object>",CUS-11,EMEA,31.13,1,3596.31,0,0
SHP-002062,2025-10,12,BAT-002648,PLT-01,CAR-01,"<bound method Series.mode of carrier_id                    CAR-01
carrier_name    GlobalTank Logistics
mode                     Bulk Liquid
base_otif                       0.94
Name: 0, dtype: object>",CUS-07,APAC,43.08,1,3345.7,0,0
SHP-002063,2026-06,20,BAT-004550,PLT-02,CAR-04,"<bound method Series.mode of carrier_id                CAR-04
carrier_name    RailChem Freight
mode                        Rail
base_otif                   0.93
Name: 3, dtype: object>",CUS-08,EMEA,26.57,1,3580.89,0,1
SHP-002064,2026-09,23,BAT-005128,PLT-04,CAR-02,"<bound method Series.mode of carrier_id                 CAR-02
carrier_name    EuroHaz Transport
mode                  Hazmat Road
base_otif                    0.91
Name: 1, dtype: object>",CUS-05,LATAM,59.22,1,8500.56,0,1
SHP-002065,2026-08,22,BAT-005060,PLT-02,CAR-04,"<bound method Series.mode of carrier_id                CAR-04
carrier_name    RailChem Freight
mode                        Rail
base_otif                   0.93
Name: 3, dtype: object>",CUS-13,AMER,37.62,1,5345.87,0,1
SHP-002066,2025-10,12,BAT-002730,PLT-01,CAR-04,"<bound method Series.mode of carrier_id                CAR-04
carrier_name    RailChem Freight
mode                        Rail
base_otif                   0.93
Name: 3, dtype: object>",CUS-11,EMEA,22.88,1,2984.74,0,0
SHP-002067,2025-05,7,BAT-001727,PLT-02,CAR-03,"<bound method Series.mode of carrier_id               CAR-03
carrier_name    OceanChem Lines
mode                 Ocean Bulk
base_otif                  0.88
Name: 2, dtype: object>",CUS-04,EMEA,65.26,1,8690.55,0,0
SHP-002068,2025-11,13,BAT-003064,PLT-01,CAR-05,"<bound method Series.mode of carrier_id               CAR-05
carrier_name    AirExpress Spec
mode                        Air
base_otif                  0.96
Name: 4, dtype: object>",CUS-10,APAC,40.71,1,3238.61,0,0
SHP-002069,2024-11,1,BAT-000318,PLT-03,CAR-01,"<bound method Series.mode of carrier_id                    CAR-01
carrier_name    GlobalTank Logistics
mode                     Bulk Liquid
base_otif                       0.94
Name: 0, dtype: object>",CUS-12,LATAM,63.57,1,6657.87,0,0
SHP-002070,2025-02,4,BAT-001100,PLT-02,CAR-02,"<bound method Series.mode of carrier_id                 CAR-02
carrier_name    EuroHaz Transport
mode                  Hazmat Road
base_otif                    0.91
Name: 1, dtype: object>",CUS-01,EMEA,62.12,0,7197.04,0,0
SHP-002071,2025-11,13,BAT-002862,PLT-04,CAR-05,"<bound method Series.mode of carrier_id               CAR-05
carrier_name    AirExpress Spec
mode                        Air
base_otif                  0.96
Name: 4, dtype: object>",CUS-01,EMEA,25.17,1,2622.26,0,0
SHP-002072,2026-05,19,BAT-004219,PLT-06,CAR-02,"<bound method Series.mode of carrier_id                 CAR-02
carrier_name    EuroHaz Transport
mode                  Hazmat Road
base_otif                    0.91
Name: 1, dtype: object>",CUS-03,APAC,66.66,1,7781.91,0,1
SHP-002073,2025-04,6,BAT-001484,PLT-05,CAR-04,"<bound method Series.mode of carrier_id                CAR-04
carrier_name    RailChem Freight
mode                        Rail
base_otif                   0.93
Name: 3, dtype: object>",CUS-13,AMER,68.58,1,6299.93,0,0
SHP-002074,2026-01,15,BAT-003443,PLT-02,CAR-02,"<bound method Series.mode of carrier_id                 CAR-02
carrier_name    EuroHaz Transport
mode                  Hazmat Road
base_otif                    0.91
Name: 1, dtype: object>",CUS-06,AMER,21.66,0,2973.47,0,0
SHP-002075,2025-02,4,BAT-001059,PLT-03,CAR-05,"<bound method Series.mode of carrier_id               CAR-05
carrier_name    AirExpress Spec
mode                        Air
base_otif                  0.96
Name: 4, dtype: object>",CUS-11,EMEA,26.96,1,1664.81,0,0
SHP-002076,2025-08,10,BAT-002347,PLT-05,CAR-05,"<bound method Series.mode of carrier_id               CAR-05
carrier_name    AirExpress Spec
mode                        Air
base_otif                  0.96
Name: 4, dtype: object>",CUS-07,APAC,29.42,1,3871.34,0,0
SHP-002077,2026-02,16,BAT-003635,PLT-02,CAR-05,"<bound method Series.mode of carrier_id               CAR-05
carrier_name    AirExpress Spec
mode                        Air
base_otif                  0.96
Name: 4, dtype: object>",CUS-10,APAC,108.25,1,9500.88,0,0
SHP-002078,2025-08,10,BAT-002348,PLT-06,CAR-02,"<bound method Series.mode of carrier_id                 CAR-02
carrier_name    EuroHaz Transport
mode                  Hazmat Road
base_otif                    0.91
Name: 1, dtype: object>",CUS-01,EMEA,32.22,1,2478.64,0,0
SHP-002079,2025-07,9,BAT-002140,PLT-02,CAR-02,"<bound method Series.mode of carrier_id                 CAR-02
carrier_name    EuroHaz Transport
mode                  Hazmat Road
base_otif                    0.91
Name: 1, dtype: object>",CUS-12,LATAM,37.4,1,4259.47,0,0
SHP-002080,2024-12,2,BAT-000587,PLT-03,CAR-03,"<bound method Series.mode of carrier_id               CAR-03
carrier_name    OceanChem Lines
mode                 Ocean Bulk
base_otif                  0.88
Name: 2, dtype: object>",CUS-13,AMER,18.23,0,2164.52,0,0
SHP-002081,2025-10,12,BAT-002713,PLT-05,CAR-01,"<bound method Series.mode of carrier_id                    CAR-01
carrier_name    GlobalTank Logistics
mode                     Bulk Liquid
base_otif                       0.94
Name: 0, dtype: object>",CUS-02,AMER,48.51,1,5525.93,0,0
SHP-002082,2025-09,11,BAT-002476,PLT-06,CAR-05,"<bound method Series.mode of carrier_id               CAR-05
carrier_name    AirExpress Spec
mode                        Air
base_otif                  0.96
Name: 4, dtype: object>",CUS-11,EMEA,67.75,1,8967.27,0,0
SHP-002083,2025-02,4,BAT-001058,PLT-06,CAR-03,"<bound method Series.mode of carrier_id               CAR-03
carrier_name    OceanChem Lines
mode                 Ocean Bulk
base_otif                  0.88
Name: 2, dtype: object>",CUS-10,APAC,76.31,1,6514.76,0,0
SHP-002084,2026-01,15,BAT-003465,PLT-01,CAR-04,"<bound method Series.mode of carrier_id                CAR-04
carrier_name    RailChem Freight
mode                        Rail
base_otif                   0.93
Name: 3, dtype: object>",CUS-13,AMER,34.03,1,2698.91,0,0
SHP-002085,2025-10,12,BAT-002659,PLT-06,CAR-04,"<bound method Series.mode of carrier_id                CAR-04
carrier_name    RailChem Freight
mode                        Rail
base_otif                   0.93
Name: 3, dtype: object>",CUS-02,AMER,79.82,1,5613.86,0,0
SHP-002086,2025-03,5,BAT-001312,PLT-03,CAR-04,"<bound method Series.mode of carrier_id                CAR-04
carrier_name    RailChem Freight
mode                        Rail
base_otif                   0.93
Name: 3, dtype: object>",CUS-05,LATAM,21.95,1,1284.47,0,0
SHP-002087,2026-03,17,BAT-003764,PLT-06,CAR-05,"<bound method Series.mode of carrier_id               CAR-05
carrier_name    AirExpress Spec
mode                        Air
base_otif                  0.96
Name: 4, dtype: object>",CUS-06,AMER,43.61,1,5886.86,0,0
SHP-002088,2025-10,12,BAT-002767,PLT-04,CAR-02,"<bound method Series.mode of carrier_id                 CAR-02
carrier_name    EuroHaz Transport
mode                  Hazmat Road
base_otif                    0.91
Name: 1, dtype: object>",CUS-10,APAC,73.75,0,5346.92,0,0
SHP-002089,2025-01,3,BAT-000691,PLT-05,CAR-04,"<bound method Series.mode of carrier_id                CAR-04
carrier_name    RailChem Freight
mode                        Rail
base_otif                   0.93
Name: 3, dtype: object>",CUS-08,EMEA,26.26,1,3403.48,0,0
SHP-002090,2025-04,6,BAT-001399,PLT-03,CAR-05,"<bound method Series.mode of carrier_id               CAR-05
carrier_name    AirExpress Spec
mode                        Air
base_otif                  0.96
Name: 4, dtype: object>",CUS-12,LATAM,30.03,0,3306.2,0,0
SHP-002091,2025-07,9,BAT-002191,PLT-01,CAR-05,"<bound method Series.mode of carrier_id               CAR-05
carrier_name    AirExpress Spec
mode                        Air
base_otif                  0.96
Name: 4, dtype: object>",CUS-15,EMEA,65.82,1,6250.65,0,0
SHP-002092,2025-01,3,BAT-000675,PLT-03,CAR-04,"<bound method Series.mode of carrier_id                CAR-04
carrier_name    RailChem Freight
mode                        Rail
base_otif                   0.93
Name: 3, dtype: object>",CUS-02,AMER,34.47,1,2070.21,0,0
SHP-002093,2024-12,2,BAT-000496,PLT-06,CAR-01,"<bound method Series.mode of carrier_id                    CAR-01
carrier_name    GlobalTank Logistics
mode                     Bulk Liquid
base_otif                       0.94
Name: 0, dtype: object>",CUS-13,AMER,34.58,1,3058.69,0,0
SHP-002094,2025-06,8,BAT-001966,PLT-03,CAR-03,"<bound method Series.mode of carrier_id               CAR-03
carrier_name    OceanChem Lines
mode                 Ocean Bulk
base_otif                  0.88
Name: 2, dtype: object>",CUS-11,EMEA,76.54,1,10419.35,0,0
SHP-002095,2024-10,0,BAT-000010,PLT-04,CAR-02,"<bound method Series.mode of carrier_id                 CAR-02
carrier_name    EuroHaz Transport
mode                  Hazmat Road
base_otif                    0.91
Name: 1, dtype: object>",CUS-05,LATAM,55.38,1,5300.58,0,0
SHP-002096,2026-09,23,BAT-005239,PLT-01,CAR-01,"<bound method Series.mode of carrier_id                    CAR-01
carrier_name    GlobalTank Logistics
mode                     Bulk Liquid
base_otif                       0.94
Name: 0, dtype: object>",CUS-04,EMEA,63.81,1,3922.93,0,1
SHP-002097,2026-09,23,BAT-005166,PLT-03,CAR-01,"<bound method Series.mode of carrier_id                    CAR-01
carrier_name    GlobalTank Logistics
mode                     Bulk Liquid
base_otif                       0.94
Name: 0, dtype: object>",CUS-15,EMEA,59.07,1,5894.08,0,1
SHP-002098,2025-11,13,BAT-002909,PLT-06,CAR-05,"<bound method Series.mode of carrier_id               CAR-05
carrier_name    AirExpress Spec
mode                        Air
base_otif                  0.96
Name: 4, dtype: object>",CUS-12,LATAM,22.94,1,3222.42,0,0
SHP-002099,2025-09,11,BAT-002478,PLT-03,CAR-01,"<bound method Series.mode of carrier_id                    CAR-01
carrier_name    GlobalTank Logistics
mode                     Bulk Liquid
base_otif                       0.94
Name: 0, dtype: object>",CUS-14,APAC,15.57,1,1360.58,1,0
SHP-002100,2024-11,1,BAT-000406,PLT-06,CAR-02,"<bound method Series.mode of carrier_id                 CAR-02
carrier_name    EuroHaz Transport
mode                  Hazmat Road
base_otif                    0.91
Name: 1, dtype: object>",CUS-02,AMER,59.63,1,7588.08,0,0
SHP-002101,2024-11,1,BAT-000411,PLT-04,CAR-05,"<bound method Series.mode of carrier_id               CAR-05
carrier_name    AirExpress Spec
mode                        Air
base_otif                  0.96
Name: 4, dtype: object>",CUS-09,AMER,33.28,1,3796.41,0,0
SHP-002102,2025-12,14,BAT-003131,PLT-05,CAR-02,"<bound method Series.mode of carrier_id                 CAR-02
carrier_name    EuroHaz Transport
mode                  Hazmat Road
base_otif                    0.91
Name: 1, dtype: object>",CUS-09,AMER,2.22,1,306.46,0,0
SHP-002103,2025-04,6,BAT-001390,PLT-05,CAR-01,"<bound method Series.mode of carrier_id                    CAR-01
carrier_name    GlobalTank Logistics
mode                     Bulk Liquid
base_otif                       0.94
Name: 0, dtype: object>",CUS-01,EMEA,13.63,1,1182.25,0,0
SHP-002104,2026-01,15,BAT-003310,PLT-05,CAR-05,"<bound method Series.mode of carrier_id               CAR-05
carrier_name    AirExpress Spec
mode                        Air
base_otif                  0.96
Name: 4, dtype: object>",CUS-08,EMEA,28.4,1,1857.87,0,0
SHP-002105,2025-09,11,BAT-002589,PLT-04,CAR-04,"<bound method Series.mode of carrier_id                CAR-04
carrier_name    RailChem Freight
mode                        Rail
base_otif                   0.93
Name: 3, dtype: object>",CUS-14,APAC,36.43,1,2717.05,0,0
SHP-002106,2026-07,21,BAT-004775,PLT-04,CAR-05,"<bound method Series.mode of carrier_id               CAR-05
carrier_name    AirExpress Spec
mode                        Air
base_otif                  0.96
Name: 4, dtype: object>",CUS-05,LATAM,41.69,1,5956.68,0,1
SHP-002107,2026-01,15,BAT-003461,PLT-03,CAR-02,"<bound method Series.mode of carrier_id                 CAR-02
carrier_name    EuroHaz Transport
mode                  Hazmat Road
base_otif                    0.91
Name: 1, dtype: object>",CUS-04,EMEA,19.31,1,2337.23,0,0
SHP-002108,2025-07,9,BAT-002025,PLT-06,CAR-03,"<bound method Series.mode of carrier_id               CAR-03
carrier_name    OceanChem Lines
mode                 Ocean Bulk
base_otif                  0.88
Name: 2, dtype: object>",CUS-04,EMEA,35.86,1,2638.53,0,0
SHP-002109,2026-04,18,BAT-004084,PLT-04,CAR-03,"<bound method Series.mode of carrier_id               CAR-03
carrier_name    OceanChem Lines
mode                 Ocean Bulk
base_otif                  0.88
Name: 2, dtype: object>",CUS-06,AMER,27.96,1,3466.13,0,1
SHP-002110,2026-07,21,BAT-004708,PLT-04,CAR-05,"<bound method Series.mode of carrier_id               CAR-05
carrier_name    AirExpress Spec
mode                        Air
base_otif                  0.96
Name: 4, dtype: object>",CUS-10,APAC,74.59,1,5319.46,0,1
SHP-002111,2025-03,5,BAT-001189,PLT-03,CAR-02,"<bound method Series.mode of carrier_id                 CAR-02
carrier_name    EuroHaz Transport
mode                  Hazmat Road
base_otif                    0.91
Name: 1, dtype: object>",CUS-01,EMEA,35.19,1,4395.67,0,0
SHP-002112,2024-11,1,BAT-000346,PLT-05,CAR-04,"<bound method Series.mode of carrier_id                CAR-04
carrier_name    RailChem Freight
mode                        Rail
base_otif                   0.93
Name: 3, dtype: object>",CUS-10,APAC,31.81,1,2157.9,0,0
SHP-002113,2026-07,21,BAT-004753,PLT-05,CAR-02,"<bound method Series.mode of carrier_id                 CAR-02
carrier_name    EuroHaz Transport
mode                  Hazmat Road
base_otif                    0.91
Name: 1, dtype: object>",CUS-12,LATAM,2.15,1,291.75,0,1
SHP-002114,2026-09,23,BAT-005139,PLT-02,CAR-05,"<bound method Series.mode of carrier_id               CAR-05
carrier_name    AirExpress Spec
mode                        Air
base_otif                  0.96
Name: 4, dtype: object>",CUS-07,APAC,34.24,1,2861.01,0,1
SHP-002115,2025-09,11,BAT-002428,PLT-01,CAR-03,"<bound method Series.mode of carrier_id               CAR-03
carrier_name    OceanChem Lines
mode                 Ocean Bulk
base_otif                  0.88
Name: 2, dtype: object>",CUS-09,AMER,13.23,1,1272.62,0,0
SHP-002116,2025-05,7,BAT-001674,PLT-03,CAR-04,"<bound method Series.mode of carrier_id                CAR-04
carrier_name    RailChem Freight
mode                        Rail
base_otif                   0.93
Name: 3, dtype: object>",CUS-14,APAC,47.05,1,3288.21,0,0
SHP-002117,2024-12,2,BAT-000557,PLT-02,CAR-03,"<bound method Series.mode of carrier_id               CAR-03
carrier_name    OceanChem Lines
mode                 Ocean Bulk
base_otif                  0.88
Name: 2, dtype: object>",CUS-06,AMER,69.22,1,5748.21,0,0
SHP-002118,2025-04,6,BAT-001469,PLT-06,CAR-04,"<bound method Series.mode of carrier_id                CAR-04
carrier_name    RailChem Freight
mode                        Rail
base_otif                   0.93
Name: 3, dtype: object>",CUS-10,APAC,36.6,1,5199.13,0,0
SHP-002119,2025-08,10,BAT-002337,PLT-03,CAR-03,"<bound method Series.mode of carrier_id               CAR-03
carrier_name    OceanChem Lines
mode                 Ocean Bulk
base_otif                  0.88
Name: 2, dtype: object>",CUS-05,LATAM,27.01,0,2775.27,0,0
SHP-002120,2025-08,10,BAT-002282,PLT-06,CAR-03,"<bound method Series.mode of carrier_id               CAR-03
carrier_name    OceanChem Lines
mode                 Ocean Bulk
base_otif                  0.88
Name: 2, dtype: object>",CUS-13,AMER,26.93,1,1792.42,0,0
SHP-002121,2026-03,17,BAT-003897,PLT-03,CAR-03,"<bound method Series.mode of carrier_id               CAR-03
carrier_name    OceanChem Lines
mode                 Ocean Bulk
base_otif                  0.88
Name: 2, dtype: object>",CUS-08,EMEA,62.63,1,4925.81,0,0
SHP-002122,2026-04,18,BAT-004122,PLT-04,CAR-05,"<bound method Series.mode of carrier_id               CAR-05
carrier_name    AirExpress Spec
mode                        Air
base_otif                  0.96
Name: 4, dtype: object>",CUS-10,APAC,2.95,1,396.69,0,1
SHP-002123,2026-01,15,BAT-003437,PLT-05,CAR-03,"<bound method Series.mode of carrier_id               CAR-03
carrier_name    OceanChem Lines
mode                 Ocean Bulk
base_otif                  0.88
Name: 2, dtype: object>",CUS-04,EMEA,9.87,1,1001.36,0,0
SHP-002124,2024-10,0,BAT-000163,PLT-03,CAR-01,"<bound method Series.mode of carrier_id                    CAR-01
carrier_name    GlobalTank Logistics
mode                     Bulk Liquid
base_otif                       0.94
Name: 0, dtype: object>",CUS-04,EMEA,52.36,1,7098.89,0,0
SHP-002125,2025-01,3,BAT-000832,PLT-05,CAR-02,"<bound method Series.mode of carrier_id                 CAR-02
carrier_name    EuroHaz Transport
mode                  Hazmat Road
base_otif                    0.91
Name: 1, dtype: object>",CUS-05,LATAM,37.34,1,2407.99,0,0
SHP-002126,2026-07,21,BAT-004804,PLT-06,CAR-05,"<bound method Series.mode of carrier_id               CAR-05
carrier_name    AirExpress Spec
mode                        Air
base_otif                  0.96
Name: 4, dtype: object>",CUS-01,EMEA,82.46,1,5146.48,0,1
SHP-002127,2026-05,19,BAT-004341,PLT-02,CAR-04,"<bound method Series.mode of carrier_id                CAR-04
carrier_name    RailChem Freight
mode                        Rail
base_otif                   0.93
Name: 3, dtype: object>",CUS-06,AMER,30.03,1,2970.94,0,1
SHP-002128,2025-05,7,BAT-001671,PLT-01,CAR-02,"<bound method Series.mode of carrier_id                 CAR-02
carrier_name    EuroHaz Transport
mode                  Hazmat Road
base_otif                    0.91
Name: 1, dtype: object>",CUS-05,LATAM,28.72,1,3246.53,0,0
SHP-002129,2025-04,6,BAT-001365,PLT-01,CAR-04,"<bound method Series.mode of carrier_id                CAR-04
carrier_name    RailChem Freight
mode                        Rail
base_otif                   0.93
Name: 3, dtype: object>",CUS-08,EMEA,29.76,1,3867.97,0,0
SHP-002130,2025-08,10,BAT-002208,PLT-03,CAR-01,"<bound method Series.mode of carrier_id                    CAR-01
carrier_name    GlobalTank Logistics
mode                     Bulk Liquid
base_otif                       0.94
Name: 0, dtype: object>",CUS-01,EMEA,26.56,1,1603.64,0,0
SHP-002131,2025-02,4,BAT-001060,PLT-04,CAR-01,"<bound method Series.mode of carrier_id                    CAR-01
carrier_name    GlobalTank Logistics
mode                     Bulk Liquid
base_otif                       0.94
Name: 0, dtype: object>",CUS-11,EMEA,65.59,1,3845.31,0,0
SHP-002132,2024-10,0,BAT-000027,PLT-04,CAR-02,"<bound method Series.mode of carrier_id                 CAR-02
carrier_name    EuroHaz Transport
mode                  Hazmat Road
base_otif                    0.91
Name: 1, dtype: object>",CUS-11,EMEA,69.28,1,5110.45,0,0
SHP-002133,2026-05,19,BAT-004336,PLT-04,CAR-02,"<bound method Series.mode of carrier_id                 CAR-02
carrier_name    EuroHaz Transport
mode                  Hazmat Road
base_otif                    0.91
Name: 1, dtype: object>",CUS-03,APAC,52.0,0,5825.31,0,1
SHP-002134,2025-01,3,BAT-000722,PLT-04,CAR-05,"<bound method Series.mode of carrier_id               CAR-05
carrier_name    AirExpress Spec
mode                        Air
base_otif                  0.96
Name: 4, dtype: object>",CUS-08,EMEA,55.55,1,4990.28,0,0
SHP-002135,2025-02,4,BAT-000951,PLT-02,CAR-01,"<bound method Series.mode of carrier_id                    CAR-01
carrier_name    GlobalTank Logistics
mode                     Bulk Liquid
base_otif                       0.94
Name: 0, dtype: object>",CUS-14,APAC,63.28,1,8681.63,0,0
SHP-002136,2026-05,19,BAT-004315,PLT-02,CAR-03,"<bound method Series.mode of carrier_id               CAR-03
carrier_name    OceanChem Lines
mode                 Ocean Bulk
base_otif                  0.88
Name: 2, dtype: object>",CUS-06,AMER,28.47,1,3895.11,0,1
SHP-002137,2024-10,0,BAT-000188,PLT-04,CAR-04,"<bound method Series.mode of carrier_id                CAR-04
carrier_name    RailChem Freight
mode                        Rail
base_otif                   0.93
Name: 3, dtype: object>",CUS-04,EMEA,35.58,1,4402.88,0,0
SHP-002138,2026-07,21,BAT-004836,PLT-05,CAR-05,"<bound method Series.mode of carrier_id               CAR-05
carrier_name    AirExpress Spec
mode                        Air
base_otif                  0.96
Name: 4, dtype: object>",CUS-12,LATAM,55.2,1,4536.73,0,1
SHP-002139,2026-08,22,BAT-004935,PLT-03,CAR-04,"<bound method Series.mode of carrier_id                CAR-04
carrier_name    RailChem Freight
mode                        Rail
base_otif                   0.93
Name: 3, dtype: object>",CUS-07,APAC,12.48,1,1652.99,0,1
SHP-002140,2026-09,23,BAT-005197,PLT-02,CAR-01,"<bound method Series.mode of carrier_id                    CAR-01
carrier_name    GlobalTank Logistics
mode                     Bulk Liquid
base_otif                       0.94
Name: 0, dtype: object>",CUS-01,EMEA,51.48,1,4219.73,0,1
SHP-002141,2026-01,15,BAT-003363,PLT-06,CAR-04,"<bound method Series.mode of carrier_id                CAR-04
carrier_name    RailChem Freight
mode                        Rail
base_otif                   0.93
Name: 3, dtype: object>",CUS-03,APAC,46.08,1,6592.19,0,0
SHP-002142,2026-03,17,BAT-003817,PLT-06,CAR-01,"<bound method Series.mode of carrier_id                    CAR-01
carrier_name    GlobalTank Logistics
mode                     Bulk Liquid
base_otif                       0.94
Name: 0, dtype: object>",CUS-01,EMEA,20.18,1,2767.68,0,0
SHP-002143,2026-07,21,BAT-004777,PLT-04,CAR-05,"<bound method Series.mode of carrier_id               CAR-05
carrier_name    AirExpress Spec
mode                        Air
base_otif                  0.96
Name: 4, dtype: object>",CUS-05,LATAM,94.73,1,11297.95,1,1
SHP-002144,2026-04,18,BAT-003971,PLT-06,CAR-02,"<bound method Series.mode of carrier_id                 CAR-02
carrier_name    EuroHaz Transport
mode                  Hazmat Road
base_otif                    0.91
Name: 1, dtype: object>",CUS-15,EMEA,72.25,1,5863.77,0,1
SHP-002145,2025-06,8,BAT-001829,PLT-02,CAR-01,"<bound method Series.mode of carrier_id                    CAR-01
carrier_name    GlobalTank Logistics
mode                     Bulk Liquid
base_otif                       0.94
Name: 0, dtype: object>",CUS-05,LATAM,51.26,1,4212.28,0,0
SHP-002146,2026-01,15,BAT-003394,PLT-05,CAR-04,"<bound method Series.mode of carrier_id                CAR-04
carrier_name    RailChem Freight
mode                        Rail
base_otif                   0.93
Name: 3, dtype: object>",CUS-06,AMER,20.74,1,2714.33,0,0
SHP-002147,2025-02,4,BAT-001049,PLT-04,CAR-01,"<bound method Series.mode of carrier_id                    CAR-01
carrier_name    GlobalTank Logistics
mode                     Bulk Liquid
base_otif                       0.94
Name: 0, dtype: object>",CUS-14,APAC,64.8,0,9381.69,0,0
SHP-002148,2026-08,22,BAT-004911,PLT-03,CAR-02,"<bound method Series.mode of carrier_id                 CAR-02
carrier_name    EuroHaz Transport
mode                  Hazmat Road
base_otif                    0.91
Name: 1, dtype: object>",CUS-04,EMEA,39.27,0,3076.82,0,1
SHP-002149,2025-01,3,BAT-000729,PLT-05,CAR-01,"<bound method Series.mode of carrier_id                    CAR-01
carrier_name    GlobalTank Logistics
mode                     Bulk Liquid
base_otif                       0.94
Name: 0, dtype: object>",CUS-03,APAC,25.26,1,2497.13,0,0
SHP-002150,2025-06,8,BAT-001813,PLT-06,CAR-01,"<bound method Series.mode of carrier_id                    CAR-01
carrier_name    GlobalTank Logistics
mode                     Bulk Liquid
base_otif                       0.94
Name: 0, dtype: object>",CUS-10,APAC,71.7,1,8868.75,0,0
SHP-002151,2025-09,11,BAT-002630,PLT-03,CAR-05,"<bound method Series.mode of carrier_id               CAR-05
carrier_name    AirExpress Spec
mode                        Air
base_otif                  0.96
Name: 4, dtype: object>",CUS-03,APAC,47.76,1,3212.89,0,0
SHP-002152,2025-09,11,BAT-002443,PLT-05,CAR-03,"<bound method Series.mode of carrier_id               CAR-03
carrier_name    OceanChem Lines
mode                 Ocean Bulk
base_otif                  0.88
Name: 2, dtype: object>",CUS-04,EMEA,41.62,1,3594.26,0,0
SHP-002153,2025-10,12,BAT-002746,PLT-05,CAR-05,"<bound method Series.mode of carrier_id               CAR-05
carrier_name    AirExpress Spec
mode                        Air
base_otif                  0.96
Name: 4, dtype: object>",CUS-10,APAC,42.59,0,3728.48,0,0
SHP-002154,2025-09,11,BAT-002453,PLT-04,CAR-04,"<bound method Series.mode of carrier_id                CAR-04
carrier_name    RailChem Freight
mode                        Rail
base_otif                   0.93
Name: 3, dtype: object>",CUS-07,APAC,69.37,1,7674.84,0,0
SHP-002155,2026-09,23,BAT-005075,PLT-04,CAR-01,"<bound method Series.mode of carrier_id                    CAR-01
carrier_name    GlobalTank Logistics
mode                     Bulk Liquid
base_otif                       0.94
Name: 0, dtype: object>",CUS-04,EMEA,77.83,1,8635.69,0,1
SHP-002156,2026-09,23,BAT-005256,PLT-06,CAR-05,"<bound method Series.mode of carrier_id               CAR-05
carrier_name    AirExpress Spec
mode                        Air
base_otif                  0.96
Name: 4, dtype: object>",CUS-04,EMEA,60.09,1,8452.79,0,1
SHP-002157,2026-05,19,BAT-004360,PLT-04,CAR-05,"<bound method Series.mode of carrier_id               CAR-05
carrier_name    AirExpress Spec
mode                        Air
base_otif                  0.96
Name: 4, dtype: object>",CUS-11,EMEA,58.7,1,7805.25,0,1
SHP-002158,2026-03,17,BAT-003913,PLT-04,CAR-02,"<bound method Series.mode of carrier_id                 CAR-02
carrier_name    EuroHaz Transport
mode                  Hazmat Road
base_otif                    0.91
Name: 1, dtype: object>",CUS-09,AMER,20.81,1,2126.52,0,0
SHP-002159,2025-08,10,BAT-002397,PLT-03,CAR-03,"<bound method Series.mode of carrier_id               CAR-03
carrier_name    OceanChem Lines
mode                 Ocean Bulk
base_otif                  0.88
Name: 2, dtype: object>",CUS-08,EMEA,17.25,1,1417.39,0,0
SHP-002160,2025-12,14,BAT-003255,PLT-04,CAR-03,"<bound method Series.mode of carrier_id               CAR-03
carrier_name    OceanChem Lines
mode                 Ocean Bulk
base_otif                  0.88
Name: 2, dtype: object>",CUS-06,AMER,22.36,1,2307.5,0,0
SHP-002161,2025-05,7,BAT-001713,PLT-01,CAR-02,"<bound method Series.mode of carrier_id                 CAR-02
carrier_name    EuroHaz Transport
mode                  Hazmat Road
base_otif                    0.91
Name: 1, dtype: object>",CUS-09,AMER,12.9,0,1341.78,0,0
SHP-002162,2025-03,5,BAT-001194,PLT-02,CAR-05,"<bound method Series.mode of carrier_id               CAR-05
carrier_name    AirExpress Spec
mode                        Air
base_otif                  0.96
Name: 4, dtype: object>",CUS-13,AMER,61.26,1,6984.53,0,0
SHP-002163,2026-07,21,BAT-004699,PLT-06,CAR-01,"<bound method Series.mode of carrier_id                    CAR-01
carrier_name    GlobalTank Logistics
mode                     Bulk Liquid
base_otif                       0.94
Name: 0, dtype: object>",CUS-05,LATAM,65.09,1,7416.22,0,1
SHP-002164,2025-08,10,BAT-002203,PLT-05,CAR-01,"<bound method Series.mode of carrier_id                    CAR-01
carrier_name    GlobalTank Logistics
mode                     Bulk Liquid
base_otif                       0.94
Name: 0, dtype: object>",CUS-04,EMEA,50.42,1,4495.59,0,0
SHP-002165,2026-08,22,BAT-004866,PLT-05,CAR-03,"<bound method Series.mode of carrier_id               CAR-03
carrier_name    OceanChem Lines
mode                 Ocean Bulk
base_otif                  0.88
Name: 2, dtype: object>",CUS-13,AMER,34.96,1,2801.22,0,1
SHP-002166,2026-01,15,BAT-003356,PLT-04,CAR-05,"<bound method Series.mode of carrier_id               CAR-05
carrier_name    AirExpress Spec
mode                        Air
base_otif                  0.96
Name: 4, dtype: object>",CUS-02,AMER,36.45,1,3595.99,0,0
SHP-002167,2025-11,13,BAT-003048,PLT-01,CAR-01,"<bound method Series.mode of carrier_id                    CAR-01
carrier_name    GlobalTank Logistics
mode                     Bulk Liquid
base_otif                       0.94
Name: 0, dtype: object>",CUS-05,LATAM,26.57,1,2059.91,0,0
SHP-002168,2026-08,22,BAT-004883,PLT-01,CAR-05,"<bound method Series.mode of carrier_id               CAR-05
carrier_name    AirExpress Spec
mode                        Air
base_otif                  0.96
Name: 4, dtype: object>",CUS-02,AMER,76.88,1,7935.05,0,1
SHP-002169,2025-04,6,BAT-001500,PLT-04,CAR-02,"<bound method Series.mode of carrier_id                 CAR-02
carrier_name    EuroHaz Transport
mode                  Hazmat Road
base_otif                    0.91
Name: 1, dtype: object>",CUS-08,EMEA,45.1,1,2921.62,0,0
SHP-002170,2025-11,13,BAT-002968,PLT-02,CAR-03,"<bound method Series.mode of carrier_id               CAR-03
carrier_name    OceanChem Lines
mode                 Ocean Bulk
base_otif                  0.88
Name: 2, dtype: object>",CUS-09,AMER,76.9,1,10878.95,0,0
SHP-002171,2024-10,0,BAT-000100,PLT-03,CAR-01,"<bound method Series.mode of carrier_id                    CAR-01
carrier_name    GlobalTank Logistics
mode                     Bulk Liquid
base_otif                       0.94
Name: 0, dtype: object>",CUS-08,EMEA,51.97,1,4628.91,0,0
SHP-002172,2026-06,20,BAT-004526,PLT-05,CAR-01,"<bound method Series.mode of carrier_id                    CAR-01
carrier_name    GlobalTank Logistics
mode                     Bulk Liquid
base_otif                       0.94
Name: 0, dtype: object>",CUS-04,EMEA,32.65,1,3993.16,0,1
SHP-002173,2025-03,5,BAT-001220,PLT-05,CAR-05,"<bound method Series.mode of carrier_id               CAR-05
carrier_name    AirExpress Spec
mode                        Air
base_otif                  0.96
Name: 4, dtype: object>",CUS-03,APAC,19.8,1,1924.17,0,0
SHP-002174,2024-12,2,BAT-000586,PLT-02,CAR-02,"<bound method Series.mode of carrier_id                 CAR-02
carrier_name    EuroHaz Transport
mode                  Hazmat Road
base_otif                    0.91
Name: 1, dtype: object>",CUS-07,APAC,68.92,1,8545.6,0,0
SHP-002175,2026-03,17,BAT-003875,PLT-05,CAR-05,"<bound method Series.mode of carrier_id               CAR-05
carrier_name    AirExpress Spec
mode                        Air
base_otif                  0.96
Name: 4, dtype: object>",CUS-04,EMEA,0.98,1,104.74,0,0
SHP-002176,2025-04,6,BAT-001393,PLT-04,CAR-04,"<bound method Series.mode of carrier_id                CAR-04
carrier_name    RailChem Freight
mode                        Rail
base_otif                   0.93
Name: 3, dtype: object>",CUS-05,LATAM,54.29,1,3871.63,0,0
SHP-002177,2024-12,2,BAT-000593,PLT-02,CAR-03,"<bound method Series.mode of carrier_id               CAR-03
carrier_name    OceanChem Lines
mode                 Ocean Bulk
base_otif                  0.88
Name: 2, dtype: object>",CUS-04,EMEA,39.36,1,3345.5,0,0
SHP-002178,2025-09,11,BAT-002572,PLT-03,CAR-04,"<bound method Series.mode of carrier_id                CAR-04
carrier_name    RailChem Freight
mode                        Rail
base_otif                   0.93
Name: 3, dtype: object>",CUS-13,AMER,20.95,1,1234.36,0,0
SHP-002179,2025-12,14,BAT-003141,PLT-03,CAR-04,"<bound method Series.mode of carrier_id                CAR-04
carrier_name    RailChem Freight
mode                        Rail
base_otif                   0.93
Name: 3, dtype: object>",CUS-13,AMER,2.63,1,301.98,0,0
SHP-002180,2025-07,9,BAT-002118,PLT-06,CAR-03,"<bound method Series.mode of carrier_id               CAR-03
carrier_name    OceanChem Lines
mode                 Ocean Bulk
base_otif                  0.88
Name: 2, dtype: object>",CUS-13,AMER,23.78,0,2276.31,0,0
SHP-002181,2025-03,5,BAT-001117,PLT-03,CAR-02,"<bound method Series.mode of carrier_id                 CAR-02
carrier_name    EuroHaz Transport
mode                  Hazmat Road
base_otif                    0.91
Name: 1, dtype: object>",CUS-06,AMER,26.33,1,2591.95,0,0
SHP-002182,2026-02,16,BAT-003726,PLT-06,CAR-05,"<bound method Series.mode of carrier_id               CAR-05
carrier_name    AirExpress Spec
mode                        Air
base_otif                  0.96
Name: 4, dtype: object>",CUS-01,EMEA,28.58,1,2421.92,0,0
SHP-002183,2025-02,4,BAT-001007,PLT-06,CAR-04,"<bound method Series.mode of carrier_id                CAR-04
carrier_name    RailChem Freight
mode                        Rail
base_otif                   0.93
Name: 3, dtype: object>",CUS-05,LATAM,36.68,1,2858.09,0,0
SHP-002184,2026-07,21,BAT-004647,PLT-05,CAR-02,"<bound method Series.mode of carrier_id                 CAR-02
carrier_name    EuroHaz Transport
mode                  Hazmat Road
base_otif                    0.91
Name: 1, dtype: object>",CUS-05,LATAM,21.79,1,2394.9,0,1
SHP-002185,2026-06,20,BAT-004560,PLT-04,CAR-02,"<bound method Series.mode of carrier_id                 CAR-02
carrier_name    EuroHaz Transport
mode                  Hazmat Road
base_otif                    0.91
Name: 1, dtype: object>",CUS-10,APAC,31.52,1,4387.93,1,1
SHP-002186,2025-08,10,BAT-002359,PLT-03,CAR-01,"<bound method Series.mode of carrier_id                    CAR-01
carrier_name    GlobalTank Logistics
mode                     Bulk Liquid
base_otif                       0.94
Name: 0, dtype: object>",CUS-11,EMEA,60.3,1,8281.31,0,0
SHP-002187,2026-04,18,BAT-004114,PLT-04,CAR-04,"<bound method Series.mode of carrier_id                CAR-04
carrier_name    RailChem Freight
mode                        Rail
base_otif                   0.93
Name: 3, dtype: object>",CUS-11,EMEA,38.16,1,4982.64,0,1
SHP-002188,2025-12,14,BAT-003204,PLT-04,CAR-03,"<bound method Series.mode of carrier_id               CAR-03
carrier_name    OceanChem Lines
mode                 Ocean Bulk
base_otif                  0.88
Name: 2, dtype: object>",CUS-10,APAC,57.08,0,4840.14,0,0
SHP-002189,2026-06,20,BAT-004540,PLT-03,CAR-03,"<bound method Series.mode of carrier_id               CAR-03
carrier_name    OceanChem Lines
mode                 Ocean Bulk
base_otif                  0.88
Name: 2, dtype: object>",CUS-11,EMEA,68.75,1,9240.01,0,1
SHP-002190,2025-08,10,BAT-002379,PLT-05,CAR-03,"<bound method Series.mode of carrier_id               CAR-03
carrier_name    OceanChem Lines
mode                 Ocean Bulk
base_otif                  0.88
Name: 2, dtype: object>",CUS-05,LATAM,23.42,1,1632.56,0,0
SHP-002191,2025-11,13,BAT-003068,PLT-06,CAR-01,"<bound method Series.mode of carrier_id                    CAR-01
carrier_name    GlobalTank Logistics
mode                     Bulk Liquid
base_otif                       0.94
Name: 0, dtype: object>",CUS-13,AMER,44.97,1,3441.15,0,0
SHP-002192,2026-02,16,BAT-003699,PLT-04,CAR-04,"<bound method Series.mode of carrier_id                CAR-04
carrier_name    RailChem Freight
mode                        Rail
base_otif                   0.93
Name: 3, dtype: object>",CUS-02,AMER,21.78,1,1847.82,0,0
SHP-002193,2026-07,21,BAT-004644,PLT-05,CAR-03,"<bound method Series.mode of carrier_id               CAR-03
carrier_name    OceanChem Lines
mode                 Ocean Bulk
base_otif                  0.88
Name: 2, dtype: object>",CUS-15,EMEA,59.78,1,6896.82,0,1
SHP-002194,2025-10,12,BAT-002670,PLT-02,CAR-03,"<bound method Series.mode of carrier_id               CAR-03
carrier_name    OceanChem Lines
mode                 Ocean Bulk
base_otif                  0.88
Name: 2, dtype: object>",CUS-04,EMEA,102.25,1,6974.85,0,0
SHP-002195,2026-05,19,BAT-004398,PLT-06,CAR-01,"<bound method Series.mode of carrier_id                    CAR-01
carrier_name    GlobalTank Logistics
mode                     Bulk Liquid
base_otif                       0.94
Name: 0, dtype: object>",CUS-10,APAC,1.33,1,127.74,0,1
SHP-002196,2026-09,23,BAT-005101,PLT-04,CAR-01,"<bound method Series.mode of carrier_id                    CAR-01
carrier_name    GlobalTank Logistics
mode                     Bulk Liquid
base_otif                       0.94
Name: 0, dtype: object>",CUS-02,AMER,97.38,1,12729.71,0,1
SHP-002197,2025-12,14,BAT-003192,PLT-01,CAR-04,"<bound method Series.mode of carrier_id                CAR-04
carrier_name    RailChem Freight
mode                        Rail
base_otif                   0.93
Name: 3, dtype: object>",CUS-12,LATAM,47.2,1,3322.05,0,0
SHP-002198,2025-10,12,BAT-002818,PLT-03,CAR-02,"<bound method Series.mode of carrier_id                 CAR-02
carrier_name    EuroHaz Transport
mode                  Hazmat Road
base_otif                    0.91
Name: 1, dtype: object>",CUS-07,APAC,37.31,1,2599.71,0,0
SHP-002199,2025-10,12,BAT-002781,PLT-03,CAR-01,"<bound method Series.mode of carrier_id                    CAR-01
carrier_name    GlobalTank Logistics
mode                     Bulk Liquid
base_otif                       0.94
Name: 0, dtype: object>",CUS-04,EMEA,36.43,1,3572.88,0,0
SHP-002200,2026-07,21,BAT-004837,PLT-02,CAR-02,"<bound method Series.mode of carrier_id                 CAR-02
carrier_name    EuroHaz Transport
mode                  Hazmat Road
base_otif                    0.91
Name: 1, dtype: object>",CUS-01,EMEA,60.53,1,6815.67,1,1
SHP-002201,2025-10,12,BAT-002701,PLT-04,CAR-02,"<bound method Series.mode of carrier_id                 CAR-02
carrier_name    EuroHaz Transport
mode                  Hazmat Road
base_otif                    0.91
Name: 1, dtype: object>",CUS-08,EMEA,64.84,1,4630.31,0,0
SHP-002202,2025-01,3,BAT-000710,PLT-03,CAR-03,"<bound method Series.mode of carrier_id               CAR-03
carrier_name    OceanChem Lines
mode                 Ocean Bulk
base_otif                  0.88
Name: 2, dtype: object>",CUS-13,AMER,68.72,0,7000.14,0,0
SHP-002203,2025-07,9,BAT-002114,PLT-06,CAR-02,"<bound method Series.mode of carrier_id                 CAR-02
carrier_name    EuroHaz Transport
mode                  Hazmat Road
base_otif                    0.91
Name: 1, dtype: object>",CUS-13,AMER,42.97,1,5416.18,0,0
SHP-002204,2026-02,16,BAT-003690,PLT-02,CAR-04,"<bound method Series.mode of carrier_id                CAR-04
carrier_name    RailChem Freight
mode                        Rail
base_otif                   0.93
Name: 3, dtype: object>",CUS-08,EMEA,46.2,1,3014.66,0,0
SHP-002205,2024-11,1,BAT-000416,PLT-05,CAR-03,"<bound method Series.mode of carrier_id               CAR-03
carrier_name    OceanChem Lines
mode                 Ocean Bulk
base_otif                  0.88
Name: 2, dtype: object>",CUS-14,APAC,1.66,1,110.66,0,0
SHP-002206,2024-10,0,BAT-000042,PLT-05,CAR-04,"<bound method Series.mode of carrier_id                CAR-04
carrier_name    RailChem Freight
mode                        Rail
base_otif                   0.93
Name: 3, dtype: object>",CUS-13,AMER,43.78,0,2994.6,0,0
SHP-002207,2026-02,16,BAT-003689,PLT-03,CAR-03,"<bound method Series.mode of carrier_id               CAR-03
carrier_name    OceanChem Lines
mode                 Ocean Bulk
base_otif                  0.88
Name: 2, dtype: object>",CUS-12,LATAM,1.02,1,67.86,0,0
SHP-002208,2024-10,0,BAT-000033,PLT-03,CAR-04,"<bound method Series.mode of carrier_id                CAR-04
carrier_name    RailChem Freight
mode                        Rail
base_otif                   0.93
Name: 3, dtype: object>",CUS-14,APAC,28.12,1,2708.69,0,0
SHP-002209,2025-12,14,BAT-003120,PLT-03,CAR-03,"<bound method Series.mode of carrier_id               CAR-03
carrier_name    OceanChem Lines
mode                 Ocean Bulk
base_otif                  0.88
Name: 2, dtype: object>",CUS-13,AMER,59.76,1,8645.59,0,0
SHP-002210,2026-09,23,BAT-005093,PLT-02,CAR-01,"<bound method Series.mode of carrier_id                    CAR-01
carrier_name    GlobalTank Logistics
mode                     Bulk Liquid
base_otif                       0.94
Name: 0, dtype: object>",CUS-08,EMEA,83.3,1,5280.95,0,1
SHP-002211,2025-09,11,BAT-002487,PLT-02,CAR-03,"<bound method Series.mode of carrier_id               CAR-03
carrier_name    OceanChem Lines
mode                 Ocean Bulk
base_otif                  0.88
Name: 2, dtype: object>",CUS-02,AMER,45.79,1,5654.46,0,0
SHP-002212,2025-07,9,BAT-001998,PLT-01,CAR-04,"<bound method Series.mode of carrier_id                CAR-04
carrier_name    RailChem Freight
mode                        Rail
base_otif                   0.93
Name: 3, dtype: object>",CUS-11,EMEA,25.57,1,3584.27,0,0
SHP-002213,2025-06,8,BAT-001860,PLT-05,CAR-01,"<bound method Series.mode of carrier_id                    CAR-01
carrier_name    GlobalTank Logistics
mode                     Bulk Liquid
base_otif                       0.94
Name: 0, dtype: object>",CUS-03,APAC,14.96,1,1147.54,0,0
SHP-002214,2025-07,9,BAT-002188,PLT-06,CAR-03,"<bound method Series.mode of carrier_id               CAR-03
carrier_name    OceanChem Lines
mode                 Ocean Bulk
base_otif                  0.88
Name: 2, dtype: object>",CUS-08,EMEA,42.25,1,4856.03,0,0
SHP-002215,2026-03,17,BAT-003779,PLT-06,CAR-05,"<bound method Series.mode of carrier_id               CAR-05
carrier_name    AirExpress Spec
mode                        Air
base_otif                  0.96
Name: 4, dtype: object>",CUS-15,EMEA,66.42,1,7750.58,0,0
SHP-002216,2026-04,18,BAT-004171,PLT-02,CAR-02,"<bound method Series.mode of carrier_id                 CAR-02
carrier_name    EuroHaz Transport
mode                  Hazmat Road
base_otif                    0.91
Name: 1, dtype: object>",CUS-05,LATAM,30.3,1,3026.73,0,1
SHP-002217,2026-03,17,BAT-003748,PLT-02,CAR-04,"<bound method Series.mode of carrier_id                CAR-04
carrier_name    RailChem Freight
mode                        Rail
base_otif                   0.93
Name: 3, dtype: object>",CUS-11,EMEA,15.6,1,1002.39,0,0
SHP-002218,2026-06,20,BAT-004594,PLT-03,CAR-04,"<bound method Series.mode of carrier_id                CAR-04
carrier_name    RailChem Freight
mode                        Rail
base_otif                   0.93
Name: 3, dtype: object>",CUS-01,EMEA,74.63,1,9250.73,0,1
SHP-002219,2026-04,18,BAT-003981,PLT-05,CAR-02,"<bound method Series.mode of carrier_id                 CAR-02
carrier_name    EuroHaz Transport
mode                  Hazmat Road
base_otif                    0.91
Name: 1, dtype: object>",CUS-15,EMEA,2.42,1,140.52,0,1
SHP-002220,2026-06,20,BAT-004474,PLT-03,CAR-03,"<bound method Series.mode of carrier_id               CAR-03
carrier_name    OceanChem Lines
mode                 Ocean Bulk
base_otif                  0.88
Name: 2, dtype: object>",CUS-07,APAC,1.0,0,117.32,0,1
SHP-002221,2026-08,22,BAT-004912,PLT-06,CAR-04,"<bound method Series.mode of carrier_id                CAR-04
carrier_name    RailChem Freight
mode                        Rail
base_otif                   0.93
Name: 3, dtype: object>",CUS-12,LATAM,36.88,1,3613.71,0,1
SHP-002222,2025-11,13,BAT-002965,PLT-06,CAR-05,"<bound method Series.mode of carrier_id               CAR-05
carrier_name    AirExpress Spec
mode                        Air
base_otif                  0.96
Name: 4, dtype: object>",CUS-02,AMER,30.38,1,3857.12,0,0
SHP-002223,2026-09,23,BAT-005123,PLT-01,CAR-05,"<bound method Series.mode of carrier_id               CAR-05
carrier_name    AirExpress Spec
mode                        Air
base_otif                  0.96
Name: 4, dtype: object>",CUS-02,AMER,26.32,1,3506.39,0,1
SHP-002224,2024-12,2,BAT-000497,PLT-04,CAR-04,"<bound method Series.mode of carrier_id                CAR-04
carrier_name    RailChem Freight
mode                        Rail
base_otif                   0.93
Name: 3, dtype: object>",CUS-05,LATAM,22.56,1,2159.11,0,0
SHP-002225,2025-07,9,BAT-002110,PLT-01,CAR-01,"<bound method Series.mode of carrier_id                    CAR-01
carrier_name    GlobalTank Logistics
mode                     Bulk Liquid
base_otif                       0.94
Name: 0, dtype: object>",CUS-03,APAC,43.17,1,4698.1,0,0
SHP-002226,2024-12,2,BAT-000657,PLT-04,CAR-01,"<bound method Series.mode of carrier_id                    CAR-01
carrier_name    GlobalTank Logistics
mode                     Bulk Liquid
base_otif                       0.94
Name: 0, dtype: object>",CUS-08,EMEA,42.93,0,4620.73,0,0
SHP-002227,2026-08,22,BAT-004972,PLT-02,CAR-01,"<bound method Series.mode of carrier_id                    CAR-01
carrier_name    GlobalTank Logistics
mode                     Bulk Liquid
base_otif                       0.94
Name: 0, dtype: object>",CUS-14,APAC,47.39,1,3124.27,0,1
SHP-002228,2025-03,5,BAT-001249,PLT-03,CAR-05,"<bound method Series.mode of carrier_id               CAR-05
carrier_name    AirExpress Spec
mode                        Air
base_otif                  0.96
Name: 4, dtype: object>",CUS-14,APAC,24.02,1,3182.68,0,0
SHP-002229,2025-01,3,BAT-000773,PLT-03,CAR-04,"<bound method Series.mode of carrier_id                CAR-04
carrier_name    RailChem Freight
mode                        Rail
base_otif                   0.93
Name: 3, dtype: object>",CUS-01,EMEA,53.06,1,6235.03,0,0
SHP-002230,2025-09,11,BAT-002444,PLT-03,CAR-03,"<bound method Series.mode of carrier_id               CAR-03
carrier_name    OceanChem Lines
mode                 Ocean Bulk
base_otif                  0.88
Name: 2, dtype: object>",CUS-14,APAC,61.19,1,6456.52,0,0
SHP-002231,2026-07,21,BAT-004814,PLT-01,CAR-02,"<bound method Series.mode of carrier_id                 CAR-02
carrier_name    EuroHaz Transport
mode                  Hazmat Road
base_otif                    0.91
Name: 1, dtype: object>",CUS-02,AMER,3.04,1,384.25,0,1
SHP-002232,2026-01,15,BAT-003350,PLT-06,CAR-04,"<bound method Series.mode of carrier_id                CAR-04
carrier_name    RailChem Freight
mode                        Rail
base_otif                   0.93
Name: 3, dtype: object>",CUS-10,APAC,60.27,0,6060.24,1,0
SHP-002233,2025-06,8,BAT-001962,PLT-03,CAR-05,"<bound method Series.mode of carrier_id               CAR-05
carrier_name    AirExpress Spec
mode                        Air
base_otif                  0.96
Name: 4, dtype: object>",CUS-09,AMER,44.67,1,3085.18,0,0
SHP-002234,2025-09,11,BAT-002499,PLT-02,CAR-05,"<bound method Series.mode of carrier_id               CAR-05
carrier_name    AirExpress Spec
mode                        Air
base_otif                  0.96
Name: 4, dtype: object>",CUS-03,APAC,51.99,1,4004.74,0,0
SHP-002235,2026-09,23,BAT-005062,PLT-01,CAR-02,"<bound method Series.mode of carrier_id                 CAR-02
carrier_name    EuroHaz Transport
mode                  Hazmat Road
base_otif                    0.91
Name: 1, dtype: object>",CUS-11,EMEA,57.84,1,7312.42,0,1
SHP-002236,2026-02,16,BAT-003525,PLT-05,CAR-01,"<bound method Series.mode of carrier_id                    CAR-01
carrier_name    GlobalTank Logistics
mode                     Bulk Liquid
base_otif                       0.94
Name: 0, dtype: object>",CUS-06,AMER,24.89,1,2511.38,0,0
SHP-002237,2024-12,2,BAT-000574,PLT-01,CAR-03,"<bound method Series.mode of carrier_id               CAR-03
carrier_name    OceanChem Lines
mode                 Ocean Bulk
base_otif                  0.88
Name: 2, dtype: object>",CUS-01,EMEA,34.13,1,2786.33,0,0
SHP-002238,2025-10,12,BAT-002669,PLT-01,CAR-05,"<bound method Series.mode of carrier_id               CAR-05
carrier_name    AirExpress Spec
mode                        Air
base_otif                  0.96
Name: 4, dtype: object>",CUS-09,AMER,27.78,1,2342.28,0,0
SHP-002239,2026-08,22,BAT-005051,PLT-01,CAR-05,"<bound method Series.mode of carrier_id               CAR-05
carrier_name    AirExpress Spec
mode                        Air
base_otif                  0.96
Name: 4, dtype: object>",CUS-03,APAC,29.85,1,3444.66,0,1
SHP-002240,2026-09,23,BAT-005169,PLT-02,CAR-01,"<bound method Series.mode of carrier_id                    CAR-01
carrier_name    GlobalTank Logistics
mode                     Bulk Liquid
base_otif                       0.94
Name: 0, dtype: object>",CUS-08,EMEA,67.56,1,5696.65,0,1
SHP-002241,2025-06,8,BAT-001935,PLT-02,CAR-04,"<bound method Series.mode of carrier_id                CAR-04
carrier_name    RailChem Freight
mode                        Rail
base_otif                   0.93
Name: 3, dtype: object>",CUS-11,EMEA,95.42,1,13553.66,0,0
SHP-002242,2026-06,20,BAT-004477,PLT-06,CAR-03,"<bound method Series.mode of carrier_id               CAR-03
carrier_name    OceanChem Lines
mode                 Ocean Bulk
base_otif                  0.88
Name: 2, dtype: object>",CUS-11,EMEA,86.1,1,7428.29,0,1
SHP-002243,2025-05,7,BAT-001601,PLT-04,CAR-01,"<bound method Series.mode of carrier_id                    CAR-01
carrier_name    GlobalTank Logistics
mode                     Bulk Liquid
base_otif                       0.94
Name: 0, dtype: object>",CUS-03,APAC,80.49,1,6262.7,0,0
SHP-002244,2026-07,21,BAT-004642,PLT-03,CAR-05,"<bound method Series.mode of carrier_id               CAR-05
carrier_name    AirExpress Spec
mode                        Air
base_otif                  0.96
Name: 4, dtype: object>",CUS-05,LATAM,25.22,1,3476.17,0,1
SHP-002245,2025-11,13,BAT-003028,PLT-04,CAR-04,"<bound method Series.mode of carrier_id                CAR-04
carrier_name    RailChem Freight
mode                        Rail
base_otif                   0.93
Name: 3, dtype: object>",CUS-09,AMER,51.37,1,5168.84,0,0
SHP-002246,2024-12,2,BAT-000559,PLT-06,CAR-02,"<bound method Series.mode of carrier_id                 CAR-02
carrier_name    EuroHaz Transport
mode                  Hazmat Road
base_otif                    0.91
Name: 1, dtype: object>",CUS-12,LATAM,23.18,1,2787.68,0,0
SHP-002247,2026-05,19,BAT-004317,PLT-03,CAR-01,"<bound method Series.mode of carrier_id                    CAR-01
carrier_name    GlobalTank Logistics
mode                     Bulk Liquid
base_otif                       0.94
Name: 0, dtype: object>",CUS-05,LATAM,59.58,1,6207.14,0,1
SHP-002248,2025-11,13,BAT-002937,PLT-04,CAR-03,"<bound method Series.mode of carrier_id               CAR-03
carrier_name    OceanChem Lines
mode                 Ocean Bulk
base_otif                  0.88
Name: 2, dtype: object>",CUS-05,LATAM,30.2,1,2657.43,0,0
SHP-002249,2025-04,6,BAT-001422,PLT-04,CAR-03,"<bound method Series.mode of carrier_id               CAR-03
carrier_name    OceanChem Lines
mode                 Ocean Bulk
base_otif                  0.88
Name: 2, dtype: object>",CUS-11,EMEA,62.98,1,6801.25,0,0
SHP-002250,2026-05,19,BAT-004388,PLT-03,CAR-05,"<bound method Series.mode of carrier_id               CAR-05
carrier_name    AirExpress Spec
mode                        Air
base_otif                  0.96
Name: 4, dtype: object>",CUS-14,APAC,17.45,1,1600.28,0,1
SHP-002251,2026-09,23,BAT-005155,PLT-01,CAR-01,"<bound method Series.mode of carrier_id                    CAR-01
carrier_name    GlobalTank Logistics
mode                     Bulk Liquid
base_otif                       0.94
Name: 0, dtype: object>",CUS-04,EMEA,45.44,1,3371.63,0,1
SHP-002252,2025-08,10,BAT-002367,PLT-05,CAR-02,"<bound method Series.mode of carrier_id                 CAR-02
carrier_name    EuroHaz Transport
mode                  Hazmat Road
base_otif                    0.91
Name: 1, dtype: object>",CUS-15,EMEA,34.59,1,3930.17,0,0
SHP-002253,2025-07,9,BAT-001990,PLT-01,CAR-01,"<bound method Series.mode of carrier_id                    CAR-01
carrier_name    GlobalTank Logistics
mode                     Bulk Liquid
base_otif                       0.94
Name: 0, dtype: object>",CUS-11,EMEA,31.9,1,3826.09,0,0
SHP-002254,2024-12,2,BAT-000492,PLT-02,CAR-05,"<bound method Series.mode of carrier_id               CAR-05
carrier_name    AirExpress Spec
mode                        Air
base_otif                  0.96
Name: 4, dtype: object>",CUS-03,APAC,67.02,1,9428.45,0,0
SHP-002255,2025-05,7,BAT-001557,PLT-02,CAR-05,"<bound method Series.mode of carrier_id               CAR-05
carrier_name    AirExpress Spec
mode                        Air
base_otif                  0.96
Name: 4, dtype: object>",CUS-12,LATAM,24.98,1,1466.54,0,0
SHP-002256,2025-11,13,BAT-003079,PLT-04,CAR-05,"<bound method Series.mode of carrier_id               CAR-05
carrier_name    AirExpress Spec
mode                        Air
base_otif                  0.96
Name: 4, dtype: object>",CUS-03,APAC,58.44,1,5065.88,0,0
SHP-002257,2024-12,2,BAT-000446,PLT-04,CAR-03,"<bound method Series.mode of carrier_id               CAR-03
carrier_name    OceanChem Lines
mode                 Ocean Bulk
base_otif                  0.88
Name: 2, dtype: object>",CUS-08,EMEA,58.16,1,7174.61,0,0
SHP-002258,2025-09,11,BAT-002637,PLT-05,CAR-03,"<bound method Series.mode of carrier_id               CAR-03
carrier_name    OceanChem Lines
mode                 Ocean Bulk
base_otif                  0.88
Name: 2, dtype: object>",CUS-15,EMEA,44.9,0,3916.01,0,0
SHP-002259,2025-05,7,BAT-001681,PLT-05,CAR-04,"<bound method Series.mode of carrier_id                CAR-04
carrier_name    RailChem Freight
mode                        Rail
base_otif                   0.93
Name: 3, dtype: object>",CUS-01,EMEA,22.38,1,2512.27,0,0
SHP-002260,2026-02,16,BAT-003579,PLT-01,CAR-01,"<bound method Series.mode of carrier_id                    CAR-01
carrier_name    GlobalTank Logistics
mode                     Bulk Liquid
base_otif                       0.94
Name: 0, dtype: object>",CUS-09,AMER,42.66,1,5716.1,0,0
SHP-002261,2026-03,17,BAT-003915,PLT-04,CAR-03,"<bound method Series.mode of carrier_id               CAR-03
carrier_name    OceanChem Lines
mode                 Ocean Bulk
base_otif                  0.88
Name: 2, dtype: object>",CUS-14,APAC,2.33,0,294.98,0,0
SHP-002262,2025-06,8,BAT-001939,PLT-03,CAR-04,"<bound method Series.mode of carrier_id                CAR-04
carrier_name    RailChem Freight
mode                        Rail
base_otif                   0.93
Name: 3, dtype: object>",CUS-05,LATAM,39.4,1,3740.46,0,0
SHP-002263,2026-04,18,BAT-004045,PLT-04,CAR-05,"<bound method Series.mode of carrier_id               CAR-05
carrier_name    AirExpress Spec
mode                        Air
base_otif                  0.96
Name: 4, dtype: object>",CUS-11,EMEA,26.26,1,2259.33,0,1
SHP-002264,2026-07,21,BAT-004675,PLT-01,CAR-04,"<bound method Series.mode of carrier_id                CAR-04
carrier_name    RailChem Freight
mode                        Rail
base_otif                   0.93
Name: 3, dtype: object>",CUS-11,EMEA,23.96,1,1758.31,0,1
SHP-002265,2025-08,10,BAT-002242,PLT-01,CAR-02,"<bound method Series.mode of carrier_id                 CAR-02
carrier_name    EuroHaz Transport
mode                  Hazmat Road
base_otif                    0.91
Name: 1, dtype: object>",CUS-03,APAC,80.17,1,9957.81,0,0
SHP-002266,2024-10,0,BAT-000101,PLT-06,CAR-01,"<bound method Series.mode of carrier_id                    CAR-01
carrier_name    GlobalTank Logistics
mode                     Bulk Liquid
base_otif                       0.94
Name: 0, dtype: object>",CUS-04,EMEA,2.33,1,230.78,0,0
SHP-002267,2026-07,21,BAT-004696,PLT-06,CAR-05,"<bound method Series.mode of carrier_id               CAR-05
carrier_name    AirExpress Spec
mode                        Air
base_otif                  0.96
Name: 4, dtype: object>",CUS-05,LATAM,70.27,1,6046.12,0,1
SHP-002268,2026-02,16,BAT-003709,PLT-04,CAR-04,"<bound method Series.mode of carrier_id                CAR-04
carrier_name    RailChem Freight
mode                        Rail
base_otif                   0.93
Name: 3, dtype: object>",CUS-07,APAC,93.21,1,8204.94,0,0
SHP-002269,2025-04,6,BAT-001483,PLT-05,CAR-01,"<bound method Series.mode of carrier_id                    CAR-01
carrier_name    GlobalTank Logistics
mode                     Bulk Liquid
base_otif                       0.94
Name: 0, dtype: object>",CUS-04,EMEA,28.41,1,2785.75,0,0
SHP-002270,2026-06,20,BAT-004571,PLT-01,CAR-02,"<bound method Series.mode of carrier_id                 CAR-02
carrier_name    EuroHaz Transport
mode                  Hazmat Road
base_otif                    0.91
Name: 1, dtype: object>",CUS-04,EMEA,70.36,1,6838.39,0,1
SHP-002271,2026-01,15,BAT-003387,PLT-02,CAR-02,"<bound method Series.mode of carrier_id                 CAR-02
carrier_name    EuroHaz Transport
mode                  Hazmat Road
base_otif                    0.91
Name: 1, dtype: object>",CUS-08,EMEA,45.85,1,5920.76,0,0
SHP-002272,2025-11,13,BAT-002927,PLT-05,CAR-01,"<bound method Series.mode of carrier_id                    CAR-01
carrier_name    GlobalTank Logistics
mode                     Bulk Liquid
base_otif                       0.94
Name: 0, dtype: object>",CUS-01,EMEA,22.19,1,2112.31,0,0
SHP-002273,2025-06,8,BAT-001873,PLT-03,CAR-02,"<bound method Series.mode of carrier_id                 CAR-02
carrier_name    EuroHaz Transport
mode                  Hazmat Road
base_otif                    0.91
Name: 1, dtype: object>",CUS-10,APAC,29.09,1,2235.95,0,0
SHP-002274,2026-08,22,BAT-004901,PLT-03,CAR-04,"<bound method Series.mode of carrier_id                CAR-04
carrier_name    RailChem Freight
mode                        Rail
base_otif                   0.93
Name: 3, dtype: object>",CUS-04,EMEA,37.76,1,5247.81,0,1
SHP-002275,2025-03,5,BAT-001296,PLT-01,CAR-03,"<bound method Series.mode of carrier_id               CAR-03
carrier_name    OceanChem Lines
mode                 Ocean Bulk
base_otif                  0.88
Name: 2, dtype: object>",CUS-05,LATAM,19.41,1,2716.31,0,0
SHP-002276,2025-06,8,BAT-001920,PLT-03,CAR-03,"<bound method Series.mode of carrier_id               CAR-03
carrier_name    OceanChem Lines
mode                 Ocean Bulk
base_otif                  0.88
Name: 2, dtype: object>",CUS-15,EMEA,60.79,1,6115.24,0,0
SHP-002277,2025-02,4,BAT-001019,PLT-06,CAR-04,"<bound method Series.mode of carrier_id                CAR-04
carrier_name    RailChem Freight
mode                        Rail
base_otif                   0.93
Name: 3, dtype: object>",CUS-14,APAC,33.03,1,2692.68,0,0
SHP-002278,2026-02,16,BAT-003601,PLT-05,CAR-02,"<bound method Series.mode of carrier_id                 CAR-02
carrier_name    EuroHaz Transport
mode                  Hazmat Road
base_otif                    0.91
Name: 1, dtype: object>",CUS-14,APAC,59.61,0,7357.09,0,0
SHP-002279,2024-11,1,BAT-000285,PLT-05,CAR-04,"<bound method Series.mode of carrier_id                CAR-04
carrier_name    RailChem Freight
mode                        Rail
base_otif                   0.93
Name: 3, dtype: object>",CUS-07,APAC,17.75,1,1445.35,0,0
SHP-002280,2026-08,22,BAT-004881,PLT-04,CAR-02,"<bound method Series.mode of carrier_id                 CAR-02
carrier_name    EuroHaz Transport
mode                  Hazmat Road
base_otif                    0.91
Name: 1, dtype: object>",CUS-02,AMER,40.37,1,4358.59,0,1
SHP-002281,2025-12,14,BAT-003262,PLT-03,CAR-04,"<bound method Series.mode of carrier_id                CAR-04
carrier_name    RailChem Freight
mode                        Rail
base_otif                   0.93
Name: 3, dtype: object>",CUS-01,EMEA,49.19,1,4896.26,0,0
SHP-002282,2024-10,0,BAT-000124,PLT-06,CAR-05,"<bound method Series.mode of carrier_id               CAR-05
carrier_name    AirExpress Spec
mode                        Air
base_otif                  0.96
Name: 4, dtype: object>",CUS-10,APAC,24.05,1,2150.16,0,0
SHP-002283,2026-09,23,BAT-005260,PLT-01,CAR-01,"<bound method Series.mode of carrier_id                    CAR-01
carrier_name    GlobalTank Logistics
mode                     Bulk Liquid
base_otif                       0.94
Name: 0, dtype: object>",CUS-07,APAC,34.16,1,2662.93,0,1
SHP-002284,2025-10,12,BAT-002816,PLT-02,CAR-03,"<bound method Series.mode of carrier_id               CAR-03
carrier_name    OceanChem Lines
mode                 Ocean Bulk
base_otif                  0.88
Name: 2, dtype: object>",CUS-09,AMER,24.57,1,1869.9,0,0
SHP-002285,2025-02,4,BAT-000922,PLT-02,CAR-05,"<bound method Series.mode of carrier_id               CAR-05
carrier_name    AirExpress Spec
mode                        Air
base_otif                  0.96
Name: 4, dtype: object>",CUS-14,APAC,46.48,1,4655.21,0,0
SHP-002286,2026-04,18,BAT-004108,PLT-05,CAR-01,"<bound method Series.mode of carrier_id                    CAR-01
carrier_name    GlobalTank Logistics
mode                     Bulk Liquid
base_otif                       0.94
Name: 0, dtype: object>",CUS-01,EMEA,8.53,1,500.37,0,1
SHP-002287,2025-01,3,BAT-000863,PLT-06,CAR-02,"<bound method Series.mode of carrier_id                 CAR-02
carrier_name    EuroHaz Transport
mode                  Hazmat Road
base_otif                    0.91
Name: 1, dtype: object>",CUS-01,EMEA,20.72,1,1511.39,0,0
SHP-002288,2026-05,19,BAT-004187,PLT-01,CAR-03,"<bound method Series.mode of carrier_id               CAR-03
carrier_name    OceanChem Lines
mode                 Ocean Bulk
base_otif                  0.88
Name: 2, dtype: object>",CUS-01,EMEA,37.13,1,4125.59,0,1
SHP-002289,2026-04,18,BAT-004013,PLT-05,CAR-04,"<bound method Series.mode of carrier_id                CAR-04
carrier_name    RailChem Freight
mode                        Rail
base_otif                   0.93
Name: 3, dtype: object>",CUS-04,EMEA,2.34,1,140.57,0,1
SHP-002290,2024-12,2,BAT-000547,PLT-06,CAR-02,"<bound method Series.mode of carrier_id                 CAR-02
carrier_name    EuroHaz Transport
mode                  Hazmat Road
base_otif                    0.91
Name: 1, dtype: object>",CUS-11,EMEA,82.05,1,5576.06,0,0
SHP-002291,2025-08,10,BAT-002323,PLT-03,CAR-02,"<bound method Series.mode of carrier_id                 CAR-02
carrier_name    EuroHaz Transport
mode                  Hazmat Road
base_otif                    0.91
Name: 1, dtype: object>",CUS-13,AMER,60.8,1,6870.89,0,0
SHP-002292,2026-03,17,BAT-003786,PLT-04,CAR-04,"<bound method Series.mode of carrier_id                CAR-04
carrier_name    RailChem Freight
mode                        Rail
base_otif                   0.93
Name: 3, dtype: object>",CUS-05,LATAM,24.02,1,1735.39,0,0
SHP-002293,2026-06,20,BAT-004441,PLT-02,CAR-01,"<bound method Series.mode of carrier_id                    CAR-01
carrier_name    GlobalTank Logistics
mode                     Bulk Liquid
base_otif                       0.94
Name: 0, dtype: object>",CUS-05,LATAM,67.28,1,4164.98,0,1
SHP-002294,2025-05,7,BAT-001749,PLT-02,CAR-05,"<bound method Series.mode of carrier_id               CAR-05
carrier_name    AirExpress Spec
mode                        Air
base_otif                  0.96
Name: 4, dtype: object>",CUS-04,EMEA,33.67,1,3987.53,0,0
SHP-002295,2026-05,19,BAT-004270,PLT-03,CAR-02,"<bound method Series.mode of carrier_id                 CAR-02
carrier_name    EuroHaz Transport
mode                  Hazmat Road
base_otif                    0.91
Name: 1, dtype: object>",CUS-08,EMEA,1.3,1,180.25,0,1
SHP-002296,2026-04,18,BAT-004056,PLT-02,CAR-04,"<bound method Series.mode of carrier_id                CAR-04
carrier_name    RailChem Freight
mode                        Rail
base_otif                   0.93
Name: 3, dtype: object>",CUS-09,AMER,16.07,1,1313.75,0,1
SHP-002297,2025-02,4,BAT-000898,PLT-04,CAR-01,"<bound method Series.mode of carrier_id                    CAR-01
carrier_name    GlobalTank Logistics
mode                     Bulk Liquid
base_otif                       0.94
Name: 0, dtype: object>",CUS-15,EMEA,29.69,1,3727.68,0,0
SHP-002298,2025-04,6,BAT-001510,PLT-01,CAR-01,"<bound method Series.mode of carrier_id                    CAR-01
carrier_name    GlobalTank Logistics
mode                     Bulk Liquid
base_otif                       0.94
Name: 0, dtype: object>",CUS-01,EMEA,19.49,1,1257.66,0,0
SHP-002299,2025-07,9,BAT-002027,PLT-02,CAR-01,"<bound method Series.mode of carrier_id                    CAR-01
carrier_name    GlobalTank Logistics
mode                     Bulk Liquid
base_otif                       0.94
Name: 0, dtype: object>",CUS-06,AMER,100.25,1,13919.39,0,0
SHP-002300,2026-07,21,BAT-004709,PLT-01,CAR-03,"<bound method Series.mode of carrier_id               CAR-03
carrier_name    OceanChem Lines
mode                 Ocean Bulk
base_otif                  0.88
Name: 2, dtype: object>",CUS-06,AMER,43.96,1,6315.97,0,1
SHP-002301,2025-08,10,BAT-002404,PLT-03,CAR-03,"<bound method Series.mode of carrier_id               CAR-03
carrier_name    OceanChem Lines
mode                 Ocean Bulk
base_otif                  0.88
Name: 2, dtype: object>",CUS-09,AMER,15.72,1,1621.05,0,0
SHP-002302,2026-07,21,BAT-004838,PLT-05,CAR-03,"<bound method Series.mode of carrier_id               CAR-03
carrier_name    OceanChem Lines
mode                 Ocean Bulk
base_otif                  0.88
Name: 2, dtype: object>",CUS-04,EMEA,21.36,1,1241.84,0,1
SHP-002303,2025-04,6,BAT-001531,PLT-02,CAR-02,"<bound method Series.mode of carrier_id                 CAR-02
carrier_name    EuroHaz Transport
mode                  Hazmat Road
base_otif                    0.91
Name: 1, dtype: object>",CUS-01,EMEA,83.97,1,6492.92,0,0
SHP-002304,2024-12,2,BAT-000643,PLT-04,CAR-01,"<bound method Series.mode of carrier_id                    CAR-01
carrier_name    GlobalTank Logistics
mode                     Bulk Liquid
base_otif                       0.94
Name: 0, dtype: object>",CUS-01,EMEA,42.75,1,5532.36,0,0
SHP-002305,2025-05,7,BAT-001624,PLT-06,CAR-01,"<bound method Series.mode of carrier_id                    CAR-01
carrier_name    GlobalTank Logistics
mode                     Bulk Liquid
base_otif                       0.94
Name: 0, dtype: object>",CUS-15,EMEA,20.93,1,2871.71,0,0
SHP-002306,2026-07,21,BAT-004735,PLT-01,CAR-02,"<bound method Series.mode of carrier_id                 CAR-02
carrier_name    EuroHaz Transport
mode                  Hazmat Road
base_otif                    0.91
Name: 1, dtype: object>",CUS-09,AMER,1.54,1,140.14,0,1
SHP-002307,2026-04,18,BAT-003983,PLT-01,CAR-04,"<bound method Series.mode of carrier_id                CAR-04
carrier_name    RailChem Freight
mode                        Rail
base_otif                   0.93
Name: 3, dtype: object>",CUS-04,EMEA,70.49,1,6163.05,0,1
SHP-002308,2025-10,12,BAT-002732,PLT-03,CAR-01,"<bound method Series.mode of carrier_id                    CAR-01
carrier_name    GlobalTank Logistics
mode                     Bulk Liquid
base_otif                       0.94
Name: 0, dtype: object>",CUS-02,AMER,29.01,1,3460.14,0,0
SHP-002309,2025-06,8,BAT-001768,PLT-02,CAR-03,"<bound method Series.mode of carrier_id               CAR-03
carrier_name    OceanChem Lines
mode                 Ocean Bulk
base_otif                  0.88
Name: 2, dtype: object>",CUS-04,EMEA,45.43,1,5162.79,0,0
SHP-002310,2026-09,23,BAT-005219,PLT-03,CAR-04,"<bound method Series.mode of carrier_id                CAR-04
carrier_name    RailChem Freight
mode                        Rail
base_otif                   0.93
Name: 3, dtype: object>",CUS-06,AMER,18.22,1,2496.87,0,1
SHP-002311,2026-02,16,BAT-003591,PLT-04,CAR-01,"<bound method Series.mode of carrier_id                    CAR-01
carrier_name    GlobalTank Logistics
mode                     Bulk Liquid
base_otif                       0.94
Name: 0, dtype: object>",CUS-02,AMER,55.61,1,8048.3,0,0
SHP-002312,2026-07,21,BAT-004813,PLT-04,CAR-05,"<bound method Series.mode of carrier_id               CAR-05
carrier_name    AirExpress Spec
mode                        Air
base_otif                  0.96
Name: 4, dtype: object>",CUS-02,AMER,27.43,1,1708.58,0,1
SHP-002313,2025-02,4,BAT-001084,PLT-05,CAR-01,"<bound method Series.mode of carrier_id                    CAR-01
carrier_name    GlobalTank Logistics
mode                     Bulk Liquid
base_otif                       0.94
Name: 0, dtype: object>",CUS-10,APAC,17.54,0,1889.71,0,0
SHP-002314,2025-06,8,BAT-001784,PLT-03,CAR-01,"<bound method Series.mode of carrier_id                    CAR-01
carrier_name    GlobalTank Logistics
mode                     Bulk Liquid
base_otif                       0.94
Name: 0, dtype: object>",CUS-04,EMEA,23.05,1,2252.49,0,0
SHP-002315,2025-12,14,BAT-003086,PLT-04,CAR-01,"<bound method Series.mode of carrier_id                    CAR-01
carrier_name    GlobalTank Logistics
mode                     Bulk Liquid
base_otif                       0.94
Name: 0, dtype: object>",CUS-06,AMER,20.74,1,2071.67,0,0
SHP-002316,2025-09,11,BAT-002598,PLT-03,CAR-01,"<bound method Series.mode of carrier_id                    CAR-01
carrier_name    GlobalTank Logistics
mode                     Bulk Liquid
base_otif                       0.94
Name: 0, dtype: object>",CUS-03,APAC,28.12,1,2085.42,0,0
SHP-002317,2025-11,13,BAT-002985,PLT-01,CAR-03,"<bound method Series.mode of carrier_id               CAR-03
carrier_name    OceanChem Lines
mode                 Ocean Bulk
base_otif                  0.88
Name: 2, dtype: object>",CUS-13,AMER,51.35,1,3881.5,0,0
SHP-002318,2025-11,13,BAT-003019,PLT-05,CAR-03,"<bound method Series.mode of carrier_id               CAR-03
carrier_name    OceanChem Lines
mode                 Ocean Bulk
base_otif                  0.88
Name: 2, dtype: object>",CUS-05,LATAM,28.94,1,1699.53,0,0
SHP-002319,2024-10,0,BAT-000004,PLT-01,CAR-01,"<bound method Series.mode of carrier_id                    CAR-01
carrier_name    GlobalTank Logistics
mode                     Bulk Liquid
base_otif                       0.94
Name: 0, dtype: object>",CUS-06,AMER,34.24,1,4938.26,0,0
SHP-002320,2025-04,6,BAT-001489,PLT-03,CAR-02,"<bound method Series.mode of carrier_id                 CAR-02
carrier_name    EuroHaz Transport
mode                  Hazmat Road
base_otif                    0.91
Name: 1, dtype: object>",CUS-11,EMEA,10.09,1,756.9,0,0
SHP-002321,2025-10,12,BAT-002663,PLT-03,CAR-02,"<bound method Series.mode of carrier_id                 CAR-02
carrier_name    EuroHaz Transport
mode                  Hazmat Road
base_otif                    0.91
Name: 1, dtype: object>",CUS-02,AMER,25.31,1,1972.19,0,0
SHP-002322,2024-11,1,BAT-000317,PLT-06,CAR-02,"<bound method Series.mode of carrier_id                 CAR-02
carrier_name    EuroHaz Transport
mode                  Hazmat Road
base_otif                    0.91
Name: 1, dtype: object>",CUS-09,AMER,49.5,1,5851.6,0,0
SHP-002323,2025-10,12,BAT-002642,PLT-05,CAR-02,"<bound method Series.mode of carrier_id                 CAR-02
carrier_name    EuroHaz Transport
mode                  Hazmat Road
base_otif                    0.91
Name: 1, dtype: object>",CUS-03,APAC,29.54,1,4030.39,0,0
SHP-002324,2026-04,18,BAT-004011,PLT-06,CAR-05,"<bound method Series.mode of carrier_id               CAR-05
carrier_name    AirExpress Spec
mode                        Air
base_otif                  0.96
Name: 4, dtype: object>",CUS-10,APAC,37.75,1,3587.3,0,1
SHP-002325,2025-02,4,BAT-001047,PLT-06,CAR-01,"<bound method Series.mode of carrier_id                    CAR-01
carrier_name    GlobalTank Logistics
mode                     Bulk Liquid
base_otif                       0.94
Name: 0, dtype: object>",CUS-06,AMER,46.02,1,5519.11,0,0
SHP-002326,2024-12,2,BAT-000595,PLT-04,CAR-02,"<bound method Series.mode of carrier_id                 CAR-02
carrier_name    EuroHaz Transport
mode                  Hazmat Road
base_otif                    0.91
Name: 1, dtype: object>",CUS-14,APAC,34.55,1,4185.7,0,0
SHP-002327,2025-06,8,BAT-001771,PLT-01,CAR-05,"<bound method Series.mode of carrier_id               CAR-05
carrier_name    AirExpress Spec
mode                        Air
base_otif                  0.96
Name: 4, dtype: object>",CUS-15,EMEA,40.4,1,4671.45,0,0
SHP-002328,2024-12,2,BAT-000549,PLT-04,CAR-03,"<bound method Series.mode of carrier_id               CAR-03
carrier_name    OceanChem Lines
mode                 Ocean Bulk
base_otif                  0.88
Name: 2, dtype: object>",CUS-01,EMEA,20.02,1,2592.3,0,0
SHP-002329,2026-02,16,BAT-003684,PLT-01,CAR-03,"<bound method Series.mode of carrier_id               CAR-03
carrier_name    OceanChem Lines
mode                 Ocean Bulk
base_otif                  0.88
Name: 2, dtype: object>",CUS-03,APAC,37.85,1,2300.02,0,0
SHP-002330,2025-11,13,BAT-002995,PLT-05,CAR-05,"<bound method Series.mode of carrier_id               CAR-05
carrier_name    AirExpress Spec
mode                        Air
base_otif                  0.96
Name: 4, dtype: object>",CUS-15,EMEA,40.44,1,3453.78,0,0
SHP-002331,2026-02,16,BAT-003662,PLT-05,CAR-03,"<bound method Series.mode of carrier_id               CAR-03
carrier_name    OceanChem Lines
mode                 Ocean Bulk
base_otif                  0.88
Name: 2, dtype: object>",CUS-01,EMEA,23.29,1,2814.01,0,0
SHP-002332,2026-02,16,BAT-003547,PLT-02,CAR-01,"<bound method Series.mode of carrier_id                    CAR-01
carrier_name    GlobalTank Logistics
mode                     Bulk Liquid
base_otif                       0.94
Name: 0, dtype: object>",CUS-02,AMER,59.73,1,8370.65,0,0
SHP-002333,2025-03,5,BAT-001300,PLT-01,CAR-02,"<bound method Series.mode of carrier_id                 CAR-02
carrier_name    EuroHaz Transport
mode                  Hazmat Road
base_otif                    0.91
Name: 1, dtype: object>",CUS-07,APAC,72.91,1,6885.49,0,0
SHP-002334,2024-11,1,BAT-000265,PLT-01,CAR-01,"<bound method Series.mode of carrier_id                    CAR-01
carrier_name    GlobalTank Logistics
mode                     Bulk Liquid
base_otif                       0.94
Name: 0, dtype: object>",CUS-03,APAC,51.97,1,4807.92,0,0
SHP-002335,2026-06,20,BAT-004539,PLT-04,CAR-03,"<bound method Series.mode of carrier_id               CAR-03
carrier_name    OceanChem Lines
mode                 Ocean Bulk
base_otif                  0.88
Name: 2, dtype: object>",CUS-12,LATAM,78.26,1,7765.0,0,1
SHP-002336,2025-06,8,BAT-001794,PLT-04,CAR-05,"<bound method Series.mode of carrier_id               CAR-05
carrier_name    AirExpress Spec
mode                        Air
base_otif                  0.96
Name: 4, dtype: object>",CUS-03,APAC,18.1,1,1805.41,0,0
SHP-002337,2025-09,11,BAT-002460,PLT-05,CAR-03,"<bound method Series.mode of carrier_id               CAR-03
carrier_name    OceanChem Lines
mode                 Ocean Bulk
base_otif                  0.88
Name: 2, dtype: object>",CUS-02,AMER,42.34,1,3937.05,0,0
SHP-002338,2024-11,1,BAT-000315,PLT-01,CAR-04,"<bound method Series.mode of carrier_id                CAR-04
carrier_name    RailChem Freight
mode                        Rail
base_otif                   0.93
Name: 3, dtype: object>",CUS-07,APAC,40.97,1,3989.28,0,0
SHP-002339,2026-06,20,BAT-004495,PLT-03,CAR-03,"<bound method Series.mode of carrier_id               CAR-03
carrier_name    OceanChem Lines
mode                 Ocean Bulk
base_otif                  0.88
Name: 2, dtype: object>",CUS-03,APAC,27.56,1,3774.24,0,1
SHP-002340,2026-01,15,BAT-003460,PLT-06,CAR-03,"<bound method Series.mode of carrier_id               CAR-03
carrier_name    OceanChem Lines
mode                 Ocean Bulk
base_otif                  0.88
Name: 2, dtype: object>",CUS-12,LATAM,27.54,1,3950.27,0,0
SHP-002341,2026-03,17,BAT-003845,PLT-06,CAR-05,"<bound method Series.mode of carrier_id               CAR-05
carrier_name    AirExpress Spec
mode                        Air
base_otif                  0.96
Name: 4, dtype: object>",CUS-15,EMEA,15.22,0,1608.38,0,0
SHP-002342,2025-02,4,BAT-000991,PLT-03,CAR-03,"<bound method Series.mode of carrier_id               CAR-03
carrier_name    OceanChem Lines
mode                 Ocean Bulk
base_otif                  0.88
Name: 2, dtype: object>",CUS-06,AMER,39.88,1,5099.58,0,0
SHP-002343,2025-01,3,BAT-000758,PLT-03,CAR-03,"<bound method Series.mode of carrier_id               CAR-03
carrier_name    OceanChem Lines
mode                 Ocean Bulk
base_otif                  0.88
Name: 2, dtype: object>",CUS-10,APAC,2.25,1,165.54,0,0
SHP-002344,2026-06,20,BAT-004485,PLT-06,CAR-02,"<bound method Series.mode of carrier_id                 CAR-02
carrier_name    EuroHaz Transport
mode                  Hazmat Road
base_otif                    0.91
Name: 1, dtype: object>",CUS-13,AMER,37.25,1,2964.92,0,1
SHP-002345,2026-08,22,BAT-005004,PLT-04,CAR-03,"<bound method Series.mode of carrier_id               CAR-03
carrier_name    OceanChem Lines
mode                 Ocean Bulk
base_otif                  0.88
Name: 2, dtype: object>",CUS-08,EMEA,75.28,1,9206.81,0,1
SHP-002346,2026-09,23,BAT-005278,PLT-02,CAR-04,"<bound method Series.mode of carrier_id                CAR-04
carrier_name    RailChem Freight
mode                        Rail
base_otif                   0.93
Name: 3, dtype: object>",CUS-07,APAC,51.07,1,3205.59,0,1
SHP-002347,2025-05,7,BAT-001677,PLT-01,CAR-03,"<bound method Series.mode of carrier_id               CAR-03
carrier_name    OceanChem Lines
mode                 Ocean Bulk
base_otif                  0.88
Name: 2, dtype: object>",CUS-08,EMEA,56.19,1,6893.6,0,0
SHP-002348,2025-03,5,BAT-001232,PLT-03,CAR-01,"<bound method Series.mode of carrier_id                    CAR-01
carrier_name    GlobalTank Logistics
mode                     Bulk Liquid
base_otif                       0.94
Name: 0, dtype: object>",CUS-07,APAC,11.39,1,1270.37,0,0
SHP-002349,2026-04,18,BAT-004064,PLT-03,CAR-03,"<bound method Series.mode of carrier_id               CAR-03
carrier_name    OceanChem Lines
mode                 Ocean Bulk
base_otif                  0.88
Name: 2, dtype: object>",CUS-15,EMEA,20.38,1,2933.45,0,1
SHP-002350,2025-11,13,BAT-002936,PLT-04,CAR-02,"<bound method Series.mode of carrier_id                 CAR-02
carrier_name    EuroHaz Transport
mode                  Hazmat Road
base_otif                    0.91
Name: 1, dtype: object>",CUS-10,APAC,46.25,1,6504.02,0,0
SHP-002351,2025-09,11,BAT-002570,PLT-01,CAR-03,"<bound method Series.mode of carrier_id               CAR-03
carrier_name    OceanChem Lines
mode                 Ocean Bulk
base_otif                  0.88
Name: 2, dtype: object>",CUS-11,EMEA,33.92,1,2230.27,0,0
SHP-002352,2025-08,10,BAT-002273,PLT-01,CAR-02,"<bound method Series.mode of carrier_id                 CAR-02
carrier_name    EuroHaz Transport
mode                  Hazmat Road
base_otif                    0.91
Name: 1, dtype: object>",CUS-03,APAC,65.47,0,4572.83,0,0
SHP-002353,2025-02,4,BAT-001006,PLT-01,CAR-01,"<bound method Series.mode of carrier_id                    CAR-01
carrier_name    GlobalTank Logistics
mode                     Bulk Liquid
base_otif                       0.94
Name: 0, dtype: object>",CUS-01,EMEA,40.93,1,4031.03,0,0
SHP-002354,2025-04,6,BAT-001324,PLT-01,CAR-01,"<bound method Series.mode of carrier_id                    CAR-01
carrier_name    GlobalTank Logistics
mode                     Bulk Liquid
base_otif                       0.94
Name: 0, dtype: object>",CUS-07,APAC,30.95,1,3157.19,0,0
SHP-002355,2025-02,4,BAT-000888,PLT-06,CAR-02,"<bound method Series.mode of carrier_id                 CAR-02
carrier_name    EuroHaz Transport
mode                  Hazmat Road
base_otif                    0.91
Name: 1, dtype: object>",CUS-11,EMEA,69.36,1,8442.15,0,0
SHP-002356,2025-08,10,BAT-002296,PLT-06,CAR-05,"<bound method Series.mode of carrier_id               CAR-05
carrier_name    AirExpress Spec
mode                        Air
base_otif                  0.96
Name: 4, dtype: object>",CUS-12,LATAM,67.73,1,8124.45,0,0
SHP-002357,2024-11,1,BAT-000246,PLT-06,CAR-05,"<bound method Series.mode of carrier_id               CAR-05
carrier_name    AirExpress Spec
mode                        Air
base_otif                  0.96
Name: 4, dtype: object>",CUS-09,AMER,52.87,0,6556.23,0,0
SHP-002358,2025-06,8,BAT-001839,PLT-03,CAR-05,"<bound method Series.mode of carrier_id               CAR-05
carrier_name    AirExpress Spec
mode                        Air
base_otif                  0.96
Name: 4, dtype: object>",CUS-07,APAC,2.32,1,224.05,0,0
SHP-002359,2025-07,9,BAT-002012,PLT-06,CAR-03,"<bound method Series.mode of carrier_id               CAR-03
carrier_name    OceanChem Lines
mode                 Ocean Bulk
base_otif                  0.88
Name: 2, dtype: object>",CUS-07,APAC,20.92,1,2472.04,0,0
SHP-002360,2025-11,13,BAT-002975,PLT-01,CAR-02,"<bound method Series.mode of carrier_id                 CAR-02
carrier_name    EuroHaz Transport
mode                  Hazmat Road
base_otif                    0.91
Name: 1, dtype: object>",CUS-13,AMER,23.8,1,2527.18,0,0
SHP-002361,2024-11,1,BAT-000412,PLT-01,CAR-04,"<bound method Series.mode of carrier_id                CAR-04
carrier_name    RailChem Freight
mode                        Rail
base_otif                   0.93
Name: 3, dtype: object>",CUS-11,EMEA,84.93,1,11420.14,0,0
SHP-002362,2026-05,19,BAT-004338,PLT-05,CAR-01,"<bound method Series.mode of carrier_id                    CAR-01
carrier_name    GlobalTank Logistics
mode                     Bulk Liquid
base_otif                       0.94
Name: 0, dtype: object>",CUS-03,APAC,36.33,1,3825.62,0,1
SHP-002363,2026-01,15,BAT-003469,PLT-05,CAR-03,"<bound method Series.mode of carrier_id               CAR-03
carrier_name    OceanChem Lines
mode                 Ocean Bulk
base_otif                  0.88
Name: 2, dtype: object>",CUS-11,EMEA,23.73,1,2953.28,0,0
SHP-002364,2025-09,11,BAT-002556,PLT-06,CAR-02,"<bound method Series.mode of carrier_id                 CAR-02
carrier_name    EuroHaz Transport
mode                  Hazmat Road
base_otif                    0.91
Name: 1, dtype: object>",CUS-07,APAC,34.8,1,4545.24,0,0
SHP-002365,2025-04,6,BAT-001478,PLT-03,CAR-03,"<bound method Series.mode of carrier_id               CAR-03
carrier_name    OceanChem Lines
mode                 Ocean Bulk
base_otif                  0.88
Name: 2, dtype: object>",CUS-04,EMEA,41.73,1,2763.31,0,0
SHP-002366,2026-04,18,BAT-003974,PLT-01,CAR-05,"<bound method Series.mode of carrier_id               CAR-05
carrier_name    AirExpress Spec
mode                        Air
base_otif                  0.96
Name: 4, dtype: object>",CUS-01,EMEA,58.09,1,3621.03,0,1
SHP-002367,2025-09,11,BAT-002599,PLT-06,CAR-01,"<bound method Series.mode of carrier_id                    CAR-01
carrier_name    GlobalTank Logistics
mode                     Bulk Liquid
base_otif                       0.94
Name: 0, dtype: object>",CUS-07,APAC,84.16,1,9854.84,0,0
SHP-002368,2026-03,17,BAT-003795,PLT-06,CAR-05,"<bound method Series.mode of carrier_id               CAR-05
carrier_name    AirExpress Spec
mode                        Air
base_otif                  0.96
Name: 4, dtype: object>",CUS-09,AMER,51.4,1,4023.58,0,0
SHP-002369,2025-08,10,BAT-002333,PLT-02,CAR-05,"<bound method Series.mode of carrier_id               CAR-05
carrier_name    AirExpress Spec
mode                        Air
base_otif                  0.96
Name: 4, dtype: object>",CUS-03,APAC,28.12,1,3575.84,0,0
SHP-002370,2026-09,23,BAT-005259,PLT-03,CAR-02,"<bound method Series.mode of carrier_id                 CAR-02
carrier_name    EuroHaz Transport
mode                  Hazmat Road
base_otif                    0.91
Name: 1, dtype: object>",CUS-06,AMER,56.94,1,5796.87,0,1
SHP-002371,2025-02,4,BAT-001029,PLT-01,CAR-05,"<bound method Series.mode of carrier_id               CAR-05
carrier_name    AirExpress Spec
mode                        Air
base_otif                  0.96
Name: 4, dtype: object>",CUS-14,APAC,55.32,1,4720.51,0,0
SHP-002372,2026-06,20,BAT-004480,PLT-05,CAR-02,"<bound method Series.mode of carrier_id                 CAR-02
carrier_name    EuroHaz Transport
mode                  Hazmat Road
base_otif                    0.91
Name: 1, dtype: object>",CUS-15,EMEA,21.62,1,2930.29,0,1
SHP-002373,2025-06,8,BAT-001822,PLT-05,CAR-03,"<bound method Series.mode of carrier_id               CAR-03
carrier_name    OceanChem Lines
mode                 Ocean Bulk
base_otif                  0.88
Name: 2, dtype: object>",CUS-13,AMER,28.63,1,2631.29,0,0
SHP-002374,2026-08,22,BAT-005033,PLT-02,CAR-03,"<bound method Series.mode of carrier_id               CAR-03
carrier_name    OceanChem Lines
mode                 Ocean Bulk
base_otif                  0.88
Name: 2, dtype: object>",CUS-06,AMER,52.47,1,4930.38,0,1
SHP-002375,2025-05,7,BAT-001712,PLT-03,CAR-02,"<bound method Series.mode of carrier_id                 CAR-02
carrier_name    EuroHaz Transport
mode                  Hazmat Road
base_otif                    0.91
Name: 1, dtype: object>",CUS-14,APAC,2.05,1,263.48,1,0
SHP-002376,2024-12,2,BAT-000491,PLT-05,CAR-03,"<bound method Series.mode of carrier_id               CAR-03
carrier_name    OceanChem Lines
mode                 Ocean Bulk
base_otif                  0.88
Name: 2, dtype: object>",CUS-07,APAC,19.81,0,1400.58,0,0
SHP-002377,2025-05,7,BAT-001728,PLT-06,CAR-05,"<bound method Series.mode of carrier_id               CAR-05
carrier_name    AirExpress Spec
mode                        Air
base_otif                  0.96
Name: 4, dtype: object>",CUS-07,APAC,49.72,1,6105.84,0,0
SHP-002378,2025-10,12,BAT-002709,PLT-01,CAR-03,"<bound method Series.mode of carrier_id               CAR-03
carrier_name    OceanChem Lines
mode                 Ocean Bulk
base_otif                  0.88
Name: 2, dtype: object>",CUS-01,EMEA,72.16,1,6733.99,0,0
SHP-002379,2026-04,18,BAT-004083,PLT-04,CAR-04,"<bound method Series.mode of carrier_id                CAR-04
carrier_name    RailChem Freight
mode                        Rail
base_otif                   0.93
Name: 3, dtype: object>",CUS-13,AMER,41.58,1,3392.98,0,1
SHP-002380,2026-02,16,BAT-003652,PLT-06,CAR-04,"<bound method Series.mode of carrier_id                CAR-04
carrier_name    RailChem Freight
mode                        Rail
base_otif                   0.93
Name: 3, dtype: object>",CUS-15,EMEA,66.12,1,8374.02,0,0
SHP-002381,2025-11,13,BAT-003065,PLT-03,CAR-03,"<bound method Series.mode of carrier_id               CAR-03
carrier_name    OceanChem Lines
mode                 Ocean Bulk
base_otif                  0.88
Name: 2, dtype: object>",CUS-10,APAC,21.24,1,2779.31,0,0
SHP-002382,2026-07,21,BAT-004630,PLT-01,CAR-02,"<bound method Series.mode of carrier_id                 CAR-02
carrier_name    EuroHaz Transport
mode                  Hazmat Road
base_otif                    0.91
Name: 1, dtype: object>",CUS-05,LATAM,71.43,1,7703.86,0,1
SHP-002383,2025-10,12,BAT-002738,PLT-05,CAR-03,"<bound method Series.mode of carrier_id               CAR-03
carrier_name    OceanChem Lines
mode                 Ocean Bulk
base_otif                  0.88
Name: 2, dtype: object>",CUS-05,LATAM,11.68,1,1123.22,0,0
SHP-002384,2025-10,12,BAT-002764,PLT-04,CAR-01,"<bound method Series.mode of carrier_id                    CAR-01
carrier_name    GlobalTank Logistics
mode                     Bulk Liquid
base_otif                       0.94
Name: 0, dtype: object>",CUS-12,LATAM,19.55,1,1456.69,0,0
SHP-002385,2025-09,11,BAT-002541,PLT-04,CAR-03,"<bound method Series.mode of carrier_id               CAR-03
carrier_name    OceanChem Lines
mode                 Ocean Bulk
base_otif                  0.88
Name: 2, dtype: object>",CUS-07,APAC,25.04,1,2437.47,0,0
SHP-002386,2026-01,15,BAT-003417,PLT-02,CAR-03,"<bound method Series.mode of carrier_id               CAR-03
carrier_name    OceanChem Lines
mode                 Ocean Bulk
base_otif                  0.88
Name: 2, dtype: object>",CUS-08,EMEA,76.9,1,10688.98,0,0
SHP-002387,2026-03,17,BAT-003858,PLT-04,CAR-01,"<bound method Series.mode of carrier_id                    CAR-01
carrier_name    GlobalTank Logistics
mode                     Bulk Liquid
base_otif                       0.94
Name: 0, dtype: object>",CUS-11,EMEA,64.13,1,7025.1,0,0
SHP-002388,2025-12,14,BAT-003299,PLT-04,CAR-03,"<bound method Series.mode of carrier_id               CAR-03
carrier_name    OceanChem Lines
mode                 Ocean Bulk
base_otif                  0.88
Name: 2, dtype: object>",CUS-08,EMEA,49.92,1,4918.97,0,0
SHP-002389,2026-02,16,BAT-003685,PLT-06,CAR-01,"<bound method Series.mode of carrier_id                    CAR-01
carrier_name    GlobalTank Logistics
mode                     Bulk Liquid
base_otif                       0.94
Name: 0, dtype: object>",CUS-05,LATAM,58.77,1,6166.23,0,0
SHP-002390,2025-02,4,BAT-000984,PLT-06,CAR-05,"<bound method Series.mode of carrier_id               CAR-05
carrier_name    AirExpress Spec
mode                        Air
base_otif                  0.96
Name: 4, dtype: object>",CUS-03,APAC,40.78,1,3382.35,0,0
SHP-002391,2025-12,14,BAT-003081,PLT-06,CAR-05,"<bound method Series.mode of carrier_id               CAR-05
carrier_name    AirExpress Spec
mode                        Air
base_otif                  0.96
Name: 4, dtype: object>",CUS-07,APAC,48.41,1,4377.3,0,0
SHP-002392,2026-04,18,BAT-003978,PLT-05,CAR-01,"<bound method Series.mode of carrier_id                    CAR-01
carrier_name    GlobalTank Logistics
mode                     Bulk Liquid
base_otif                       0.94
Name: 0, dtype: object>",CUS-07,APAC,27.44,1,3969.6,0,1
SHP-002393,2025-04,6,BAT-001374,PLT-03,CAR-03,"<bound method Series.mode of carrier_id               CAR-03
carrier_name    OceanChem Lines
mode                 Ocean Bulk
base_otif                  0.88
Name: 2, dtype: object>",CUS-03,APAC,1.25,1,167.33,0,0
SHP-002394,2026-01,15,BAT-003459,PLT-02,CAR-03,"<bound method Series.mode of carrier_id               CAR-03
carrier_name    OceanChem Lines
mode                 Ocean Bulk
base_otif                  0.88
Name: 2, dtype: object>",CUS-01,EMEA,63.46,1,7084.26,0,0
SHP-002395,2026-03,17,BAT-003876,PLT-01,CAR-01,"<bound method Series.mode of carrier_id                    CAR-01
carrier_name    GlobalTank Logistics
mode                     Bulk Liquid
base_otif                       0.94
Name: 0, dtype: object>",CUS-14,APAC,1.71,1,191.7,1,0
SHP-002396,2026-05,19,BAT-004284,PLT-02,CAR-02,"<bound method Series.mode of carrier_id                 CAR-02
carrier_name    EuroHaz Transport
mode                  Hazmat Road
base_otif                    0.91
Name: 1, dtype: object>",CUS-07,APAC,101.36,1,7513.56,0,1
SHP-002397,2025-03,5,BAT-001305,PLT-05,CAR-05,"<bound method Series.mode of carrier_id               CAR-05
carrier_name    AirExpress Spec
mode                        Air
base_otif                  0.96
Name: 4, dtype: object>",CUS-06,AMER,13.36,1,926.09,0,0
SHP-002398,2026-08,22,BAT-004886,PLT-06,CAR-02,"<bound method Series.mode of carrier_id                 CAR-02
carrier_name    EuroHaz Transport
mode                  Hazmat Road
base_otif                    0.91
Name: 1, dtype: object>",CUS-15,EMEA,36.06,1,5047.72,0,1
SHP-002399,2026-02,16,BAT-003580,PLT-05,CAR-01,"<bound method Series.mode of carrier_id                    CAR-01
carrier_name    GlobalTank Logistics
mode                     Bulk Liquid
base_otif                       0.94
Name: 0, dtype: object>",CUS-05,LATAM,57.96,1,3534.6,0,0
SHP-002400,2024-11,1,BAT-000254,PLT-02,CAR-04,"<bound method Series.mode of carrier_id                CAR-04
carrier_name    RailChem Freight
mode                        Rail
base_otif                   0.93
Name: 3, dtype: object>",CUS-11,EMEA,107.9,1,7305.13,0,0
SHP-002401,2024-12,2,BAT-000589,PLT-01,CAR-02,"<bound method Series.mode of carrier_id                 CAR-02
carrier_name    EuroHaz Transport
mode                  Hazmat Road
base_otif                    0.91
Name: 1, dtype: object>",CUS-01,EMEA,27.61,1,3897.46,0,0
SHP-002402,2025-07,9,BAT-002088,PLT-04,CAR-04,"<bound method Series.mode of carrier_id                CAR-04
carrier_name    RailChem Freight
mode                        Rail
base_otif                   0.93
Name: 3, dtype: object>",CUS-05,LATAM,40.33,1,3996.24,0,0
SHP-002403,2026-02,16,BAT-003705,PLT-05,CAR-04,"<bound method Series.mode of carrier_id                CAR-04
carrier_name    RailChem Freight
mode                        Rail
base_otif                   0.93
Name: 3, dtype: object>",CUS-13,AMER,14.59,1,1298.9,0,0
SHP-002404,2025-04,6,BAT-001425,PLT-01,CAR-03,"<bound method Series.mode of carrier_id               CAR-03
carrier_name    OceanChem Lines
mode                 Ocean Bulk
base_otif                  0.88
Name: 2, dtype: object>",CUS-04,EMEA,39.15,1,2738.14,0,0
SHP-002405,2025-07,9,BAT-002172,PLT-06,CAR-02,"<bound method Series.mode of carrier_id                 CAR-02
carrier_name    EuroHaz Transport
mode                  Hazmat Road
base_otif                    0.91
Name: 1, dtype: object>",CUS-07,APAC,39.1,1,3607.36,0,0
SHP-002406,2025-10,12,BAT-002737,PLT-04,CAR-01,"<bound method Series.mode of carrier_id                    CAR-01
carrier_name    GlobalTank Logistics
mode                     Bulk Liquid
base_otif                       0.94
Name: 0, dtype: object>",CUS-08,EMEA,2.44,0,183.91,0,0
SHP-002407,2026-02,16,BAT-003567,PLT-04,CAR-05,"<bound method Series.mode of carrier_id               CAR-05
carrier_name    AirExpress Spec
mode                        Air
base_otif                  0.96
Name: 4, dtype: object>",CUS-13,AMER,26.7,1,3340.92,0,0
SHP-002408,2026-03,17,BAT-003757,PLT-04,CAR-04,"<bound method Series.mode of carrier_id                CAR-04
carrier_name    RailChem Freight
mode                        Rail
base_otif                   0.93
Name: 3, dtype: object>",CUS-02,AMER,37.62,1,2478.72,0,0
SHP-002409,2026-01,15,BAT-003455,PLT-06,CAR-02,"<bound method Series.mode of carrier_id                 CAR-02
carrier_name    EuroHaz Transport
mode                  Hazmat Road
base_otif                    0.91
Name: 1, dtype: object>",CUS-11,EMEA,1.92,1,231.7,0,0
SHP-002410,2026-05,19,BAT-004306,PLT-01,CAR-05,"<bound method Series.mode of carrier_id               CAR-05
carrier_name    AirExpress Spec
mode                        Air
base_otif                  0.96
Name: 4, dtype: object>",CUS-11,EMEA,26.62,1,3735.89,0,1
SHP-002411,2025-12,14,BAT-003293,PLT-05,CAR-01,"<bound method Series.mode of carrier_id                    CAR-01
carrier_name    GlobalTank Logistics
mode                     Bulk Liquid
base_otif                       0.94
Name: 0, dtype: object>",CUS-15,EMEA,1.86,1,202.36,0,0
SHP-002412,2025-12,14,BAT-003286,PLT-03,CAR-01,"<bound method Series.mode of carrier_id                    CAR-01
carrier_name    GlobalTank Logistics
mode                     Bulk Liquid
base_otif                       0.94
Name: 0, dtype: object>",CUS-01,EMEA,30.24,1,4293.9,0,0
SHP-002413,2024-10,0,BAT-000048,PLT-02,CAR-05,"<bound method Series.mode of carrier_id               CAR-05
carrier_name    AirExpress Spec
mode                        Air
base_otif                  0.96
Name: 4, dtype: object>",CUS-11,EMEA,64.85,1,6614.33,0,0
SHP-002414,2026-04,18,BAT-004005,PLT-02,CAR-01,"<bound method Series.mode of carrier_id                    CAR-01
carrier_name    GlobalTank Logistics
mode                     Bulk Liquid
base_otif                       0.94
Name: 0, dtype: object>",CUS-14,APAC,46.69,1,4396.75,0,1
SHP-002415,2025-05,7,BAT-001588,PLT-02,CAR-03,"<bound method Series.mode of carrier_id               CAR-03
carrier_name    OceanChem Lines
mode                 Ocean Bulk
base_otif                  0.88
Name: 2, dtype: object>",CUS-13,AMER,20.36,1,2441.6,0,0
SHP-002416,2026-08,22,BAT-005013,PLT-03,CAR-04,"<bound method Series.mode of carrier_id                CAR-04
carrier_name    RailChem Freight
mode                        Rail
base_otif                   0.93
Name: 3, dtype: object>",CUS-14,APAC,75.81,1,9368.54,0,1
SHP-002417,2025-04,6,BAT-001424,PLT-06,CAR-04,"<bound method Series.mode of carrier_id                CAR-04
carrier_name    RailChem Freight
mode                        Rail
base_otif                   0.93
Name: 3, dtype: object>",CUS-10,APAC,19.83,1,1737.89,0,0
SHP-002418,2026-09,23,BAT-005144,PLT-03,CAR-01,"<bound method Series.mode of carrier_id                    CAR-01
carrier_name    GlobalTank Logistics
mode                     Bulk Liquid
base_otif                       0.94
Name: 0, dtype: object>",CUS-10,APAC,65.84,1,3823.67,0,1
SHP-002419,2025-10,12,BAT-002786,PLT-02,CAR-05,"<bound method Series.mode of carrier_id               CAR-05
carrier_name    AirExpress Spec
mode                        Air
base_otif                  0.96
Name: 4, dtype: object>",CUS-07,APAC,37.35,1,4741.52,0,0
SHP-002420,2024-12,2,BAT-000652,PLT-02,CAR-05,"<bound method Series.mode of carrier_id               CAR-05
carrier_name    AirExpress Spec
mode                        Air
base_otif                  0.96
Name: 4, dtype: object>",CUS-08,EMEA,72.44,1,4693.03,0,0
SHP-002421,2024-10,0,BAT-000129,PLT-02,CAR-01,"<bound method Series.mode of carrier_id                    CAR-01
carrier_name    GlobalTank Logistics
mode                     Bulk Liquid
base_otif                       0.94
Name: 0, dtype: object>",CUS-15,EMEA,48.57,1,3116.63,0,0
SHP-002422,2026-07,21,BAT-004770,PLT-01,CAR-03,"<bound method Series.mode of carrier_id               CAR-03
carrier_name    OceanChem Lines
mode                 Ocean Bulk
base_otif                  0.88
Name: 2, dtype: object>",CUS-12,LATAM,47.2,1,5816.27,0,1
SHP-002423,2025-02,4,BAT-001067,PLT-05,CAR-02,"<bound method Series.mode of carrier_id                 CAR-02
carrier_name    EuroHaz Transport
mode                  Hazmat Road
base_otif                    0.91
Name: 1, dtype: object>",CUS-14,APAC,33.51,1,3856.88,0,0
SHP-002424,2025-08,10,BAT-002324,PLT-06,CAR-01,"<bound method Series.mode of carrier_id                    CAR-01
carrier_name    GlobalTank Logistics
mode                     Bulk Liquid
base_otif                       0.94
Name: 0, dtype: object>",CUS-01,EMEA,21.71,1,2541.68,0,0
SHP-002425,2025-11,13,BAT-002861,PLT-05,CAR-02,"<bound method Series.mode of carrier_id                 CAR-02
carrier_name    EuroHaz Transport
mode                  Hazmat Road
base_otif                    0.91
Name: 1, dtype: object>",CUS-03,APAC,20.74,1,2130.92,0,0
SHP-002426,2025-05,7,BAT-001644,PLT-06,CAR-01,"<bound method Series.mode of carrier_id                    CAR-01
carrier_name    GlobalTank Logistics
mode                     Bulk Liquid
base_otif                       0.94
Name: 0, dtype: object>",CUS-07,APAC,62.24,1,7169.74,0,0
SHP-002427,2025-02,4,BAT-000985,PLT-05,CAR-03,"<bound method Series.mode of carrier_id               CAR-03
carrier_name    OceanChem Lines
mode                 Ocean Bulk
base_otif                  0.88
Name: 2, dtype: object>",CUS-04,EMEA,27.25,1,2438.59,0,0
SHP-002428,2024-12,2,BAT-000466,PLT-06,CAR-04,"<bound method Series.mode of carrier_id                CAR-04
carrier_name    RailChem Freight
mode                        Rail
base_otif                   0.93
Name: 3, dtype: object>",CUS-03,APAC,46.55,1,4649.19,0,0
SHP-002429,2025-04,6,BAT-001357,PLT-06,CAR-03,"<bound method Series.mode of carrier_id               CAR-03
carrier_name    OceanChem Lines
mode                 Ocean Bulk
base_otif                  0.88
Name: 2, dtype: object>",CUS-09,AMER,43.86,1,3994.7,0,0
SHP-002430,2026-04,18,BAT-004113,PLT-06,CAR-03,"<bound method Series.mode of carrier_id               CAR-03
carrier_name    OceanChem Lines
mode                 Ocean Bulk
base_otif                  0.88
Name: 2, dtype: object>",CUS-11,EMEA,31.95,1,4261.14,0,1
SHP-002431,2026-07,21,BAT-004692,PLT-02,CAR-03,"<bound method Series.mode of carrier_id               CAR-03
carrier_name    OceanChem Lines
mode                 Ocean Bulk
base_otif                  0.88
Name: 2, dtype: object>",CUS-01,EMEA,70.66,1,9373.05,0,1
SHP-002432,2025-07,9,BAT-002037,PLT-04,CAR-04,"<bound method Series.mode of carrier_id                CAR-04
carrier_name    RailChem Freight
mode                        Rail
base_otif                   0.93
Name: 3, dtype: object>",CUS-09,AMER,48.73,1,4222.03,0,0
SHP-002433,2026-02,16,BAT-003562,PLT-06,CAR-02,"<bound method Series.mode of carrier_id                 CAR-02
carrier_name    EuroHaz Transport
mode                  Hazmat Road
base_otif                    0.91
Name: 1, dtype: object>",CUS-08,EMEA,34.89,1,4875.28,0,0
SHP-002434,2025-08,10,BAT-002256,PLT-04,CAR-03,"<bound method Series.mode of carrier_id               CAR-03
carrier_name    OceanChem Lines
mode                 Ocean Bulk
base_otif                  0.88
Name: 2, dtype: object>",CUS-01,EMEA,42.24,1,4797.62,0,0
SHP-002435,2024-10,0,BAT-000103,PLT-06,CAR-05,"<bound method Series.mode of carrier_id               CAR-05
carrier_name    AirExpress Spec
mode                        Air
base_otif                  0.96
Name: 4, dtype: object>",CUS-14,APAC,34.69,1,4507.45,0,0
SHP-002436,2025-12,14,BAT-003277,PLT-06,CAR-01,"<bound method Series.mode of carrier_id                    CAR-01
carrier_name    GlobalTank Logistics
mode                     Bulk Liquid
base_otif                       0.94
Name: 0, dtype: object>",CUS-05,LATAM,26.98,1,3672.2,0,0
SHP-002437,2025-12,14,BAT-003283,PLT-02,CAR-02,"<bound method Series.mode of carrier_id                 CAR-02
carrier_name    EuroHaz Transport
mode                  Hazmat Road
base_otif                    0.91
Name: 1, dtype: object>",CUS-02,AMER,2.62,1,204.08,0,0
SHP-002438,2024-10,0,BAT-000175,PLT-06,CAR-03,"<bound method Series.mode of carrier_id               CAR-03
carrier_name    OceanChem Lines
mode                 Ocean Bulk
base_otif                  0.88
Name: 2, dtype: object>",CUS-05,LATAM,31.61,1,2563.41,0,0
SHP-002439,2026-02,16,BAT-003622,PLT-04,CAR-05,"<bound method Series.mode of carrier_id               CAR-05
carrier_name    AirExpress Spec
mode                        Air
base_otif                  0.96
Name: 4, dtype: object>",CUS-02,AMER,67.99,1,5353.86,0,0
SHP-002440,2026-01,15,BAT-003431,PLT-06,CAR-04,"<bound method Series.mode of carrier_id                CAR-04
carrier_name    RailChem Freight
mode                        Rail
base_otif                   0.93
Name: 3, dtype: object>",CUS-08,EMEA,66.97,1,7829.55,0,0
SHP-002441,2026-01,15,BAT-003400,PLT-03,CAR-05,"<bound method Series.mode of carrier_id               CAR-05
carrier_name    AirExpress Spec
mode                        Air
base_otif                  0.96
Name: 4, dtype: object>",CUS-06,AMER,70.44,1,8862.39,0,0
SHP-002442,2026-05,19,BAT-004344,PLT-02,CAR-05,"<bound method Series.mode of carrier_id               CAR-05
carrier_name    AirExpress Spec
mode                        Air
base_otif                  0.96
Name: 4, dtype: object>",CUS-01,EMEA,32.02,1,2012.76,0,1
SHP-002443,2025-08,10,BAT-002220,PLT-01,CAR-05,"<bound method Series.mode of carrier_id               CAR-05
carrier_name    AirExpress Spec
mode                        Air
base_otif                  0.96
Name: 4, dtype: object>",CUS-11,EMEA,25.47,1,3081.44,0,0
SHP-002444,2025-05,7,BAT-001562,PLT-01,CAR-03,"<bound method Series.mode of carrier_id               CAR-03
carrier_name    OceanChem Lines
mode                 Ocean Bulk
base_otif                  0.88
Name: 2, dtype: object>",CUS-04,EMEA,44.11,1,2584.89,0,0
SHP-002445,2025-06,8,BAT-001971,PLT-03,CAR-04,"<bound method Series.mode of carrier_id                CAR-04
carrier_name    RailChem Freight
mode                        Rail
base_otif                   0.93
Name: 3, dtype: object>",CUS-02,AMER,9.36,1,1239.63,0,0
SHP-002446,2025-10,12,BAT-002646,PLT-03,CAR-04,"<bound method Series.mode of carrier_id                CAR-04
carrier_name    RailChem Freight
mode                        Rail
base_otif                   0.93
Name: 3, dtype: object>",CUS-02,AMER,25.85,1,2702.35,0,0
SHP-002447,2025-12,14,BAT-003099,PLT-04,CAR-04,"<bound method Series.mode of carrier_id                CAR-04
carrier_name    RailChem Freight
mode                        Rail
base_otif                   0.93
Name: 3, dtype: object>",CUS-15,EMEA,16.13,1,1417.4,0,0
SHP-002448,2025-10,12,BAT-002689,PLT-02,CAR-05,"<bound method Series.mode of carrier_id               CAR-05
carrier_name    AirExpress Spec
mode                        Air
base_otif                  0.96
Name: 4, dtype: object>",CUS-12,LATAM,34.43,1,3537.74,0,0
SHP-002449,2025-09,11,BAT-002462,PLT-03,CAR-02,"<bound method Series.mode of carrier_id                 CAR-02
carrier_name    EuroHaz Transport
mode                  Hazmat Road
base_otif                    0.91
Name: 1, dtype: object>",CUS-09,AMER,32.7,1,2137.72,0,0
SHP-002450,2026-02,16,BAT-003739,PLT-01,CAR-03,"<bound method Series.mode of carrier_id               CAR-03
carrier_name    OceanChem Lines
mode                 Ocean Bulk
base_otif                  0.88
Name: 2, dtype: object>",CUS-06,AMER,82.01,1,7859.46,0,0
SHP-002451,2026-07,21,BAT-004624,PLT-06,CAR-03,"<bound method Series.mode of carrier_id               CAR-03
carrier_name    OceanChem Lines
mode                 Ocean Bulk
base_otif                  0.88
Name: 2, dtype: object>",CUS-12,LATAM,19.21,1,1525.83,0,1
SHP-002452,2025-12,14,BAT-003197,PLT-03,CAR-04,"<bound method Series.mode of carrier_id                CAR-04
carrier_name    RailChem Freight
mode                        Rail
base_otif                   0.93
Name: 3, dtype: object>",CUS-02,AMER,19.4,1,2721.9,0,0
SHP-002453,2025-01,3,BAT-000835,PLT-04,CAR-03,"<bound method Series.mode of carrier_id               CAR-03
carrier_name    OceanChem Lines
mode                 Ocean Bulk
base_otif                  0.88
Name: 2, dtype: object>",CUS-12,LATAM,19.16,1,1580.64,1,0
SHP-002454,2026-05,19,BAT-004280,PLT-05,CAR-03,"<bound method Series.mode of carrier_id               CAR-03
carrier_name    OceanChem Lines
mode                 Ocean Bulk
base_otif                  0.88
Name: 2, dtype: object>",CUS-11,EMEA,35.09,1,4329.96,0,1
SHP-002455,2025-08,10,BAT-002339,PLT-03,CAR-01,"<bound method Series.mode of carrier_id                    CAR-01
carrier_name    GlobalTank Logistics
mode                     Bulk Liquid
base_otif                       0.94
Name: 0, dtype: object>",CUS-09,AMER,68.88,1,4121.8,0,0
SHP-002456,2025-06,8,BAT-001918,PLT-04,CAR-04,"<bound method Series.mode of carrier_id                CAR-04
carrier_name    RailChem Freight
mode                        Rail
base_otif                   0.93
Name: 3, dtype: object>",CUS-05,LATAM,31.12,1,3232.2,0,0
SHP-002457,2026-06,20,BAT-004460,PLT-02,CAR-02,"<bound method Series.mode of carrier_id                 CAR-02
carrier_name    EuroHaz Transport
mode                  Hazmat Road
base_otif                    0.91
Name: 1, dtype: object>",CUS-11,EMEA,81.96,1,11053.62,0,1
SHP-002458,2024-11,1,BAT-000289,PLT-03,CAR-01,"<bound method Series.mode of carrier_id                    CAR-01
carrier_name    GlobalTank Logistics
mode                     Bulk Liquid
base_otif                       0.94
Name: 0, dtype: object>",CUS-07,APAC,48.94,1,6903.8,0,0
SHP-002459,2025-03,5,BAT-001278,PLT-04,CAR-05,"<bound method Series.mode of carrier_id               CAR-05
carrier_name    AirExpress Spec
mode                        Air
base_otif                  0.96
Name: 4, dtype: object>",CUS-07,APAC,42.39,1,4586.07,0,0
SHP-002460,2026-09,23,BAT-005099,PLT-02,CAR-03,"<bound method Series.mode of carrier_id               CAR-03
carrier_name    OceanChem Lines
mode                 Ocean Bulk
base_otif                  0.88
Name: 2, dtype: object>",CUS-05,LATAM,61.93,1,6463.33,0,1
SHP-002461,2025-06,8,BAT-001926,PLT-02,CAR-04,"<bound method Series.mode of carrier_id                CAR-04
carrier_name    RailChem Freight
mode                        Rail
base_otif                   0.93
Name: 3, dtype: object>",CUS-09,AMER,88.7,1,5513.35,0,0
SHP-002462,2025-12,14,BAT-003113,PLT-02,CAR-03,"<bound method Series.mode of carrier_id               CAR-03
carrier_name    OceanChem Lines
mode                 Ocean Bulk
base_otif                  0.88
Name: 2, dtype: object>",CUS-02,AMER,18.34,0,2053.21,0,0
SHP-002463,2026-05,19,BAT-004265,PLT-06,CAR-01,"<bound method Series.mode of carrier_id                    CAR-01
carrier_name    GlobalTank Logistics
mode                     Bulk Liquid
base_otif                       0.94
Name: 0, dtype: object>",CUS-08,EMEA,43.35,1,3088.64,0,1
SHP-002464,2025-02,4,BAT-000890,PLT-04,CAR-02,"<bound method Series.mode of carrier_id                 CAR-02
carrier_name    EuroHaz Transport
mode                  Hazmat Road
base_otif                    0.91
Name: 1, dtype: object>",CUS-13,AMER,42.96,1,4948.8,0,0
SHP-002465,2026-02,16,BAT-003641,PLT-05,CAR-03,"<bound method Series.mode of carrier_id               CAR-03
carrier_name    OceanChem Lines
mode                 Ocean Bulk
base_otif                  0.88
Name: 2, dtype: object>",CUS-07,APAC,17.67,0,1320.41,0,0
SHP-002466,2024-12,2,BAT-000627,PLT-04,CAR-01,"<bound method Series.mode of carrier_id                    CAR-01
carrier_name    GlobalTank Logistics
mode                     Bulk Liquid
base_otif                       0.94
Name: 0, dtype: object>",CUS-12,LATAM,16.12,1,1569.98,0,0
SHP-002467,2026-07,21,BAT-004783,PLT-02,CAR-01,"<bound method Series.mode of carrier_id                    CAR-01
carrier_name    GlobalTank Logistics
mode                     Bulk Liquid
base_otif                       0.94
Name: 0, dtype: object>",CUS-08,EMEA,85.92,1,8567.7,0,1
SHP-002468,2026-06,20,BAT-004615,PLT-01,CAR-01,"<bound method Series.mode of carrier_id                    CAR-01
carrier_name    GlobalTank Logistics
mode                     Bulk Liquid
base_otif                       0.94
Name: 0, dtype: object>",CUS-12,LATAM,1.32,1,89.74,0,1
SHP-002469,2026-02,16,BAT-003725,PLT-03,CAR-01,"<bound method Series.mode of carrier_id                    CAR-01
carrier_name    GlobalTank Logistics
mode                     Bulk Liquid
base_otif                       0.94
Name: 0, dtype: object>",CUS-11,EMEA,26.56,1,1834.58,0,0
SHP-002470,2024-10,0,BAT-000065,PLT-03,CAR-05,"<bound method Series.mode of carrier_id               CAR-05
carrier_name    AirExpress Spec
mode                        Air
base_otif                  0.96
Name: 4, dtype: object>",CUS-03,APAC,67.42,1,6422.07,0,0
SHP-002471,2024-12,2,BAT-000645,PLT-03,CAR-04,"<bound method Series.mode of carrier_id                CAR-04
carrier_name    RailChem Freight
mode                        Rail
base_otif                   0.93
Name: 3, dtype: object>",CUS-13,AMER,60.05,1,6376.9,0,0
SHP-002472,2025-10,12,BAT-002842,PLT-04,CAR-01,"<bound method Series.mode of carrier_id                    CAR-01
carrier_name    GlobalTank Logistics
mode                     Bulk Liquid
base_otif                       0.94
Name: 0, dtype: object>",CUS-10,APAC,3.02,1,251.31,0,0
SHP-002473,2025-06,8,BAT-001937,PLT-06,CAR-03,"<bound method Series.mode of carrier_id               CAR-03
carrier_name    OceanChem Lines
mode                 Ocean Bulk
base_otif                  0.88
Name: 2, dtype: object>",CUS-05,LATAM,17.53,0,1708.74,0,0
SHP-002474,2026-03,17,BAT-003814,PLT-03,CAR-03,"<bound method Series.mode of carrier_id               CAR-03
carrier_name    OceanChem Lines
mode                 Ocean Bulk
base_otif                  0.88
Name: 2, dtype: object>",CUS-03,APAC,14.16,1,1719.63,0,0
SHP-002475,2026-01,15,BAT-003341,PLT-02,CAR-03,"<bound method Series.mode of carrier_id               CAR-03
carrier_name    OceanChem Lines
mode                 Ocean Bulk
base_otif                  0.88
Name: 2, dtype: object>",CUS-14,APAC,58.54,1,7739.45,0,0
SHP-002476,2024-12,2,BAT-000538,PLT-04,CAR-04,"<bound method Series.mode of carrier_id                CAR-04
carrier_name    RailChem Freight
mode                        Rail
base_otif                   0.93
Name: 3, dtype: object>",CUS-09,AMER,26.33,1,3528.55,0,0
SHP-002477,2026-02,16,BAT-003612,PLT-04,CAR-03,"<bound method Series.mode of carrier_id               CAR-03
carrier_name    OceanChem Lines
mode                 Ocean Bulk
base_otif                  0.88
Name: 2, dtype: object>",CUS-11,EMEA,15.18,1,1384.14,0,0
SHP-002478,2026-09,23,BAT-005247,PLT-01,CAR-01,"<bound method Series.mode of carrier_id                    CAR-01
carrier_name    GlobalTank Logistics
mode                     Bulk Liquid
base_otif                       0.94
Name: 0, dtype: object>",CUS-12,LATAM,1.56,1,136.88,0,1
SHP-002479,2025-03,5,BAT-001102,PLT-03,CAR-02,"<bound method Series.mode of carrier_id                 CAR-02
carrier_name    EuroHaz Transport
mode                  Hazmat Road
base_otif                    0.91
Name: 1, dtype: object>",CUS-08,EMEA,54.57,1,6418.5,0,0
SHP-002480,2025-09,11,BAT-002474,PLT-01,CAR-05,"<bound method Series.mode of carrier_id               CAR-05
carrier_name    AirExpress Spec
mode                        Air
base_otif                  0.96
Name: 4, dtype: object>",CUS-09,AMER,44.74,1,4369.75,0,0
SHP-002481,2026-08,22,BAT-005022,PLT-04,CAR-03,"<bound method Series.mode of carrier_id               CAR-03
carrier_name    OceanChem Lines
mode                 Ocean Bulk
base_otif                  0.88
Name: 2, dtype: object>",CUS-13,AMER,3.22,1,321.35,0,1
SHP-002482,2025-11,13,BAT-002954,PLT-02,CAR-01,"<bound method Series.mode of carrier_id                    CAR-01
carrier_name    GlobalTank Logistics
mode                     Bulk Liquid
base_otif                       0.94
Name: 0, dtype: object>",CUS-14,APAC,45.16,1,4746.09,1,0
SHP-002483,2024-11,1,BAT-000283,PLT-05,CAR-02,"<bound method Series.mode of carrier_id                 CAR-02
carrier_name    EuroHaz Transport
mode                  Hazmat Road
base_otif                    0.91
Name: 1, dtype: object>",CUS-01,EMEA,37.9,1,5392.69,0,0
SHP-002484,2026-04,18,BAT-004117,PLT-03,CAR-01,"<bound method Series.mode of carrier_id                    CAR-01
carrier_name    GlobalTank Logistics
mode                     Bulk Liquid
base_otif                       0.94
Name: 0, dtype: object>",CUS-02,AMER,2.11,1,291.45,0,1
SHP-002485,2025-02,4,BAT-001023,PLT-04,CAR-04,"<bound method Series.mode of carrier_id                CAR-04
carrier_name    RailChem Freight
mode                        Rail
base_otif                   0.93
Name: 3, dtype: object>",CUS-09,AMER,35.44,1,2381.03,0,0
SHP-002486,2026-09,23,BAT-005235,PLT-05,CAR-05,"<bound method Series.mode of carrier_id               CAR-05
carrier_name    AirExpress Spec
mode                        Air
base_otif                  0.96
Name: 4, dtype: object>",CUS-13,AMER,36.51,1,3811.41,0,1
SHP-002487,2025-10,12,BAT-002801,PLT-04,CAR-05,"<bound method Series.mode of carrier_id               CAR-05
carrier_name    AirExpress Spec
mode                        Air
base_otif                  0.96
Name: 4, dtype: object>",CUS-15,EMEA,51.61,1,4245.08,0,0
SHP-002488,2025-08,10,BAT-002368,PLT-05,CAR-03,"<bound method Series.mode of carrier_id               CAR-03
carrier_name    OceanChem Lines
mode                 Ocean Bulk
base_otif                  0.88
Name: 2, dtype: object>",CUS-03,APAC,1.23,1,107.12,0,0
SHP-002489,2025-01,3,BAT-000724,PLT-05,CAR-02,"<bound method Series.mode of carrier_id                 CAR-02
carrier_name    EuroHaz Transport
mode                  Hazmat Road
base_otif                    0.91
Name: 1, dtype: object>",CUS-10,APAC,50.89,1,7337.63,0,0
SHP-002490,2025-12,14,BAT-003102,PLT-06,CAR-02,"<bound method Series.mode of carrier_id                 CAR-02
carrier_name    EuroHaz Transport
mode                  Hazmat Road
base_otif                    0.91
Name: 1, dtype: object>",CUS-13,AMER,1.1,0,125.48,0,0
SHP-002491,2026-07,21,BAT-004739,PLT-02,CAR-02,"<bound method Series.mode of carrier_id                 CAR-02
carrier_name    EuroHaz Transport
mode                  Hazmat Road
base_otif                    0.91
Name: 1, dtype: object>",CUS-15,EMEA,47.35,1,6677.34,0,1
SHP-002492,2026-08,22,BAT-004939,PLT-06,CAR-02,"<bound method Series.mode of carrier_id                 CAR-02
carrier_name    EuroHaz Transport
mode                  Hazmat Road
base_otif                    0.91
Name: 1, dtype: object>",CUS-08,EMEA,39.74,0,4655.01,0,1
SHP-002493,2025-09,11,BAT-002492,PLT-01,CAR-02,"<bound method Series.mode of carrier_id                 CAR-02
carrier_name    EuroHaz Transport
mode                  Hazmat Road
base_otif                    0.91
Name: 1, dtype: object>",CUS-09,AMER,61.36,1,8612.48,0,0
SHP-002494,2025-11,13,BAT-003025,PLT-02,CAR-02,"<bound method Series.mode of carrier_id                 CAR-02
carrier_name    EuroHaz Transport
mode                  Hazmat Road
base_otif                    0.91
Name: 1, dtype: object>",CUS-04,EMEA,74.49,1,10467.86,0,0
SHP-002495,2025-06,8,BAT-001854,PLT-04,CAR-04,"<bound method Series.mode of carrier_id                CAR-04
carrier_name    RailChem Freight
mode                        Rail
base_otif                   0.93
Name: 3, dtype: object>",CUS-11,EMEA,29.41,1,1744.89,0,0
SHP-002496,2026-01,15,BAT-003345,PLT-01,CAR-05,"<bound method Series.mode of carrier_id               CAR-05
carrier_name    AirExpress Spec
mode                        Air
base_otif                  0.96
Name: 4, dtype: object>",CUS-13,AMER,29.49,1,1979.45,0,0
SHP-002497,2024-11,1,BAT-000247,PLT-02,CAR-01,"<bound method Series.mode of carrier_id                    CAR-01
carrier_name    GlobalTank Logistics
mode                     Bulk Liquid
base_otif                       0.94
Name: 0, dtype: object>",CUS-12,LATAM,77.28,1,9451.12,0,0
SHP-002498,2025-07,9,BAT-002018,PLT-03,CAR-05,"<bound method Series.mode of carrier_id               CAR-05
carrier_name    AirExpress Spec
mode                        Air
base_otif                  0.96
Name: 4, dtype: object>",CUS-09,AMER,27.39,1,2937.57,0,0
SHP-002499,2025-07,9,BAT-002145,PLT-03,CAR-02,"<bound method Series.mode of carrier_id                 CAR-02
carrier_name    EuroHaz Transport
mode                  Hazmat Road
base_otif                    0.91
Name: 1, dtype: object>",CUS-01,EMEA,41.33,0,4534.63,0,0
SHP-002500,2026-05,19,BAT-004252,PLT-02,CAR-04,"<bound method Series.mode of carrier_id                CAR-04
carrier_name    RailChem Freight
mode                        Rail
base_otif                   0.93
Name: 3, dtype: object>",CUS-11,EMEA,110.26,1,9992.06,0,1
SHP-002501,2026-08,22,BAT-004877,PLT-02,CAR-01,"<bound method Series.mode of carrier_id                    CAR-01
carrier_name    GlobalTank Logistics
mode                     Bulk Liquid
base_otif                       0.94
Name: 0, dtype: object>",CUS-13,AMER,31.61,1,2459.35,0,1
SHP-002502,2025-06,8,BAT-001941,PLT-04,CAR-05,"<bound method Series.mode of carrier_id               CAR-05
carrier_name    AirExpress Spec
mode                        Air
base_otif                  0.96
Name: 4, dtype: object>",CUS-01,EMEA,32.59,1,2454.87,0,0
SHP-002503,2026-03,17,BAT-003812,PLT-01,CAR-05,"<bound method Series.mode of carrier_id               CAR-05
carrier_name    AirExpress Spec
mode                        Air
base_otif                  0.96
Name: 4, dtype: object>",CUS-07,APAC,18.84,1,1941.2,0,0
SHP-002504,2024-11,1,BAT-000306,PLT-03,CAR-05,"<bound method Series.mode of carrier_id               CAR-05
carrier_name    AirExpress Spec
mode                        Air
base_otif                  0.96
Name: 4, dtype: object>",CUS-04,EMEA,2.09,1,150.15,0,0
SHP-002505,2025-07,9,BAT-002130,PLT-02,CAR-03,"<bound method Series.mode of carrier_id               CAR-03
carrier_name    OceanChem Lines
mode                 Ocean Bulk
base_otif                  0.88
Name: 2, dtype: object>",CUS-12,LATAM,101.49,1,14335.0,0,0
SHP-002506,2026-03,17,BAT-003922,PLT-06,CAR-05,"<bound method Series.mode of carrier_id               CAR-05
carrier_name    AirExpress Spec
mode                        Air
base_otif                  0.96
Name: 4, dtype: object>",CUS-02,AMER,35.18,1,4542.52,0,0
SHP-002507,2025-05,7,BAT-001652,PLT-06,CAR-03,"<bound method Series.mode of carrier_id               CAR-03
carrier_name    OceanChem Lines
mode                 Ocean Bulk
base_otif                  0.88
Name: 2, dtype: object>",CUS-06,AMER,78.92,1,8490.51,0,0
SHP-002508,2026-06,20,BAT-004617,PLT-02,CAR-02,"<bound method Series.mode of carrier_id                 CAR-02
carrier_name    EuroHaz Transport
mode                  Hazmat Road
base_otif                    0.91
Name: 1, dtype: object>",CUS-13,AMER,40.87,1,2422.62,0,1
SHP-002509,2026-05,19,BAT-004232,PLT-04,CAR-02,"<bound method Series.mode of carrier_id                 CAR-02
carrier_name    EuroHaz Transport
mode                  Hazmat Road
base_otif                    0.91
Name: 1, dtype: object>",CUS-07,APAC,20.57,1,2908.85,0,1
SHP-002510,2025-02,4,BAT-000943,PLT-04,CAR-04,"<bound method Series.mode of carrier_id                CAR-04
carrier_name    RailChem Freight
mode                        Rail
base_otif                   0.93
Name: 3, dtype: object>",CUS-12,LATAM,28.17,1,2087.11,0,0
SHP-002511,2025-11,13,BAT-002999,PLT-04,CAR-01,"<bound method Series.mode of carrier_id                    CAR-01
carrier_name    GlobalTank Logistics
mode                     Bulk Liquid
base_otif                       0.94
Name: 0, dtype: object>",CUS-01,EMEA,30.15,1,4226.04,0,0
SHP-002512,2026-07,21,BAT-004634,PLT-03,CAR-04,"<bound method Series.mode of carrier_id                CAR-04
carrier_name    RailChem Freight
mode                        Rail
base_otif                   0.93
Name: 3, dtype: object>",CUS-07,APAC,28.66,1,3860.18,0,1
SHP-002513,2025-05,7,BAT-001720,PLT-06,CAR-05,"<bound method Series.mode of carrier_id               CAR-05
carrier_name    AirExpress Spec
mode                        Air
base_otif                  0.96
Name: 4, dtype: object>",CUS-02,AMER,72.15,1,6505.6,0,0
SHP-002514,2025-01,3,BAT-000778,PLT-01,CAR-03,"<bound method Series.mode of carrier_id               CAR-03
carrier_name    OceanChem Lines
mode                 Ocean Bulk
base_otif                  0.88
Name: 2, dtype: object>",CUS-15,EMEA,32.58,1,4387.49,0,0
SHP-002515,2026-03,17,BAT-003874,PLT-04,CAR-03,"<bound method Series.mode of carrier_id               CAR-03
carrier_name    OceanChem Lines
mode                 Ocean Bulk
base_otif                  0.88
Name: 2, dtype: object>",CUS-07,APAC,3.14,0,427.44,0,0
SHP-002516,2025-05,7,BAT-001699,PLT-02,CAR-02,"<bound method Series.mode of carrier_id                 CAR-02
carrier_name    EuroHaz Transport
mode                  Hazmat Road
base_otif                    0.91
Name: 1, dtype: object>",CUS-06,AMER,101.62,1,11687.91,0,0
SHP-002517,2025-08,10,BAT-002236,PLT-05,CAR-01,"<bound method Series.mode of carrier_id                    CAR-01
carrier_name    GlobalTank Logistics
mode                     Bulk Liquid
base_otif                       0.94
Name: 0, dtype: object>",CUS-01,EMEA,42.53,1,2923.77,0,0
SHP-002518,2026-01,15,BAT-003323,PLT-04,CAR-03,"<bound method Series.mode of carrier_id               CAR-03
carrier_name    OceanChem Lines
mode                 Ocean Bulk
base_otif                  0.88
Name: 2, dtype: object>",CUS-01,EMEA,33.74,1,4564.04,0,0
SHP-002519,2025-01,3,BAT-000878,PLT-06,CAR-04,"<bound method Series.mode of carrier_id                CAR-04
carrier_name    RailChem Freight
mode                        Rail
base_otif                   0.93
Name: 3, dtype: object>",CUS-13,AMER,51.65,1,5235.01,0,0
SHP-002520,2025-07,9,BAT-002138,PLT-06,CAR-04,"<bound method Series.mode of carrier_id                CAR-04
carrier_name    RailChem Freight
mode                        Rail
base_otif                   0.93
Name: 3, dtype: object>",CUS-14,APAC,15.0,1,1972.85,0,0
SHP-002521,2026-01,15,BAT-003369,PLT-01,CAR-02,"<bound method Series.mode of carrier_id                 CAR-02
carrier_name    EuroHaz Transport
mode                  Hazmat Road
base_otif                    0.91
Name: 1, dtype: object>",CUS-05,LATAM,16.55,1,1110.7,0,0
SHP-002522,2025-12,14,BAT-003225,PLT-01,CAR-01,"<bound method Series.mode of carrier_id                    CAR-01
carrier_name    GlobalTank Logistics
mode                     Bulk Liquid
base_otif                       0.94
Name: 0, dtype: object>",CUS-09,AMER,1.17,1,110.89,0,0
SHP-002523,2024-10,0,BAT-000216,PLT-01,CAR-03,"<bound method Series.mode of carrier_id               CAR-03
carrier_name    OceanChem Lines
mode                 Ocean Bulk
base_otif                  0.88
Name: 2, dtype: object>",CUS-13,AMER,22.68,1,2503.62,0,0
SHP-002524,2025-08,10,BAT-002230,PLT-03,CAR-04,"<bound method Series.mode of carrier_id                CAR-04
carrier_name    RailChem Freight
mode                        Rail
base_otif                   0.93
Name: 3, dtype: object>",CUS-08,EMEA,20.54,1,1508.91,0,0
SHP-002525,2025-05,7,BAT-001668,PLT-03,CAR-02,"<bound method Series.mode of carrier_id                 CAR-02
carrier_name    EuroHaz Transport
mode                  Hazmat Road
base_otif                    0.91
Name: 1, dtype: object>",CUS-04,EMEA,33.23,1,3357.55,0,0
SHP-002526,2025-02,4,BAT-000968,PLT-04,CAR-01,"<bound method Series.mode of carrier_id                    CAR-01
carrier_name    GlobalTank Logistics
mode                     Bulk Liquid
base_otif                       0.94
Name: 0, dtype: object>",CUS-05,LATAM,1.11,1,153.94,0,0
SHP-002527,2025-05,7,BAT-001578,PLT-06,CAR-05,"<bound method Series.mode of carrier_id               CAR-05
carrier_name    AirExpress Spec
mode                        Air
base_otif                  0.96
Name: 4, dtype: object>",CUS-02,AMER,25.57,1,1663.77,0,0
SHP-002528,2025-11,13,BAT-002932,PLT-03,CAR-04,"<bound method Series.mode of carrier_id                CAR-04
carrier_name    RailChem Freight
mode                        Rail
base_otif                   0.93
Name: 3, dtype: object>",CUS-12,LATAM,2.16,1,267.38,0,0
SHP-002529,2026-08,22,BAT-004992,PLT-04,CAR-04,"<bound method Series.mode of carrier_id                CAR-04
carrier_name    RailChem Freight
mode                        Rail
base_otif                   0.93
Name: 3, dtype: object>",CUS-11,EMEA,46.03,1,4722.92,0,1
SHP-002530,2025-05,7,BAT-001723,PLT-01,CAR-04,"<bound method Series.mode of carrier_id                CAR-04
carrier_name    RailChem Freight
mode                        Rail
base_otif                   0.93
Name: 3, dtype: object>",CUS-09,AMER,14.23,1,1251.6,0,0
SHP-002531,2026-02,16,BAT-003650,PLT-04,CAR-04,"<bound method Series.mode of carrier_id                CAR-04
carrier_name    RailChem Freight
mode                        Rail
base_otif                   0.93
Name: 3, dtype: object>",CUS-15,EMEA,52.13,1,5035.96,0,0
SHP-002532,2025-12,14,BAT-003209,PLT-05,CAR-04,"<bound method Series.mode of carrier_id                CAR-04
carrier_name    RailChem Freight
mode                        Rail
base_otif                   0.93
Name: 3, dtype: object>",CUS-12,LATAM,20.39,1,2364.17,0,0
SHP-002533,2026-08,22,BAT-004995,PLT-06,CAR-01,"<bound method Series.mode of carrier_id                    CAR-01
carrier_name    GlobalTank Logistics
mode                     Bulk Liquid
base_otif                       0.94
Name: 0, dtype: object>",CUS-04,EMEA,19.58,1,2780.01,0,1
SHP-002534,2025-12,14,BAT-003135,PLT-04,CAR-03,"<bound method Series.mode of carrier_id               CAR-03
carrier_name    OceanChem Lines
mode                 Ocean Bulk
base_otif                  0.88
Name: 2, dtype: object>",CUS-02,AMER,52.66,1,6015.1,0,0
SHP-002535,2025-05,7,BAT-001710,PLT-01,CAR-03,"<bound method Series.mode of carrier_id               CAR-03
carrier_name    OceanChem Lines
mode                 Ocean Bulk
base_otif                  0.88
Name: 2, dtype: object>",CUS-09,AMER,28.97,1,1998.57,0,0
SHP-002536,2026-03,17,BAT-003910,PLT-06,CAR-01,"<bound method Series.mode of carrier_id                    CAR-01
carrier_name    GlobalTank Logistics
mode                     Bulk Liquid
base_otif                       0.94
Name: 0, dtype: object>",CUS-11,EMEA,66.4,1,8672.19,0,0
SHP-002537,2026-08,22,BAT-004878,PLT-02,CAR-02,"<bound method Series.mode of carrier_id                 CAR-02
carrier_name    EuroHaz Transport
mode                  Hazmat Road
base_otif                    0.91
Name: 1, dtype: object>",CUS-07,APAC,48.95,1,6318.55,0,1
SHP-002538,2025-04,6,BAT-001486,PLT-03,CAR-03,"<bound method Series.mode of carrier_id               CAR-03
carrier_name    OceanChem Lines
mode                 Ocean Bulk
base_otif                  0.88
Name: 2, dtype: object>",CUS-10,APAC,27.07,1,3242.06,0,0
SHP-002539,2025-07,9,BAT-002019,PLT-02,CAR-02,"<bound method Series.mode of carrier_id                 CAR-02
carrier_name    EuroHaz Transport
mode                  Hazmat Road
base_otif                    0.91
Name: 1, dtype: object>",CUS-04,EMEA,82.53,1,9242.98,0,0
SHP-002540,2026-05,19,BAT-004318,PLT-03,CAR-05,"<bound method Series.mode of carrier_id               CAR-05
carrier_name    AirExpress Spec
mode                        Air
base_otif                  0.96
Name: 4, dtype: object>",CUS-11,EMEA,28.68,1,3594.21,0,1
SHP-002541,2026-08,22,BAT-004889,PLT-03,CAR-03,"<bound method Series.mode of carrier_id               CAR-03
carrier_name    OceanChem Lines
mode                 Ocean Bulk
base_otif                  0.88
Name: 2, dtype: object>",CUS-03,APAC,57.45,1,4115.2,0,1
SHP-002542,2025-01,3,BAT-000728,PLT-05,CAR-02,"<bound method Series.mode of carrier_id                 CAR-02
carrier_name    EuroHaz Transport
mode                  Hazmat Road
base_otif                    0.91
Name: 1, dtype: object>",CUS-05,LATAM,26.5,1,3688.44,0,0
SHP-002543,2026-09,23,BAT-005097,PLT-05,CAR-05,"<bound method Series.mode of carrier_id               CAR-05
carrier_name    AirExpress Spec
mode                        Air
base_otif                  0.96
Name: 4, dtype: object>",CUS-12,LATAM,32.29,1,4608.43,0,1
SHP-002544,2026-06,20,BAT-004581,PLT-02,CAR-04,"<bound method Series.mode of carrier_id                CAR-04
carrier_name    RailChem Freight
mode                        Rail
base_otif                   0.93
Name: 3, dtype: object>",CUS-10,APAC,53.01,1,6990.92,0,1
SHP-002545,2025-04,6,BAT-001416,PLT-03,CAR-04,"<bound method Series.mode of carrier_id                CAR-04
carrier_name    RailChem Freight
mode                        Rail
base_otif                   0.93
Name: 3, dtype: object>",CUS-04,EMEA,71.04,1,6858.63,0,0
SHP-002546,2026-05,19,BAT-004349,PLT-06,CAR-03,"<bound method Series.mode of carrier_id               CAR-03
carrier_name    OceanChem Lines
mode                 Ocean Bulk
base_otif                  0.88
Name: 2, dtype: object>",CUS-06,AMER,29.04,1,2568.6,0,1
SHP-002547,2025-01,3,BAT-000875,PLT-01,CAR-03,"<bound method Series.mode of carrier_id               CAR-03
carrier_name    OceanChem Lines
mode                 Ocean Bulk
base_otif                  0.88
Name: 2, dtype: object>",CUS-02,AMER,60.87,1,5469.67,0,0
SHP-002548,2024-12,2,BAT-000650,PLT-06,CAR-03,"<bound method Series.mode of carrier_id               CAR-03
carrier_name    OceanChem Lines
mode                 Ocean Bulk
base_otif                  0.88
Name: 2, dtype: object>",CUS-07,APAC,19.71,1,2502.98,0,0
SHP-002549,2026-08,22,BAT-004948,PLT-03,CAR-04,"<bound method Series.mode of carrier_id                CAR-04
carrier_name    RailChem Freight
mode                        Rail
base_otif                   0.93
Name: 3, dtype: object>",CUS-13,AMER,45.33,1,2707.58,0,1
SHP-002550,2025-06,8,BAT-001925,PLT-03,CAR-05,"<bound method Series.mode of carrier_id               CAR-05
carrier_name    AirExpress Spec
mode                        Air
base_otif                  0.96
Name: 4, dtype: object>",CUS-06,AMER,32.17,1,2314.12,0,0
SHP-002551,2026-03,17,BAT-003819,PLT-02,CAR-01,"<bound method Series.mode of carrier_id                    CAR-01
carrier_name    GlobalTank Logistics
mode                     Bulk Liquid
base_otif                       0.94
Name: 0, dtype: object>",CUS-09,AMER,21.8,1,2169.45,0,0
SHP-002552,2026-01,15,BAT-003370,PLT-05,CAR-02,"<bound method Series.mode of carrier_id                 CAR-02
carrier_name    EuroHaz Transport
mode                  Hazmat Road
base_otif                    0.91
Name: 1, dtype: object>",CUS-09,AMER,63.6,1,6804.09,0,0
SHP-002553,2026-07,21,BAT-004719,PLT-05,CAR-03,"<bound method Series.mode of carrier_id               CAR-03
carrier_name    OceanChem Lines
mode                 Ocean Bulk
base_otif                  0.88
Name: 2, dtype: object>",CUS-01,EMEA,58.58,1,6395.28,0,1
SHP-002554,2026-05,19,BAT-004249,PLT-05,CAR-01,"<bound method Series.mode of carrier_id                    CAR-01
carrier_name    GlobalTank Logistics
mode                     Bulk Liquid
base_otif                       0.94
Name: 0, dtype: object>",CUS-07,APAC,22.92,1,1567.3,0,1
SHP-002555,2026-06,20,BAT-004614,PLT-05,CAR-05,"<bound method Series.mode of carrier_id               CAR-05
carrier_name    AirExpress Spec
mode                        Air
base_otif                  0.96
Name: 4, dtype: object>",CUS-11,EMEA,24.92,1,2110.58,0,1
SHP-002556,2026-08,22,BAT-004932,PLT-06,CAR-05,"<bound method Series.mode of carrier_id               CAR-05
carrier_name    AirExpress Spec
mode                        Air
base_otif                  0.96
Name: 4, dtype: object>",CUS-15,EMEA,63.08,1,8733.27,0,1
SHP-002557,2024-11,1,BAT-000398,PLT-02,CAR-04,"<bound method Series.mode of carrier_id                CAR-04
carrier_name    RailChem Freight
mode                        Rail
base_otif                   0.93
Name: 3, dtype: object>",CUS-09,AMER,3.13,1,326.8,0,0
SHP-002558,2025-10,12,BAT-002796,PLT-01,CAR-02,"<bound method Series.mode of carrier_id                 CAR-02
carrier_name    EuroHaz Transport
mode                  Hazmat Road
base_otif                    0.91
Name: 1, dtype: object>",CUS-01,EMEA,58.55,1,5102.64,0,0
SHP-002559,2026-09,23,BAT-005174,PLT-03,CAR-05,"<bound method Series.mode of carrier_id               CAR-05
carrier_name    AirExpress Spec
mode                        Air
base_otif                  0.96
Name: 4, dtype: object>",CUS-11,EMEA,56.58,1,5592.6,0,1
SHP-002560,2025-07,9,BAT-002170,PLT-05,CAR-04,"<bound method Series.mode of carrier_id                CAR-04
carrier_name    RailChem Freight
mode                        Rail
base_otif                   0.93
Name: 3, dtype: object>",CUS-02,AMER,31.07,1,3392.77,0,0
SHP-002561,2024-11,1,BAT-000241,PLT-01,CAR-03,"<bound method Series.mode of carrier_id               CAR-03
carrier_name    OceanChem Lines
mode                 Ocean Bulk
base_otif                  0.88
Name: 2, dtype: object>",CUS-13,AMER,71.42,1,7816.86,0,0
SHP-002562,2025-12,14,BAT-003271,PLT-02,CAR-01,"<bound method Series.mode of carrier_id                    CAR-01
carrier_name    GlobalTank Logistics
mode                     Bulk Liquid
base_otif                       0.94
Name: 0, dtype: object>",CUS-15,EMEA,45.08,1,3492.28,0,0
SHP-002563,2026-09,23,BAT-005076,PLT-06,CAR-01,"<bound method Series.mode of carrier_id                    CAR-01
carrier_name    GlobalTank Logistics
mode                     Bulk Liquid
base_otif                       0.94
Name: 0, dtype: object>",CUS-14,APAC,35.39,1,4004.04,0,1
SHP-002564,2025-08,10,BAT-002408,PLT-01,CAR-03,"<bound method Series.mode of carrier_id               CAR-03
carrier_name    OceanChem Lines
mode                 Ocean Bulk
base_otif                  0.88
Name: 2, dtype: object>",CUS-02,AMER,39.53,1,4584.75,0,0
SHP-002565,2025-02,4,BAT-001085,PLT-05,CAR-05,"<bound method Series.mode of carrier_id               CAR-05
carrier_name    AirExpress Spec
mode                        Air
base_otif                  0.96
Name: 4, dtype: object>",CUS-09,AMER,16.15,1,2294.0,0,0
SHP-002566,2026-02,16,BAT-003587,PLT-06,CAR-01,"<bound method Series.mode of carrier_id                    CAR-01
carrier_name    GlobalTank Logistics
mode                     Bulk Liquid
base_otif                       0.94
Name: 0, dtype: object>",CUS-09,AMER,56.45,1,6969.97,0,0
SHP-002567,2025-04,6,BAT-001334,PLT-02,CAR-03,"<bound method Series.mode of carrier_id               CAR-03
carrier_name    OceanChem Lines
mode                 Ocean Bulk
base_otif                  0.88
Name: 2, dtype: object>",CUS-04,EMEA,51.87,1,3781.5,0,0
SHP-002568,2026-09,23,BAT-005115,PLT-01,CAR-04,"<bound method Series.mode of carrier_id                CAR-04
carrier_name    RailChem Freight
mode                        Rail
base_otif                   0.93
Name: 3, dtype: object>",CUS-03,APAC,27.88,1,2011.77,0,1
SHP-002569,2025-04,6,BAT-001431,PLT-03,CAR-01,"<bound method Series.mode of carrier_id                    CAR-01
carrier_name    GlobalTank Logistics
mode                     Bulk Liquid
base_otif                       0.94
Name: 0, dtype: object>",CUS-10,APAC,67.44,1,6560.19,0,0
SHP-002570,2025-03,5,BAT-001105,PLT-02,CAR-02,"<bound method Series.mode of carrier_id                 CAR-02
carrier_name    EuroHaz Transport
mode                  Hazmat Road
base_otif                    0.91
Name: 1, dtype: object>",CUS-04,EMEA,80.05,1,8318.39,0,0
SHP-002571,2025-10,12,BAT-002829,PLT-05,CAR-02,"<bound method Series.mode of carrier_id                 CAR-02
carrier_name    EuroHaz Transport
mode                  Hazmat Road
base_otif                    0.91
Name: 1, dtype: object>",CUS-10,APAC,1.07,1,136.3,0,0
SHP-002572,2026-05,19,BAT-004371,PLT-02,CAR-05,"<bound method Series.mode of carrier_id               CAR-05
carrier_name    AirExpress Spec
mode                        Air
base_otif                  0.96
Name: 4, dtype: object>",CUS-02,AMER,73.11,1,7418.67,0,1
SHP-002573,2026-08,22,BAT-004850,PLT-06,CAR-05,"<bound method Series.mode of carrier_id               CAR-05
carrier_name    AirExpress Spec
mode                        Air
base_otif                  0.96
Name: 4, dtype: object>",CUS-14,APAC,54.27,1,3806.3,0,1
SHP-002574,2024-10,0,BAT-000199,PLT-03,CAR-05,"<bound method Series.mode of carrier_id               CAR-05
carrier_name    AirExpress Spec
mode                        Air
base_otif                  0.96
Name: 4, dtype: object>",CUS-09,AMER,31.79,1,3060.5,0,0
SHP-002575,2026-09,23,BAT-005203,PLT-03,CAR-02,"<bound method Series.mode of carrier_id                 CAR-02
carrier_name    EuroHaz Transport
mode                  Hazmat Road
base_otif                    0.91
Name: 1, dtype: object>",CUS-02,AMER,22.79,1,1907.99,0,1
SHP-002576,2024-11,1,BAT-000244,PLT-01,CAR-02,"<bound method Series.mode of carrier_id                 CAR-02
carrier_name    EuroHaz Transport
mode                  Hazmat Road
base_otif                    0.91
Name: 1, dtype: object>",CUS-15,EMEA,34.46,1,3706.99,0,0
SHP-002577,2025-08,10,BAT-002375,PLT-05,CAR-01,"<bound method Series.mode of carrier_id                    CAR-01
carrier_name    GlobalTank Logistics
mode                     Bulk Liquid
base_otif                       0.94
Name: 0, dtype: object>",CUS-10,APAC,69.81,1,5379.0,0,0
SHP-002578,2025-01,3,BAT-000736,PLT-03,CAR-05,"<bound method Series.mode of carrier_id               CAR-05
carrier_name    AirExpress Spec
mode                        Air
base_otif                  0.96
Name: 4, dtype: object>",CUS-14,APAC,69.13,1,7205.55,0,0
SHP-002579,2025-04,6,BAT-001359,PLT-04,CAR-04,"<bound method Series.mode of carrier_id                CAR-04
carrier_name    RailChem Freight
mode                        Rail
base_otif                   0.93
Name: 3, dtype: object>",CUS-07,APAC,2.03,0,200.04,0,0
SHP-002580,2025-11,13,BAT-002896,PLT-04,CAR-05,"<bound method Series.mode of carrier_id               CAR-05
carrier_name    AirExpress Spec
mode                        Air
base_otif                  0.96
Name: 4, dtype: object>",CUS-13,AMER,1.79,1,171.8,0,0
SHP-002581,2025-06,8,BAT-001904,PLT-04,CAR-05,"<bound method Series.mode of carrier_id               CAR-05
carrier_name    AirExpress Spec
mode                        Air
base_otif                  0.96
Name: 4, dtype: object>",CUS-12,LATAM,12.89,1,1492.83,0,0
SHP-002582,2025-10,12,BAT-002847,PLT-02,CAR-01,"<bound method Series.mode of carrier_id                    CAR-01
carrier_name    GlobalTank Logistics
mode                     Bulk Liquid
base_otif                       0.94
Name: 0, dtype: object>",CUS-15,EMEA,58.79,1,8427.15,0,0
SHP-002583,2025-07,9,BAT-002115,PLT-04,CAR-03,"<bound method Series.mode of carrier_id               CAR-03
carrier_name    OceanChem Lines
mode                 Ocean Bulk
base_otif                  0.88
Name: 2, dtype: object>",CUS-01,EMEA,1.73,1,225.77,0,0
SHP-002584,2025-06,8,BAT-001965,PLT-02,CAR-05,"<bound method Series.mode of carrier_id               CAR-05
carrier_name    AirExpress Spec
mode                        Air
base_otif                  0.96
Name: 4, dtype: object>",CUS-01,EMEA,78.43,1,6832.95,0,0
SHP-002585,2024-10,0,BAT-000138,PLT-04,CAR-05,"<bound method Series.mode of carrier_id               CAR-05
carrier_name    AirExpress Spec
mode                        Air
base_otif                  0.96
Name: 4, dtype: object>",CUS-14,APAC,84.92,1,5591.69,0,0
SHP-002586,2026-03,17,BAT-003932,PLT-05,CAR-04,"<bound method Series.mode of carrier_id                CAR-04
carrier_name    RailChem Freight
mode                        Rail
base_otif                   0.93
Name: 3, dtype: object>",CUS-11,EMEA,53.87,1,6085.12,0,0
SHP-002587,2025-07,9,BAT-002184,PLT-04,CAR-02,"<bound method Series.mode of carrier_id                 CAR-02
carrier_name    EuroHaz Transport
mode                  Hazmat Road
base_otif                    0.91
Name: 1, dtype: object>",CUS-13,AMER,20.33,1,2932.93,0,0
SHP-002588,2026-01,15,BAT-003475,PLT-05,CAR-01,"<bound method Series.mode of carrier_id                    CAR-01
carrier_name    GlobalTank Logistics
mode                     Bulk Liquid
base_otif                       0.94
Name: 0, dtype: object>",CUS-15,EMEA,36.27,1,4400.52,0,0
SHP-002589,2026-04,18,BAT-004143,PLT-06,CAR-02,"<bound method Series.mode of carrier_id                 CAR-02
carrier_name    EuroHaz Transport
mode                  Hazmat Road
base_otif                    0.91
Name: 1, dtype: object>",CUS-03,APAC,31.09,1,4050.17,0,1
SHP-002590,2026-04,18,BAT-003961,PLT-05,CAR-05,"<bound method Series.mode of carrier_id               CAR-05
carrier_name    AirExpress Spec
mode                        Air
base_otif                  0.96
Name: 4, dtype: object>",CUS-12,LATAM,69.19,1,6792.17,0,1
SHP-002591,2025-08,10,BAT-002398,PLT-02,CAR-01,"<bound method Series.mode of carrier_id                    CAR-01
carrier_name    GlobalTank Logistics
mode                     Bulk Liquid
base_otif                       0.94
Name: 0, dtype: object>",CUS-10,APAC,34.92,1,2234.35,0,0
SHP-002592,2024-11,1,BAT-000431,PLT-01,CAR-04,"<bound method Series.mode of carrier_id                CAR-04
carrier_name    RailChem Freight
mode                        Rail
base_otif                   0.93
Name: 3, dtype: object>",CUS-05,LATAM,26.86,1,2949.28,0,0
SHP-002593,2025-06,8,BAT-001764,PLT-05,CAR-02,"<bound method Series.mode of carrier_id                 CAR-02
carrier_name    EuroHaz Transport
mode                  Hazmat Road
base_otif                    0.91
Name: 1, dtype: object>",CUS-02,AMER,43.06,1,3953.54,0,0
SHP-002594,2025-08,10,BAT-002353,PLT-03,CAR-03,"<bound method Series.mode of carrier_id               CAR-03
carrier_name    OceanChem Lines
mode                 Ocean Bulk
base_otif                  0.88
Name: 2, dtype: object>",CUS-01,EMEA,71.25,1,5662.51,0,0
SHP-002595,2025-05,7,BAT-001606,PLT-04,CAR-01,"<bound method Series.mode of carrier_id                    CAR-01
carrier_name    GlobalTank Logistics
mode                     Bulk Liquid
base_otif                       0.94
Name: 0, dtype: object>",CUS-01,EMEA,60.96,1,4709.73,0,0
SHP-002596,2025-10,12,BAT-002810,PLT-01,CAR-05,"<bound method Series.mode of carrier_id               CAR-05
carrier_name    AirExpress Spec
mode                        Air
base_otif                  0.96
Name: 4, dtype: object>",CUS-01,EMEA,43.82,1,2668.82,0,0
SHP-002597,2026-02,16,BAT-003564,PLT-05,CAR-03,"<bound method Series.mode of carrier_id               CAR-03
carrier_name    OceanChem Lines
mode                 Ocean Bulk
base_otif                  0.88
Name: 2, dtype: object>",CUS-15,EMEA,12.08,1,1196.3,0,0
SHP-002598,2024-10,0,BAT-000166,PLT-06,CAR-05,"<bound method Series.mode of carrier_id               CAR-05
carrier_name    AirExpress Spec
mode                        Air
base_otif                  0.96
Name: 4, dtype: object>",CUS-10,APAC,2.5,1,338.87,0,0
SHP-002599,2025-01,3,BAT-000871,PLT-05,CAR-01,"<bound method Series.mode of carrier_id                    CAR-01
carrier_name    GlobalTank Logistics
mode                     Bulk Liquid
base_otif                       0.94
Name: 0, dtype: object>",CUS-10,APAC,40.46,1,4409.89,0,0
SHP-002600,2025-12,14,BAT-003117,PLT-03,CAR-03,"<bound method Series.mode of carrier_id               CAR-03
carrier_name    OceanChem Lines
mode                 Ocean Bulk
base_otif                  0.88
Name: 2, dtype: object>",CUS-13,AMER,23.4,1,3160.32,0,0
SHP-002601,2025-02,4,BAT-000956,PLT-01,CAR-01,"<bound method Series.mode of carrier_id                    CAR-01
carrier_name    GlobalTank Logistics
mode                     Bulk Liquid
base_otif                       0.94
Name: 0, dtype: object>",CUS-03,APAC,18.33,1,2627.23,0,0
SHP-002602,2025-07,9,BAT-002154,PLT-04,CAR-01,"<bound method Series.mode of carrier_id                    CAR-01
carrier_name    GlobalTank Logistics
mode                     Bulk Liquid
base_otif                       0.94
Name: 0, dtype: object>",CUS-04,EMEA,1.94,0,209.77,0,0
SHP-002603,2025-03,5,BAT-001174,PLT-02,CAR-02,"<bound method Series.mode of carrier_id                 CAR-02
carrier_name    EuroHaz Transport
mode                  Hazmat Road
base_otif                    0.91
Name: 1, dtype: object>",CUS-07,APAC,102.25,1,12357.01,0,0
SHP-002604,2026-01,15,BAT-003404,PLT-03,CAR-04,"<bound method Series.mode of carrier_id                CAR-04
carrier_name    RailChem Freight
mode                        Rail
base_otif                   0.93
Name: 3, dtype: object>",CUS-05,LATAM,32.97,1,2483.41,0,0
SHP-002605,2025-01,3,BAT-000786,PLT-02,CAR-02,"<bound method Series.mode of carrier_id                 CAR-02
carrier_name    EuroHaz Transport
mode                  Hazmat Road
base_otif                    0.91
Name: 1, dtype: object>",CUS-05,LATAM,31.86,1,3654.63,0,0
SHP-002606,2026-04,18,BAT-004051,PLT-02,CAR-03,"<bound method Series.mode of carrier_id               CAR-03
carrier_name    OceanChem Lines
mode                 Ocean Bulk
base_otif                  0.88
Name: 2, dtype: object>",CUS-15,EMEA,3.42,1,402.49,0,1
SHP-002607,2026-06,20,BAT-004453,PLT-01,CAR-02,"<bound method Series.mode of carrier_id                 CAR-02
carrier_name    EuroHaz Transport
mode                  Hazmat Road
base_otif                    0.91
Name: 1, dtype: object>",CUS-07,APAC,34.81,1,3217.98,0,1
SHP-002608,2025-02,4,BAT-000994,PLT-03,CAR-01,"<bound method Series.mode of carrier_id                    CAR-01
carrier_name    GlobalTank Logistics
mode                     Bulk Liquid
base_otif                       0.94
Name: 0, dtype: object>",CUS-12,LATAM,10.02,1,654.86,0,0
SHP-002609,2025-05,7,BAT-001664,PLT-03,CAR-04,"<bound method Series.mode of carrier_id                CAR-04
carrier_name    RailChem Freight
mode                        Rail
base_otif                   0.93
Name: 3, dtype: object>",CUS-07,APAC,46.71,1,4967.28,0,0
SHP-002610,2025-02,4,BAT-000899,PLT-03,CAR-03,"<bound method Series.mode of carrier_id               CAR-03
carrier_name    OceanChem Lines
mode                 Ocean Bulk
base_otif                  0.88
Name: 2, dtype: object>",CUS-09,AMER,34.4,1,2862.53,0,0
SHP-002611,2025-09,11,BAT-002595,PLT-01,CAR-05,"<bound method Series.mode of carrier_id               CAR-05
carrier_name    AirExpress Spec
mode                        Air
base_otif                  0.96
Name: 4, dtype: object>",CUS-09,AMER,1.37,1,108.11,0,0
SHP-002612,2025-05,7,BAT-001638,PLT-02,CAR-01,"<bound method Series.mode of carrier_id                    CAR-01
carrier_name    GlobalTank Logistics
mode                     Bulk Liquid
base_otif                       0.94
Name: 0, dtype: object>",CUS-07,APAC,104.42,1,6142.31,0,0
SHP-002613,2026-03,17,BAT-003872,PLT-01,CAR-03,"<bound method Series.mode of carrier_id               CAR-03
carrier_name    OceanChem Lines
mode                 Ocean Bulk
base_otif                  0.88
Name: 2, dtype: object>",CUS-12,LATAM,35.32,1,2414.47,0,0
SHP-002614,2025-08,10,BAT-002270,PLT-03,CAR-05,"<bound method Series.mode of carrier_id               CAR-05
carrier_name    AirExpress Spec
mode                        Air
base_otif                  0.96
Name: 4, dtype: object>",CUS-03,APAC,34.93,1,2591.25,0,0
SHP-002615,2026-07,21,BAT-004741,PLT-04,CAR-03,"<bound method Series.mode of carrier_id               CAR-03
carrier_name    OceanChem Lines
mode                 Ocean Bulk
base_otif                  0.88
Name: 2, dtype: object>",CUS-01,EMEA,90.42,0,7862.64,0,1
SHP-002616,2026-04,18,BAT-004082,PLT-05,CAR-03,"<bound method Series.mode of carrier_id               CAR-03
carrier_name    OceanChem Lines
mode                 Ocean Bulk
base_otif                  0.88
Name: 2, dtype: object>",CUS-07,APAC,20.3,1,1392.5,0,1
SHP-002617,2025-03,5,BAT-001109,PLT-01,CAR-05,"<bound method Series.mode of carrier_id               CAR-05
carrier_name    AirExpress Spec
mode                        Air
base_otif                  0.96
Name: 4, dtype: object>",CUS-14,APAC,65.68,1,4457.27,0,0
SHP-002618,2025-08,10,BAT-002214,PLT-04,CAR-04,"<bound method Series.mode of carrier_id                CAR-04
carrier_name    RailChem Freight
mode                        Rail
base_otif                   0.93
Name: 3, dtype: object>",CUS-05,LATAM,3.43,1,225.93,0,0
SHP-002619,2026-05,19,BAT-004324,PLT-02,CAR-03,"<bound method Series.mode of carrier_id               CAR-03
carrier_name    OceanChem Lines
mode                 Ocean Bulk
base_otif                  0.88
Name: 2, dtype: object>",CUS-12,LATAM,56.93,1,5043.03,0,1
SHP-002620,2026-09,23,BAT-005220,PLT-02,CAR-01,"<bound method Series.mode of carrier_id                    CAR-01
carrier_name    GlobalTank Logistics
mode                     Bulk Liquid
base_otif                       0.94
Name: 0, dtype: object>",CUS-15,EMEA,67.66,1,6636.49,0,1
SHP-002621,2025-10,12,BAT-002854,PLT-04,CAR-04,"<bound method Series.mode of carrier_id                CAR-04
carrier_name    RailChem Freight
mode                        Rail
base_otif                   0.93
Name: 3, dtype: object>",CUS-08,EMEA,38.85,1,3715.79,0,0
SHP-002622,2026-06,20,BAT-004440,PLT-01,CAR-02,"<bound method Series.mode of carrier_id                 CAR-02
carrier_name    EuroHaz Transport
mode                  Hazmat Road
base_otif                    0.91
Name: 1, dtype: object>",CUS-12,LATAM,33.62,0,3502.08,0,1
SHP-002623,2025-01,3,BAT-000757,PLT-03,CAR-03,"<bound method Series.mode of carrier_id               CAR-03
carrier_name    OceanChem Lines
mode                 Ocean Bulk
base_otif                  0.88
Name: 2, dtype: object>",CUS-08,EMEA,36.27,1,3814.96,0,0
SHP-002624,2025-01,3,BAT-000771,PLT-02,CAR-02,"<bound method Series.mode of carrier_id                 CAR-02
carrier_name    EuroHaz Transport
mode                  Hazmat Road
base_otif                    0.91
Name: 1, dtype: object>",CUS-06,AMER,15.32,1,1897.58,0,0
SHP-002625,2025-04,6,BAT-001471,PLT-04,CAR-01,"<bound method Series.mode of carrier_id                    CAR-01
carrier_name    GlobalTank Logistics
mode                     Bulk Liquid
base_otif                       0.94
Name: 0, dtype: object>",CUS-05,LATAM,83.17,1,7139.44,0,0
SHP-002626,2026-04,18,BAT-004146,PLT-03,CAR-05,"<bound method Series.mode of carrier_id               CAR-05
carrier_name    AirExpress Spec
mode                        Air
base_otif                  0.96
Name: 4, dtype: object>",CUS-14,APAC,28.76,1,4144.67,0,1
SHP-002627,2026-07,21,BAT-004742,PLT-06,CAR-02,"<bound method Series.mode of carrier_id                 CAR-02
carrier_name    EuroHaz Transport
mode                  Hazmat Road
base_otif                    0.91
Name: 1, dtype: object>",CUS-11,EMEA,44.4,1,4304.81,0,1
SHP-002628,2025-05,7,BAT-001640,PLT-02,CAR-01,"<bound method Series.mode of carrier_id                    CAR-01
carrier_name    GlobalTank Logistics
mode                     Bulk Liquid
base_otif                       0.94
Name: 0, dtype: object>",CUS-05,LATAM,89.43,1,5667.81,0,0
SHP-002629,2026-04,18,BAT-004020,PLT-02,CAR-04,"<bound method Series.mode of carrier_id                CAR-04
carrier_name    RailChem Freight
mode                        Rail
base_otif                   0.93
Name: 3, dtype: object>",CUS-08,EMEA,21.56,1,1303.29,0,1
SHP-002630,2025-07,9,BAT-002189,PLT-04,CAR-01,"<bound method Series.mode of carrier_id                    CAR-01
carrier_name    GlobalTank Logistics
mode                     Bulk Liquid
base_otif                       0.94
Name: 0, dtype: object>",CUS-06,AMER,27.53,1,2016.16,0,0
SHP-002631,2025-09,11,BAT-002623,PLT-06,CAR-01,"<bound method Series.mode of carrier_id                    CAR-01
carrier_name    GlobalTank Logistics
mode                     Bulk Liquid
base_otif                       0.94
Name: 0, dtype: object>",CUS-06,AMER,63.97,1,5292.4,0,0
SHP-002632,2026-01,15,BAT-003486,PLT-04,CAR-01,"<bound method Series.mode of carrier_id                    CAR-01
carrier_name    GlobalTank Logistics
mode                     Bulk Liquid
base_otif                       0.94
Name: 0, dtype: object>",CUS-01,EMEA,31.2,1,3373.63,0,0
SHP-002633,2026-06,20,BAT-004610,PLT-05,CAR-05,"<bound method Series.mode of carrier_id               CAR-05
carrier_name    AirExpress Spec
mode                        Air
base_otif                  0.96
Name: 4, dtype: object>",CUS-11,EMEA,13.06,1,1500.51,0,1
SHP-002634,2025-09,11,BAT-002506,PLT-01,CAR-02,"<bound method Series.mode of carrier_id                 CAR-02
carrier_name    EuroHaz Transport
mode                  Hazmat Road
base_otif                    0.91
Name: 1, dtype: object>",CUS-01,EMEA,23.95,1,1616.58,0,0
SHP-002635,2025-02,4,BAT-000881,PLT-04,CAR-03,"<bound method Series.mode of carrier_id               CAR-03
carrier_name    OceanChem Lines
mode                 Ocean Bulk
base_otif                  0.88
Name: 2, dtype: object>",CUS-12,LATAM,26.43,1,2289.13,0,0
SHP-002636,2024-11,1,BAT-000236,PLT-03,CAR-02,"<bound method Series.mode of carrier_id                 CAR-02
carrier_name    EuroHaz Transport
mode                  Hazmat Road
base_otif                    0.91
Name: 1, dtype: object>",CUS-15,EMEA,50.19,1,7060.62,0,0
SHP-002637,2025-11,13,BAT-002914,PLT-03,CAR-02,"<bound method Series.mode of carrier_id                 CAR-02
carrier_name    EuroHaz Transport
mode                  Hazmat Road
base_otif                    0.91
Name: 1, dtype: object>",CUS-11,EMEA,30.57,1,2445.04,0,0
SHP-002638,2025-04,6,BAT-001535,PLT-06,CAR-03,"<bound method Series.mode of carrier_id               CAR-03
carrier_name    OceanChem Lines
mode                 Ocean Bulk
base_otif                  0.88
Name: 2, dtype: object>",CUS-13,AMER,50.11,1,4695.46,0,0
SHP-002639,2026-04,18,BAT-003972,PLT-01,CAR-01,"<bound method Series.mode of carrier_id                    CAR-01
carrier_name    GlobalTank Logistics
mode                     Bulk Liquid
base_otif                       0.94
Name: 0, dtype: object>",CUS-10,APAC,37.95,1,4961.24,0,1
SHP-002640,2025-03,5,BAT-001236,PLT-06,CAR-05,"<bound method Series.mode of carrier_id               CAR-05
carrier_name    AirExpress Spec
mode                        Air
base_otif                  0.96
Name: 4, dtype: object>",CUS-13,AMER,55.34,1,7405.75,0,0
SHP-002641,2025-12,14,BAT-003258,PLT-06,CAR-04,"<bound method Series.mode of carrier_id                CAR-04
carrier_name    RailChem Freight
mode                        Rail
base_otif                   0.93
Name: 3, dtype: object>",CUS-05,LATAM,61.38,1,8542.13,0,0
SHP-002642,2026-03,17,BAT-003930,PLT-03,CAR-02,"<bound method Series.mode of carrier_id                 CAR-02
carrier_name    EuroHaz Transport
mode                  Hazmat Road
base_otif                    0.91
Name: 1, dtype: object>",CUS-10,APAC,1.58,1,183.73,0,0
SHP-002643,2025-12,14,BAT-003232,PLT-06,CAR-04,"<bound method Series.mode of carrier_id                CAR-04
carrier_name    RailChem Freight
mode                        Rail
base_otif                   0.93
Name: 3, dtype: object>",CUS-05,LATAM,68.11,1,4509.44,0,0
SHP-002644,2025-08,10,BAT-002272,PLT-01,CAR-01,"<bound method Series.mode of carrier_id                    CAR-01
carrier_name    GlobalTank Logistics
mode                     Bulk Liquid
base_otif                       0.94
Name: 0, dtype: object>",CUS-09,AMER,33.61,1,3323.2,0,0
SHP-002645,2026-08,22,BAT-004971,PLT-02,CAR-03,"<bound method Series.mode of carrier_id               CAR-03
carrier_name    OceanChem Lines
mode                 Ocean Bulk
base_otif                  0.88
Name: 2, dtype: object>",CUS-03,APAC,102.57,1,13424.01,0,1
SHP-002646,2025-09,11,BAT-002536,PLT-02,CAR-03,"<bound method Series.mode of carrier_id               CAR-03
carrier_name    OceanChem Lines
mode                 Ocean Bulk
base_otif                  0.88
Name: 2, dtype: object>",CUS-06,AMER,3.41,1,233.73,0,0
SHP-002647,2025-09,11,BAT-002583,PLT-05,CAR-05,"<bound method Series.mode of carrier_id               CAR-05
carrier_name    AirExpress Spec
mode                        Air
base_otif                  0.96
Name: 4, dtype: object>",CUS-05,LATAM,14.48,1,1187.58,0,0
SHP-002648,2026-08,22,BAT-004914,PLT-06,CAR-03,"<bound method Series.mode of carrier_id               CAR-03
carrier_name    OceanChem Lines
mode                 Ocean Bulk
base_otif                  0.88
Name: 2, dtype: object>",CUS-14,APAC,69.03,1,8549.65,0,1
SHP-002649,2026-08,22,BAT-004976,PLT-02,CAR-05,"<bound method Series.mode of carrier_id               CAR-05
carrier_name    AirExpress Spec
mode                        Air
base_otif                  0.96
Name: 4, dtype: object>",CUS-07,APAC,2.12,1,137.53,0,1
SHP-002650,2026-05,19,BAT-004263,PLT-05,CAR-03,"<bound method Series.mode of carrier_id               CAR-03
carrier_name    OceanChem Lines
mode                 Ocean Bulk
base_otif                  0.88
Name: 2, dtype: object>",CUS-15,EMEA,62.35,1,8475.33,0,1
SHP-002651,2025-05,7,BAT-001733,PLT-05,CAR-03,"<bound method Series.mode of carrier_id               CAR-03
carrier_name    OceanChem Lines
mode                 Ocean Bulk
base_otif                  0.88
Name: 2, dtype: object>",CUS-13,AMER,0.74,1,71.18,0,0
SHP-002652,2026-03,17,BAT-003821,PLT-05,CAR-03,"<bound method Series.mode of carrier_id               CAR-03
carrier_name    OceanChem Lines
mode                 Ocean Bulk
base_otif                  0.88
Name: 2, dtype: object>",CUS-14,APAC,21.12,1,2013.54,0,0
SHP-002653,2025-06,8,BAT-001859,PLT-02,CAR-03,"<bound method Series.mode of carrier_id               CAR-03
carrier_name    OceanChem Lines
mode                 Ocean Bulk
base_otif                  0.88
Name: 2, dtype: object>",CUS-09,AMER,65.11,1,7432.39,0,0
SHP-002654,2025-03,5,BAT-001216,PLT-01,CAR-03,"<bound method Series.mode of carrier_id               CAR-03
carrier_name    OceanChem Lines
mode                 Ocean Bulk
base_otif                  0.88
Name: 2, dtype: object>",CUS-08,EMEA,1.96,1,268.54,0,0
SHP-002655,2025-12,14,BAT-003253,PLT-04,CAR-02,"<bound method Series.mode of carrier_id                 CAR-02
carrier_name    EuroHaz Transport
mode                  Hazmat Road
base_otif                    0.91
Name: 1, dtype: object>",CUS-04,EMEA,73.03,0,10086.97,0,0
SHP-002656,2026-05,19,BAT-004312,PLT-05,CAR-01,"<bound method Series.mode of carrier_id                    CAR-01
carrier_name    GlobalTank Logistics
mode                     Bulk Liquid
base_otif                       0.94
Name: 0, dtype: object>",CUS-02,AMER,37.53,1,5066.93,0,1
SHP-002657,2025-10,12,BAT-002830,PLT-03,CAR-02,"<bound method Series.mode of carrier_id                 CAR-02
carrier_name    EuroHaz Transport
mode                  Hazmat Road
base_otif                    0.91
Name: 1, dtype: object>",CUS-09,AMER,14.72,1,1044.62,0,0
SHP-002658,2025-12,14,BAT-003133,PLT-02,CAR-04,"<bound method Series.mode of carrier_id                CAR-04
carrier_name    RailChem Freight
mode                        Rail
base_otif                   0.93
Name: 3, dtype: object>",CUS-02,AMER,60.5,1,5415.81,0,0
SHP-002659,2025-02,4,BAT-000966,PLT-04,CAR-04,"<bound method Series.mode of carrier_id                CAR-04
carrier_name    RailChem Freight
mode                        Rail
base_otif                   0.93
Name: 3, dtype: object>",CUS-02,AMER,44.1,1,3221.96,0,0
SHP-002660,2024-12,2,BAT-000523,PLT-04,CAR-05,"<bound method Series.mode of carrier_id               CAR-05
carrier_name    AirExpress Spec
mode                        Air
base_otif                  0.96
Name: 4, dtype: object>",CUS-15,EMEA,3.37,1,300.38,0,0
SHP-002661,2025-04,6,BAT-001480,PLT-01,CAR-02,"<bound method Series.mode of carrier_id                 CAR-02
carrier_name    EuroHaz Transport
mode                  Hazmat Road
base_otif                    0.91
Name: 1, dtype: object>",CUS-07,APAC,30.66,1,3360.31,0,0
SHP-002662,2026-07,21,BAT-004811,PLT-06,CAR-03,"<bound method Series.mode of carrier_id               CAR-03
carrier_name    OceanChem Lines
mode                 Ocean Bulk
base_otif                  0.88
Name: 2, dtype: object>",CUS-13,AMER,78.96,1,10999.09,0,1
SHP-002663,2024-10,0,BAT-000072,PLT-01,CAR-01,"<bound method Series.mode of carrier_id                    CAR-01
carrier_name    GlobalTank Logistics
mode                     Bulk Liquid
base_otif                       0.94
Name: 0, dtype: object>",CUS-01,EMEA,31.88,1,3876.26,0,0
SHP-002664,2025-05,7,BAT-001612,PLT-06,CAR-03,"<bound method Series.mode of carrier_id               CAR-03
carrier_name    OceanChem Lines
mode                 Ocean Bulk
base_otif                  0.88
Name: 2, dtype: object>",CUS-04,EMEA,80.06,1,7128.14,0,0
SHP-002665,2024-11,1,BAT-000419,PLT-06,CAR-02,"<bound method Series.mode of carrier_id                 CAR-02
carrier_name    EuroHaz Transport
mode                  Hazmat Road
base_otif                    0.91
Name: 1, dtype: object>",CUS-13,AMER,26.24,0,3097.35,0,0
SHP-002666,2025-11,13,BAT-003012,PLT-01,CAR-04,"<bound method Series.mode of carrier_id                CAR-04
carrier_name    RailChem Freight
mode                        Rail
base_otif                   0.93
Name: 3, dtype: object>",CUS-10,APAC,19.7,1,2460.52,0,0
SHP-002667,2025-06,8,BAT-001846,PLT-03,CAR-04,"<bound method Series.mode of carrier_id                CAR-04
carrier_name    RailChem Freight
mode                        Rail
base_otif                   0.93
Name: 3, dtype: object>",CUS-13,AMER,15.74,0,1363.49,0,0
SHP-002668,2025-04,6,BAT-001459,PLT-05,CAR-04,"<bound method Series.mode of carrier_id                CAR-04
carrier_name    RailChem Freight
mode                        Rail
base_otif                   0.93
Name: 3, dtype: object>",CUS-12,LATAM,61.5,1,6508.29,0,0
SHP-002669,2026-03,17,BAT-003861,PLT-01,CAR-01,"<bound method Series.mode of carrier_id                    CAR-01
carrier_name    GlobalTank Logistics
mode                     Bulk Liquid
base_otif                       0.94
Name: 0, dtype: object>",CUS-02,AMER,30.6,1,2595.82,0,0
SHP-002670,2025-06,8,BAT-001980,PLT-02,CAR-01,"<bound method Series.mode of carrier_id                    CAR-01
carrier_name    GlobalTank Logistics
mode                     Bulk Liquid
base_otif                       0.94
Name: 0, dtype: object>",CUS-05,LATAM,37.46,1,4181.52,0,0
SHP-002671,2026-05,19,BAT-004246,PLT-03,CAR-04,"<bound method Series.mode of carrier_id                CAR-04
carrier_name    RailChem Freight
mode                        Rail
base_otif                   0.93
Name: 3, dtype: object>",CUS-04,EMEA,46.95,1,3024.95,0,1
SHP-002672,2026-02,16,BAT-003539,PLT-01,CAR-02,"<bound method Series.mode of carrier_id                 CAR-02
carrier_name    EuroHaz Transport
mode                  Hazmat Road
base_otif                    0.91
Name: 1, dtype: object>",CUS-11,EMEA,66.72,1,3892.07,0,0
SHP-002673,2025-12,14,BAT-003111,PLT-04,CAR-05,"<bound method Series.mode of carrier_id               CAR-05
carrier_name    AirExpress Spec
mode                        Air
base_otif                  0.96
Name: 4, dtype: object>",CUS-03,APAC,30.91,1,2603.18,0,0
SHP-002674,2026-05,19,BAT-004203,PLT-05,CAR-05,"<bound method Series.mode of carrier_id               CAR-05
carrier_name    AirExpress Spec
mode                        Air
base_otif                  0.96
Name: 4, dtype: object>",CUS-02,AMER,18.01,1,1467.5,0,1
SHP-002675,2025-05,7,BAT-001750,PLT-03,CAR-02,"<bound method Series.mode of carrier_id                 CAR-02
carrier_name    EuroHaz Transport
mode                  Hazmat Road
base_otif                    0.91
Name: 1, dtype: object>",CUS-03,APAC,16.66,1,1512.7,0,0
SHP-002676,2026-08,22,BAT-004961,PLT-02,CAR-02,"<bound method Series.mode of carrier_id                 CAR-02
carrier_name    EuroHaz Transport
mode                  Hazmat Road
base_otif                    0.91
Name: 1, dtype: object>",CUS-15,EMEA,21.35,1,2331.8,0,1
SHP-002677,2025-08,10,BAT-002377,PLT-03,CAR-05,"<bound method Series.mode of carrier_id               CAR-05
carrier_name    AirExpress Spec
mode                        Air
base_otif                  0.96
Name: 4, dtype: object>",CUS-09,AMER,46.39,1,6355.35,0,0
SHP-002678,2024-12,2,BAT-000654,PLT-03,CAR-02,"<bound method Series.mode of carrier_id                 CAR-02
carrier_name    EuroHaz Transport
mode                  Hazmat Road
base_otif                    0.91
Name: 1, dtype: object>",CUS-04,EMEA,38.27,1,2882.45,0,0
SHP-002679,2025-09,11,BAT-002525,PLT-03,CAR-04,"<bound method Series.mode of carrier_id                CAR-04
carrier_name    RailChem Freight
mode                        Rail
base_otif                   0.93
Name: 3, dtype: object>",CUS-03,APAC,45.07,1,3603.92,0,0
SHP-002680,2025-03,5,BAT-001115,PLT-06,CAR-03,"<bound method Series.mode of carrier_id               CAR-03
carrier_name    OceanChem Lines
mode                 Ocean Bulk
base_otif                  0.88
Name: 2, dtype: object>",CUS-09,AMER,0.99,1,100.76,0,0
SHP-002681,2024-10,0,BAT-000032,PLT-02,CAR-02,"<bound method Series.mode of carrier_id                 CAR-02
carrier_name    EuroHaz Transport
mode                  Hazmat Road
base_otif                    0.91
Name: 1, dtype: object>",CUS-10,APAC,1.35,0,149.46,0,0
SHP-002682,2026-06,20,BAT-004405,PLT-05,CAR-01,"<bound method Series.mode of carrier_id                    CAR-01
carrier_name    GlobalTank Logistics
mode                     Bulk Liquid
base_otif                       0.94
Name: 0, dtype: object>",CUS-12,LATAM,41.69,1,4770.66,1,1
SHP-002683,2025-06,8,BAT-001802,PLT-02,CAR-03,"<bound method Series.mode of carrier_id               CAR-03
carrier_name    OceanChem Lines
mode                 Ocean Bulk
base_otif                  0.88
Name: 2, dtype: object>",CUS-09,AMER,98.01,1,13261.1,0,0
SHP-002684,2026-08,22,BAT-005008,PLT-03,CAR-03,"<bound method Series.mode of carrier_id               CAR-03
carrier_name    OceanChem Lines
mode                 Ocean Bulk
base_otif                  0.88
Name: 2, dtype: object>",CUS-11,EMEA,16.3,1,2196.54,0,1
SHP-002685,2026-05,19,BAT-004272,PLT-02,CAR-01,"<bound method Series.mode of carrier_id                    CAR-01
carrier_name    GlobalTank Logistics
mode                     Bulk Liquid
base_otif                       0.94
Name: 0, dtype: object>",CUS-08,EMEA,82.96,1,9472.89,0,1
SHP-002686,2026-07,21,BAT-004766,PLT-06,CAR-02,"<bound method Series.mode of carrier_id                 CAR-02
carrier_name    EuroHaz Transport
mode                  Hazmat Road
base_otif                    0.91
Name: 1, dtype: object>",CUS-04,EMEA,59.01,1,4684.48,0,1
SHP-002687,2024-10,0,BAT-000218,PLT-02,CAR-04,"<bound method Series.mode of carrier_id                CAR-04
carrier_name    RailChem Freight
mode                        Rail
base_otif                   0.93
Name: 3, dtype: object>",CUS-14,APAC,66.75,1,5387.36,0,0
SHP-002688,2026-09,23,BAT-005255,PLT-04,CAR-05,"<bound method Series.mode of carrier_id               CAR-05
carrier_name    AirExpress Spec
mode                        Air
base_otif                  0.96
Name: 4, dtype: object>",CUS-09,AMER,69.54,1,5909.52,0,1
SHP-002689,2026-06,20,BAT-004572,PLT-01,CAR-04,"<bound method Series.mode of carrier_id                CAR-04
carrier_name    RailChem Freight
mode                        Rail
base_otif                   0.93
Name: 3, dtype: object>",CUS-06,AMER,23.06,1,2200.82,0,1
SHP-002690,2026-03,17,BAT-003908,PLT-06,CAR-03,"<bound method Series.mode of carrier_id               CAR-03
carrier_name    OceanChem Lines
mode                 Ocean Bulk
base_otif                  0.88
Name: 2, dtype: object>",CUS-02,AMER,20.2,1,2326.67,0,0
SHP-002691,2025-06,8,BAT-001803,PLT-05,CAR-01,"<bound method Series.mode of carrier_id                    CAR-01
carrier_name    GlobalTank Logistics
mode                     Bulk Liquid
base_otif                       0.94
Name: 0, dtype: object>",CUS-12,LATAM,17.16,1,1702.09,0,0
SHP-002692,2025-08,10,BAT-002284,PLT-03,CAR-05,"<bound method Series.mode of carrier_id               CAR-05
carrier_name    AirExpress Spec
mode                        Air
base_otif                  0.96
Name: 4, dtype: object>",CUS-07,APAC,10.99,1,1113.25,0,0
SHP-002693,2026-07,21,BAT-004649,PLT-04,CAR-05,"<bound method Series.mode of carrier_id               CAR-05
carrier_name    AirExpress Spec
mode                        Air
base_otif                  0.96
Name: 4, dtype: object>",CUS-11,EMEA,1.23,1,107.13,0,1
SHP-002694,2025-05,7,BAT-001598,PLT-03,CAR-02,"<bound method Series.mode of carrier_id                 CAR-02
carrier_name    EuroHaz Transport
mode                  Hazmat Road
base_otif                    0.91
Name: 1, dtype: object>",CUS-11,EMEA,21.56,1,1307.62,0,0
SHP-002695,2025-10,12,BAT-002718,PLT-02,CAR-05,"<bound method Series.mode of carrier_id               CAR-05
carrier_name    AirExpress Spec
mode                        Air
base_otif                  0.96
Name: 4, dtype: object>",CUS-06,AMER,24.81,1,2398.77,0,0
SHP-002696,2024-10,0,BAT-000126,PLT-02,CAR-04,"<bound method Series.mode of carrier_id                CAR-04
carrier_name    RailChem Freight
mode                        Rail
base_otif                   0.93
Name: 3, dtype: object>",CUS-04,EMEA,19.13,1,1826.65,0,0
SHP-002697,2026-04,18,BAT-004141,PLT-04,CAR-04,"<bound method Series.mode of carrier_id                CAR-04
carrier_name    RailChem Freight
mode                        Rail
base_otif                   0.93
Name: 3, dtype: object>",CUS-14,APAC,90.02,1,11115.87,0,1
SHP-002698,2025-09,11,BAT-002442,PLT-06,CAR-05,"<bound method Series.mode of carrier_id               CAR-05
carrier_name    AirExpress Spec
mode                        Air
base_otif                  0.96
Name: 4, dtype: object>",CUS-03,APAC,42.21,1,2813.89,0,0
SHP-002699,2025-12,14,BAT-003219,PLT-01,CAR-01,"<bound method Series.mode of carrier_id                    CAR-01
carrier_name    GlobalTank Logistics
mode                     Bulk Liquid
base_otif                       0.94
Name: 0, dtype: object>",CUS-14,APAC,36.1,1,2591.67,0,0
SHP-002700,2026-05,19,BAT-004342,PLT-05,CAR-03,"<bound method Series.mode of carrier_id               CAR-03
carrier_name    OceanChem Lines
mode                 Ocean Bulk
base_otif                  0.88
Name: 2, dtype: object>",CUS-13,AMER,50.33,1,5224.05,0,1
SHP-002701,2026-03,17,BAT-003831,PLT-01,CAR-02,"<bound method Series.mode of carrier_id                 CAR-02
carrier_name    EuroHaz Transport
mode                  Hazmat Road
base_otif                    0.91
Name: 1, dtype: object>",CUS-15,EMEA,51.59,1,6029.27,0,0
SHP-002702,2026-04,18,BAT-004120,PLT-05,CAR-01,"<bound method Series.mode of carrier_id                    CAR-01
carrier_name    GlobalTank Logistics
mode                     Bulk Liquid
base_otif                       0.94
Name: 0, dtype: object>",CUS-05,LATAM,63.86,1,7135.05,0,1
SHP-002703,2026-03,17,BAT-003944,PLT-06,CAR-03,"<bound method Series.mode of carrier_id               CAR-03
carrier_name    OceanChem Lines
mode                 Ocean Bulk
base_otif                  0.88
Name: 2, dtype: object>",CUS-03,APAC,1.5,1,133.85,0,0
SHP-002704,2025-05,7,BAT-001757,PLT-03,CAR-01,"<bound method Series.mode of carrier_id                    CAR-01
carrier_name    GlobalTank Logistics
mode                     Bulk Liquid
base_otif                       0.94
Name: 0, dtype: object>",CUS-04,EMEA,40.24,1,5569.96,0,0
SHP-002705,2026-05,19,BAT-004222,PLT-05,CAR-05,"<bound method Series.mode of carrier_id               CAR-05
carrier_name    AirExpress Spec
mode                        Air
base_otif                  0.96
Name: 4, dtype: object>",CUS-14,APAC,21.04,1,1538.35,0,1
SHP-002706,2026-06,20,BAT-004406,PLT-03,CAR-05,"<bound method Series.mode of carrier_id               CAR-05
carrier_name    AirExpress Spec
mode                        Air
base_otif                  0.96
Name: 4, dtype: object>",CUS-10,APAC,1.41,1,169.88,0,1
SHP-002707,2026-02,16,BAT-003604,PLT-02,CAR-03,"<bound method Series.mode of carrier_id               CAR-03
carrier_name    OceanChem Lines
mode                 Ocean Bulk
base_otif                  0.88
Name: 2, dtype: object>",CUS-11,EMEA,93.36,1,7008.9,0,0
SHP-002708,2025-04,6,BAT-001521,PLT-05,CAR-01,"<bound method Series.mode of carrier_id                    CAR-01
carrier_name    GlobalTank Logistics
mode                     Bulk Liquid
base_otif                       0.94
Name: 0, dtype: object>",CUS-13,AMER,31.95,1,2706.88,0,0
SHP-002709,2025-08,10,BAT-002251,PLT-01,CAR-03,"<bound method Series.mode of carrier_id               CAR-03
carrier_name    OceanChem Lines
mode                 Ocean Bulk
base_otif                  0.88
Name: 2, dtype: object>",CUS-15,EMEA,36.02,1,4780.61,0,0
SHP-002710,2025-03,5,BAT-001137,PLT-04,CAR-05,"<bound method Series.mode of carrier_id               CAR-05
carrier_name    AirExpress Spec
mode                        Air
base_otif                  0.96
Name: 4, dtype: object>",CUS-07,APAC,18.61,1,2437.16,0,0
SHP-002711,2025-05,7,BAT-001643,PLT-01,CAR-04,"<bound method Series.mode of carrier_id                CAR-04
carrier_name    RailChem Freight
mode                        Rail
base_otif                   0.93
Name: 3, dtype: object>",CUS-11,EMEA,1.79,1,239.26,0,0
SHP-002712,2026-04,18,BAT-004172,PLT-02,CAR-04,"<bound method Series.mode of carrier_id                CAR-04
carrier_name    RailChem Freight
mode                        Rail
base_otif                   0.93
Name: 3, dtype: object>",CUS-04,EMEA,54.53,1,5712.03,0,1
SHP-002713,2026-09,23,BAT-005265,PLT-06,CAR-03,"<bound method Series.mode of carrier_id               CAR-03
carrier_name    OceanChem Lines
mode                 Ocean Bulk
base_otif                  0.88
Name: 2, dtype: object>",CUS-11,EMEA,32.46,1,1910.25,0,1
SHP-002714,2024-12,2,BAT-000534,PLT-01,CAR-01,"<bound method Series.mode of carrier_id                    CAR-01
carrier_name    GlobalTank Logistics
mode                     Bulk Liquid
base_otif                       0.94
Name: 0, dtype: object>",CUS-09,AMER,1.92,0,258.05,0,0
SHP-002715,2026-08,22,BAT-004870,PLT-01,CAR-02,"<bound method Series.mode of carrier_id                 CAR-02
carrier_name    EuroHaz Transport
mode                  Hazmat Road
base_otif                    0.91
Name: 1, dtype: object>",CUS-04,EMEA,88.54,1,10846.02,0,1
SHP-002716,2025-10,12,BAT-002807,PLT-06,CAR-02,"<bound method Series.mode of carrier_id                 CAR-02
carrier_name    EuroHaz Transport
mode                  Hazmat Road
base_otif                    0.91
Name: 1, dtype: object>",CUS-13,AMER,33.64,1,2327.05,1,0
SHP-002717,2025-12,14,BAT-003127,PLT-06,CAR-01,"<bound method Series.mode of carrier_id                    CAR-01
carrier_name    GlobalTank Logistics
mode                     Bulk Liquid
base_otif                       0.94
Name: 0, dtype: object>",CUS-06,AMER,23.27,1,1523.83,0,0
SHP-002718,2026-02,16,BAT-003692,PLT-05,CAR-01,"<bound method Series.mode of carrier_id                    CAR-01
carrier_name    GlobalTank Logistics
mode                     Bulk Liquid
base_otif                       0.94
Name: 0, dtype: object>",CUS-02,AMER,1.41,1,84.68,0,0
SHP-002719,2025-09,11,BAT-002538,PLT-06,CAR-02,"<bound method Series.mode of carrier_id                 CAR-02
carrier_name    EuroHaz Transport
mode                  Hazmat Road
base_otif                    0.91
Name: 1, dtype: object>",CUS-05,LATAM,1.28,1,101.66,0,0
