batch_id,period,period_idx,plant_id,region,formula_id,product_id,product_family,oee,yield_pct,planned_qty_t,actual_qty_t,sold_qty_t,qc_failed,rm_cost_per_t,total_cost,revenue,cs_active,gross_margin,conv_cost_per_t_calc
BAT-000001,2024-10,0,PLT-06,APAC,FRM-05,PRD-05,Coatings,0.8368,0.9446,14.15,13.37,13.37,0,1264.2,24617.65,41536.12,0,16918.47,475.56325088339213
BAT-000002,2024-10,0,PLT-02,AMER,FRM-06,PRD-06,Coatings,0.8193,0.8856,40.14,35.55,35.55,0,1372.28,79550.38,115095.64,0,35545.259999999995,609.5431190832089
BAT-000003,2024-10,0,PLT-03,APAC,FRM-10,PRD-10,Agrochem,0.7176,0.8993,72.46,65.16,0.0,1,553.28,56734.32,0.0,0,-56734.32,229.69433066519468
BAT-000004,2024-10,0,PLT-01,EMEA,FRM-01,PRD-01,Polymers,0.804,0.8758,39.09,34.24,34.24,0,726.88,39272.68,57574.31,0,18301.629999999997,277.7933179841391
BAT-000005,2024-10,0,PLT-05,LATAM,FRM-09,PRD-09,Specialty,0.7938,0.8277,13.22,10.95,10.95,0,1543.95,28399.77,28588.48,0,188.70999999999913,604.2928139183057
BAT-000006,2024-10,0,PLT-04,EMEA,FRM-09,PRD-09,Specialty,0.8468,0.8137,29.12,23.69,23.69,0,1543.95,59302.77,64205.92,0,4903.1500000000015,492.5462225274723
BAT-000007,2024-10,0,PLT-06,APAC,FRM-11,PRD-11,Polymers,0.8183,0.9342,44.69,41.75,41.75,0,699.3,43613.2,65809.59,0,22196.39,276.6051241888566
BAT-000008,2024-10,0,PLT-03,APAC,FRM-12,PRD-12,Solvents,0.6549,0.8838,80.86,71.46,71.46,0,584.64,70105.32,102638.4,0,32533.079999999987,282.3562898837498
BAT-000009,2024-10,0,PLT-02,AMER,FRM-11,PRD-11,Polymers,0.8693,0.9281,64.19,59.57,59.57,0,699.3,62998.37,99408.84,0,36410.469999999994,282.13589344134607
BAT-000010,2024-10,0,PLT-04,EMEA,FRM-04,PRD-04,Agrochem,0.9111,0.9037,61.28,55.38,55.38,0,522.58,44036.1,63494.5,0,19458.4,196.02476501305478
BAT-000011,2024-10,0,PLT-01,EMEA,FRM-07,PRD-07,Catalysts,0.85,0.8463,1.64,1.39,1.39,0,14308.0,33777.89,51543.97,0,17766.08,6288.274390243903
BAT-000012,2024-10,0,PLT-05,LATAM,FRM-11,PRD-11,Polymers,0.7896,0.9378,27.95,26.21,26.21,0,699.3,27133.0,42036.25,0,14903.25,271.4692307692309
BAT-000013,2024-10,0,PLT-05,LATAM,FRM-12,PRD-12,Solvents,0.8098,0.9454,28.02,26.49,26.49,0,584.64,23602.57,36650.84,0,13048.269999999997,257.7072519628837
BAT-000014,2024-10,0,PLT-04,EMEA,FRM-09,PRD-09,Specialty,0.9283,0.8418,27.0,22.73,22.73,0,1543.95,55240.62,57910.16,0,2669.540000000001,501.99888888888904
BAT-000015,2024-10,0,PLT-03,APAC,FRM-06,PRD-06,Coatings,0.6245,0.8543,32.53,27.79,27.79,0,1372.28,65950.4,88761.73,0,22811.33,655.0916569320625
BAT-000016,2024-10,0,PLT-05,LATAM,FRM-12,PRD-12,Solvents,0.7622,0.9507,67.01,63.7,63.7,0,584.64,56227.3,90032.99,0,33805.69,254.4481957916729
BAT-000017,2024-10,0,PLT-05,LATAM,FRM-05,PRD-05,Coatings,0.7877,0.9154,29.63,27.13,27.13,0,1264.2,54494.73,83974.12,0,29479.389999999992,574.9741478231524
BAT-000018,2024-10,0,PLT-06,APAC,FRM-05,PRD-05,Coatings,0.7799,0.9178,34.03,31.24,31.24,0,1264.2,61153.56,89248.43,0,28094.869999999995,532.8484866294443
BAT-000019,2024-10,0,PLT-03,APAC,FRM-05,PRD-05,Coatings,0.6319,0.8707,12.35,10.75,10.75,0,1264.2,23469.65,30602.74,0,7133.09,636.1765182186236
BAT-000020,2024-10,0,PLT-06,APAC,FRM-03,PRD-03,Solvents,0.8594,0.9486,48.0,45.53,45.53,0,530.67,35588.18,59178.49,0,23590.309999999998,210.75041666666675
BAT-000021,2024-10,0,PLT-01,EMEA,FRM-08,PRD-08,Surfactants,0.9362,0.9418,23.71,22.33,22.33,0,1002.54,33182.61,53093.74,0,19911.129999999997,396.9796119780683
BAT-000022,2024-10,0,PLT-02,AMER,FRM-10,PRD-10,Agrochem,0.8625,0.8855,59.27,52.49,52.49,0,553.28,45668.49,66283.27,0,20614.780000000006,217.2361127045723
BAT-000023,2024-10,0,PLT-06,APAC,FRM-03,PRD-03,Solvents,0.7942,0.9265,58.29,54.0,54.0,0,530.67,44290.11,73823.17,0,29533.059999999998,229.15346886258374
BAT-000024,2024-10,0,PLT-01,EMEA,FRM-07,PRD-07,Catalysts,0.8769,0.8774,1.92,1.68,0.0,1,14308.0,37652.44,0.0,0,-37652.44,5302.645833333336
BAT-000025,2024-10,0,PLT-02,AMER,FRM-04,PRD-04,Agrochem,0.7849,0.8451,57.91,48.94,48.94,0,522.58,43135.33,58788.57,0,15653.239999999998,222.28841650837512
BAT-000026,2024-10,0,PLT-04,EMEA,FRM-11,PRD-11,Polymers,0.929,0.9335,51.46,48.04,48.04,0,699.3,49225.33,82095.66,0,32870.33,257.27462106490486
BAT-000027,2024-10,0,PLT-04,EMEA,FRM-11,PRD-11,Polymers,0.8534,0.9119,75.96,69.28,69.28,0,699.3,75976.33,115774.52,0,39798.19,300.9149815692472
BAT-000028,2024-10,0,PLT-06,APAC,FRM-06,PRD-06,Coatings,0.8076,0.8649,31.61,27.34,27.34,0,1372.28,62537.6,88952.15,0,26414.549999999996,606.1318949699462
BAT-000029,2024-10,0,PLT-05,LATAM,FRM-12,PRD-12,Solvents,0.7935,0.9715,27.71,26.92,26.92,0,584.64,23328.34,37701.7,0,14373.359999999997,257.2344135691086
BAT-000030,2024-10,0,PLT-02,AMER,FRM-08,PRD-08,Surfactants,0.8332,0.9145,46.09,42.15,42.15,0,1002.54,65697.45,95175.43,0,29477.979999999996,422.87657626383157
BAT-000031,2024-10,0,PLT-05,LATAM,FRM-04,PRD-04,Agrochem,0.7939,0.847,48.44,41.03,41.03,0,522.58,35447.75,47780.74,0,12332.989999999998,209.20674649050375
BAT-000032,2024-10,0,PLT-02,AMER,FRM-07,PRD-07,Catalysts,0.8059,0.8855,1.52,1.35,1.35,0,14308.0,30416.34,46930.84,0,16514.499999999996,5702.75
BAT-000033,2024-10,0,PLT-03,APAC,FRM-05,PRD-05,Coatings,0.5974,0.8328,33.77,28.12,28.12,0,1264.2,65676.37,81870.61,0,16194.240000000005,680.6140361267394
BAT-000034,2024-10,0,PLT-01,EMEA,FRM-03,PRD-03,Solvents,0.8906,0.9422,68.07,64.14,64.14,0,530.67,49361.52,85289.59,0,35928.07,194.48821947994713
BAT-000035,2024-10,0,PLT-04,EMEA,FRM-08,PRD-08,Surfactants,0.886,0.9366,56.18,52.61,0.0,1,1002.54,78773.56,0.0,0,-78773.56,399.62375934496254
BAT-000036,2024-10,0,PLT-04,EMEA,FRM-08,PRD-08,Surfactants,0.8879,0.9574,33.87,32.43,32.43,0,1002.54,47553.8,71017.17,0,23463.369999999995,401.4694478889876
BAT-000037,2024-10,0,PLT-04,EMEA,FRM-04,PRD-04,Agrochem,0.9314,0.9248,70.52,65.22,65.22,0,522.58,49477.11,78955.23,0,29478.119999999995,179.02394214407263
BAT-000038,2024-10,0,PLT-06,APAC,FRM-03,PRD-03,Solvents,0.866,0.948,78.58,74.5,74.5,0,530.67,58007.44,102612.31,0,44604.869999999995,207.52597862051425
BAT-000039,2024-10,0,PLT-05,LATAM,FRM-03,PRD-03,Solvents,0.8206,0.9423,44.85,42.26,42.26,0,530.67,34282.11,54949.35,0,20667.239999999998,233.70257525083616
BAT-000040,2024-10,0,PLT-05,LATAM,FRM-07,PRD-07,Catalysts,0.7817,0.9255,2.04,1.89,1.89,0,14308.0,42012.76,70577.26,0,28564.499999999993,6286.490196078434
BAT-000041,2024-10,0,PLT-06,APAC,FRM-03,PRD-03,Solvents,0.7985,0.9431,67.32,63.48,63.48,0,530.67,50771.93,84788.4,0,34016.469999999994,223.51790849673216
BAT-000042,2024-10,0,PLT-05,LATAM,FRM-11,PRD-11,Polymers,0.7767,0.9326,46.95,43.78,43.78,0,699.3,47557.67,75632.08,0,28074.410000000003,313.64291799787
BAT-000043,2024-10,0,PLT-04,EMEA,FRM-03,PRD-03,Solvents,0.8979,0.9504,98.05,93.18,93.18,0,530.67,70209.09,124513.19,0,54304.100000000006,185.38395206527287
BAT-000044,2024-10,0,PLT-01,EMEA,FRM-09,PRD-09,Specialty,0.8584,0.7993,20.19,16.14,16.14,0,1543.95,41353.62,40283.55,0,-1070.0699999999997,504.2728826151558
BAT-000045,2024-10,0,PLT-03,APAC,FRM-09,PRD-09,Specialty,0.6671,0.7733,31.31,24.21,24.21,0,1543.95,68571.42,63902.01,0,-4669.409999999996,646.1304854679017
BAT-000046,2024-10,0,PLT-01,EMEA,FRM-10,PRD-10,Agrochem,0.8387,0.9356,84.8,79.34,79.34,0,553.28,66976.59,98883.76,0,31907.17,236.53827830188675
BAT-000047,2024-10,0,PLT-06,APAC,FRM-04,PRD-04,Agrochem,0.8658,0.8751,64.04,56.04,56.04,0,522.58,46937.15,66633.09,0,19695.939999999995,210.35488444722034
BAT-000048,2024-10,0,PLT-02,AMER,FRM-02,PRD-02,Polymers,0.8774,0.9353,69.34,64.85,64.85,0,851.86,83748.21,131279.59,0,47531.37999999999,355.9307412748775
BAT-000049,2024-10,0,PLT-05,LATAM,FRM-01,PRD-01,Polymers,0.7652,0.9236,33.49,30.93,30.93,0,726.88,34216.62,52308.84,0,18092.219999999994,294.8166258584653
BAT-000050,2024-10,0,PLT-06,APAC,FRM-02,PRD-02,Polymers,0.8168,0.9307,36.36,33.84,33.84,0,851.86,43277.8,67033.41,0,23755.61,338.3985258525853
BAT-000051,2024-10,0,PLT-01,EMEA,FRM-04,PRD-04,Agrochem,0.8653,0.8998,56.04,50.42,50.42,0,522.58,40433.58,61528.34,0,21094.759999999995,198.9328479657388
BAT-000052,2024-10,0,PLT-02,AMER,FRM-11,PRD-11,Polymers,0.8233,0.9275,35.1,32.55,32.55,0,699.3,34324.39,55238.2,0,20913.809999999998,278.602849002849
BAT-000053,2024-10,0,PLT-06,APAC,FRM-01,PRD-01,Polymers,0.9247,0.9308,33.75,31.41,0.0,1,726.88,34217.25,0.0,0,-34217.25,286.96444444444444
BAT-000054,2024-10,0,PLT-05,LATAM,FRM-03,PRD-03,Solvents,0.8298,0.9843,33.58,33.06,33.06,0,530.67,25839.23,44350.98,0,18511.750000000004,238.81272781417522
BAT-000055,2024-10,0,PLT-04,EMEA,FRM-11,PRD-11,Polymers,0.8711,0.8996,82.04,73.8,73.8,0,699.3,77922.75,127408.66,0,49485.91,250.51411506582156
BAT-000056,2024-10,0,PLT-05,LATAM,FRM-03,PRD-03,Solvents,0.7999,0.9597,53.34,51.19,51.19,0,530.67,40640.87,70631.19,0,29990.32,231.25107236595431
BAT-000057,2024-10,0,PLT-06,APAC,FRM-07,PRD-07,Catalysts,0.7767,0.8801,2.0,1.76,1.76,0,14308.0,40395.41,62080.87,0,21685.46,5889.705000000002
BAT-000058,2024-10,0,PLT-02,AMER,FRM-10,PRD-10,Agrochem,0.8072,0.9322,45.96,42.85,42.85,0,553.28,35069.75,54472.59,0,19402.839999999997,209.76939077458655
BAT-000059,2024-10,0,PLT-05,LATAM,FRM-04,PRD-04,Agrochem,0.8306,0.8976,65.73,59.0,59.0,0,522.58,48411.6,70482.29,0,22070.689999999995,213.94213601095385
BAT-000060,2024-10,0,PLT-01,EMEA,FRM-09,PRD-09,Specialty,0.9253,0.8404,38.81,32.62,32.62,0,1543.95,78192.22,86817.47,0,8625.25,470.79413810873484
BAT-000061,2024-10,0,PLT-03,APAC,FRM-04,PRD-04,Agrochem,0.6224,0.9227,41.55,38.34,38.34,0,522.58,31508.14,45085.96,0,13577.82,235.7386522262334
BAT-000062,2024-10,0,PLT-03,APAC,FRM-06,PRD-06,Coatings,0.6285,0.8929,23.79,21.24,21.24,0,1372.28,48963.92,69972.25,0,21008.33,685.8923413198825
BAT-000063,2024-10,0,PLT-05,LATAM,FRM-02,PRD-02,Polymers,0.8053,0.9026,30.62,27.64,27.64,0,851.86,37937.35,53966.72,0,16029.370000000003,387.11289353363793
BAT-000064,2024-10,0,PLT-01,EMEA,FRM-06,PRD-06,Coatings,0.8934,0.8699,28.77,25.03,0.0,1,1372.28,56105.24,0.0,0,-56105.24,577.8499965241572
BAT-000065,2024-10,0,PLT-03,APAC,FRM-04,PRD-04,Agrochem,0.6331,0.8527,79.06,67.42,67.42,0,522.58,60477.52,80737.83,0,20260.310000000005,242.37724766000497
BAT-000066,2024-10,0,PLT-04,EMEA,FRM-04,PRD-04,Agrochem,0.8167,0.9062,54.6,49.48,49.48,0,522.58,41472.97,57459.02,0,15986.049999999996,236.9982051282051
BAT-000067,2024-10,0,PLT-03,APAC,FRM-10,PRD-10,Agrochem,0.6548,0.9105,51.74,47.11,47.11,0,553.28,40970.46,57797.01,0,16826.550000000003,238.57272516428293
BAT-000068,2024-10,0,PLT-06,APAC,FRM-10,PRD-10,Agrochem,0.8974,0.9457,64.36,60.87,60.87,0,553.28,49300.48,72556.46,0,23255.980000000003,212.731187072716
BAT-000069,2024-10,0,PLT-03,APAC,FRM-09,PRD-09,Specialty,0.6684,0.7547,44.79,33.8,33.8,0,1543.95,100645.84,90362.87,0,-10282.970000000001,703.1105045769143
BAT-000070,2024-10,0,PLT-02,AMER,FRM-12,PRD-12,Solvents,0.8968,0.9059,82.8,75.0,75.0,0,584.64,67599.81,106161.87,0,38562.06,231.78282608695656
BAT-000071,2024-10,0,PLT-03,APAC,FRM-09,PRD-09,Specialty,0.6627,0.8099,17.18,13.91,13.91,0,1543.95,38705.79,35630.89,0,-3074.9000000000015,709.0063445867288
BAT-000072,2024-10,0,PLT-01,EMEA,FRM-03,PRD-03,Solvents,0.8694,0.9501,33.56,31.88,31.88,0,530.67,25529.94,42207.92,0,16677.98,230.05526817640043
BAT-000073,2024-10,0,PLT-04,EMEA,FRM-09,PRD-09,Specialty,0.8988,0.8444,16.89,14.26,14.26,0,1543.95,34903.23,37974.67,0,3071.439999999995,522.5526642984016
BAT-000074,2024-10,0,PLT-03,APAC,FRM-01,PRD-01,Polymers,0.6294,0.8532,40.77,34.79,34.79,0,726.88,44344.9,59377.31,0,15032.409999999996,360.8045719892076
BAT-000075,2024-10,0,PLT-03,APAC,FRM-08,PRD-08,Surfactants,0.6016,0.8775,29.68,26.04,26.04,0,1002.54,43355.09,61994.33,0,18639.240000000005,458.2110107816711
BAT-000076,2024-10,0,PLT-04,EMEA,FRM-03,PRD-03,Solvents,0.8595,0.995,62.58,62.27,62.27,0,530.67,47250.39,84948.27,0,37697.880000000005,224.36978906999047
BAT-000077,2024-10,0,PLT-04,EMEA,FRM-11,PRD-11,Polymers,0.899,0.926,65.28,60.44,60.44,0,699.3,63422.83,99650.5,0,36227.67,272.2507046568628
BAT-000078,2024-10,0,PLT-03,APAC,FRM-04,PRD-04,Agrochem,0.7538,0.8594,84.04,72.23,72.23,0,522.58,64634.87,83232.02,0,18597.15,246.5165016658733
BAT-000079,2024-10,0,PLT-01,EMEA,FRM-01,PRD-01,Polymers,0.8595,0.9857,67.33,66.36,66.36,0,726.88,67394.23,112545.13,0,45150.90000000001,274.07395811673837
BAT-000080,2024-10,0,PLT-02,AMER,FRM-12,PRD-12,Solvents,0.7991,0.9276,53.23,49.38,49.38,0,584.64,45106.28,67102.17,0,21995.89,262.74455758031195
BAT-000081,2024-10,0,PLT-01,EMEA,FRM-07,PRD-07,Catalysts,0.884,0.8508,2.69,2.29,2.29,0,14308.0,54021.31,80261.8,0,26240.490000000005,5774.271375464683
BAT-000082,2024-10,0,PLT-04,EMEA,FRM-05,PRD-05,Coatings,0.8997,0.8871,31.31,27.78,27.78,0,1264.2,54997.05,80094.48,0,25097.429999999993,492.33305653145976
BAT-000083,2024-10,0,PLT-01,EMEA,FRM-03,PRD-03,Solvents,0.89,0.9914,50.57,50.13,50.13,0,530.67,37533.32,67792.79,0,30259.469999999994,211.5352600355942
BAT-000084,2024-10,0,PLT-01,EMEA,FRM-06,PRD-06,Coatings,0.9091,0.9144,17.18,15.7,15.7,0,1372.28,31720.49,53069.79,0,21349.3,474.0814668218861
BAT-000085,2024-10,0,PLT-04,EMEA,FRM-08,PRD-08,Surfactants,0.8348,0.9458,61.21,57.89,57.89,0,1002.54,85373.62,130961.81,0,45588.19,392.22588792680926
BAT-000086,2024-10,0,PLT-01,EMEA,FRM-11,PRD-11,Polymers,0.9031,0.9029,58.64,52.95,52.95,0,699.3,56122.73,83128.46,0,27005.730000000003,257.77247612551173
BAT-000087,2024-10,0,PLT-01,EMEA,FRM-04,PRD-04,Agrochem,0.845,0.9007,48.36,43.55,43.55,0,522.58,34989.82,52856.11,0,17866.29,200.94812241521913
BAT-000088,2024-10,0,PLT-03,APAC,FRM-02,PRD-02,Polymers,0.6605,0.8875,41.13,36.5,36.5,0,851.86,52547.25,70719.97,0,18172.72,425.7293508388037
BAT-000089,2024-10,0,PLT-06,APAC,FRM-11,PRD-11,Polymers,0.8212,0.925,24.04,22.24,22.24,0,699.3,23955.27,35666.4,0,11711.130000000001,297.1754575707156
BAT-000090,2024-10,0,PLT-06,APAC,FRM-01,PRD-01,Polymers,0.8449,0.9069,22.12,20.06,20.06,0,726.88,22817.36,33985.84,0,11168.479999999996,304.64622061482817
BAT-000091,2024-10,0,PLT-01,EMEA,FRM-04,PRD-04,Agrochem,0.7547,0.9291,93.66,87.02,87.02,0,522.58,72245.26,105170.27,0,32925.01000000001,248.77660901131742
BAT-000092,2024-10,0,PLT-02,AMER,FRM-06,PRD-06,Coatings,0.7981,0.9018,44.41,40.05,40.05,0,1372.28,85786.25,127473.99,0,41687.740000000005,559.4076829542898
BAT-000093,2024-10,0,PLT-05,LATAM,FRM-03,PRD-03,Solvents,0.7656,0.9913,38.39,38.06,38.06,0,530.67,29184.58,50857.94,0,21673.36,229.5430763219589
BAT-000094,2024-10,0,PLT-02,AMER,FRM-08,PRD-08,Surfactants,0.8286,0.9367,27.62,25.87,25.87,0,1002.54,39753.54,61408.27,0,21654.729999999996,436.76267921795807
BAT-000095,2024-10,0,PLT-04,EMEA,FRM-06,PRD-06,Coatings,0.9329,0.9323,39.55,36.87,36.87,0,1372.28,73356.41,127569.12,0,54212.70999999999,482.49648546144135
BAT-000096,2024-10,0,PLT-02,AMER,FRM-07,PRD-07,Catalysts,0.9065,0.8422,1.91,1.61,0.0,1,14308.0,37286.71,0.0,0,-37286.71,5213.837696335078
BAT-000097,2024-10,0,PLT-02,AMER,FRM-11,PRD-11,Polymers,0.8451,0.9389,63.47,59.59,59.59,0,699.3,61766.43,99634.67,0,37868.24,273.85944540727905
BAT-000098,2024-10,0,PLT-02,AMER,FRM-04,PRD-04,Agrochem,0.8246,0.9258,44.95,41.61,41.61,0,522.58,32627.41,49122.76,0,16495.350000000002,203.28006674082303
BAT-000099,2024-10,0,PLT-02,AMER,FRM-09,PRD-09,Specialty,0.8225,0.8454,32.5,27.48,27.48,0,1543.95,69615.7,70711.13,0,1095.4300000000076,598.0715384615385
BAT-000100,2024-10,0,PLT-03,APAC,FRM-02,PRD-02,Polymers,0.5729,0.8825,58.89,51.97,51.97,0,851.86,73406.79,102637.45,0,29230.660000000003,394.64687722873134
BAT-000101,2024-10,0,PLT-06,APAC,FRM-07,PRD-07,Catalysts,0.7829,0.8114,2.87,2.33,2.33,0,14308.0,60073.33,80054.66,0,19981.33,6623.473867595818
BAT-000102,2024-10,0,PLT-05,LATAM,FRM-04,PRD-04,Agrochem,0.7823,0.9213,52.63,48.49,48.49,0,522.58,38693.2,56265.47,0,17572.270000000004,212.61285578567345
BAT-000103,2024-10,0,PLT-06,APAC,FRM-04,PRD-04,Agrochem,0.7665,0.942,36.82,34.69,34.69,0,522.58,28075.35,41026.98,0,12951.630000000005,239.92271591526332
BAT-000104,2024-10,0,PLT-03,APAC,FRM-12,PRD-12,Solvents,0.6316,0.9361,81.38,76.18,76.18,0,584.64,69286.38,103648.29,0,34361.90999999999,266.7532170066356
BAT-000105,2024-10,0,PLT-04,EMEA,FRM-10,PRD-10,Agrochem,0.8138,0.9193,93.7,86.13,86.13,0,553.28,74628.44,104288.72,0,29660.28,243.18147278548565
BAT-000106,2024-10,0,PLT-04,EMEA,FRM-02,PRD-02,Polymers,0.8862,0.9286,67.69,62.86,62.86,0,851.86,80122.51,128904.63,0,48782.12000000001,331.80834096616934
BAT-000107,2024-10,0,PLT-04,EMEA,FRM-05,PRD-05,Coatings,0.9496,0.9181,45.88,42.13,0.0,1,1264.2,79355.5,0.0,0,-79355.5,465.43164777680886
BAT-000108,2024-10,0,PLT-06,APAC,FRM-04,PRD-04,Agrochem,0.8371,0.9443,54.69,51.64,51.64,0,522.58,39004.65,57930.57,0,18925.92,190.61528250137133
BAT-000109,2024-10,0,PLT-05,LATAM,FRM-10,PRD-10,Agrochem,0.8573,0.9348,66.04,61.73,61.73,0,553.28,52551.04,72225.34,0,19674.299999999996,242.46560872198665
BAT-000110,2024-10,0,PLT-06,APAC,FRM-05,PRD-05,Coatings,0.8041,0.9174,40.63,37.27,37.27,0,1264.2,74684.43,110691.45,0,36007.020000000004,573.9597341865613
BAT-000111,2024-10,0,PLT-01,EMEA,FRM-03,PRD-03,Solvents,0.8201,0.9922,60.08,59.62,0.0,1,530.67,45917.01,0.0,0,-45917.01,233.59448069241023
BAT-000112,2024-10,0,PLT-02,AMER,FRM-01,PRD-01,Polymers,0.8183,0.955,48.69,46.5,0.0,1,726.88,49455.13,0.0,0,-49455.13,288.83431505442593
BAT-000113,2024-10,0,PLT-06,APAC,FRM-08,PRD-08,Surfactants,0.865,0.9645,50.83,49.03,49.03,0,1002.54,71170.42,115262.13,0,44091.71000000001,397.625650206571
BAT-000114,2024-10,0,PLT-03,APAC,FRM-08,PRD-08,Surfactants,0.6471,0.8447,19.9,16.81,16.81,0,1002.54,30152.96,37430.37,0,7277.4100000000035,512.6841206030151
BAT-000115,2024-10,0,PLT-05,LATAM,FRM-02,PRD-02,Polymers,0.8155,0.9252,33.46,30.96,30.96,0,851.86,41455.43,60191.88,0,18736.449999999997,387.0948714883442
BAT-000116,2024-10,0,PLT-02,AMER,FRM-03,PRD-03,Solvents,0.8149,0.9941,95.88,95.31,95.31,0,530.67,73189.17,122999.38,0,49810.21000000001,232.67136420525662
BAT-000117,2024-10,0,PLT-01,EMEA,FRM-09,PRD-09,Specialty,0.8471,0.8523,18.22,15.53,15.53,0,1543.95,39084.24,38547.99,0,-536.25,601.1784302963777
BAT-000118,2024-10,0,PLT-02,AMER,FRM-09,PRD-09,Specialty,0.8661,0.81,62.86,50.92,0.0,1,1543.95,134274.53,0.0,0,-134274.53,592.1386096086542
BAT-000119,2024-10,0,PLT-02,AMER,FRM-08,PRD-08,Surfactants,0.838,0.9175,60.08,55.13,55.13,0,1002.54,83848.81,120520.27,0,36671.46000000001,393.07934087882836
BAT-000120,2024-10,0,PLT-05,LATAM,FRM-11,PRD-11,Polymers,0.8593,0.9857,27.63,27.23,27.23,0,699.3,26509.05,46231.3,0,19722.250000000004,260.1299674267101
BAT-000121,2024-10,0,PLT-01,EMEA,FRM-09,PRD-09,Specialty,0.885,0.7968,29.34,23.38,23.38,0,1543.95,60250.61,61981.56,0,1730.949999999997,509.581356509884
BAT-000122,2024-10,0,PLT-01,EMEA,FRM-11,PRD-11,Polymers,0.8993,0.967,32.89,31.8,31.8,0,699.3,31812.29,50916.57,0,19104.28,267.93289753724537
BAT-000123,2024-10,0,PLT-01,EMEA,FRM-03,PRD-03,Solvents,0.8863,0.9602,63.92,61.37,61.37,0,530.67,47571.17,79880.22,0,32309.050000000003,213.55981852315392
BAT-000124,2024-10,0,PLT-06,APAC,FRM-11,PRD-11,Polymers,0.8675,0.9548,25.19,24.05,24.05,0,699.3,24298.51,41116.32,0,16817.81,265.3093687971417
BAT-000125,2024-10,0,PLT-01,EMEA,FRM-10,PRD-10,Agrochem,0.8668,0.9229,76.81,70.89,70.89,0,553.28,59629.71,90195.36,0,30565.65,223.04743132404633
BAT-000126,2024-10,0,PLT-02,AMER,FRM-06,PRD-06,Coatings,0.7952,0.9567,19.99,19.13,19.13,0,1372.28,39144.75,67150.85,0,28006.100000000006,585.9366083041523
BAT-000127,2024-10,0,PLT-01,EMEA,FRM-10,PRD-10,Agrochem,0.8737,0.898,67.78,60.86,60.86,0,553.28,50918.12,71606.94,0,20688.82,197.94632044850994
BAT-000128,2024-10,0,PLT-02,AMER,FRM-02,PRD-02,Polymers,0.8639,0.8942,58.08,51.94,51.94,0,851.86,70814.87,106429.83,0,35614.96000000001,367.40429063360887
BAT-000129,2024-10,0,PLT-02,AMER,FRM-01,PRD-01,Polymers,0.8013,0.9444,51.43,48.57,48.57,0,726.88,52982.78,87801.57,0,34818.79000000001,303.31210577483955
BAT-000130,2024-10,0,PLT-02,AMER,FRM-11,PRD-11,Polymers,0.8366,0.9561,87.54,83.69,83.69,0,699.3,85676.77,144017.25,0,58340.479999999996,279.41567283527536
BAT-000131,2024-10,0,PLT-03,APAC,FRM-06,PRD-06,Coatings,0.6522,0.8903,16.08,14.32,14.32,0,1372.28,32919.62,45606.68,0,12687.059999999998,674.9600497512442
BAT-000132,2024-10,0,PLT-04,EMEA,FRM-01,PRD-01,Polymers,0.9242,0.958,34.61,33.15,33.15,0,726.88,34949.84,55372.96,0,20423.120000000003,282.9391274198208
BAT-000133,2024-10,0,PLT-05,LATAM,FRM-11,PRD-11,Polymers,0.8366,0.9644,25.8,24.88,24.88,0,699.3,25086.16,41527.46,0,16441.3,273.0317829457365
BAT-000134,2024-10,0,PLT-06,APAC,FRM-03,PRD-03,Solvents,0.8634,0.9437,75.49,71.25,71.25,0,530.67,54916.86,93957.91,0,39041.05,196.80198304411192
BAT-000135,2024-10,0,PLT-06,APAC,FRM-04,PRD-04,Agrochem,0.8295,0.928,77.37,71.8,71.8,0,522.58,58175.48,81205.21,0,23029.730000000003,229.33262763344965
BAT-000136,2024-10,0,PLT-01,EMEA,FRM-01,PRD-01,Polymers,0.8823,0.9299,24.98,23.23,23.23,0,726.88,25177.66,38523.93,0,13346.27,281.03273018414734
BAT-000137,2024-10,0,PLT-01,EMEA,FRM-06,PRD-06,Coatings,0.9054,0.9565,26.56,25.4,0.0,1,1372.28,49732.87,0.0,0,-49732.87,500.19251506024125
BAT-000138,2024-10,0,PLT-04,EMEA,FRM-12,PRD-12,Solvents,0.8411,0.9625,88.23,84.92,84.92,0,584.64,71249.86,118015.1,0,46765.240000000005,222.90686614530205
BAT-000139,2024-10,0,PLT-01,EMEA,FRM-07,PRD-07,Catalysts,0.8667,0.8756,2.85,2.49,2.49,0,14308.0,55469.73,90796.43,0,35326.69999999999,5155.063157894736
BAT-000140,2024-10,0,PLT-01,EMEA,FRM-11,PRD-11,Polymers,0.8734,0.9724,50.38,48.99,48.99,0,699.3,47686.7,80921.74,0,33235.04000000001,247.24029376736792
BAT-000141,2024-10,0,PLT-04,EMEA,FRM-01,PRD-01,Polymers,0.9268,0.9049,70.76,64.03,64.03,0,726.88,69189.67,106515.55,0,37325.880000000005,250.92765969474272
BAT-000142,2024-10,0,PLT-06,APAC,FRM-10,PRD-10,Agrochem,0.7909,0.865,75.11,64.97,64.97,0,553.28,57999.5,76823.21,0,18823.710000000006,218.91411529756363
BAT-000143,2024-10,0,PLT-03,APAC,FRM-04,PRD-04,Agrochem,0.574,0.9157,65.17,59.67,0.0,1,522.58,50021.78,0.0,0,-50021.78,244.97838576031904
BAT-000144,2024-10,0,PLT-04,EMEA,FRM-08,PRD-08,Surfactants,0.8335,0.9157,38.46,35.22,35.22,0,1002.54,52818.94,81626.38,0,28807.440000000002,370.80737389495584
BAT-000145,2024-10,0,PLT-05,LATAM,FRM-09,PRD-09,Specialty,0.8087,0.7782,30.43,23.68,23.68,0,1543.95,65399.68,59857.22,0,-5542.459999999999,605.2343575418993
BAT-000146,2024-10,0,PLT-03,APAC,FRM-11,PRD-11,Polymers,0.6293,0.8866,47.83,42.4,42.4,0,699.3,48596.89,72170.21,0,23573.320000000007,316.7336608822915
BAT-000147,2024-10,0,PLT-06,APAC,FRM-07,PRD-07,Catalysts,0.8606,0.8638,3.23,2.79,2.79,0,14308.0,63087.52,101307.65,0,38220.13,5223.739938080493
BAT-000148,2024-10,0,PLT-02,AMER,FRM-03,PRD-03,Solvents,0.8418,0.9668,48.4,46.8,46.8,0,530.67,35828.19,63293.84,0,27465.649999999994,209.58185950413235
BAT-000149,2024-10,0,PLT-03,APAC,FRM-07,PRD-07,Catalysts,0.6474,0.8434,1.09,0.92,0.92,0,14308.0,23239.92,32562.5,0,9322.580000000002,7013.027522935776
BAT-000150,2024-10,0,PLT-01,EMEA,FRM-01,PRD-01,Polymers,0.8513,0.9106,24.61,22.41,22.41,0,726.88,25188.66,40770.19,0,15581.530000000002,296.63320601381554
BAT-000151,2024-10,0,PLT-06,APAC,FRM-06,PRD-06,Coatings,0.7718,0.9416,22.29,20.99,20.99,0,1372.28,42962.97,68694.61,0,25731.64,555.174912516824
BAT-000152,2024-10,0,PLT-04,EMEA,FRM-11,PRD-11,Polymers,0.9014,0.9401,50.09,47.09,47.09,0,699.3,47640.32,81456.4,0,33816.079999999994,251.79443002595326
BAT-000153,2024-10,0,PLT-04,EMEA,FRM-01,PRD-01,Polymers,0.97,0.9576,76.63,73.37,0.0,1,726.88,75757.24,0.0,0,-75757.24,261.73072686937246
BAT-000154,2024-10,0,PLT-04,EMEA,FRM-11,PRD-11,Polymers,0.8818,0.9667,71.52,69.13,69.13,0,699.3,70332.55,116679.54,0,46346.98999999999,284.0969519015662
BAT-000155,2024-10,0,PLT-04,EMEA,FRM-10,PRD-10,Agrochem,0.8659,0.9203,46.13,42.45,42.45,0,553.28,35062.49,50570.61,0,15508.120000000003,206.79999132885314
BAT-000156,2024-10,0,PLT-06,APAC,FRM-08,PRD-08,Surfactants,0.8723,0.9259,41.68,38.59,38.59,0,1002.54,57134.03,89844.39,0,32710.36,368.2380710172745
BAT-000157,2024-10,0,PLT-02,AMER,FRM-05,PRD-05,Coatings,0.8988,0.8782,46.25,40.62,40.62,0,1264.2,81225.88,122127.53,0,40901.649999999994,492.03524324324326
BAT-000158,2024-10,0,PLT-01,EMEA,FRM-09,PRD-09,Specialty,0.8607,0.8555,44.56,38.12,38.12,0,1543.95,92473.49,94631.5,0,2158.0099999999948,531.307854578097
BAT-000159,2024-10,0,PLT-05,LATAM,FRM-12,PRD-12,Solvents,0.8133,0.9714,28.11,27.31,27.31,0,584.64,23179.08,39012.8,0,15833.720000000001,239.94484525080054
BAT-000160,2024-10,0,PLT-06,APAC,FRM-04,PRD-04,Agrochem,0.7504,0.8929,41.52,37.07,37.07,0,522.58,31859.76,41321.71,0,9461.95,244.7552601156068
BAT-000161,2024-10,0,PLT-01,EMEA,FRM-07,PRD-07,Catalysts,0.9066,0.8305,1.45,1.21,1.21,0,14308.0,28530.91,44774.44,0,16243.530000000002,5368.489655172416
BAT-000162,2024-10,0,PLT-02,AMER,FRM-02,PRD-02,Polymers,0.8525,0.9551,57.36,54.78,54.78,0,851.86,66601.18,106789.45,0,40188.270000000004,309.24843793584375
BAT-000163,2024-10,0,PLT-03,APAC,FRM-04,PRD-04,Agrochem,0.6564,0.8906,58.8,52.36,52.36,0,522.58,45382.45,58573.64,0,13191.190000000002,249.23037414965984
BAT-000164,2024-10,0,PLT-05,LATAM,FRM-08,PRD-08,Surfactants,0.8226,0.9449,24.76,23.4,23.4,0,1002.54,34778.07,51353.94,0,16575.870000000003,402.0670274636509
BAT-000165,2024-10,0,PLT-01,EMEA,FRM-07,PRD-07,Catalysts,0.8778,0.87,1.68,1.47,1.47,0,14308.0,32724.01,52996.84,0,20272.829999999998,5170.577380952382
BAT-000166,2024-10,0,PLT-06,APAC,FRM-07,PRD-07,Catalysts,0.8062,0.8549,2.92,2.5,2.5,0,14308.0,58315.49,87928.47,0,29612.980000000003,5663.058219178081
BAT-000167,2024-10,0,PLT-05,LATAM,FRM-01,PRD-01,Polymers,0.7902,0.9486,20.65,19.59,19.59,0,726.88,20755.95,35224.37,0,14468.420000000002,278.25075060532697
BAT-000168,2024-10,0,PLT-04,EMEA,FRM-11,PRD-11,Polymers,0.9017,0.9094,32.93,29.95,29.95,0,699.3,31561.49,47399.87,0,15838.380000000001,259.14184634072285
BAT-000169,2024-10,0,PLT-03,APAC,FRM-05,PRD-05,Coatings,0.6369,0.8121,30.51,24.78,24.78,0,1264.2,57911.08,76377.0,0,18465.92,633.9016060308095
BAT-000170,2024-10,0,PLT-04,EMEA,FRM-02,PRD-02,Polymers,0.9036,0.9517,58.04,55.23,55.23,0,851.86,69811.97,110299.83,0,40487.86,350.9651206064783
BAT-000171,2024-10,0,PLT-06,APAC,FRM-04,PRD-04,Agrochem,0.8235,0.8855,89.54,79.29,0.0,1,522.58,64741.41,0.0,0,-64741.41,200.46456109001554
BAT-000172,2024-10,0,PLT-04,EMEA,FRM-05,PRD-05,Coatings,0.8904,0.8841,26.18,23.15,23.15,0,1264.2,44665.65,69847.84,0,25182.189999999995,441.89816653934304
BAT-000173,2024-10,0,PLT-04,EMEA,FRM-06,PRD-06,Coatings,0.8428,0.9242,27.7,25.6,25.6,0,1372.28,54202.85,84222.32,0,30019.47000000001,584.5015884476534
BAT-000174,2024-10,0,PLT-03,APAC,FRM-07,PRD-07,Catalysts,0.6558,0.8514,1.03,0.88,0.88,0,14308.0,22070.4,32569.56,0,10499.16,7119.572815533982
BAT-000175,2024-10,0,PLT-06,APAC,FRM-10,PRD-10,Agrochem,0.822,0.9275,34.08,31.61,31.61,0,553.28,26879.87,38417.18,0,11537.310000000001,235.44857981220662
BAT-000176,2024-10,0,PLT-05,LATAM,FRM-08,PRD-08,Surfactants,0.7739,0.9323,37.73,35.17,35.17,0,1002.54,53837.45,80303.9,0,26466.449999999997,424.37359660747416
BAT-000177,2024-10,0,PLT-06,APAC,FRM-09,PRD-09,Specialty,0.8408,0.8414,31.09,26.16,26.16,0,1543.95,66841.81,70642.79,0,3800.979999999996,605.9956416854291
BAT-000178,2024-10,0,PLT-03,APAC,FRM-12,PRD-12,Solvents,0.6563,0.8871,70.41,62.46,62.46,0,584.64,58978.23,84738.84,0,25760.609999999993,252.99996591393278
BAT-000179,2024-10,0,PLT-04,EMEA,FRM-03,PRD-03,Solvents,0.922,0.9274,72.78,67.49,67.49,0,530.67,52743.7,86614.67,0,33870.97,194.03046716130802
BAT-000180,2024-10,0,PLT-06,APAC,FRM-02,PRD-02,Polymers,0.8808,0.9345,58.31,54.49,54.49,0,851.86,69956.04,111947.39,0,41991.350000000006,347.8662905162063
BAT-000181,2024-10,0,PLT-04,EMEA,FRM-08,PRD-08,Surfactants,0.9064,0.9215,57.13,52.64,52.64,0,1002.54,80782.66,123543.92,0,42761.259999999995,411.47470330824444
BAT-000182,2024-10,0,PLT-06,APAC,FRM-10,PRD-10,Agrochem,0.8134,0.8736,56.05,48.96,48.96,0,553.28,44944.48,60805.85,0,15861.369999999995,248.58404995539706
BAT-000183,2024-10,0,PLT-05,LATAM,FRM-02,PRD-02,Polymers,0.8574,0.8989,38.17,34.31,34.31,0,851.86,45399.77,67131.26,0,21731.489999999998,337.5497458737226
BAT-000184,2024-10,0,PLT-06,APAC,FRM-04,PRD-04,Agrochem,0.8487,0.8893,28.17,25.05,25.05,0,522.58,21009.81,30423.11,0,9413.3,223.24215122470707
BAT-000185,2024-10,0,PLT-02,AMER,FRM-08,PRD-08,Surfactants,0.826,0.9397,51.43,48.33,48.33,0,1002.54,72256.68,107347.42,0,35090.740000000005,402.4119735562899
BAT-000186,2024-10,0,PLT-02,AMER,FRM-04,PRD-04,Agrochem,0.8033,0.9938,87.59,87.05,87.05,0,522.58,66729.28,101093.73,0,34364.45,239.25673935380746
BAT-000187,2024-10,0,PLT-02,AMER,FRM-03,PRD-03,Solvents,0.8795,0.9671,102.03,98.67,98.67,0,530.67,74223.49,134775.63,0,60552.14,196.79731353523482
BAT-000188,2024-10,0,PLT-04,EMEA,FRM-08,PRD-08,Surfactants,0.894,0.9416,37.79,35.58,35.58,0,1002.54,53781.78,85140.46,0,31358.680000000008,420.63491399841223
BAT-000189,2024-10,0,PLT-03,APAC,FRM-11,PRD-11,Polymers,0.6333,0.8828,61.26,54.08,54.08,0,699.3,63488.17,88781.69,0,25293.520000000004,337.07234737185763
BAT-000190,2024-10,0,PLT-03,APAC,FRM-04,PRD-04,Agrochem,0.6871,0.8624,51.62,44.52,44.52,0,522.58,38345.94,52597.83,0,14251.89,220.27044556373505
BAT-000191,2024-10,0,PLT-02,AMER,FRM-06,PRD-06,Coatings,0.8307,0.8638,47.41,40.95,40.95,0,1372.28,92062.73,140830.39,0,48767.66000000002,569.5620164522254
BAT-000192,2024-10,0,PLT-04,EMEA,FRM-06,PRD-06,Coatings,0.838,0.9097,29.91,27.21,27.21,0,1372.28,58226.55,88722.79,0,30496.23999999999,574.4451755265798
BAT-000193,2024-10,0,PLT-06,APAC,FRM-12,PRD-12,Solvents,0.8524,0.9215,26.8,24.69,24.69,0,584.64,22277.64,34164.71,0,11887.07,246.615223880597
BAT-000194,2024-10,0,PLT-06,APAC,FRM-10,PRD-10,Agrochem,0.8333,0.9423,87.97,82.89,82.89,0,553.28,70247.29,106232.13,0,35984.84000000001,245.25688757530975
BAT-000195,2024-10,0,PLT-04,EMEA,FRM-12,PRD-12,Solvents,0.87,0.9759,45.95,44.84,44.84,0,584.64,36521.24,63118.29,0,26597.050000000003,210.16391730141447
BAT-000196,2024-10,0,PLT-05,LATAM,FRM-03,PRD-03,Solvents,0.8127,0.995,37.19,37.01,37.01,0,530.67,27793.13,49152.33,0,21359.2,216.65804517343383
BAT-000197,2024-10,0,PLT-01,EMEA,FRM-10,PRD-10,Agrochem,0.852,0.9615,52.56,50.53,50.53,0,553.28,40911.35,59624.49,0,18713.14,225.09423896499231
BAT-000198,2024-10,0,PLT-03,APAC,FRM-01,PRD-01,Polymers,0.6173,0.8842,59.67,52.76,52.76,0,726.88,65463.68,91229.32,0,25765.640000000007,370.2153578012402
BAT-000199,2024-10,0,PLT-03,APAC,FRM-09,PRD-09,Specialty,0.6677,0.7958,39.94,31.79,31.79,0,1543.95,88670.34,82552.7,0,-6117.639999999999,676.1386329494242
BAT-000200,2024-10,0,PLT-02,AMER,FRM-09,PRD-09,Specialty,0.9319,0.8022,28.05,22.5,22.5,0,1543.95,58798.79,60758.28,0,1959.489999999998,552.2635472370764
BAT-000201,2024-10,0,PLT-05,LATAM,FRM-08,PRD-08,Surfactants,0.82,0.9054,19.79,17.91,17.91,0,1002.54,28496.75,42142.91,0,13646.160000000003,437.4170490146539
BAT-000202,2024-10,0,PLT-05,LATAM,FRM-06,PRD-06,Coatings,0.8167,0.9009,15.82,14.25,14.25,0,1372.28,30089.91,48821.84,0,18731.929999999997,529.7370670037926
BAT-000203,2024-10,0,PLT-01,EMEA,FRM-07,PRD-07,Catalysts,0.8515,0.8551,1.14,0.98,0.98,0,14308.0,22800.82,33703.83,0,10903.010000000002,5692.7192982456145
BAT-000204,2024-10,0,PLT-06,APAC,FRM-06,PRD-06,Coatings,0.7525,0.8906,29.4,26.18,26.18,0,1372.28,57626.06,86119.01,0,28492.949999999997,587.790068027211
BAT-000205,2024-10,0,PLT-04,EMEA,FRM-06,PRD-06,Coatings,0.85,0.9088,25.3,22.99,22.99,0,1372.28,49480.53,79221.32,0,29740.790000000008,583.4721739130434
BAT-000206,2024-10,0,PLT-02,AMER,FRM-12,PRD-12,Solvents,0.8028,0.9293,98.72,91.73,91.73,0,584.64,82172.13,126348.06,0,44175.92999999999,247.7357090761751
BAT-000207,2024-10,0,PLT-05,LATAM,FRM-10,PRD-10,Agrochem,0.7824,0.9745,69.65,67.88,67.88,0,553.28,55276.05,78976.71,0,23700.660000000003,240.3459870782484
BAT-000208,2024-10,0,PLT-05,LATAM,FRM-06,PRD-06,Coatings,0.8433,0.9149,19.71,18.04,18.04,0,1372.28,38047.11,62858.02,0,24810.909999999996,558.0655098934551
BAT-000209,2024-10,0,PLT-05,LATAM,FRM-05,PRD-05,Coatings,0.8077,0.8763,32.44,28.42,28.42,0,1264.2,57545.25,85286.05,0,27740.800000000003,509.69796547472265
BAT-000210,2024-10,0,PLT-06,APAC,FRM-10,PRD-10,Agrochem,0.864,0.9356,47.04,44.01,44.01,0,553.28,36221.18,55210.44,0,18989.260000000002,216.72807823129256
BAT-000211,2024-10,0,PLT-02,AMER,FRM-10,PRD-10,Agrochem,0.8795,0.9518,48.41,46.08,46.08,0,553.28,37128.09,55476.51,0,18348.420000000006,213.6708366040075
BAT-000212,2024-10,0,PLT-01,EMEA,FRM-03,PRD-03,Solvents,0.903,0.8905,90.9,80.94,80.94,0,530.67,68449.07,103777.49,0,35328.42,222.3450715071508
BAT-000213,2024-10,0,PLT-05,LATAM,FRM-11,PRD-11,Polymers,0.7995,0.9389,45.06,42.31,42.31,0,699.3,43745.53,66373.71,0,22628.180000000008,271.52845095428313
BAT-000214,2024-10,0,PLT-03,APAC,FRM-05,PRD-05,Coatings,0.7278,0.8517,29.65,25.25,25.25,0,1264.2,55611.96,76428.02,0,20816.060000000005,611.4141652613828
BAT-000215,2024-10,0,PLT-01,EMEA,FRM-08,PRD-08,Surfactants,0.9192,0.9419,25.79,24.3,24.3,0,1002.54,36075.61,54274.03,0,18198.42,396.2816362931369
BAT-000216,2024-10,0,PLT-01,EMEA,FRM-09,PRD-09,Specialty,0.7974,0.8298,27.33,22.68,22.68,0,1543.95,59280.19,61513.93,0,2233.739999999998,625.1019575557996
BAT-000217,2024-10,0,PLT-01,EMEA,FRM-05,PRD-05,Coatings,0.8414,0.8898,19.88,17.69,17.69,0,1264.2,35439.93,54827.73,0,19387.800000000003,518.4926559356138
BAT-000218,2024-10,0,PLT-02,AMER,FRM-12,PRD-12,Solvents,0.8483,0.9547,69.92,66.75,66.75,0,584.64,55626.39,97256.84,0,41630.45,210.93193935926774
BAT-000219,2024-10,0,PLT-01,EMEA,FRM-09,PRD-09,Specialty,0.8239,0.8229,23.31,19.18,19.18,0,1543.95,49197.32,50137.17,0,939.8499999999985,566.6171385671385
BAT-000220,2024-10,0,PLT-04,EMEA,FRM-07,PRD-07,Catalysts,0.8349,0.8741,3.09,2.7,2.7,0,14308.0,61278.82,99178.41,0,37899.590000000004,5523.333333333336
BAT-000221,2024-11,1,PLT-05,LATAM,FRM-10,PRD-10,Agrochem,0.769,0.8824,69.56,61.39,61.39,0,563.49,56765.35,74351.22,0,17585.870000000003,252.57311098332366
BAT-000222,2024-11,1,PLT-05,LATAM,FRM-11,PRD-11,Polymers,0.8189,0.9284,21.91,20.34,20.34,0,712.2,22023.14,32194.81,0,10171.670000000002,292.9638521223185
BAT-000223,2024-11,1,PLT-02,AMER,FRM-10,PRD-10,Agrochem,0.8924,0.8554,110.28,94.33,94.33,0,563.49,87194.01,113242.95,0,26048.940000000002,227.1702285092491
BAT-000224,2024-11,1,PLT-02,AMER,FRM-01,PRD-01,Polymers,0.8399,0.8929,63.13,56.37,56.37,0,740.29,63341.99,94280.7,0,30938.71,263.0679914462221
BAT-000225,2024-11,1,PLT-06,APAC,FRM-01,PRD-01,Polymers,0.8204,0.9095,62.27,56.64,56.64,0,740.29,65367.28,101491.8,0,36124.520000000004,309.4495214388951
BAT-000226,2024-11,1,PLT-05,LATAM,FRM-12,PRD-12,Solvents,0.8326,0.9558,63.59,60.78,60.78,0,595.42,52782.29,82351.69,0,29569.4,234.62072967447716
BAT-000227,2024-11,1,PLT-01,EMEA,FRM-08,PRD-08,Surfactants,0.8625,0.9648,39.15,37.77,37.77,0,1021.03,56197.48,86801.56,0,30604.079999999994,414.4101021711367
BAT-000228,2024-11,1,PLT-02,AMER,FRM-12,PRD-12,Solvents,0.813,0.995,61.01,60.71,60.71,0,595.42,51578.15,84221.36,0,32643.21,249.98485166366174
BAT-000229,2024-11,1,PLT-06,APAC,FRM-03,PRD-03,Solvents,0.807,0.9476,37.4,35.44,35.44,0,540.46,28303.97,48231.11,0,19927.14,216.33064171123
BAT-000230,2024-11,1,PLT-01,EMEA,FRM-06,PRD-06,Coatings,0.8198,0.9359,21.67,20.28,20.28,0,1397.59,41533.37,64964.43,0,23431.059999999998,519.039903091832
BAT-000231,2024-11,1,PLT-05,LATAM,FRM-05,PRD-05,Coatings,0.7973,0.9058,15.06,13.64,13.64,0,1287.52,27393.06,39261.85,0,11868.789999999997,531.4082868525898
BAT-000232,2024-11,1,PLT-01,EMEA,FRM-10,PRD-10,Agrochem,0.8658,0.8847,85.26,75.43,75.43,0,563.49,66069.18,93654.68,0,27585.5,211.42414496833203
BAT-000233,2024-11,1,PLT-02,AMER,FRM-06,PRD-06,Coatings,0.8596,0.8777,39.65,34.8,34.8,0,1397.59,79271.86,116829.58,0,37557.72,601.7002900378311
BAT-000234,2024-11,1,PLT-02,AMER,FRM-03,PRD-03,Solvents,0.8803,0.9871,102.37,101.05,101.05,0,540.46,76625.95,130381.26,0,53755.31,208.05958581615698
BAT-000235,2024-11,1,PLT-06,APAC,FRM-03,PRD-03,Solvents,0.7758,0.9812,58.9,57.79,57.79,0,540.46,44487.79,78686.08,0,34198.29,214.85052631578947
BAT-000236,2024-11,1,PLT-03,APAC,FRM-01,PRD-01,Polymers,0.6722,0.9237,54.34,50.19,50.19,0,740.29,59964.03,88705.81,0,28741.78,363.20705557600286
BAT-000237,2024-11,1,PLT-01,EMEA,FRM-11,PRD-11,Polymers,0.8215,0.9472,53.75,50.91,50.91,0,712.2,53435.23,84270.28,0,30835.049999999996,281.9438139534884
BAT-000238,2024-11,1,PLT-02,AMER,FRM-11,PRD-11,Polymers,0.8492,0.8941,64.99,58.11,58.11,0,712.2,65943.47,99599.99,0,33656.520000000004,302.4710263117403
BAT-000239,2024-11,1,PLT-01,EMEA,FRM-02,PRD-02,Polymers,0.8566,0.91,62.69,57.05,57.05,0,867.58,74560.03,115287.75,0,40727.72,321.76487159036526
BAT-000240,2024-11,1,PLT-06,APAC,FRM-11,PRD-11,Polymers,0.7977,0.9264,33.61,31.13,31.13,0,712.2,33480.94,48797.46,0,15316.519999999997,283.96007140731933
BAT-000241,2024-11,1,PLT-01,EMEA,FRM-03,PRD-03,Solvents,0.8064,0.9556,74.73,71.42,71.42,0,540.46,57919.57,98728.66,0,40809.090000000004,234.59111735581416
BAT-000242,2024-11,1,PLT-02,AMER,FRM-11,PRD-11,Polymers,0.8907,0.9343,78.58,73.41,73.41,0,712.2,76887.54,119107.95,0,42220.41,266.2619496054974
BAT-000243,2024-11,1,PLT-01,EMEA,FRM-09,PRD-09,Specialty,0.8675,0.8344,17.53,14.63,14.63,0,1572.43,37345.26,38085.87,0,740.6100000000006,557.9328066172277
BAT-000244,2024-11,1,PLT-01,EMEA,FRM-03,PRD-03,Solvents,0.7795,0.9157,37.63,34.46,34.46,0,540.46,28821.71,45097.91,0,16276.200000000004,225.46373106563897
BAT-000245,2024-11,1,PLT-06,APAC,FRM-12,PRD-12,Solvents,0.8102,0.9466,40.26,38.11,38.11,0,595.42,33922.27,55196.11,0,21273.840000000004,247.15998012916043
BAT-000246,2024-11,1,PLT-06,APAC,FRM-02,PRD-02,Polymers,0.8114,0.9395,56.28,52.87,52.87,0,867.58,70084.1,109225.95,0,39141.84999999999,377.695408670931
BAT-000247,2024-11,1,PLT-02,AMER,FRM-11,PRD-11,Polymers,0.8935,0.9658,80.02,77.28,77.28,0,712.2,77859.59,121408.14,0,43548.55,260.80162459385144
BAT-000248,2024-11,1,PLT-01,EMEA,FRM-05,PRD-05,Coatings,0.8559,0.8703,14.51,12.62,12.62,0,1287.52,26476.65,36448.17,0,9971.519999999997,537.1974362508615
BAT-000249,2024-11,1,PLT-03,APAC,FRM-05,PRD-05,Coatings,0.6796,0.8254,19.43,16.03,16.03,0,1287.52,35677.19,45576.13,0,9898.939999999995,548.6709418425116
BAT-000250,2024-11,1,PLT-01,EMEA,FRM-05,PRD-05,Coatings,0.8073,0.9608,16.29,15.65,15.65,0,1287.52,30207.5,45973.4,0,15765.900000000001,566.8385021485576
BAT-000251,2024-11,1,PLT-03,APAC,FRM-06,PRD-06,Coatings,0.6389,0.8881,30.8,27.36,27.36,0,1397.59,65234.99,93161.2,0,27926.21,720.4291558441557
BAT-000252,2024-11,1,PLT-01,EMEA,FRM-01,PRD-01,Polymers,0.8421,0.9353,72.06,67.39,67.39,0,740.29,74195.67,115040.21,0,40844.54000000001,289.3473855120733
BAT-000253,2024-11,1,PLT-04,EMEA,FRM-01,PRD-01,Polymers,0.8959,0.9703,44.85,43.52,43.52,0,740.29,45279.34,77351.18,0,32071.839999999997,269.28279821627643
BAT-000254,2024-11,1,PLT-02,AMER,FRM-04,PRD-04,Agrochem,0.8064,0.903,119.48,107.9,107.9,0,532.22,89713.18,124955.99,0,35242.81000000001,218.64357549380634
BAT-000255,2024-11,1,PLT-01,EMEA,FRM-04,PRD-04,Agrochem,0.9193,0.8646,75.5,65.28,65.28,0,532.22,53634.64,73834.89,0,20200.25,178.17258278145687
BAT-000256,2024-11,1,PLT-01,EMEA,FRM-09,PRD-09,Specialty,0.7817,0.8287,19.14,15.86,15.86,0,1572.43,40427.45,40676.02,0,248.5699999999997,539.7669696969695
BAT-000257,2024-11,1,PLT-01,EMEA,FRM-05,PRD-05,Coatings,0.8888,0.9132,36.61,33.44,33.44,0,1287.52,64751.42,98473.55,0,33722.130000000005,481.16123463534564
BAT-000258,2024-11,1,PLT-04,EMEA,FRM-08,PRD-08,Surfactants,0.9395,0.9268,35.93,33.3,33.3,0,1021.03,50960.31,79902.86,0,28942.550000000003,397.2920150292234
BAT-000259,2024-11,1,PLT-02,AMER,FRM-11,PRD-11,Polymers,0.829,0.9416,71.45,67.28,67.28,0,712.2,71889.69,115739.03,0,43849.34,293.95381385584324
BAT-000260,2024-11,1,PLT-06,APAC,FRM-08,PRD-08,Surfactants,0.844,0.9634,50.76,48.9,48.9,0,1021.03,71480.03,111089.15,0,39609.119999999995,387.16602048857385
BAT-000261,2024-11,1,PLT-04,EMEA,FRM-09,PRD-09,Specialty,0.8554,0.8483,17.07,14.48,14.48,0,1572.43,35947.59,37476.54,0,1528.9500000000044,533.4627943760981
BAT-000262,2024-11,1,PLT-02,AMER,FRM-09,PRD-09,Specialty,0.8438,0.7906,49.83,39.39,39.39,0,1572.43,105124.57,103985.12,0,-1139.4500000000116,537.2342584788282
BAT-000263,2024-11,1,PLT-04,EMEA,FRM-12,PRD-12,Solvents,0.8489,0.9948,41.05,40.83,40.83,0,595.42,34999.14,60360.38,0,25361.239999999998,257.17780755176625
BAT-000264,2024-11,1,PLT-03,APAC,FRM-03,PRD-03,Solvents,0.6488,0.8586,53.81,46.2,46.2,0,540.46,43085.27,60733.22,0,17647.950000000004,260.232622189184
BAT-000265,2024-11,1,PLT-01,EMEA,FRM-08,PRD-08,Surfactants,0.8839,0.9134,56.9,51.97,51.97,0,1021.03,80504.0,115562.39,0,35058.39,393.80304042179273
BAT-000266,2024-11,1,PLT-02,AMER,FRM-09,PRD-09,Specialty,0.8075,0.8134,50.65,41.2,0.0,1,1572.43,107148.54,0.0,0,-107148.54,543.039693978282
BAT-000267,2024-11,1,PLT-02,AMER,FRM-11,PRD-11,Polymers,0.8192,0.9157,70.74,64.77,64.77,0,712.2,71791.2,103552.04,0,31760.839999999997,302.66005089058524
BAT-000268,2024-11,1,PLT-04,EMEA,FRM-12,PRD-12,Solvents,0.8293,0.8949,57.81,51.74,51.74,0,595.42,48933.06,74133.1,0,25200.040000000008,251.02628956927867
BAT-000269,2024-11,1,PLT-04,EMEA,FRM-09,PRD-09,Specialty,0.8804,0.8001,28.12,22.5,22.5,0,1572.43,59946.63,58058.67,0,-1887.9599999999991,559.3847226173541
BAT-000270,2024-11,1,PLT-06,APAC,FRM-06,PRD-06,Coatings,0.8455,0.8582,16.57,14.22,14.22,0,1397.59,31915.51,49333.74,0,17418.23,528.5119915509956
BAT-000271,2024-11,1,PLT-06,APAC,FRM-02,PRD-02,Polymers,0.795,0.9163,52.14,47.78,47.78,0,867.58,64405.62,96616.92,0,32211.299999999996,367.6639585730726
BAT-000272,2024-11,1,PLT-06,APAC,FRM-01,PRD-01,Polymers,0.8511,0.9688,27.73,26.87,26.87,0,740.29,27789.57,47295.28,0,19505.71,261.8582149296791
BAT-000273,2024-11,1,PLT-01,EMEA,FRM-12,PRD-12,Solvents,0.9109,0.9381,45.73,42.9,42.9,0,595.42,37130.47,61731.67,0,24601.199999999997,216.52992346380938
BAT-000274,2024-11,1,PLT-05,LATAM,FRM-03,PRD-03,Solvents,0.751,0.934,32.39,30.26,30.26,0,540.46,25343.66,40740.99,0,15397.329999999998,241.99322630441486
BAT-000275,2024-11,1,PLT-03,APAC,FRM-01,PRD-01,Polymers,0.6549,0.8777,66.82,58.65,0.0,1,740.29,73686.84,0.0,0,-73686.84,362.4762376533972
BAT-000276,2024-11,1,PLT-02,AMER,FRM-01,PRD-01,Polymers,0.8423,0.9106,81.6,74.3,74.3,0,740.29,85701.2,135903.18,0,50201.979999999996,309.96980392156865
BAT-000277,2024-11,1,PLT-06,APAC,FRM-02,PRD-02,Polymers,0.8215,0.9077,22.8,20.7,20.7,0,867.58,28369.26,42035.54,0,13666.280000000002,376.68578947368417
BAT-000278,2024-11,1,PLT-06,APAC,FRM-04,PRD-04,Agrochem,0.8076,0.8885,61.0,54.19,54.19,0,532.22,44795.32,66558.12,0,21762.799999999996,202.1295081967213
BAT-000279,2024-11,1,PLT-06,APAC,FRM-02,PRD-02,Polymers,0.8522,0.9444,22.69,21.43,21.43,0,867.58,28053.52,44203.09,0,16149.569999999996,368.8025473776994
BAT-000280,2024-11,1,PLT-01,EMEA,FRM-06,PRD-06,Coatings,0.8706,0.9163,37.36,34.23,34.23,0,1397.59,74057.28,117914.65,0,43857.369999999995,584.6712419700216
BAT-000281,2024-11,1,PLT-06,APAC,FRM-05,PRD-05,Coatings,0.8226,0.8894,29.14,25.91,25.91,0,1287.52,51714.94,79452.9,0,27737.959999999992,487.1862457103639
BAT-000282,2024-11,1,PLT-01,EMEA,FRM-07,PRD-07,Catalysts,0.8419,0.8626,2.62,2.26,0.0,1,14571.93,52749.36,0.0,0,-52749.36,5561.413511450381
BAT-000283,2024-11,1,PLT-05,LATAM,FRM-03,PRD-03,Solvents,0.8313,0.9755,38.86,37.9,37.9,0,540.46,28842.76,47858.79,0,19016.030000000002,201.76233659289755
BAT-000284,2024-11,1,PLT-06,APAC,FRM-07,PRD-07,Catalysts,0.8363,0.8874,3.09,2.74,2.74,0,14571.93,61561.8,104001.06,0,42439.259999999995,5350.982621359224
BAT-000285,2024-11,1,PLT-05,LATAM,FRM-02,PRD-02,Polymers,0.8063,0.9126,19.45,17.75,17.75,0,867.58,24415.11,34759.65,0,10344.54,387.6955784061696
BAT-000286,2024-11,1,PLT-05,LATAM,FRM-10,PRD-10,Agrochem,0.8308,0.918,38.6,35.43,35.43,0,563.49,30822.33,41235.46,0,10413.129999999997,235.01595854922277
BAT-000287,2024-11,1,PLT-01,EMEA,FRM-11,PRD-11,Polymers,0.8985,0.9372,59.88,56.12,56.12,0,712.2,57893.33,91236.17,0,33342.84,254.62247828991315
BAT-000288,2024-11,1,PLT-01,EMEA,FRM-04,PRD-04,Agrochem,0.8808,0.9591,80.98,77.67,77.67,0,532.22,58211.26,90380.57,0,32169.310000000005,186.61502099283769
BAT-000289,2024-11,1,PLT-03,APAC,FRM-02,PRD-02,Polymers,0.7304,0.8636,56.67,48.94,48.94,0,867.58,71339.23,100428.75,0,29089.520000000004,391.2735380271748
BAT-000290,2024-11,1,PLT-02,AMER,FRM-11,PRD-11,Polymers,0.8365,0.9432,57.5,54.24,54.24,0,712.2,55807.37,86302.26,0,30494.889999999992,258.3629565217391
BAT-000291,2024-11,1,PLT-01,EMEA,FRM-04,PRD-04,Agrochem,0.8223,0.9753,94.37,92.04,92.04,0,532.22,68700.26,109862.54,0,41162.28,195.76834375331134
BAT-000292,2024-11,1,PLT-05,LATAM,FRM-01,PRD-01,Polymers,0.8363,0.9117,49.31,44.96,44.96,0,740.29,50695.32,77959.32,0,27264.000000000007,287.8040985601299
BAT-000293,2024-11,1,PLT-03,APAC,FRM-11,PRD-11,Polymers,0.7017,0.9429,42.66,40.23,0.0,1,712.2,43759.23,0.0,0,-43759.23,313.5672292545712
BAT-000294,2024-11,1,PLT-02,AMER,FRM-06,PRD-06,Coatings,0.8025,0.8818,30.77,27.13,27.13,0,1397.59,62159.61,90715.88,0,28556.270000000004,622.5468215794606
BAT-000295,2024-11,1,PLT-05,LATAM,FRM-06,PRD-06,Coatings,0.8207,0.8637,24.24,20.94,20.94,0,1397.59,48589.38,67320.36,0,18730.980000000003,606.9223762376239
BAT-000296,2024-11,1,PLT-04,EMEA,FRM-06,PRD-06,Coatings,0.8666,0.8483,21.61,18.33,18.33,0,1397.59,40987.46,59146.36,0,18158.9,499.09949560388714
BAT-000297,2024-11,1,PLT-05,LATAM,FRM-08,PRD-08,Surfactants,0.8186,0.9239,37.13,34.3,34.3,0,1021.03,54487.75,80645.78,0,26158.03,446.4558604901697
BAT-000298,2024-11,1,PLT-02,AMER,FRM-04,PRD-04,Agrochem,0.8682,0.9315,71.05,66.18,66.18,0,532.22,52001.54,74389.59,0,22388.049999999996,199.68063335679096
BAT-000299,2024-11,1,PLT-05,LATAM,FRM-01,PRD-01,Polymers,0.8458,0.9286,54.78,50.87,50.87,0,740.29,56871.97,86631.6,0,29759.630000000005,297.89857247170494
BAT-000300,2024-11,1,PLT-06,APAC,FRM-12,PRD-12,Solvents,0.8661,0.8956,73.0,65.38,65.38,0,595.42,61420.08,90751.12,0,29331.039999999994,245.9509589041096
BAT-000301,2024-11,1,PLT-01,EMEA,FRM-06,PRD-06,Coatings,0.8165,0.865,36.3,31.4,31.4,0,1397.59,72558.86,107089.54,0,34530.67999999999,601.2766666666669
BAT-000302,2024-11,1,PLT-02,AMER,FRM-06,PRD-06,Coatings,0.86,0.9108,48.75,44.4,44.4,0,1397.59,94257.95,150928.3,0,56670.34999999999,535.9064102564103
BAT-000303,2024-11,1,PLT-06,APAC,FRM-07,PRD-07,Catalysts,0.7965,0.9022,3.17,2.86,2.86,0,14571.93,64771.53,107889.15,0,43117.619999999995,5860.729305993689
BAT-000304,2024-11,1,PLT-04,EMEA,FRM-01,PRD-01,Polymers,0.8278,0.953,44.79,42.68,42.68,0,740.29,46031.72,72940.1,0,26908.380000000005,287.43315248939507
BAT-000305,2024-11,1,PLT-02,AMER,FRM-11,PRD-11,Polymers,0.7991,0.9357,68.57,64.16,64.16,0,712.2,70101.91,108940.24,0,38838.33,310.14081960040846
BAT-000306,2024-11,1,PLT-03,APAC,FRM-07,PRD-07,Catalysts,0.6426,0.8273,2.52,2.09,2.09,0,14571.93,53029.7,78860.76,0,25831.059999999998,6471.601746031745
BAT-000307,2024-11,1,PLT-05,LATAM,FRM-02,PRD-02,Polymers,0.7744,0.9378,18.29,17.15,17.15,0,867.58,23219.92,35438.54,0,12218.620000000003,401.9618261344996
BAT-000308,2024-11,1,PLT-03,APAC,FRM-02,PRD-02,Polymers,0.6863,0.8649,18.38,15.9,15.9,0,867.58,23372.14,32470.67,0,9098.529999999999,404.02718171926006
BAT-000309,2024-11,1,PLT-03,APAC,FRM-01,PRD-01,Polymers,0.6256,0.9062,49.25,44.63,44.63,0,740.29,52911.31,74069.67,0,21158.36,334.0513197969542
BAT-000310,2024-11,1,PLT-06,APAC,FRM-08,PRD-08,Surfactants,0.8393,0.9245,21.21,19.61,19.61,0,1021.03,30178.82,43573.85,0,13395.029999999999,401.8280858085809
BAT-000311,2024-11,1,PLT-06,APAC,FRM-09,PRD-09,Specialty,0.8592,0.829,23.29,19.3,19.3,0,1572.43,47941.51,48148.37,0,206.86000000000058,486.02899527694285
BAT-000312,2024-11,1,PLT-02,AMER,FRM-06,PRD-06,Coatings,0.8805,0.9049,15.07,13.64,13.64,0,1397.59,28533.41,47274.19,0,18740.780000000002,495.8015063039152
BAT-000313,2024-11,1,PLT-03,APAC,FRM-05,PRD-05,Coatings,0.6753,0.8754,16.84,14.74,0.0,1,1287.52,32358.32,0.0,0,-32358.32,633.9954394299289
BAT-000314,2024-11,1,PLT-02,AMER,FRM-04,PRD-04,Agrochem,0.8548,0.8685,54.02,46.92,46.92,0,532.22,39900.21,57192.56,0,17292.35,206.39921510551642
BAT-000315,2024-11,1,PLT-01,EMEA,FRM-03,PRD-03,Solvents,0.8112,0.9868,41.51,40.97,40.97,0,540.46,31036.42,55870.04,0,24833.620000000003,207.22537701758608
BAT-000316,2024-11,1,PLT-06,APAC,FRM-05,PRD-05,Coatings,0.9168,0.9253,18.83,17.42,17.42,0,1287.52,33851.67,53126.7,0,19275.03,510.2319915029209
BAT-000317,2024-11,1,PLT-06,APAC,FRM-11,PRD-11,Polymers,0.8633,0.9463,52.31,49.5,49.5,0,712.2,50745.04,78763.91,0,28018.870000000003,257.8829669279296
BAT-000318,2024-11,1,PLT-03,APAC,FRM-04,PRD-04,Agrochem,0.6147,0.8419,75.5,63.57,63.57,0,532.22,58437.34,73886.75,0,15449.410000000003,241.78450331125816
BAT-000319,2024-11,1,PLT-05,LATAM,FRM-02,PRD-02,Polymers,0.7815,0.8946,21.22,18.99,18.99,0,867.58,26212.12,35800.66,0,9588.540000000005,367.6754194156457
BAT-000320,2024-11,1,PLT-02,AMER,FRM-06,PRD-06,Coatings,0.8673,0.9166,27.83,25.51,25.51,0,1397.59,52314.62,89369.85,0,37055.23,482.2023104563423
BAT-000321,2024-11,1,PLT-04,EMEA,FRM-12,PRD-12,Solvents,0.8264,0.9024,57.42,51.81,51.81,0,595.42,48700.65,73869.33,0,25168.68,252.72785788923727
BAT-000322,2024-11,1,PLT-03,APAC,FRM-04,PRD-04,Agrochem,0.5258,0.831,72.84,60.53,60.53,0,532.22,58469.09,73591.4,0,15122.309999999998,270.4857935200438
BAT-000323,2024-11,1,PLT-03,APAC,FRM-10,PRD-10,Agrochem,0.7101,0.903,26.65,24.07,24.07,0,563.49,21267.37,28731.74,0,7464.370000000003,234.53514071294558
BAT-000324,2024-11,1,PLT-01,EMEA,FRM-03,PRD-03,Solvents,0.8393,0.9758,77.81,75.92,75.92,0,540.46,58119.74,103921.18,0,45801.439999999995,206.48435162575493
BAT-000325,2024-11,1,PLT-03,APAC,FRM-06,PRD-06,Coatings,0.6662,0.8604,25.29,21.76,0.0,1,1397.59,51905.19,0.0,0,-51905.19,654.8097627520763
BAT-000326,2024-11,1,PLT-06,APAC,FRM-07,PRD-07,Catalysts,0.8657,0.9203,1.74,1.6,1.6,0,14571.93,35238.14,60083.51,0,24845.370000000003,5679.8745977011495
BAT-000327,2024-11,1,PLT-01,EMEA,FRM-02,PRD-02,Polymers,0.825,0.9387,58.98,55.37,55.37,0,867.58,72833.7,114557.07,0,41723.37000000001,367.3080976602238
BAT-000328,2024-11,1,PLT-01,EMEA,FRM-07,PRD-07,Catalysts,0.8394,0.787,3.05,2.4,2.4,0,14571.93,63102.94,87726.19,0,24623.25,6117.558524590164
BAT-000329,2024-11,1,PLT-02,AMER,FRM-06,PRD-06,Coatings,0.8687,0.9412,20.91,19.68,19.68,0,1397.59,40219.69,68768.46,0,28548.770000000004,525.8767623146821
BAT-000330,2024-11,1,PLT-06,APAC,FRM-02,PRD-02,Polymers,0.8291,0.8864,46.81,41.49,0.0,1,867.58,55395.17,0.0,0,-55395.17,315.82461439863266
BAT-000331,2024-11,1,PLT-01,EMEA,FRM-05,PRD-05,Coatings,0.8613,0.8848,14.78,13.08,13.08,0,1287.52,26690.88,37618.48,0,10927.600000000002,518.3582138024358
BAT-000332,2024-11,1,PLT-02,AMER,FRM-06,PRD-06,Coatings,0.8242,0.9449,41.46,39.18,39.18,0,1397.59,81240.81,137157.86,0,55917.04999999999,561.9085528219971
BAT-000333,2024-11,1,PLT-04,EMEA,FRM-11,PRD-11,Polymers,0.8986,0.9235,48.69,44.97,44.97,0,712.2,47418.85,72284.74,0,24865.890000000007,261.69299650852327
BAT-000334,2024-11,1,PLT-03,APAC,FRM-03,PRD-03,Solvents,0.7242,0.9373,42.78,40.09,40.09,0,540.46,33752.46,51371.73,0,17619.270000000004,248.51755960729304
BAT-000335,2024-11,1,PLT-05,LATAM,FRM-03,PRD-03,Solvents,0.7943,0.9421,41.57,39.16,39.16,0,540.46,32256.84,51122.16,0,18865.320000000003,235.50439740197248
BAT-000336,2024-11,1,PLT-01,EMEA,FRM-12,PRD-12,Solvents,0.9037,0.9577,35.81,34.29,34.29,0,595.42,28523.5,49609.49,0,21085.989999999998,201.10331750907562
BAT-000337,2024-11,1,PLT-03,APAC,FRM-11,PRD-11,Polymers,0.6609,0.8747,56.13,49.1,49.1,0,712.2,58069.51,78277.88,0,20208.370000000003,322.35389274897557
BAT-000338,2024-11,1,PLT-03,APAC,FRM-11,PRD-11,Polymers,0.6705,0.8733,61.93,54.08,54.08,0,712.2,64008.94,85588.53,0,21579.589999999997,321.36919102212164
BAT-000339,2024-11,1,PLT-02,AMER,FRM-03,PRD-03,Solvents,0.8434,0.9484,94.34,89.48,89.48,0,540.46,69179.91,118198.23,0,49018.31999999999,192.8441127835489
BAT-000340,2024-11,1,PLT-06,APAC,FRM-04,PRD-04,Agrochem,0.8393,0.9291,63.84,59.31,59.31,0,532.22,46692.88,72618.85,0,25925.97000000001,199.18476190476179
BAT-000341,2024-11,1,PLT-06,APAC,FRM-09,PRD-09,Specialty,0.8143,0.8506,46.74,39.76,39.76,0,1572.43,97644.85,106254.37,0,8609.51999999999,516.6767608044499
BAT-000342,2024-11,1,PLT-03,APAC,FRM-04,PRD-04,Agrochem,0.6426,0.8911,78.7,70.13,70.13,0,532.22,61858.23,81070.34,0,19212.109999999993,253.7803811944092
BAT-000343,2024-11,1,PLT-03,APAC,FRM-11,PRD-11,Polymers,0.6406,0.871,35.03,30.51,30.51,0,712.2,37495.04,49103.79,0,11608.75,358.16939765914935
BAT-000344,2024-11,1,PLT-01,EMEA,FRM-12,PRD-12,Solvents,0.8623,0.9714,87.37,84.88,84.88,0,595.42,70096.79,124102.1,0,54005.31000000001,206.8781572622181
BAT-000345,2024-11,1,PLT-06,APAC,FRM-01,PRD-01,Polymers,0.7645,0.9557,69.58,66.5,66.5,0,740.29,71788.46,111327.52,0,39539.06,291.4498677780973
BAT-000346,2024-11,1,PLT-05,LATAM,FRM-12,PRD-12,Solvents,0.8143,0.9453,33.65,31.81,31.81,0,595.42,28412.31,44616.74,0,16204.429999999997,248.92799405646372
BAT-000347,2024-11,1,PLT-01,EMEA,FRM-09,PRD-09,Specialty,0.863,0.8072,45.59,36.8,36.8,0,1572.43,96895.59,97440.8,0,545.2100000000064,552.9393792498352
BAT-000348,2024-11,1,PLT-04,EMEA,FRM-03,PRD-03,Solvents,0.8101,0.9825,51.04,50.15,50.15,0,540.46,38448.19,64193.94,0,25745.75,212.83525862068973
BAT-000349,2024-11,1,PLT-04,EMEA,FRM-09,PRD-09,Specialty,0.826,0.7757,50.52,39.19,39.19,0,1572.43,108412.12,105368.35,0,-3043.7699999999895,573.4947822644492
BAT-000350,2024-11,1,PLT-03,APAC,FRM-08,PRD-08,Surfactants,0.6363,0.9148,17.09,15.63,15.63,0,1021.03,25507.56,36453.39,0,10945.829999999998,471.5130076067878
BAT-000351,2024-11,1,PLT-03,APAC,FRM-06,PRD-06,Coatings,0.7196,0.8541,11.67,9.97,9.97,0,1397.59,23955.87,31891.42,0,7935.549999999999,655.1837789203084
BAT-000352,2024-11,1,PLT-06,APAC,FRM-03,PRD-03,Solvents,0.8709,0.9759,76.0,74.16,74.16,0,540.46,58589.21,100835.16,0,42245.950000000004,230.45065789473676
BAT-000353,2024-11,1,PLT-04,EMEA,FRM-07,PRD-07,Catalysts,0.8692,0.8789,2.43,2.14,2.14,0,14571.93,47632.12,73724.64,0,26092.519999999997,5029.765473251027
BAT-000354,2024-11,1,PLT-04,EMEA,FRM-11,PRD-11,Polymers,0.8091,0.9243,76.76,70.95,70.95,0,712.2,76258.51,119340.97,0,43082.46000000001,281.26677957269396
BAT-000355,2024-11,1,PLT-04,EMEA,FRM-04,PRD-04,Agrochem,0.8442,0.9185,93.57,85.94,85.94,0,532.22,67956.26,97751.96,0,29795.70000000001,194.0411948274019
BAT-000356,2024-11,1,PLT-04,EMEA,FRM-12,PRD-12,Solvents,0.8413,0.9256,44.14,40.86,40.86,0,595.42,36244.08,59036.75,0,22792.67,225.69644766651572
BAT-000357,2024-11,1,PLT-06,APAC,FRM-08,PRD-08,Surfactants,0.8482,0.9081,41.74,37.91,37.91,0,1021.03,61045.79,84756.98,0,23711.189999999995,441.49491614758017
BAT-000358,2024-11,1,PLT-01,EMEA,FRM-10,PRD-10,Agrochem,0.8236,0.9063,79.16,71.75,71.75,0,563.49,62517.02,89654.27,0,27137.250000000007,226.26517938352697
BAT-000359,2024-11,1,PLT-05,LATAM,FRM-10,PRD-10,Agrochem,0.8064,0.9401,53.65,50.44,50.44,0,563.49,43098.08,59574.03,0,16475.949999999997,239.8292917054987
BAT-000360,2024-11,1,PLT-04,EMEA,FRM-06,PRD-06,Coatings,0.8219,0.8904,36.15,32.19,32.19,0,1397.59,69648.62,105410.38,0,35761.76000000001,529.0661549100969
BAT-000361,2024-11,1,PLT-03,APAC,FRM-03,PRD-03,Solvents,0.7253,0.9587,44.84,42.99,42.99,0,540.46,35636.89,56715.64,0,21078.75,254.29669045495086
BAT-000362,2024-11,1,PLT-03,APAC,FRM-03,PRD-03,Solvents,0.6679,0.8842,52.64,46.54,46.54,0,540.46,42011.83,63587.41,0,21575.58,257.6370744680851
BAT-000363,2024-11,1,PLT-04,EMEA,FRM-11,PRD-11,Polymers,0.839,0.9325,58.73,54.77,54.77,0,712.2,56772.35,86224.93,0,29452.579999999994,254.46695045121737
BAT-000364,2024-11,1,PLT-01,EMEA,FRM-02,PRD-02,Polymers,0.9177,0.9126,64.62,58.98,58.98,0,867.58,78218.12,114459.17,0,36241.05,342.85206437635395
BAT-000365,2024-11,1,PLT-04,EMEA,FRM-12,PRD-12,Solvents,0.8419,0.9653,71.75,69.26,69.26,0,595.42,59765.33,101097.43,0,41332.09999999999,237.54627177700354
BAT-000366,2024-11,1,PLT-02,AMER,FRM-01,PRD-01,Polymers,0.8389,0.9728,62.18,60.49,0.0,1,740.29,65818.75,0.0,0,-65818.75,318.22962045673853
BAT-000367,2024-11,1,PLT-03,APAC,FRM-06,PRD-06,Coatings,0.7066,0.8357,13.35,11.16,0.0,1,1397.59,27651.15,0.0,0,-27651.15,673.6571910112364
BAT-000368,2024-11,1,PLT-06,APAC,FRM-07,PRD-07,Catalysts,0.7711,0.8502,2.16,1.83,1.83,0,14571.93,43587.56,64934.13,0,21346.57,5607.495925925923
BAT-000369,2024-11,1,PLT-03,APAC,FRM-12,PRD-12,Solvents,0.6743,0.883,72.68,64.18,64.18,0,595.42,62612.88,88417.54,0,25804.659999999996,266.0670665932855
BAT-000370,2024-11,1,PLT-06,APAC,FRM-02,PRD-02,Polymers,0.7838,0.9145,20.5,18.75,18.75,0,867.58,25048.5,36555.32,0,11506.82,354.2980487804879
BAT-000371,2024-11,1,PLT-06,APAC,FRM-06,PRD-06,Coatings,0.8779,0.9077,19.52,17.71,17.71,0,1397.59,38133.63,56726.57,0,18592.940000000002,555.9771106557378
BAT-000372,2024-11,1,PLT-06,APAC,FRM-07,PRD-07,Catalysts,0.8364,0.8435,1.21,1.02,1.02,0,14571.93,25080.37,37321.32,0,12240.95,6155.648512396692
BAT-000373,2024-11,1,PLT-03,APAC,FRM-04,PRD-04,Agrochem,0.648,0.8283,56.89,47.12,47.12,0,532.22,44692.54,56062.86,0,11370.32,253.37571102126913
BAT-000374,2024-11,1,PLT-04,EMEA,FRM-03,PRD-03,Solvents,0.9099,0.9723,69.87,67.93,67.93,0,540.46,52485.74,87397.87,0,34912.13,210.7313553742664
BAT-000375,2024-11,1,PLT-06,APAC,FRM-12,PRD-12,Solvents,0.8624,0.9315,70.18,65.37,65.37,0,595.42,59734.46,93679.23,0,33944.77,255.74072955257907
BAT-000376,2024-11,1,PLT-05,LATAM,FRM-04,PRD-04,Agrochem,0.7529,0.978,29.71,29.06,29.06,0,532.22,22682.37,32417.13,0,9734.760000000002,231.23910467855933
BAT-000377,2024-11,1,PLT-02,AMER,FRM-09,PRD-09,Specialty,0.8085,0.8469,23.65,20.03,20.03,0,1572.43,51848.07,49338.91,0,-2509.159999999996,619.8773995771669
BAT-000378,2024-11,1,PLT-04,EMEA,FRM-02,PRD-02,Polymers,0.9047,0.9405,32.55,30.61,30.61,0,867.58,37737.95,59252.05,0,21514.100000000006,291.80402457757293
BAT-000379,2024-11,1,PLT-06,APAC,FRM-02,PRD-02,Polymers,0.7929,0.9068,58.83,53.35,53.35,0,867.58,73434.3,101853.5,0,28419.199999999997,380.66579296277416
BAT-000380,2024-11,1,PLT-03,APAC,FRM-10,PRD-10,Agrochem,0.6505,0.8558,29.87,25.57,25.57,0,563.49,24448.5,30228.65,0,5780.1500000000015,255.0068195513893
BAT-000381,2024-11,1,PLT-01,EMEA,FRM-04,PRD-04,Agrochem,0.8204,0.9436,79.88,75.38,75.38,0,532.22,60254.38,88460.81,0,28206.43,222.0912168252379
BAT-000382,2024-11,1,PLT-04,EMEA,FRM-07,PRD-07,Catalysts,0.8382,0.8699,3.48,3.03,3.03,0,14571.93,72915.26,104979.76,0,32064.5,6380.730919540227
BAT-000383,2024-11,1,PLT-02,AMER,FRM-01,PRD-01,Polymers,0.8122,0.9069,41.97,38.06,38.06,0,740.29,44221.56,69581.31,0,25359.75,313.3568906361686
BAT-000384,2024-11,1,PLT-05,LATAM,FRM-08,PRD-08,Surfactants,0.8012,0.9344,27.31,25.52,25.52,0,1021.03,39620.52,59504.55,0,19884.030000000006,429.7396814353717
BAT-000385,2024-11,1,PLT-04,EMEA,FRM-08,PRD-08,Surfactants,0.9536,0.976,26.86,26.21,26.21,0,1021.03,36479.42,58744.52,0,22265.1,337.1017944899479
BAT-000386,2024-11,1,PLT-01,EMEA,FRM-08,PRD-08,Surfactants,0.8792,0.9294,23.58,21.91,21.91,0,1021.03,32912.51,48642.26,0,15729.75,374.7507463952504
BAT-000387,2024-11,1,PLT-04,EMEA,FRM-07,PRD-07,Catalysts,0.9254,0.8432,1.37,1.16,1.16,0,14571.93,26838.17,41759.62,0,14921.450000000004,5017.975109489049
BAT-000388,2024-11,1,PLT-01,EMEA,FRM-09,PRD-09,Specialty,0.8128,0.769,23.86,18.35,18.35,0,1572.43,50650.77,46063.79,0,-4586.979999999996,550.4019362950542
BAT-000389,2024-11,1,PLT-06,APAC,FRM-05,PRD-05,Coatings,0.8876,0.8697,23.79,20.69,20.69,0,1287.52,42611.99,63290.73,0,20678.740000000005,503.6523413198822
BAT-000390,2024-11,1,PLT-05,LATAM,FRM-04,PRD-04,Agrochem,0.7585,0.9373,30.33,28.43,28.43,0,532.22,22762.67,31751.56,0,8988.890000000003,218.28016485328055
BAT-000391,2024-11,1,PLT-02,AMER,FRM-05,PRD-05,Coatings,0.7716,0.9154,20.59,18.85,18.85,0,1287.52,37148.86,54677.75,0,17528.89,516.6985526954834
BAT-000392,2024-11,1,PLT-06,APAC,FRM-10,PRD-10,Agrochem,0.8027,0.8961,52.81,47.33,47.33,0,563.49,41506.44,57570.8,0,16064.36,222.46796250710088
BAT-000393,2024-11,1,PLT-04,EMEA,FRM-06,PRD-06,Coatings,0.8486,0.9144,25.9,23.68,23.68,0,1397.59,50007.51,76645.28,0,26637.769999999997,533.201891891892
BAT-000394,2024-11,1,PLT-02,AMER,FRM-06,PRD-06,Coatings,0.8211,0.9424,15.09,14.22,14.22,0,1397.59,30342.48,45915.77,0,15573.289999999997,613.1773956262425
BAT-000395,2024-11,1,PLT-03,APAC,FRM-05,PRD-05,Coatings,0.7311,0.8657,14.09,12.2,0.0,1,1287.52,25438.39,0.0,0,-25438.39,517.9015755855216
BAT-000396,2024-11,1,PLT-01,EMEA,FRM-04,PRD-04,Agrochem,0.8526,0.931,65.93,61.38,61.38,0,532.22,49380.34,69841.71,0,20461.37000000001,216.76134384953718
BAT-000397,2024-11,1,PLT-01,EMEA,FRM-04,PRD-04,Agrochem,0.8805,0.867,87.29,75.67,75.67,0,532.22,63660.0,91568.59,0,27908.589999999997,197.07316072860567
BAT-000398,2024-11,1,PLT-02,AMER,FRM-07,PRD-07,Catalysts,0.8918,0.893,3.5,3.13,3.13,0,14571.93,71302.34,109784.85,0,38482.51000000001,5800.167142857143
BAT-000399,2024-11,1,PLT-04,EMEA,FRM-11,PRD-11,Polymers,0.8839,0.9174,45.85,42.07,42.07,0,712.2,45028.69,66862.43,0,21833.73999999999,269.8870229007633
BAT-000400,2024-11,1,PLT-05,LATAM,FRM-06,PRD-06,Coatings,0.8087,0.9015,20.33,18.33,18.33,0,1397.59,39416.71,60880.4,0,21463.690000000002,541.254564682735
BAT-000401,2024-11,1,PLT-03,APAC,FRM-05,PRD-05,Coatings,0.6912,0.8801,21.33,18.78,0.0,1,1287.52,40419.49,0.0,0,-40419.49,607.4396812001876
BAT-000402,2024-11,1,PLT-03,APAC,FRM-04,PRD-04,Agrochem,0.6899,0.8718,30.91,26.95,26.95,0,532.22,23588.81,32335.29,0,8746.48,230.92493691362017
BAT-000403,2024-11,1,PLT-02,AMER,FRM-09,PRD-09,Specialty,0.8764,0.831,61.13,50.8,0.0,1,1572.43,128366.49,0.0,0,-128366.49,527.4635056437103
BAT-000404,2024-11,1,PLT-06,APAC,FRM-12,PRD-12,Solvents,0.8918,0.995,37.7,37.51,37.51,0,595.42,31372.06,54335.89,0,22963.829999999998,236.73013262599466
BAT-000405,2024-11,1,PLT-05,LATAM,FRM-04,PRD-04,Agrochem,0.7298,0.8991,54.72,49.2,49.2,0,532.22,40773.68,60044.97,0,19271.29,212.91304093567248
BAT-000406,2024-11,1,PLT-06,APAC,FRM-02,PRD-02,Polymers,0.7698,0.9528,62.58,59.63,59.63,0,867.58,77341.17,117456.93,0,40115.759999999995,368.2967976989454
BAT-000407,2024-11,1,PLT-06,APAC,FRM-08,PRD-08,Surfactants,0.8103,0.9181,34.19,31.39,31.39,0,1021.03,48580.71,72012.38,0,23431.670000000006,399.8740655162328
BAT-000408,2024-11,1,PLT-03,APAC,FRM-10,PRD-10,Agrochem,0.6106,0.9386,75.98,71.31,71.31,0,563.49,65008.77,84771.92,0,19763.15,292.11371150302705
BAT-000409,2024-11,1,PLT-01,EMEA,FRM-08,PRD-08,Surfactants,0.7369,0.9401,39.61,37.24,37.24,0,1021.03,56641.18,86626.97,0,29985.79,408.9417243120424
BAT-000410,2024-11,1,PLT-04,EMEA,FRM-01,PRD-01,Polymers,0.8842,0.892,75.46,67.31,0.0,1,740.29,78812.34,0.0,0,-78812.34,304.13539093559507
BAT-000411,2024-11,1,PLT-04,EMEA,FRM-12,PRD-12,Solvents,0.8502,0.9296,35.8,33.28,33.28,0,595.42,30074.36,47217.22,0,17142.86,244.64592178770965
BAT-000412,2024-11,1,PLT-01,EMEA,FRM-04,PRD-04,Agrochem,0.8891,0.9255,91.77,84.93,84.93,0,532.22,67401.56,95268.17,0,27866.61,202.24180669063958
BAT-000413,2024-11,1,PLT-05,LATAM,FRM-06,PRD-06,Coatings,0.8368,0.8951,22.47,20.11,20.11,0,1397.59,42888.95,68122.96,0,25234.01000000001,511.1305162438807
BAT-000414,2024-11,1,PLT-02,AMER,FRM-12,PRD-12,Solvents,0.8795,0.8889,87.21,77.52,77.52,0,595.42,71914.3,111231.36,0,39317.06,229.19070978098853
BAT-000415,2024-11,1,PLT-05,LATAM,FRM-07,PRD-07,Catalysts,0.8052,0.834,1.98,1.65,1.65,0,14571.93,40939.83,61275.61,0,20335.78,6104.7518181818195
BAT-000416,2024-11,1,PLT-05,LATAM,FRM-07,PRD-07,Catalysts,0.8059,0.8455,1.97,1.66,1.66,0,14571.93,39639.49,57703.54,0,18064.050000000003,5549.638527918782
BAT-000417,2024-11,1,PLT-05,LATAM,FRM-02,PRD-02,Polymers,0.8411,0.8919,25.42,22.67,22.67,0,867.58,31445.85,44418.87,0,12973.020000000004,369.4715342250196
BAT-000418,2024-11,1,PLT-02,AMER,FRM-04,PRD-04,Agrochem,0.7851,0.8788,55.38,48.67,48.67,0,532.22,40708.65,59809.77,0,19101.119999999995,202.85854821235102
BAT-000419,2024-11,1,PLT-06,APAC,FRM-02,PRD-02,Polymers,0.7757,0.9223,28.45,26.24,26.24,0,867.58,35674.59,53462.35,0,17787.760000000002,386.3598945518453
BAT-000420,2024-11,1,PLT-05,LATAM,FRM-01,PRD-01,Polymers,0.7591,0.9212,26.6,24.5,24.5,0,740.29,27303.14,43412.57,0,16109.43,286.143834586466
BAT-000421,2024-11,1,PLT-04,EMEA,FRM-08,PRD-08,Surfactants,0.8405,0.9787,60.39,59.1,59.1,0,1021.03,87745.31,128379.83,0,40634.520000000004,431.9474797151845
BAT-000422,2024-11,1,PLT-04,EMEA,FRM-06,PRD-06,Coatings,0.9289,0.8815,13.15,11.6,11.6,0,1397.59,24715.3,40617.23,0,15901.930000000004,481.900494296578
BAT-000423,2024-11,1,PLT-03,APAC,FRM-09,PRD-09,Specialty,0.6067,0.8065,27.2,21.93,21.93,0,1572.43,61735.95,57328.25,0,-4407.699999999997,697.2740441176468
BAT-000424,2024-11,1,PLT-01,EMEA,FRM-06,PRD-06,Coatings,0.8466,0.8978,19.11,17.15,17.15,0,1397.59,37572.8,59968.9,0,22396.1,568.5429147043435
BAT-000425,2024-11,1,PLT-04,EMEA,FRM-04,PRD-04,Agrochem,0.8791,0.9085,57.92,52.62,52.62,0,532.22,42398.34,62070.04,0,19671.700000000004,199.79553867403308
BAT-000426,2024-11,1,PLT-06,APAC,FRM-01,PRD-01,Polymers,0.7792,0.9731,63.97,62.25,62.25,0,740.29,67598.8,108952.24,0,41353.44,316.43659058933895
BAT-000427,2024-11,1,PLT-02,AMER,FRM-01,PRD-01,Polymers,0.8494,0.9741,50.08,48.79,48.79,0,740.29,50516.83,85463.94,0,34947.11,268.4326437699682
BAT-000428,2024-11,1,PLT-01,EMEA,FRM-08,PRD-08,Surfactants,0.8972,0.9513,47.51,45.2,45.2,0,1021.03,66301.29,101246.81,0,34945.520000000004,374.4928372974109
BAT-000429,2024-11,1,PLT-03,APAC,FRM-07,PRD-07,Catalysts,0.6444,0.9095,2.17,1.97,1.97,0,14571.93,46408.01,72178.52,0,25770.510000000002,6814.249723502304
BAT-000430,2024-11,1,PLT-04,EMEA,FRM-01,PRD-01,Polymers,0.8592,0.9349,37.18,34.76,34.76,0,740.29,38000.77,58944.65,0,20943.880000000005,281.78557826788597
BAT-000431,2024-11,1,PLT-01,EMEA,FRM-04,PRD-04,Agrochem,0.8606,0.9009,29.82,26.86,26.86,0,532.22,22381.23,31851.86,0,9470.630000000001,218.32426559356134
BAT-000432,2024-11,1,PLT-04,EMEA,FRM-08,PRD-08,Surfactants,0.9082,0.9557,56.2,53.71,0.0,1,1021.03,76628.42,0.0,0,-76628.42,342.46501779359414
BAT-000433,2024-11,1,PLT-06,APAC,FRM-01,PRD-01,Polymers,0.8406,0.9416,50.64,47.68,47.68,0,740.29,53477.57,79513.44,0,26035.870000000003,315.7441627172195
BAT-000434,2024-11,1,PLT-05,LATAM,FRM-11,PRD-11,Polymers,0.9144,0.9545,20.74,19.8,19.8,0,712.2,20184.88,33296.83,0,13111.95,261.0343297974929
BAT-000435,2024-11,1,PLT-01,EMEA,FRM-07,PRD-07,Catalysts,0.8486,0.8806,2.99,2.63,2.63,0,14571.93,59749.53,93766.59,0,34017.06,5411.19040133779
BAT-000436,2024-11,1,PLT-01,EMEA,FRM-11,PRD-11,Polymers,0.808,0.9429,45.14,42.56,42.56,0,712.2,44156.6,66898.8,0,22742.200000000004,266.0144439521488
BAT-000437,2024-11,1,PLT-02,AMER,FRM-07,PRD-07,Catalysts,0.9331,0.8971,1.41,1.27,0.0,1,14571.93,27636.23,0.0,0,-27636.23,5028.233120567376
BAT-000438,2024-11,1,PLT-03,APAC,FRM-04,PRD-04,Agrochem,0.6029,0.8433,37.61,31.71,31.71,0,532.22,29341.81,37826.73,0,8484.920000000002,247.93979792608354
BAT-000439,2024-11,1,PLT-05,LATAM,FRM-11,PRD-11,Polymers,0.87,0.9257,58.06,53.74,53.74,0,712.2,58456.17,86260.96,0,27804.790000000008,294.62345849121584
BAT-000440,2024-11,1,PLT-03,APAC,FRM-05,PRD-05,Coatings,0.6725,0.8723,27.69,24.15,24.15,0,1287.52,51941.1,72711.35,0,20770.250000000007,588.2871505958828
BAT-000441,2024-12,2,PLT-06,APAC,FRM-07,PRD-07,Catalysts,0.8715,0.8517,3.03,2.58,2.58,0,14810.29,62295.63,92851.47,0,30555.840000000004,5749.3238613861395
BAT-000442,2024-12,2,PLT-05,LATAM,FRM-04,PRD-04,Agrochem,0.7467,0.9054,57.95,52.47,52.47,0,540.93,43822.25,59535.32,0,15713.07,215.27793787748055
BAT-000443,2024-12,2,PLT-06,APAC,FRM-03,PRD-03,Solvents,0.8916,0.9928,87.94,87.31,87.31,0,549.3,67025.53,115555.92,0,48530.39,212.87341369115313
BAT-000444,2024-12,2,PLT-02,AMER,FRM-11,PRD-11,Polymers,0.8241,0.9163,81.28,74.47,74.47,0,723.85,83343.26,126012.43,0,42669.17,301.53459645669284
BAT-000445,2024-12,2,PLT-05,LATAM,FRM-02,PRD-02,Polymers,0.8098,0.9492,20.75,19.7,19.7,0,881.77,26032.43,38293.61,0,12261.18,372.8049397590362
BAT-000446,2024-12,2,PLT-04,EMEA,FRM-03,PRD-03,Solvents,0.8768,0.9801,59.34,58.16,58.16,0,549.3,44466.06,73608.83,0,29142.770000000004,200.04378159757323
BAT-000447,2024-12,2,PLT-02,AMER,FRM-06,PRD-06,Coatings,0.8594,0.958,33.97,32.54,32.54,0,1420.46,67934.17,106684.38,0,38750.21000000001,579.368377980571
BAT-000448,2024-12,2,PLT-04,EMEA,FRM-12,PRD-12,Solvents,0.9139,0.983,52.45,51.56,51.56,0,605.16,44519.39,75670.94,0,31151.550000000003,243.63675881792176
BAT-000449,2024-12,2,PLT-02,AMER,FRM-07,PRD-07,Catalysts,0.8148,0.8411,1.91,1.6,1.6,0,14810.29,40489.04,58424.82,0,17935.78,6388.160261780104
BAT-000450,2024-12,2,PLT-02,AMER,FRM-05,PRD-05,Coatings,0.8484,0.8574,24.94,21.38,21.38,0,1308.58,45796.25,66415.75,0,20619.5,527.6770168404171
BAT-000451,2024-12,2,PLT-04,EMEA,FRM-12,PRD-12,Solvents,0.9428,0.9467,84.29,79.8,79.8,0,605.16,67742.01,115260.86,0,47518.850000000006,198.51789773401345
BAT-000452,2024-12,2,PLT-01,EMEA,FRM-04,PRD-04,Agrochem,0.8701,0.9545,92.44,88.24,0.0,1,540.93,69670.19,0.0,0,-69670.19,212.75011683254013
BAT-000453,2024-12,2,PLT-02,AMER,FRM-06,PRD-06,Coatings,0.8679,0.8967,34.57,31.0,31.0,0,1420.46,65966.36,100331.93,0,34365.56999999999,487.736702343072
BAT-000454,2024-12,2,PLT-05,LATAM,FRM-04,PRD-04,Agrochem,0.8155,0.9091,23.34,21.22,21.22,0,540.93,18076.89,25623.5,0,7546.610000000001,233.5725706940874
BAT-000455,2024-12,2,PLT-02,AMER,FRM-03,PRD-03,Solvents,0.7924,0.9453,42.61,40.28,40.28,0,549.3,33777.54,53075.17,0,19297.629999999997,243.41391692091065
BAT-000456,2024-12,2,PLT-06,APAC,FRM-07,PRD-07,Catalysts,0.8448,0.8694,1.66,1.45,1.45,0,14810.29,34575.17,50569.94,0,15994.770000000004,6018.1256626506
BAT-000457,2024-12,2,PLT-03,APAC,FRM-04,PRD-04,Agrochem,0.7089,0.8976,30.52,27.4,27.4,0,540.93,23267.72,31943.54,0,8675.82,221.44614678899097
BAT-000458,2024-12,2,PLT-05,LATAM,FRM-08,PRD-08,Surfactants,0.762,0.9295,32.89,30.57,30.57,0,1037.74,48344.75,71762.33,0,23417.58,432.15206445728177
BAT-000459,2024-12,2,PLT-01,EMEA,FRM-03,PRD-03,Solvents,0.8051,0.9722,57.66,56.05,56.05,0,549.3,44207.48,72924.53,0,28717.049999999996,217.39233437391624
BAT-000460,2024-12,2,PLT-03,APAC,FRM-09,PRD-09,Specialty,0.6181,0.8281,18.48,15.3,15.3,0,1598.15,42009.17,39763.48,0,-2245.689999999995,675.0734848484844
BAT-000461,2024-12,2,PLT-01,EMEA,FRM-10,PRD-10,Agrochem,0.8825,0.8988,41.44,37.24,37.24,0,572.7,32940.67,47544.57,0,14603.900000000001,222.20033783783776
BAT-000462,2024-12,2,PLT-01,EMEA,FRM-10,PRD-10,Agrochem,0.879,0.8631,64.44,55.62,55.62,0,572.7,51346.36,68615.94,0,17269.58,224.1088144009932
BAT-000463,2024-12,2,PLT-01,EMEA,FRM-06,PRD-06,Coatings,0.885,0.9077,16.77,15.22,15.22,0,1420.46,33062.16,52123.38,0,19061.219999999994,551.04626118068
BAT-000464,2024-12,2,PLT-01,EMEA,FRM-10,PRD-10,Agrochem,0.8584,0.9,34.27,30.84,30.84,0,572.7,27288.83,35947.41,0,8658.580000000002,223.58917420484386
BAT-000465,2024-12,2,PLT-05,LATAM,FRM-04,PRD-04,Agrochem,0.8306,0.8883,55.57,49.36,49.36,0,540.93,40889.18,60804.61,0,19915.43,194.8839283786216
BAT-000466,2024-12,2,PLT-06,APAC,FRM-02,PRD-02,Polymers,0.8284,0.8464,54.99,46.55,46.55,0,881.77,68839.7,93924.14,0,25084.440000000002,370.08851973086007
BAT-000467,2024-12,2,PLT-06,APAC,FRM-11,PRD-11,Polymers,0.8098,0.9085,53.9,48.96,48.96,0,723.85,53160.87,76776.33,0,23615.46,262.4370129870131
BAT-000468,2024-12,2,PLT-06,APAC,FRM-08,PRD-08,Surfactants,0.8614,0.9132,43.83,40.03,40.03,0,1037.74,64725.43,88472.1,0,23746.670000000006,438.9980789413644
BAT-000469,2024-12,2,PLT-01,EMEA,FRM-01,PRD-01,Polymers,0.851,0.9391,58.71,55.13,55.13,0,752.4,62938.9,100227.57,0,37288.670000000006,319.6303185147334
BAT-000470,2024-12,2,PLT-03,APAC,FRM-05,PRD-05,Coatings,0.6566,0.8723,35.69,31.13,31.13,0,1308.58,69358.8,89907.04,0,20548.23999999999,634.7878901653128
BAT-000471,2024-12,2,PLT-04,EMEA,FRM-10,PRD-10,Agrochem,0.8698,0.949,54.72,51.93,51.93,0,572.7,44270.99,62799.13,0,18528.14,236.3458698830409
BAT-000472,2024-12,2,PLT-05,LATAM,FRM-11,PRD-11,Polymers,0.7301,0.9351,49.54,46.32,46.32,0,723.85,51033.23,77968.95,0,26935.719999999994,306.29190553088426
BAT-000473,2024-12,2,PLT-02,AMER,FRM-05,PRD-05,Coatings,0.7912,0.8606,35.14,30.24,30.24,0,1308.58,65760.44,89007.86,0,23247.42,562.8041775754127
BAT-000474,2024-12,2,PLT-05,LATAM,FRM-04,PRD-04,Agrochem,0.7551,0.8474,69.5,58.89,58.89,0,540.93,52043.65,71878.02,0,19834.370000000003,207.89949640287773
BAT-000475,2024-12,2,PLT-05,LATAM,FRM-07,PRD-07,Catalysts,0.8391,0.8942,2.11,1.89,0.0,1,14810.29,42220.35,0.0,0,-42220.35,5199.354549763033
BAT-000476,2024-12,2,PLT-05,LATAM,FRM-02,PRD-02,Polymers,0.7928,0.9174,45.61,41.84,41.84,0,881.77,57189.67,84642.79,0,27453.119999999995,372.1144551633413
BAT-000477,2024-12,2,PLT-02,AMER,FRM-05,PRD-05,Coatings,0.844,0.8882,22.18,19.7,19.7,0,1308.58,39632.64,58578.35,0,18945.71,478.2838412984672
BAT-000478,2024-12,2,PLT-01,EMEA,FRM-03,PRD-03,Solvents,0.8432,0.9206,54.8,50.44,50.44,0,549.3,41470.32,69482.29,0,28011.969999999994,207.45766423357668
BAT-000479,2024-12,2,PLT-05,LATAM,FRM-12,PRD-12,Solvents,0.7509,0.9602,33.03,31.71,31.71,0,605.16,28371.72,45790.27,0,17418.549999999996,253.8082107175295
BAT-000480,2024-12,2,PLT-04,EMEA,FRM-08,PRD-08,Surfactants,0.9027,0.9662,21.88,21.14,21.14,0,1037.74,30657.17,49034.51,0,18377.340000000004,363.41036563071293
BAT-000481,2024-12,2,PLT-05,LATAM,FRM-02,PRD-02,Polymers,0.7481,0.9098,41.05,37.35,37.35,0,881.77,50691.19,76624.54,0,25933.34999999999,353.0945554202194
BAT-000482,2024-12,2,PLT-01,EMEA,FRM-06,PRD-06,Coatings,0.8522,0.9081,37.13,33.72,33.72,0,1420.46,72260.91,109452.32,0,37191.41,525.6997091300834
BAT-000483,2024-12,2,PLT-03,APAC,FRM-07,PRD-07,Catalysts,0.6571,0.8483,1.27,1.08,1.08,0,14810.29,27651.47,37627.15,0,9975.68,6962.521023622048
BAT-000484,2024-12,2,PLT-04,EMEA,FRM-05,PRD-05,Coatings,0.874,0.8735,40.64,35.5,35.5,0,1308.58,74172.6,105560.02,0,31387.42,516.5331889763781
BAT-000485,2024-12,2,PLT-05,LATAM,FRM-03,PRD-03,Solvents,0.817,0.9277,51.1,47.41,47.41,0,549.3,40255.1,60009.88,0,19754.78,238.47103718199605
BAT-000486,2024-12,2,PLT-02,AMER,FRM-02,PRD-02,Polymers,0.8708,0.9121,45.9,41.87,41.87,0,881.77,54552.66,79006.11,0,24453.449999999997,306.7411111111112
BAT-000487,2024-12,2,PLT-02,AMER,FRM-11,PRD-11,Polymers,0.8578,0.9799,66.0,64.67,64.67,0,723.85,67576.05,105506.0,0,37929.95,300.0295454545454
BAT-000488,2024-12,2,PLT-03,APAC,FRM-08,PRD-08,Surfactants,0.63,0.9052,19.5,17.65,17.65,0,1037.74,29516.31,40584.96,0,11068.649999999998,475.91692307692324
BAT-000489,2024-12,2,PLT-04,EMEA,FRM-11,PRD-11,Polymers,0.8517,0.9104,29.21,26.59,26.59,0,723.85,29036.46,43766.69,0,14730.230000000003,270.20888394385474
BAT-000490,2024-12,2,PLT-06,APAC,FRM-09,PRD-09,Specialty,0.8707,0.8265,16.91,13.97,13.97,0,1598.15,36546.35,37401.43,0,855.0800000000017,563.0770845653456
BAT-000491,2024-12,2,PLT-05,LATAM,FRM-06,PRD-06,Coatings,0.7977,0.9241,21.44,19.81,19.81,0,1420.46,43926.71,64832.22,0,20905.510000000002,628.3604291044776
BAT-000492,2024-12,2,PLT-02,AMER,FRM-02,PRD-02,Polymers,0.872,0.9426,71.1,67.02,67.02,0,881.77,88997.77,129116.74,0,40118.97,369.95672292545737
BAT-000493,2024-12,2,PLT-05,LATAM,FRM-04,PRD-04,Agrochem,0.7982,0.9139,52.26,47.76,47.76,0,540.93,39441.15,53307.23,0,13866.080000000002,213.78010332950646
BAT-000494,2024-12,2,PLT-01,EMEA,FRM-05,PRD-05,Coatings,0.8761,0.9138,17.19,15.71,15.71,0,1308.58,30520.3,45329.97,0,14809.670000000002,466.88829552065135
BAT-000495,2024-12,2,PLT-01,EMEA,FRM-09,PRD-09,Specialty,0.8577,0.8066,49.41,39.86,39.86,0,1598.15,103787.59,98359.26,0,-5428.330000000002,502.3881501720298
BAT-000496,2024-12,2,PLT-06,APAC,FRM-04,PRD-04,Agrochem,0.8744,0.9011,38.38,34.58,34.58,0,540.93,29128.51,41858.86,0,12730.350000000002,218.02023449713386
BAT-000497,2024-12,2,PLT-04,EMEA,FRM-05,PRD-05,Coatings,0.8799,0.918,24.58,22.56,22.56,0,1308.58,44851.93,64657.53,0,19805.6,516.1527095199351
BAT-000498,2024-12,2,PLT-02,AMER,FRM-08,PRD-08,Surfactants,0.8156,0.9536,54.62,52.09,52.09,0,1037.74,77269.05,120822.92,0,43553.869999999995,376.9258733064812
BAT-000499,2024-12,2,PLT-04,EMEA,FRM-12,PRD-12,Solvents,0.8536,0.9557,88.93,85.0,85.0,0,605.16,74251.9,120246.76,0,45994.86,229.7877116833464
BAT-000500,2024-12,2,PLT-01,EMEA,FRM-03,PRD-03,Solvents,0.8543,0.9484,74.37,70.54,70.54,0,549.3,58036.98,94343.87,0,36306.88999999999,231.08160548608316
BAT-000501,2024-12,2,PLT-04,EMEA,FRM-11,PRD-11,Polymers,0.8838,0.9155,56.09,51.35,51.35,0,723.85,54799.42,87512.94,0,32713.520000000004,253.14090747013722
BAT-000502,2024-12,2,PLT-02,AMER,FRM-02,PRD-02,Polymers,0.8151,0.9546,74.37,70.99,70.99,0,881.77,90287.88,137062.33,0,46774.44999999998,332.2663049616781
BAT-000503,2024-12,2,PLT-05,LATAM,FRM-02,PRD-02,Polymers,0.8222,0.9448,33.1,31.27,31.27,0,881.77,41461.71,59499.26,0,18037.550000000003,370.8496374622355
BAT-000504,2024-12,2,PLT-04,EMEA,FRM-05,PRD-05,Coatings,0.8749,0.8764,40.63,35.61,35.61,0,1308.58,74080.55,105114.69,0,31034.14,514.7168250061532
BAT-000505,2024-12,2,PLT-03,APAC,FRM-08,PRD-08,Surfactants,0.5865,0.8923,21.05,18.78,18.78,0,1037.74,32759.86,41451.46,0,8691.599999999999,518.5478859857483
BAT-000506,2024-12,2,PLT-05,LATAM,FRM-07,PRD-07,Catalysts,0.8323,0.8625,1.12,0.97,0.97,0,14810.29,23540.46,35639.25,0,12098.79,6207.977857142854
BAT-000507,2024-12,2,PLT-03,APAC,FRM-10,PRD-10,Agrochem,0.6759,0.8504,30.97,26.34,26.34,0,572.7,25178.04,30883.84,0,5705.799999999999,240.28159509202453
BAT-000508,2024-12,2,PLT-05,LATAM,FRM-05,PRD-05,Coatings,0.7984,0.887,22.98,20.38,20.38,0,1308.58,41003.64,63123.43,0,22119.79,475.7385378590079
BAT-000509,2024-12,2,PLT-02,AMER,FRM-01,PRD-01,Polymers,0.8554,0.9618,46.87,45.08,45.08,0,752.4,48478.3,75662.56,0,27184.259999999995,281.9140601664179
BAT-000510,2024-12,2,PLT-05,LATAM,FRM-02,PRD-02,Polymers,0.7922,0.894,45.97,41.1,41.1,0,881.77,56025.05,77305.02,0,21279.97,336.9606939308246
BAT-000511,2024-12,2,PLT-03,APAC,FRM-01,PRD-01,Polymers,0.5948,0.8423,57.23,48.21,48.21,0,752.4,62171.75,82354.02,0,20182.270000000004,333.94894286213537
BAT-000512,2024-12,2,PLT-06,APAC,FRM-09,PRD-09,Specialty,0.8431,0.8099,45.14,36.56,36.56,0,1598.15,96677.16,94382.54,0,-2294.62000000001,543.5682100132917
BAT-000513,2024-12,2,PLT-02,AMER,FRM-09,PRD-09,Specialty,0.8326,0.8477,60.83,51.56,51.56,0,1598.15,127590.6,131389.78,0,3799.179999999993,499.34465724149277
BAT-000514,2024-12,2,PLT-06,APAC,FRM-12,PRD-12,Solvents,0.8316,0.9582,85.71,82.13,82.13,0,605.16,70241.06,113355.38,0,43114.32000000001,214.36000933380012
BAT-000515,2024-12,2,PLT-02,AMER,FRM-07,PRD-07,Catalysts,0.8069,0.8567,1.37,1.17,1.17,0,14810.29,28957.68,43534.8,0,14577.120000000003,6326.702700729926
BAT-000516,2024-12,2,PLT-06,APAC,FRM-02,PRD-02,Polymers,0.8781,0.9233,58.99,54.47,54.47,0,881.77,70098.38,109114.27,0,39015.89,306.5395439905069
BAT-000517,2024-12,2,PLT-06,APAC,FRM-12,PRD-12,Solvents,0.8201,0.9181,35.05,32.18,32.18,0,605.16,30029.07,45878.09,0,15849.019999999997,251.58950071326683
BAT-000518,2024-12,2,PLT-04,EMEA,FRM-06,PRD-06,Coatings,0.8951,0.9835,31.92,31.39,31.39,0,1420.46,61057.17,102772.53,0,41715.36,492.35860902255627
BAT-000519,2024-12,2,PLT-06,APAC,FRM-04,PRD-04,Agrochem,0.8199,0.9408,87.53,82.35,82.35,0,540.93,68037.82,96203.95,0,28166.12999999999,236.37857991545764
BAT-000520,2024-12,2,PLT-05,LATAM,FRM-09,PRD-09,Specialty,0.8118,0.7923,12.62,10.0,0.0,1,1598.15,26609.31,0.0,0,-26609.31,510.3531695721081
BAT-000521,2024-12,2,PLT-05,LATAM,FRM-05,PRD-05,Coatings,0.8578,0.8834,31.47,27.8,27.8,0,1308.58,57951.49,79801.48,0,21849.989999999998,532.9036352081348
BAT-000522,2024-12,2,PLT-02,AMER,FRM-09,PRD-09,Specialty,0.8497,0.8163,32.85,26.82,26.82,0,1598.15,70006.09,66910.32,0,-3095.7699999999895,532.9334094368337
BAT-000523,2024-12,2,PLT-04,EMEA,FRM-07,PRD-07,Catalysts,0.8376,0.912,3.7,3.37,3.37,0,14810.29,77175.4,118472.7,0,41297.3,6047.926216216212
BAT-000524,2024-12,2,PLT-01,EMEA,FRM-07,PRD-07,Catalysts,0.8686,0.8838,2.45,2.17,2.17,0,14810.29,51199.31,81000.43,0,29801.119999999995,6087.387551020405
BAT-000525,2024-12,2,PLT-06,APAC,FRM-06,PRD-06,Coatings,0.8257,0.8994,36.26,32.61,32.61,0,1420.46,72289.18,105146.73,0,32857.55,573.1743077771648
BAT-000526,2024-12,2,PLT-01,EMEA,FRM-02,PRD-02,Polymers,0.8626,0.8987,26.26,23.6,23.6,0,881.77,31491.69,45924.2,0,14432.509999999998,317.4565803503426
BAT-000527,2024-12,2,PLT-01,EMEA,FRM-10,PRD-10,Agrochem,0.8598,0.904,84.7,76.57,76.57,0,572.7,66805.04,95682.53,0,28877.490000000005,216.02538370720174
BAT-000528,2024-12,2,PLT-06,APAC,FRM-12,PRD-12,Solvents,0.8467,0.905,47.21,42.72,42.72,0,605.16,38879.07,61485.52,0,22606.449999999997,218.37463249311588
BAT-000529,2024-12,2,PLT-06,APAC,FRM-03,PRD-03,Solvents,0.8085,0.9495,32.43,30.79,0.0,1,549.3,25605.64,0.0,0,-25605.64,240.2664508171447
BAT-000530,2024-12,2,PLT-05,LATAM,FRM-10,PRD-10,Agrochem,0.8377,0.9573,53.04,50.77,50.77,0,572.7,42498.54,59703.54,0,17205.0,228.55452488687786
BAT-000531,2024-12,2,PLT-06,APAC,FRM-08,PRD-08,Surfactants,0.8349,0.921,43.9,40.44,40.44,0,1037.74,64656.24,95454.73,0,30798.489999999998,435.0672892938496
BAT-000532,2024-12,2,PLT-06,APAC,FRM-08,PRD-08,Surfactants,0.8136,0.9542,39.55,37.74,37.74,0,1037.74,56781.16,88541.78,0,31760.619999999995,397.94040455120125
BAT-000533,2024-12,2,PLT-03,APAC,FRM-02,PRD-02,Polymers,0.7065,0.908,20.45,18.57,18.57,0,881.77,26192.85,36149.16,0,9956.310000000005,399.0539608801955
BAT-000534,2024-12,2,PLT-01,EMEA,FRM-07,PRD-07,Catalysts,0.8625,0.8235,2.34,1.92,1.92,0,14810.29,47109.79,66785.31,0,19675.519999999997,5322.09888888889
BAT-000535,2024-12,2,PLT-05,LATAM,FRM-07,PRD-07,Catalysts,0.8019,0.8572,1.52,1.31,1.31,0,14810.29,30782.51,46039.22,0,15256.710000000003,5441.361315789472
BAT-000536,2024-12,2,PLT-02,AMER,FRM-10,PRD-10,Agrochem,0.8103,0.9157,103.33,94.62,94.62,0,572.7,83833.93,116889.23,0,33055.3,238.62226846027284
BAT-000537,2024-12,2,PLT-02,AMER,FRM-09,PRD-09,Specialty,0.82,0.7977,59.41,47.39,47.39,0,1598.15,132062.34,119332.91,0,-12729.429999999993,624.747492004713
BAT-000538,2024-12,2,PLT-04,EMEA,FRM-09,PRD-09,Specialty,0.9026,0.8372,31.45,26.33,26.33,0,1598.15,65239.34,66848.61,0,1609.270000000004,476.2328298887119
BAT-000539,2024-12,2,PLT-05,LATAM,FRM-04,PRD-04,Agrochem,0.815,0.912,54.59,49.78,49.78,0,540.93,40493.73,59607.62,0,19113.89,200.8492636013923
BAT-000540,2024-12,2,PLT-03,APAC,FRM-07,PRD-07,Catalysts,0.6553,0.7982,2.26,1.8,1.8,0,14810.29,48842.92,66510.92,0,17668.0,6801.62150442478
BAT-000541,2024-12,2,PLT-02,AMER,FRM-02,PRD-02,Polymers,0.8404,0.9678,35.63,34.48,34.48,0,881.77,42549.27,64707.78,0,22158.510000000002,312.4278669660398
BAT-000542,2024-12,2,PLT-03,APAC,FRM-11,PRD-11,Polymers,0.6606,0.8624,45.39,39.14,39.14,0,723.85,49059.47,65267.82,0,16208.349999999999,356.99313725490185
BAT-000543,2024-12,2,PLT-02,AMER,FRM-12,PRD-12,Solvents,0.8076,0.9092,79.74,72.5,72.5,0,605.16,67350.41,107022.08,0,39671.67,239.4651567594684
BAT-000544,2024-12,2,PLT-05,LATAM,FRM-08,PRD-08,Surfactants,0.8523,0.9275,39.66,36.78,36.78,0,1037.74,57695.31,87757.97,0,30062.660000000003,417.0081089258699
BAT-000545,2024-12,2,PLT-05,LATAM,FRM-12,PRD-12,Solvents,0.8305,0.9447,25.46,24.05,24.05,0,605.16,21202.52,35708.21,0,14505.689999999999,227.61769049489396
BAT-000546,2024-12,2,PLT-03,APAC,FRM-08,PRD-08,Surfactants,0.6321,0.8831,32.2,28.44,28.44,0,1037.74,48409.87,66224.1,0,17814.230000000003,465.6721118012422
BAT-000547,2024-12,2,PLT-06,APAC,FRM-10,PRD-10,Agrochem,0.8173,0.9211,89.08,82.05,82.05,0,572.7,71918.48,103216.3,0,31297.820000000007,234.64710372698687
BAT-000548,2024-12,2,PLT-02,AMER,FRM-06,PRD-06,Coatings,0.9099,0.9189,15.1,13.87,13.87,0,1420.46,28699.6,44363.85,0,15664.25,480.1757615894039
BAT-000549,2024-12,2,PLT-04,EMEA,FRM-05,PRD-05,Coatings,0.8911,0.8747,22.88,20.02,20.02,0,1308.58,41483.32,60614.34,0,19131.019999999997,504.50216783216797
BAT-000550,2024-12,2,PLT-04,EMEA,FRM-10,PRD-10,Agrochem,0.9362,0.9353,45.04,42.13,42.13,0,572.7,35012.76,53646.82,0,18634.059999999998,204.6703374777975
BAT-000551,2024-12,2,PLT-03,APAC,FRM-12,PRD-12,Solvents,0.6092,0.9082,31.13,28.28,28.28,0,605.16,28434.15,40312.62,0,11878.470000000001,308.24025698682954
BAT-000552,2024-12,2,PLT-06,APAC,FRM-05,PRD-05,Coatings,0.8152,0.8758,37.63,32.96,32.96,0,1308.58,70722.92,98718.94,0,27996.020000000004,570.8491788466647
BAT-000553,2024-12,2,PLT-04,EMEA,FRM-10,PRD-10,Agrochem,0.8831,0.904,96.95,87.64,87.64,0,572.7,74403.82,103468.32,0,29064.5,194.74528107271794
BAT-000554,2024-12,2,PLT-06,APAC,FRM-04,PRD-04,Agrochem,0.7804,0.9234,27.87,25.74,25.74,0,540.93,20838.4,30397.44,0,9559.039999999997,206.77003588087553
BAT-000555,2024-12,2,PLT-02,AMER,FRM-04,PRD-04,Agrochem,0.7913,0.9296,49.99,46.47,46.47,0,540.93,38142.87,55646.82,0,17503.949999999997,222.0800020004001
BAT-000556,2024-12,2,PLT-01,EMEA,FRM-03,PRD-03,Solvents,0.9186,0.9405,43.61,41.01,41.01,0,549.3,32193.65,53992.58,0,21798.93,188.9171520293512
BAT-000557,2024-12,2,PLT-02,AMER,FRM-11,PRD-11,Polymers,0.8467,0.9188,75.34,69.22,69.22,0,723.85,73861.22,114467.14,0,40605.92,256.5219139899124
BAT-000558,2024-12,2,PLT-05,LATAM,FRM-04,PRD-04,Agrochem,0.7779,0.9172,44.99,41.26,41.26,0,540.93,35094.6,46335.15,0,11240.550000000003,239.1233451878195
BAT-000559,2024-12,2,PLT-06,APAC,FRM-08,PRD-08,Surfactants,0.8174,0.9422,24.6,23.18,23.18,0,1037.74,35481.68,54136.24,0,18654.559999999998,404.6047154471544
BAT-000560,2024-12,2,PLT-06,APAC,FRM-07,PRD-07,Catalysts,0.8454,0.8699,1.28,1.11,1.11,0,14810.29,26166.18,38177.28,0,12011.099999999999,5632.038124999999
BAT-000561,2024-12,2,PLT-05,LATAM,FRM-12,PRD-12,Solvents,0.8409,0.9662,44.5,43.0,43.0,0,605.16,37469.3,61668.43,0,24199.129999999997,236.8467415730338
BAT-000562,2024-12,2,PLT-01,EMEA,FRM-07,PRD-07,Catalysts,0.8625,0.9148,2.51,2.3,2.3,0,14810.29,52600.76,81629.71,0,29028.950000000004,6146.188087649403
BAT-000563,2024-12,2,PLT-04,EMEA,FRM-02,PRD-02,Polymers,0.9058,0.9206,50.72,46.7,46.7,0,881.77,61061.51,93996.35,0,32934.840000000004,322.1241246056784
BAT-000564,2024-12,2,PLT-06,APAC,FRM-06,PRD-06,Coatings,0.8034,0.9333,35.94,33.54,33.54,0,1420.46,72583.01,107917.74,0,35334.73000000001,599.100656649972
BAT-000565,2024-12,2,PLT-04,EMEA,FRM-06,PRD-06,Coatings,0.9288,0.9716,21.86,21.24,21.24,0,1420.46,42294.6,69417.71,0,27123.110000000008,514.3341445562671
BAT-000566,2024-12,2,PLT-06,APAC,FRM-08,PRD-08,Surfactants,0.8512,0.9422,32.77,30.88,30.88,0,1037.74,46148.22,71331.39,0,25183.17,370.5059566676837
BAT-000567,2024-12,2,PLT-01,EMEA,FRM-06,PRD-06,Coatings,0.8929,0.8603,37.05,31.87,31.87,0,1420.46,73129.09,110653.29,0,37524.2,553.3346018893387
BAT-000568,2024-12,2,PLT-05,LATAM,FRM-09,PRD-09,Specialty,0.8188,0.8256,15.62,12.89,12.89,0,1598.15,34593.58,32965.78,0,-1627.800000000003,616.5478233034573
BAT-000569,2024-12,2,PLT-02,AMER,FRM-10,PRD-10,Agrochem,0.89,0.951,101.52,96.54,96.54,0,572.7,77974.27,118727.68,0,40753.40999999999,195.36806540583143
BAT-000570,2024-12,2,PLT-04,EMEA,FRM-11,PRD-11,Polymers,0.8366,0.9117,69.67,63.52,63.52,0,723.85,71247.55,104911.27,0,33663.72,298.7931749677049
BAT-000571,2024-12,2,PLT-05,LATAM,FRM-12,PRD-12,Solvents,0.8248,0.9544,63.49,60.59,60.59,0,605.16,52887.63,85198.38,0,32310.750000000007,227.84724523547015
BAT-000572,2024-12,2,PLT-01,EMEA,FRM-03,PRD-03,Solvents,0.826,0.9409,56.45,53.11,53.11,0,549.3,43041.52,72080.72,0,29039.200000000004,213.1715677590788
BAT-000573,2024-12,2,PLT-03,APAC,FRM-12,PRD-12,Solvents,0.6384,0.9087,76.5,69.51,69.51,0,605.16,69546.42,94373.11,0,24826.690000000002,303.94352941176476
BAT-000574,2024-12,2,PLT-01,EMEA,FRM-10,PRD-10,Agrochem,0.852,0.9338,36.55,34.13,34.13,0,572.7,28367.21,43071.63,0,14704.419999999998,203.42065663474693
BAT-000575,2024-12,2,PLT-03,APAC,FRM-06,PRD-06,Coatings,0.6705,0.9099,19.14,17.42,17.42,0,1420.46,39443.73,56585.14,0,17141.409999999996,640.3409404388717
BAT-000576,2024-12,2,PLT-03,APAC,FRM-06,PRD-06,Coatings,0.6445,0.8657,29.79,25.79,25.79,0,1420.46,62946.48,89736.55,0,26790.07,692.5470493454181
BAT-000577,2024-12,2,PLT-06,APAC,FRM-11,PRD-11,Polymers,0.8553,0.9841,73.31,72.15,72.15,0,723.85,71338.1,121753.4,0,50415.29999999999,249.25189605783657
BAT-000578,2024-12,2,PLT-06,APAC,FRM-01,PRD-01,Polymers,0.8713,0.9686,54.34,52.64,52.64,0,752.4,56953.03,91903.41,0,34950.380000000005,295.6866764814132
BAT-000579,2024-12,2,PLT-06,APAC,FRM-06,PRD-06,Coatings,0.8246,0.9232,20.94,19.33,19.33,0,1420.46,41066.15,67274.51,0,26208.359999999993,540.6741929321872
BAT-000580,2024-12,2,PLT-03,APAC,FRM-11,PRD-11,Polymers,0.6563,0.8952,70.71,63.3,63.3,0,723.85,75821.91,101452.2,0,25630.289999999994,348.44401781926183
BAT-000581,2024-12,2,PLT-06,APAC,FRM-01,PRD-01,Polymers,0.7879,0.9368,60.24,56.43,56.43,0,752.4,64089.16,100512.63,0,36423.47,311.49707835325364
BAT-000582,2024-12,2,PLT-01,EMEA,FRM-04,PRD-04,Agrochem,0.8852,0.9387,88.72,83.28,83.28,0,540.93,64592.28,97591.1,0,32998.82000000001,187.11643823264205
BAT-000583,2024-12,2,PLT-01,EMEA,FRM-11,PRD-11,Polymers,0.8368,0.915,76.54,70.03,70.03,0,723.85,77269.64,117571.01,0,40301.369999999995,285.6827933106871
BAT-000584,2024-12,2,PLT-06,APAC,FRM-01,PRD-01,Polymers,0.8427,0.9497,46.52,44.18,0.0,1,752.4,50006.71,0.0,0,-50006.71,322.5507738607049
BAT-000585,2024-12,2,PLT-02,AMER,FRM-03,PRD-03,Solvents,0.7567,0.995,49.29,49.04,49.04,0,549.3,38433.45,62094.28,0,23660.83,230.44132684114425
BAT-000586,2024-12,2,PLT-02,AMER,FRM-04,PRD-04,Agrochem,0.8534,0.9351,73.7,68.92,68.92,0,540.93,56060.5,77642.1,0,21581.600000000006,219.72807327001362
BAT-000587,2024-12,2,PLT-03,APAC,FRM-01,PRD-01,Polymers,0.6503,0.879,20.73,18.23,18.23,0,752.4,23431.44,33212.9,0,9781.460000000003,377.91548480463086
BAT-000588,2024-12,2,PLT-01,EMEA,FRM-10,PRD-10,Agrochem,0.8896,0.9406,49.27,46.34,46.34,0,572.7,39657.67,58917.38,0,19259.71,232.205013192612
BAT-000589,2024-12,2,PLT-01,EMEA,FRM-08,PRD-08,Surfactants,0.7987,0.9164,30.13,27.61,27.61,0,1037.74,42911.73,64743.44,0,21831.71,386.47938267507493
BAT-000590,2024-12,2,PLT-02,AMER,FRM-05,PRD-05,Coatings,0.8501,0.8942,17.64,15.78,15.78,0,1308.58,32035.2,46737.3,0,14702.100000000002,507.47442176870754
BAT-000591,2024-12,2,PLT-06,APAC,FRM-10,PRD-10,Agrochem,0.8545,0.9427,37.62,35.47,35.47,0,572.7,30465.91,43117.7,0,12651.789999999997,237.13280170122277
BAT-000592,2024-12,2,PLT-05,LATAM,FRM-11,PRD-11,Polymers,0.8013,0.9381,47.02,44.11,0.0,1,723.85,48148.82,0.0,0,-48148.82,300.15723096554655
BAT-000593,2024-12,2,PLT-02,AMER,FRM-10,PRD-10,Agrochem,0.7958,0.9445,41.68,39.36,39.36,0,572.7,33322.86,49817.25,0,16494.39,226.79280230326287
BAT-000594,2024-12,2,PLT-02,AMER,FRM-02,PRD-02,Polymers,0.8118,0.9547,70.92,67.71,67.71,0,881.77,86250.08,140484.14,0,54234.06000000001,334.39018048505363
BAT-000595,2024-12,2,PLT-04,EMEA,FRM-01,PRD-01,Polymers,0.891,0.9304,37.13,34.55,34.55,0,752.4,37421.49,57238.82,0,19817.33,255.45052518179364
BAT-000596,2024-12,2,PLT-06,APAC,FRM-03,PRD-03,Solvents,0.8425,0.9566,73.54,70.35,70.35,0,549.3,56434.06,96492.43,0,40058.369999999995,218.0927114495512
BAT-000597,2024-12,2,PLT-04,EMEA,FRM-06,PRD-06,Coatings,0.8728,0.9721,28.74,27.94,27.94,0,1420.46,56897.28,93760.21,0,36862.93000000001,559.2644258872651
BAT-000598,2024-12,2,PLT-04,EMEA,FRM-07,PRD-07,Catalysts,0.9232,0.8627,2.92,2.52,2.52,0,14810.29,58598.55,89718.7,0,31120.149999999994,5257.706575342465
BAT-000599,2024-12,2,PLT-04,EMEA,FRM-09,PRD-09,Specialty,0.91,0.8409,48.66,40.92,40.92,0,1598.15,100822.19,105546.75,0,4724.559999999998,473.82266748869733
BAT-000600,2024-12,2,PLT-02,AMER,FRM-08,PRD-08,Surfactants,0.829,0.9201,38.33,35.27,35.27,0,1037.74,56953.84,78440.61,0,21486.770000000004,448.1415549178189
BAT-000601,2024-12,2,PLT-03,APAC,FRM-05,PRD-05,Coatings,0.6772,0.8512,21.37,18.19,18.19,0,1308.58,40228.39,56873.3,0,16644.910000000003,573.8902854468881
BAT-000602,2024-12,2,PLT-02,AMER,FRM-05,PRD-05,Coatings,0.8524,0.841,21.87,18.39,18.39,0,1308.58,39560.45,56529.32,0,16968.870000000003,500.3111751257429
BAT-000603,2024-12,2,PLT-06,APAC,FRM-09,PRD-09,Specialty,0.8826,0.8718,32.44,28.28,28.28,0,1598.15,68881.26,74691.05,0,5809.790000000008,525.1934032059185
BAT-000604,2024-12,2,PLT-03,APAC,FRM-05,PRD-05,Coatings,0.6588,0.8475,16.11,13.65,13.65,0,1308.58,31148.83,42436.17,0,11287.339999999997,624.9290006207327
BAT-000605,2024-12,2,PLT-02,AMER,FRM-08,PRD-08,Surfactants,0.8645,0.884,66.58,58.85,58.85,0,1037.74,93781.35,129874.33,0,36092.979999999996,370.81136677681
BAT-000606,2024-12,2,PLT-06,APAC,FRM-01,PRD-01,Polymers,0.8533,0.9704,53.0,51.43,0.0,1,752.4,55450.92,0.0,0,-55450.92,293.84377358490576
BAT-000607,2024-12,2,PLT-06,APAC,FRM-10,PRD-10,Agrochem,0.8784,0.9652,85.26,82.29,82.29,0,572.7,68525.84,102918.3,0,34392.46000000001,231.0278911564625
BAT-000608,2024-12,2,PLT-01,EMEA,FRM-09,PRD-09,Specialty,0.8728,0.8532,29.27,24.97,24.97,0,1598.15,64129.69,66856.96,0,2727.270000000004,592.81993508712
BAT-000609,2024-12,2,PLT-04,EMEA,FRM-04,PRD-04,Agrochem,0.7951,0.9156,50.12,45.88,45.88,0,540.93,37607.32,55175.39,0,17568.07,209.41557063048697
BAT-000610,2024-12,2,PLT-02,AMER,FRM-11,PRD-11,Polymers,0.86,0.9021,79.66,71.86,71.86,0,723.85,79267.92,121929.95,0,42662.03,271.22808184785333
BAT-000611,2024-12,2,PLT-01,EMEA,FRM-08,PRD-08,Surfactants,0.8356,0.9264,40.47,37.5,37.5,0,1037.74,57488.32,82102.59,0,24614.269999999997,382.7769261181122
BAT-000612,2024-12,2,PLT-02,AMER,FRM-05,PRD-05,Coatings,0.8314,0.8788,49.4,43.41,43.41,0,1308.58,91904.69,134916.14,0,43011.45000000001,551.8388259109313
BAT-000613,2024-12,2,PLT-05,LATAM,FRM-08,PRD-08,Surfactants,0.7427,0.9389,22.4,21.03,21.03,0,1037.74,32845.09,46729.62,0,13884.530000000006,428.5586607142857
BAT-000614,2024-12,2,PLT-01,EMEA,FRM-11,PRD-11,Polymers,0.8668,0.9019,71.93,64.87,64.87,0,723.85,73519.37,107699.79,0,34180.42,298.24606561935195
BAT-000615,2024-12,2,PLT-04,EMEA,FRM-12,PRD-12,Solvents,0.8899,0.9585,34.9,33.45,33.45,0,605.16,28422.66,47050.79,0,18628.13,209.24286532951294
BAT-000616,2024-12,2,PLT-02,AMER,FRM-06,PRD-06,Coatings,0.8538,0.8729,17.49,15.27,15.27,0,1420.46,34815.25,50359.45,0,15544.199999999997,570.1203316180677
BAT-000617,2024-12,2,PLT-02,AMER,FRM-01,PRD-01,Polymers,0.8417,0.9487,45.97,43.61,43.61,0,752.4,47292.45,76108.84,0,28816.39,276.36767457037206
BAT-000618,2024-12,2,PLT-06,APAC,FRM-02,PRD-02,Polymers,0.8465,0.8789,18.93,16.63,16.63,0,881.77,23063.67,34312.87,0,11249.200000000004,336.59608557844695
BAT-000619,2024-12,2,PLT-02,AMER,FRM-12,PRD-12,Solvents,0.8033,0.9492,94.58,89.77,89.77,0,605.16,82327.83,125915.95,0,43588.119999999995,265.2970733770354
BAT-000620,2024-12,2,PLT-02,AMER,FRM-08,PRD-08,Surfactants,0.9043,0.9741,66.24,64.53,64.53,0,1037.74,96295.75,149454.84,0,53159.09,416.0001871980678
BAT-000621,2024-12,2,PLT-02,AMER,FRM-10,PRD-10,Agrochem,0.8461,0.8932,88.26,78.83,78.83,0,572.7,69848.83,97643.64,0,27794.809999999998,218.69848175844095
BAT-000622,2024-12,2,PLT-04,EMEA,FRM-03,PRD-03,Solvents,0.859,0.9761,45.82,44.73,44.73,0,549.3,34616.68,60928.56,0,26311.879999999997,206.19279790484507
BAT-000623,2024-12,2,PLT-04,EMEA,FRM-09,PRD-09,Specialty,0.8263,0.8295,51.07,42.36,42.36,0,1598.15,111563.53,105501.09,0,-6062.440000000002,586.3718327785391
BAT-000624,2024-12,2,PLT-03,APAC,FRM-04,PRD-04,Agrochem,0.6044,0.8374,60.02,50.26,50.26,0,540.93,46849.3,57557.21,0,10707.909999999996,239.63147950683117
BAT-000625,2024-12,2,PLT-01,EMEA,FRM-10,PRD-10,Agrochem,0.8192,0.9506,39.91,37.94,37.94,0,572.7,31784.79,46889.01,0,15104.220000000001,223.71167627161117
BAT-000626,2024-12,2,PLT-03,APAC,FRM-02,PRD-02,Polymers,0.6278,0.8915,36.08,32.16,32.16,0,881.77,46220.13,61528.54,0,15308.410000000003,399.27573170731716
BAT-000627,2024-12,2,PLT-04,EMEA,FRM-05,PRD-05,Coatings,0.8167,0.8462,19.05,16.12,16.12,0,1308.58,35879.66,46045.09,0,10165.429999999993,574.8667191601053
BAT-000628,2024-12,2,PLT-03,APAC,FRM-06,PRD-06,Coatings,0.6333,0.8753,22.58,19.76,19.76,0,1420.46,47769.99,68021.55,0,20251.560000000005,695.1285739592558
BAT-000629,2024-12,2,PLT-02,AMER,FRM-06,PRD-06,Coatings,0.7864,0.871,19.19,16.72,16.72,0,1420.46,38880.74,55303.12,0,16422.380000000005,605.6337988535693
BAT-000630,2024-12,2,PLT-01,EMEA,FRM-11,PRD-11,Polymers,0.9355,0.928,40.31,37.41,37.41,0,723.85,40037.05,63184.18,0,23147.129999999997,269.3787273629372
BAT-000631,2024-12,2,PLT-03,APAC,FRM-01,PRD-01,Polymers,0.6827,0.8728,55.87,48.76,48.76,0,752.4,60130.4,83966.43,0,23836.02999999999,323.85559334168613
BAT-000632,2024-12,2,PLT-05,LATAM,FRM-10,PRD-10,Agrochem,0.7452,0.9143,46.37,42.39,42.39,0,572.7,37941.13,51832.83,0,13891.700000000004,245.525792538279
BAT-000633,2024-12,2,PLT-05,LATAM,FRM-11,PRD-11,Polymers,0.8106,0.9072,18.39,16.68,16.68,0,723.85,18299.22,28484.01,0,10184.789999999997,271.21362153344205
BAT-000634,2024-12,2,PLT-02,AMER,FRM-01,PRD-01,Polymers,0.8182,0.9139,58.04,53.05,53.05,0,752.4,61558.42,92721.64,0,31163.22,308.22060647829073
BAT-000635,2024-12,2,PLT-03,APAC,FRM-11,PRD-11,Polymers,0.6848,0.8946,34.44,30.81,30.81,0,723.85,37147.52,52049.26,0,14901.740000000005,354.76556329849006
BAT-000636,2024-12,2,PLT-05,LATAM,FRM-01,PRD-01,Polymers,0.8237,0.9216,54.25,50.0,50.0,0,752.4,55790.01,89971.65,0,34181.63999999999,275.98728110599075
BAT-000637,2024-12,2,PLT-04,EMEA,FRM-05,PRD-05,Coatings,0.8764,0.9053,19.4,17.57,17.57,0,1308.58,35008.75,51158.32,0,16149.57,495.99474226804136
BAT-000638,2024-12,2,PLT-05,LATAM,FRM-12,PRD-12,Solvents,0.8158,0.9917,67.89,67.33,67.33,0,605.16,57805.48,95634.85,0,37829.37,246.29794667845056
BAT-000639,2024-12,2,PLT-06,APAC,FRM-10,PRD-10,Agrochem,0.883,0.8852,72.21,63.92,63.92,0,572.7,56147.31,77422.58,0,21275.270000000004,204.85587868716243
BAT-000640,2024-12,2,PLT-05,LATAM,FRM-03,PRD-03,Solvents,0.8336,0.9569,45.87,43.9,43.9,0,549.3,35436.6,57770.36,0,22333.760000000002,223.24414650098106
BAT-000641,2024-12,2,PLT-06,APAC,FRM-04,PRD-04,Agrochem,0.8424,0.9176,37.4,34.31,34.31,0,540.93,27366.5,39999.62,0,12633.120000000003,190.79459893048136
BAT-000642,2024-12,2,PLT-02,AMER,FRM-03,PRD-03,Solvents,0.8307,0.9216,110.17,101.53,101.53,0,549.3,83066.37,127659.04,0,44592.67,204.6835708450576
BAT-000643,2024-12,2,PLT-04,EMEA,FRM-12,PRD-12,Solvents,0.8401,0.8939,47.83,42.75,42.75,0,605.16,39250.81,63265.52,0,24014.71,215.47161195902152
BAT-000644,2024-12,2,PLT-01,EMEA,FRM-08,PRD-08,Surfactants,0.8255,0.9537,21.61,20.61,20.61,0,1037.74,31690.64,48061.47,0,16370.830000000002,428.7403331790838
BAT-000645,2024-12,2,PLT-03,APAC,FRM-01,PRD-01,Polymers,0.6674,0.9857,60.92,60.05,60.05,0,752.4,64901.76,104229.98,0,39328.219999999994,312.96047275114904
BAT-000646,2024-12,2,PLT-05,LATAM,FRM-02,PRD-02,Polymers,0.7382,0.9062,49.28,44.66,44.66,0,881.77,63777.72,89942.15,0,26164.429999999993,412.4207467532467
BAT-000647,2024-12,2,PLT-02,AMER,FRM-05,PRD-05,Coatings,0.8715,0.9035,48.91,44.19,44.19,0,1308.58,86862.05,134392.13,0,47530.08,467.376859537927
BAT-000648,2024-12,2,PLT-02,AMER,FRM-01,PRD-01,Polymers,0.7899,0.9874,82.52,81.48,0.0,1,752.4,87086.41,0.0,0,-87086.41,302.9370092098885
BAT-000649,2024-12,2,PLT-05,LATAM,FRM-07,PRD-07,Catalysts,0.7719,0.8476,2.55,2.16,2.16,0,14810.29,52521.09,80256.77,0,27735.680000000008,5786.215882352939
BAT-000650,2024-12,2,PLT-06,APAC,FRM-02,PRD-02,Polymers,0.7942,0.908,21.71,19.71,19.71,0,881.77,26637.7,38353.98,0,11716.280000000002,345.20835099032706
BAT-000651,2024-12,2,PLT-05,LATAM,FRM-01,PRD-01,Polymers,0.7809,0.8956,51.36,46.0,46.0,0,752.4,54063.26,76632.37,0,22569.109999999993,300.23356697819315
BAT-000652,2024-12,2,PLT-02,AMER,FRM-04,PRD-04,Agrochem,0.8496,0.9256,78.26,72.44,72.44,0,540.93,57391.64,83206.92,0,25815.28,192.4157705085612
BAT-000653,2024-12,2,PLT-04,EMEA,FRM-10,PRD-10,Agrochem,0.863,0.9252,102.62,94.94,94.94,0,572.7,82408.4,120793.24,0,38384.84000000001,230.3442408887155
BAT-000654,2024-12,2,PLT-03,APAC,FRM-11,PRD-11,Polymers,0.626,0.9402,40.7,38.27,38.27,0,723.85,43997.81,62726.92,0,18729.11,357.1772727272727
BAT-000655,2024-12,2,PLT-06,APAC,FRM-04,PRD-04,Agrochem,0.8395,0.8374,44.75,37.48,0.0,1,540.93,33040.82,0.0,0,-33040.82,197.41234636871513
BAT-000656,2024-12,2,PLT-04,EMEA,FRM-06,PRD-06,Coatings,0.9112,0.8829,24.07,21.25,21.25,0,1420.46,45356.48,68554.89,0,23198.409999999996,463.8972912339011
BAT-000657,2024-12,2,PLT-04,EMEA,FRM-08,PRD-08,Surfactants,0.8933,0.9203,46.65,42.93,42.93,0,1037.74,67196.16,98294.6,0,31098.440000000002,402.69215434083617
BAT-000658,2024-12,2,PLT-03,APAC,FRM-02,PRD-02,Polymers,0.6539,0.8264,45.21,37.36,37.36,0,881.77,59542.77,70189.73,0,10646.96,435.2565428002654
BAT-000659,2024-12,2,PLT-05,LATAM,FRM-09,PRD-09,Specialty,0.8311,0.8458,29.96,25.34,25.34,0,1598.15,64907.91,63069.3,0,-1838.6100000000006,568.3356475300402
BAT-000660,2024-12,2,PLT-05,LATAM,FRM-08,PRD-08,Surfactants,0.7709,0.9694,37.52,36.37,36.37,0,1037.74,54987.73,82238.41,0,27250.68,427.8178358208954
BAT-000661,2025-01,3,PLT-03,APAC,FRM-06,PRD-06,Coatings,0.6601,0.8558,16.07,13.75,13.75,0,1438.65,33576.89,45834.95,0,12258.059999999998,650.7644368388301
BAT-000662,2025-01,3,PLT-01,EMEA,FRM-02,PRD-02,Polymers,0.8637,0.9437,44.87,42.35,42.35,0,893.07,56131.43,81070.44,0,24939.010000000002,357.90905059059503
BAT-000663,2025-01,3,PLT-06,APAC,FRM-05,PRD-05,Coatings,0.7912,0.9188,25.25,23.2,23.2,0,1325.34,46894.62,66861.71,0,19967.090000000004,531.872673267327
BAT-000664,2025-01,3,PLT-05,LATAM,FRM-12,PRD-12,Solvents,0.7807,0.9047,44.06,39.86,39.86,0,612.92,37317.07,59582.16,0,22265.090000000004,234.04028143440758
BAT-000665,2025-01,3,PLT-03,APAC,FRM-07,PRD-07,Catalysts,0.6542,0.8436,3.06,2.59,2.59,0,15000.0,68684.21,93015.2,0,24330.98999999999,7445.8202614379115
BAT-000666,2025-01,3,PLT-03,APAC,FRM-11,PRD-11,Polymers,0.627,0.9138,46.43,42.43,42.43,0,733.12,49689.02,67766.53,0,18077.510000000002,337.0721171656256
BAT-000667,2025-01,3,PLT-06,APAC,FRM-12,PRD-12,Solvents,0.8616,0.9465,38.09,36.06,36.06,0,612.92,32101.44,51959.75,0,19858.31,229.85868206878433
BAT-000668,2025-01,3,PLT-06,APAC,FRM-05,PRD-05,Coatings,0.8283,0.9315,23.85,22.22,22.22,0,1325.34,43197.56,69511.88,0,26314.320000000007,485.8784486373165
BAT-000669,2025-01,3,PLT-04,EMEA,FRM-05,PRD-05,Coatings,0.952,0.873,20.02,17.48,17.48,0,1325.34,34853.59,53995.29,0,19141.700000000004,415.5985614385613
BAT-000670,2025-01,3,PLT-05,LATAM,FRM-08,PRD-08,Surfactants,0.8433,0.961,16.74,16.08,16.08,0,1051.03,24147.29,37313.93,0,13166.64,391.4604420549583
BAT-000671,2025-01,3,PLT-04,EMEA,FRM-04,PRD-04,Agrochem,0.9159,0.8582,52.55,45.1,45.1,0,547.86,40096.18,50499.32,0,10403.14,215.1500856327308
BAT-000672,2025-01,3,PLT-04,EMEA,FRM-04,PRD-04,Agrochem,0.8387,0.9273,83.76,77.67,77.67,0,547.86,63514.39,89081.82,0,25567.430000000008,210.4302340019102
BAT-000673,2025-01,3,PLT-05,LATAM,FRM-01,PRD-01,Polymers,0.7771,0.9673,28.43,27.51,27.51,0,762.04,30764.27,49190.96,0,18426.69,320.0658740766796
BAT-000674,2025-01,3,PLT-02,AMER,FRM-06,PRD-06,Coatings,0.7889,0.8961,43.73,39.19,0.0,1,1438.65,88889.98,0.0,0,-88889.98,594.0502058083696
BAT-000675,2025-01,3,PLT-03,APAC,FRM-09,PRD-09,Specialty,0.6356,0.7806,44.16,34.47,34.47,0,1618.63,100234.75,89523.63,0,-10711.119999999995,651.1786503623189
BAT-000676,2025-01,3,PLT-02,AMER,FRM-06,PRD-06,Coatings,0.8813,0.9552,25.39,24.25,24.25,0,1438.65,51517.51,83761.25,0,32243.739999999998,590.3972627018511
BAT-000677,2025-01,3,PLT-05,LATAM,FRM-11,PRD-11,Polymers,0.8074,0.9507,29.94,28.46,28.46,0,733.12,29787.99,45941.15,0,16153.16,261.8028456913828
BAT-000678,2025-01,3,PLT-01,EMEA,FRM-04,PRD-04,Agrochem,0.8665,0.8687,69.39,60.28,60.28,0,547.86,53850.12,72466.18,0,18616.05999999999,228.19015131863387
BAT-000679,2025-01,3,PLT-04,EMEA,FRM-05,PRD-05,Coatings,0.8627,0.8281,27.53,22.8,22.8,0,1325.34,49380.67,69949.66,0,20568.990000000005,468.36395931710854
BAT-000680,2025-01,3,PLT-04,EMEA,FRM-11,PRD-11,Polymers,0.8814,0.9427,53.31,50.25,50.25,0,733.12,54793.4,82125.71,0,27332.310000000005,294.7059238416806
BAT-000681,2025-01,3,PLT-03,APAC,FRM-06,PRD-06,Coatings,0.6503,0.842,32.24,27.15,27.15,0,1438.65,65678.12,87691.94,0,22013.820000000007,598.5125310173694
BAT-000682,2025-01,3,PLT-04,EMEA,FRM-07,PRD-07,Catalysts,0.8443,0.8824,3.17,2.8,2.8,0,15000.0,66560.43,100255.3,0,33694.87000000001,5996.9810725552015
BAT-000683,2025-01,3,PLT-04,EMEA,FRM-11,PRD-11,Polymers,0.8628,0.9024,55.86,50.41,50.41,0,733.12,57396.15,79616.41,0,22220.260000000002,294.38
BAT-000684,2025-01,3,PLT-06,APAC,FRM-10,PRD-10,Agrochem,0.8204,0.9703,66.51,64.53,64.53,0,580.04,52226.47,78812.44,0,26585.97,205.2023695684859
BAT-000685,2025-01,3,PLT-05,LATAM,FRM-05,PRD-05,Coatings,0.8023,0.9098,22.73,20.68,20.68,0,1325.34,42789.55,61770.93,0,18981.379999999997,557.1742982842061
BAT-000686,2025-01,3,PLT-05,LATAM,FRM-07,PRD-07,Catalysts,0.8451,0.8872,1.12,0.99,0.99,0,15000.0,23541.5,34979.1,0,11437.599999999999,6019.1964285714275
BAT-000687,2025-01,3,PLT-03,APAC,FRM-05,PRD-05,Coatings,0.6368,0.8344,38.54,32.15,0.0,1,1325.34,75394.88,0.0,0,-75394.88,630.9360768033214
BAT-000688,2025-01,3,PLT-05,LATAM,FRM-01,PRD-01,Polymers,0.8203,0.9944,32.04,31.86,0.0,1,762.04,34192.62,0.0,0,-34192.62,305.145393258427
BAT-000689,2025-01,3,PLT-05,LATAM,FRM-03,PRD-03,Solvents,0.8173,0.9443,45.9,43.34,43.34,0,556.34,36634.26,55144.55,0,18510.29,241.79202614379085
BAT-000690,2025-01,3,PLT-04,EMEA,FRM-02,PRD-02,Polymers,0.8916,0.9345,55.45,51.82,0.0,1,893.07,66848.65,0.0,0,-66848.65,312.4962759242559
BAT-000691,2025-01,3,PLT-05,LATAM,FRM-04,PRD-04,Agrochem,0.7796,0.9033,29.07,26.26,26.26,0,547.86,21792.65,31250.34,0,9457.689999999999,201.80116271069835
BAT-000692,2025-01,3,PLT-04,EMEA,FRM-04,PRD-04,Agrochem,0.8676,0.8765,88.85,77.88,77.88,0,547.86,66253.47,95695.81,0,29442.339999999997,197.8177715250423
BAT-000693,2025-01,3,PLT-06,APAC,FRM-06,PRD-06,Coatings,0.8583,0.9287,27.47,25.51,25.51,0,1438.65,55518.74,82136.52,0,26617.780000000006,582.4180742628321
BAT-000694,2025-01,3,PLT-04,EMEA,FRM-07,PRD-07,Catalysts,0.8685,0.9268,1.26,1.17,0.0,1,15000.0,25688.66,0.0,0,-25688.66,5387.825396825396
BAT-000695,2025-01,3,PLT-06,APAC,FRM-09,PRD-09,Specialty,0.7929,0.8483,36.03,30.56,0.0,1,1618.63,77385.89,0.0,0,-77385.89,529.1882070496808
BAT-000696,2025-01,3,PLT-03,APAC,FRM-09,PRD-09,Specialty,0.6278,0.7721,19.5,15.05,15.05,0,1618.63,45487.3,38875.95,0,-6611.350000000006,714.0520512820513
BAT-000697,2025-01,3,PLT-02,AMER,FRM-02,PRD-02,Polymers,0.8212,0.9788,27.55,26.96,26.96,0,893.07,33379.09,53988.32,0,20609.230000000003,318.5122141560797
BAT-000698,2025-01,3,PLT-02,AMER,FRM-08,PRD-08,Surfactants,0.793,0.9352,45.86,42.88,42.88,0,1051.03,67961.43,98346.11,0,30384.680000000008,430.902621020497
BAT-000699,2025-01,3,PLT-02,AMER,FRM-01,PRD-01,Polymers,0.9208,0.9291,60.52,56.23,56.23,0,762.04,61941.51,96644.74,0,34703.23,261.44826834104435
BAT-000700,2025-01,3,PLT-05,LATAM,FRM-06,PRD-06,Coatings,0.8382,0.9211,10.67,9.83,9.83,0,1438.65,21837.53,33540.63,0,11703.099999999999,607.9788659793812
BAT-000701,2025-01,3,PLT-04,EMEA,FRM-11,PRD-11,Polymers,0.8941,0.9702,34.64,33.61,33.61,0,733.12,34376.77,53923.05,0,19546.280000000006,259.28098152424934
BAT-000702,2025-01,3,PLT-01,EMEA,FRM-06,PRD-06,Coatings,0.927,0.9329,18.89,17.62,17.62,0,1438.65,35952.93,57548.67,0,21595.739999999998,464.62845420857593
BAT-000703,2025-01,3,PLT-06,APAC,FRM-09,PRD-09,Specialty,0.8272,0.8092,19.04,15.41,15.41,0,1618.63,40437.52,39919.2,0,-518.3199999999997,505.18932773109236
BAT-000704,2025-01,3,PLT-01,EMEA,FRM-09,PRD-09,Specialty,0.8537,0.8313,48.38,40.22,40.22,0,1618.63,103600.86,99811.28,0,-3789.5800000000017,522.7685117817277
BAT-000705,2025-01,3,PLT-06,APAC,FRM-07,PRD-07,Catalysts,0.8459,0.8292,1.95,1.62,1.62,0,15000.0,41324.26,59340.07,0,18015.809999999998,6191.928205128206
BAT-000706,2025-01,3,PLT-02,AMER,FRM-02,PRD-02,Polymers,0.8293,0.9166,24.89,22.81,22.81,0,893.07,30892.9,45342.06,0,14449.159999999996,348.1071795901968
BAT-000707,2025-01,3,PLT-03,APAC,FRM-08,PRD-08,Surfactants,0.625,0.9631,27.56,26.54,26.54,0,1051.03,43571.55,61138.88,0,17567.329999999994,529.9406095791003
BAT-000708,2025-01,3,PLT-06,APAC,FRM-10,PRD-10,Agrochem,0.85,0.9293,33.43,31.06,31.06,0,580.04,26086.03,39608.16,0,13522.130000000005,200.27797786419387
BAT-000709,2025-01,3,PLT-06,APAC,FRM-09,PRD-09,Specialty,0.8054,0.7844,31.86,24.99,0.0,1,1618.63,67794.08,0.0,0,-67794.08,509.2444507219084
BAT-000710,2025-01,3,PLT-03,APAC,FRM-03,PRD-03,Solvents,0.6163,0.9263,74.18,68.72,68.72,0,556.34,60019.69,88595.91,0,28576.22,252.76878943111342
BAT-000711,2025-01,3,PLT-06,APAC,FRM-08,PRD-08,Surfactants,0.8306,0.9151,51.64,47.25,47.25,0,1051.03,75223.51,104724.11,0,29500.600000000006,405.6607436096049
BAT-000712,2025-01,3,PLT-06,APAC,FRM-07,PRD-07,Catalysts,0.813,0.8947,1.7,1.52,1.52,0,15000.0,36577.9,57704.28,0,21126.379999999997,6516.411764705885
BAT-000713,2025-01,3,PLT-05,LATAM,FRM-04,PRD-04,Agrochem,0.7729,0.8665,51.07,44.25,44.25,0,547.86,40537.62,49525.73,0,8988.11,245.9058116310946
BAT-000714,2025-01,3,PLT-02,AMER,FRM-04,PRD-04,Agrochem,0.8267,0.8947,101.79,91.07,91.07,0,547.86,79639.74,106626.85,0,26987.11,234.53257294429704
BAT-000715,2025-01,3,PLT-06,APAC,FRM-11,PRD-11,Polymers,0.8135,0.9407,68.63,64.56,64.56,0,733.12,69188.56,107729.96,0,38541.40000000001,275.01871484773426
BAT-000716,2025-01,3,PLT-05,LATAM,FRM-10,PRD-10,Agrochem,0.8427,0.9425,54.69,51.55,51.55,0,580.04,43311.85,64935.11,0,21623.260000000002,211.9119107697934
BAT-000717,2025-01,3,PLT-01,EMEA,FRM-01,PRD-01,Polymers,0.837,0.9381,51.32,48.14,48.14,0,762.04,53850.4,81566.87,0,27716.469999999994,287.26631332813713
BAT-000718,2025-01,3,PLT-05,LATAM,FRM-06,PRD-06,Coatings,0.8129,0.9202,28.34,26.07,26.07,0,1438.65,57068.21,91142.39,0,34074.18,575.0483062808751
BAT-000719,2025-01,3,PLT-02,AMER,FRM-03,PRD-03,Solvents,0.8446,0.9421,111.05,104.61,104.61,0,556.34,86496.01,135198.4,0,48702.39,222.55248086447546
BAT-000720,2025-01,3,PLT-06,APAC,FRM-07,PRD-07,Catalysts,0.82,0.8382,2.15,1.8,1.8,0,15000.0,43935.94,64912.38,0,20976.439999999995,5435.3209302325595
BAT-000721,2025-01,3,PLT-02,AMER,FRM-01,PRD-01,Polymers,0.8441,0.9311,48.78,45.42,45.42,0,762.04,50278.02,81231.72,0,30953.700000000004,268.66971709717086
BAT-000722,2025-01,3,PLT-04,EMEA,FRM-01,PRD-01,Polymers,0.8549,0.914,60.78,55.55,55.55,0,762.04,62908.3,93339.65,0,30431.34999999999,272.97645278052005
BAT-000723,2025-01,3,PLT-01,EMEA,FRM-04,PRD-04,Agrochem,0.8946,0.9279,39.41,36.56,36.56,0,547.86,29854.97,44589.56,0,14734.589999999997,209.68808424257816
BAT-000724,2025-01,3,PLT-05,LATAM,FRM-04,PRD-04,Agrochem,0.8415,0.8558,59.47,50.89,50.89,0,547.86,44411.21,57314.0,0,12902.79,198.92342021187153
BAT-000725,2025-01,3,PLT-03,APAC,FRM-12,PRD-12,Solvents,0.7261,0.94,39.62,37.25,37.25,0,612.92,34604.65,50856.64,0,16251.989999999998,260.49367995961654
BAT-000726,2025-01,3,PLT-03,APAC,FRM-10,PRD-10,Agrochem,0.7091,0.8944,80.85,72.31,72.31,0,580.04,68232.5,89862.48,0,21629.979999999996,263.89939393939403
BAT-000727,2025-01,3,PLT-06,APAC,FRM-04,PRD-04,Agrochem,0.8187,0.9734,37.24,36.26,36.26,0,547.86,28873.35,43938.07,0,15064.720000000001,227.47163265306108
BAT-000728,2025-01,3,PLT-05,LATAM,FRM-05,PRD-05,Coatings,0.8283,0.9456,28.03,26.5,26.5,0,1325.34,51335.71,76892.36,0,25556.65,506.11594006421683
BAT-000729,2025-01,3,PLT-05,LATAM,FRM-03,PRD-03,Solvents,0.793,0.9703,26.03,25.26,25.26,0,556.34,20453.12,34138.01,0,13684.890000000003,229.4118248175181
BAT-000730,2025-01,3,PLT-04,EMEA,FRM-08,PRD-08,Surfactants,0.8781,0.995,45.29,45.06,45.06,0,1051.03,66086.31,107113.0,0,41026.69,408.1510554206227
BAT-000731,2025-01,3,PLT-01,EMEA,FRM-02,PRD-02,Polymers,0.8797,0.9061,34.18,30.96,30.96,0,893.07,42181.88,62244.59,0,20062.71,341.040005851375
BAT-000732,2025-01,3,PLT-05,LATAM,FRM-06,PRD-06,Coatings,0.771,0.8856,21.19,18.77,18.77,0,1438.65,41919.69,62039.45,0,20119.759999999995,539.6270174610665
BAT-000733,2025-01,3,PLT-06,APAC,FRM-09,PRD-09,Specialty,0.7767,0.8638,22.96,19.84,0.0,1,1618.63,50992.48,0.0,0,-50992.48,602.2968292682926
BAT-000734,2025-01,3,PLT-04,EMEA,FRM-11,PRD-11,Polymers,0.8355,0.9328,46.91,43.76,43.76,0,733.12,48510.69,72479.54,0,23968.84999999999,301.0025751438926
BAT-000735,2025-01,3,PLT-03,APAC,FRM-09,PRD-09,Specialty,0.7313,0.7577,36.12,27.37,27.37,0,1618.63,78552.98,70880.36,0,-7672.619999999995,556.1479623477298
BAT-000736,2025-01,3,PLT-03,APAC,FRM-10,PRD-10,Agrochem,0.664,0.8883,77.81,69.13,69.13,0,580.04,67333.95,84201.56,0,16867.61,285.32370646446475
BAT-000737,2025-01,3,PLT-03,APAC,FRM-05,PRD-05,Coatings,0.6274,0.8588,29.12,25.01,0.0,1,1325.34,56060.56,0.0,0,-56060.56,599.8165934065933
BAT-000738,2025-01,3,PLT-03,APAC,FRM-12,PRD-12,Solvents,0.6626,0.8676,76.9,66.71,66.71,0,612.92,67462.71,97060.48,0,29597.76999999999,264.35841352405726
BAT-000739,2025-01,3,PLT-02,AMER,FRM-01,PRD-01,Polymers,0.7994,0.9226,62.84,57.97,57.97,0,762.04,68675.79,102224.98,0,33549.19,330.82744112030537
BAT-000740,2025-01,3,PLT-04,EMEA,FRM-12,PRD-12,Solvents,0.9189,0.8885,94.53,83.99,83.99,0,612.92,77243.97,118280.99,0,41037.020000000004,204.21709933354498
BAT-000741,2025-01,3,PLT-02,AMER,FRM-10,PRD-10,Agrochem,0.7642,0.9198,46.0,42.31,42.31,0,580.04,38066.65,49274.39,0,11207.739999999998,247.4958695652175
BAT-000742,2025-01,3,PLT-02,AMER,FRM-06,PRD-06,Coatings,0.8416,0.8979,15.09,13.55,13.55,0,1438.65,29527.8,44168.19,0,14640.390000000003,518.1293240556658
BAT-000743,2025-01,3,PLT-02,AMER,FRM-11,PRD-11,Polymers,0.8221,0.8729,65.25,56.96,0.0,1,733.12,66887.12,0.0,0,-66887.12,291.9699616858237
BAT-000744,2025-01,3,PLT-06,APAC,FRM-04,PRD-04,Agrochem,0.842,0.9244,81.5,75.33,75.33,0,547.86,62834.36,91336.35,0,28501.990000000005,223.11374233128834
BAT-000745,2025-01,3,PLT-05,LATAM,FRM-01,PRD-01,Polymers,0.7885,0.9754,28.33,27.64,27.64,0,762.04,30165.95,46064.15,0,15898.2,302.76585951288394
BAT-000746,2025-01,3,PLT-01,EMEA,FRM-06,PRD-06,Coatings,0.8541,0.8906,27.63,24.61,24.61,0,1438.65,55035.69,84327.93,0,29292.23999999999,553.2316503800218
BAT-000747,2025-01,3,PLT-02,AMER,FRM-03,PRD-03,Solvents,0.8437,0.9299,80.12,74.5,74.5,0,556.34,61373.12,97642.53,0,36269.409999999996,209.67497753369946
BAT-000748,2025-01,3,PLT-05,LATAM,FRM-06,PRD-06,Coatings,0.7877,0.87,15.25,13.27,0.0,1,1438.65,31473.74,0.0,0,-31473.74,625.2018032786887
BAT-000749,2025-01,3,PLT-03,APAC,FRM-06,PRD-06,Coatings,0.5869,0.8658,10.89,9.43,9.43,0,1438.65,22544.46,32616.05,0,10071.59,631.5483471074376
BAT-000750,2025-01,3,PLT-05,LATAM,FRM-09,PRD-09,Specialty,0.8193,0.8658,31.35,27.14,27.14,0,1618.63,68508.21,71342.21,0,2834.0,566.6398564593301
BAT-000751,2025-01,3,PLT-05,LATAM,FRM-10,PRD-10,Agrochem,0.7672,0.9404,28.07,26.4,0.0,1,580.04,22648.11,0.0,0,-22648.11,226.80396152475953
BAT-000752,2025-01,3,PLT-04,EMEA,FRM-04,PRD-04,Agrochem,0.8197,0.9602,79.99,76.8,76.8,0,547.86,61032.31,88966.83,0,27934.520000000004,215.13924990623832
BAT-000753,2025-01,3,PLT-01,EMEA,FRM-04,PRD-04,Agrochem,0.8597,0.861,55.34,47.65,47.65,0,547.86,41808.4,53244.64,0,11436.239999999998,207.62247199132628
BAT-000754,2025-01,3,PLT-01,EMEA,FRM-06,PRD-06,Coatings,0.8846,0.9327,27.86,25.98,25.98,0,1438.65,54545.46,86201.87,0,31656.409999999996,519.1913496051686
BAT-000755,2025-01,3,PLT-06,APAC,FRM-10,PRD-10,Agrochem,0.8726,0.9362,88.38,82.74,82.74,0,580.04,68940.21,96139.56,0,27199.34999999999,200.00310930074693
BAT-000756,2025-01,3,PLT-06,APAC,FRM-08,PRD-08,Surfactants,0.8754,0.9306,38.44,35.78,35.78,0,1051.03,54922.51,82107.36,0,27184.85,377.7553798126953
BAT-000757,2025-01,3,PLT-03,APAC,FRM-02,PRD-02,Polymers,0.6317,0.8768,41.37,36.27,36.27,0,893.07,54852.97,72715.3,0,17862.33,432.84177181532516
BAT-000758,2025-01,3,PLT-03,APAC,FRM-07,PRD-07,Catalysts,0.6389,0.8553,2.63,2.25,2.25,0,15000.0,56837.66,79961.69,0,23124.03,6611.277566539928
BAT-000759,2025-01,3,PLT-05,LATAM,FRM-10,PRD-10,Agrochem,0.7545,0.8726,40.55,35.38,35.38,0,580.04,33502.39,45094.68,0,11592.29,246.15950678175102
BAT-000760,2025-01,3,PLT-06,APAC,FRM-05,PRD-05,Coatings,0.7636,0.8714,18.91,16.48,16.48,0,1325.34,34608.08,47164.73,0,12556.650000000001,504.80701216287684
BAT-000761,2025-01,3,PLT-01,EMEA,FRM-07,PRD-07,Catalysts,0.8244,0.9111,3.12,2.84,2.84,0,15000.0,63229.28,98483.41,0,35254.130000000005,5265.794871794871
BAT-000762,2025-01,3,PLT-06,APAC,FRM-01,PRD-01,Polymers,0.7975,0.969,38.35,37.16,37.16,0,762.04,40531.44,64853.04,0,24321.6,294.84239895697533
BAT-000763,2025-01,3,PLT-01,EMEA,FRM-08,PRD-08,Surfactants,0.854,0.9036,22.75,20.56,20.56,0,1051.03,33627.2,44870.91,0,11243.710000000006,427.0886813186812
BAT-000764,2025-01,3,PLT-03,APAC,FRM-07,PRD-07,Catalysts,0.6564,0.8167,3.12,2.55,2.55,0,15000.0,67207.9,96610.54,0,29402.64,6540.993589743586
BAT-000765,2025-01,3,PLT-03,APAC,FRM-04,PRD-04,Agrochem,0.6884,0.8922,39.52,35.26,35.26,0,547.86,31830.37,39304.6,0,7474.23,257.5643421052631
BAT-000766,2025-01,3,PLT-06,APAC,FRM-02,PRD-02,Polymers,0.8202,0.946,52.04,49.23,49.23,0,893.07,66130.35,92342.37,0,26212.01999999999,377.6899923136051
BAT-000767,2025-01,3,PLT-05,LATAM,FRM-04,PRD-04,Agrochem,0.8239,0.888,26.57,23.59,23.59,0,547.86,20170.5,28896.81,0,8726.310000000001,211.2856529920963
BAT-000768,2025-01,3,PLT-05,LATAM,FRM-05,PRD-05,Coatings,0.8624,0.8958,18.21,16.32,16.32,0,1325.34,34178.25,49804.92,0,15626.669999999998,551.5545634266887
BAT-000769,2025-01,3,PLT-04,EMEA,FRM-05,PRD-05,Coatings,0.8914,0.8698,37.4,32.52,32.52,0,1325.34,68077.4,93779.56,0,25702.160000000003,494.9113368983958
BAT-000770,2025-01,3,PLT-05,LATAM,FRM-09,PRD-09,Specialty,0.8015,0.8096,12.34,9.99,9.99,0,1618.63,27597.68,26350.23,0,-1247.4500000000007,617.8108427876823
BAT-000771,2025-01,3,PLT-02,AMER,FRM-05,PRD-05,Coatings,0.8439,0.8661,17.68,15.32,15.32,0,1325.34,33064.23,43730.74,0,10666.509999999995,544.8087556561088
BAT-000772,2025-01,3,PLT-03,APAC,FRM-01,PRD-01,Polymers,0.6827,0.9181,34.47,31.64,31.64,0,762.04,38568.79,56810.43,0,18241.64,356.86890629532945
BAT-000773,2025-01,3,PLT-03,APAC,FRM-11,PRD-11,Polymers,0.6415,0.8845,59.99,53.06,53.06,0,733.12,63662.35,90118.3,0,26455.950000000004,328.0960360060009
BAT-000774,2025-01,3,PLT-03,APAC,FRM-10,PRD-10,Agrochem,0.6648,0.9191,27.99,25.73,25.73,0,580.04,23846.1,32745.26,0,8899.16,271.91069667738486
BAT-000775,2025-01,3,PLT-04,EMEA,FRM-10,PRD-10,Agrochem,0.8182,0.9165,61.46,56.34,56.34,0,580.04,48865.64,67307.57,0,18441.930000000008,215.04037748128871
BAT-000776,2025-01,3,PLT-02,AMER,FRM-10,PRD-10,Agrochem,0.8737,0.9055,110.33,99.9,99.9,0,580.04,87583.4,116036.87,0,28453.47,213.79123357201127
BAT-000777,2025-01,3,PLT-03,APAC,FRM-09,PRD-09,Specialty,0.6454,0.7199,16.05,11.56,11.56,0,1618.63,36826.33,29581.79,0,-7244.540000000001,675.8453894080994
BAT-000778,2025-01,3,PLT-01,EMEA,FRM-06,PRD-06,Coatings,0.8754,0.9179,35.5,32.58,32.58,0,1438.65,71881.94,107912.52,0,36030.58,586.1933802816902
BAT-000779,2025-01,3,PLT-01,EMEA,FRM-10,PRD-10,Agrochem,0.8768,0.9711,39.18,38.04,38.04,0,580.04,32040.8,48107.86,0,16067.060000000001,237.74458397141404
BAT-000780,2025-01,3,PLT-03,APAC,FRM-09,PRD-09,Specialty,0.6949,0.7545,30.1,22.71,0.0,1,1618.63,69382.03,0.0,0,-69382.03,686.420830564784
BAT-000781,2025-01,3,PLT-05,LATAM,FRM-02,PRD-02,Polymers,0.7906,0.9702,26.08,25.3,25.3,0,893.07,32346.45,49869.79,0,17523.34,347.20799079754613
BAT-000782,2025-01,3,PLT-01,EMEA,FRM-08,PRD-08,Surfactants,0.8841,0.9021,45.56,41.11,41.11,0,1051.03,66188.58,91450.22,0,25261.64,401.74831431079883
BAT-000783,2025-01,3,PLT-02,AMER,FRM-05,PRD-05,Coatings,0.8273,0.935,27.73,25.93,25.93,0,1325.34,52200.89,76890.86,0,24689.97,557.1298882077174
BAT-000784,2025-01,3,PLT-01,EMEA,FRM-11,PRD-11,Polymers,0.8803,0.9727,38.67,37.61,37.61,0,733.12,39016.89,64066.79,0,25049.9,275.85051978277727
BAT-000785,2025-01,3,PLT-04,EMEA,FRM-05,PRD-05,Coatings,0.8977,0.8896,18.92,16.83,16.83,0,1325.34,33921.06,52543.0,0,18621.940000000002,467.52786469344596
BAT-000786,2025-01,3,PLT-02,AMER,FRM-02,PRD-02,Polymers,0.835,0.9098,35.02,31.86,31.86,0,893.07,43147.96,60143.18,0,16995.22,339.02480296973147
BAT-000787,2025-01,3,PLT-04,EMEA,FRM-10,PRD-10,Agrochem,0.8576,0.9095,69.04,62.79,62.79,0,580.04,56256.09,75361.15,0,19105.059999999998,234.79328505214357
BAT-000788,2025-01,3,PLT-04,EMEA,FRM-02,PRD-02,Polymers,0.9377,0.9431,22.28,21.02,21.02,0,893.07,26789.41,43380.55,0,16591.140000000003,309.3272172351884
BAT-000789,2025-01,3,PLT-01,EMEA,FRM-08,PRD-08,Surfactants,0.8497,0.9141,45.09,41.22,41.22,0,1051.03,65721.98,95533.71,0,29811.73000000001,406.54329784874676
BAT-000790,2025-01,3,PLT-04,EMEA,FRM-05,PRD-05,Coatings,0.8865,0.8634,32.39,27.97,27.97,0,1325.34,57802.91,85501.27,0,27698.36,459.25123186168594
BAT-000791,2025-01,3,PLT-02,AMER,FRM-12,PRD-12,Solvents,0.8759,0.8941,36.57,32.7,32.7,0,612.92,30688.42,47856.35,0,17167.93,226.24926442439153
BAT-000792,2025-01,3,PLT-05,LATAM,FRM-03,PRD-03,Solvents,0.7933,0.9383,45.31,42.52,42.52,0,556.34,34704.28,56887.52,0,22183.239999999998,209.58981681747946
BAT-000793,2025-01,3,PLT-01,EMEA,FRM-08,PRD-08,Surfactants,0.8825,0.93,33.74,31.38,31.38,0,1051.03,50035.37,68501.76,0,18466.389999999992,431.9388796680498
BAT-000794,2025-01,3,PLT-06,APAC,FRM-06,PRD-06,Coatings,0.8804,0.8893,30.3,26.95,26.95,0,1438.65,60192.83,89504.62,0,29311.789999999994,547.9120462046203
BAT-000795,2025-01,3,PLT-02,AMER,FRM-08,PRD-08,Surfactants,0.862,0.9599,41.49,39.82,39.82,0,1051.03,60532.04,87509.35,0,26977.310000000005,407.92492889852974
BAT-000796,2025-01,3,PLT-01,EMEA,FRM-03,PRD-03,Solvents,0.8858,0.9725,94.37,91.78,91.78,0,556.34,70395.89,121761.45,0,51365.56,189.6162360919783
BAT-000797,2025-01,3,PLT-06,APAC,FRM-11,PRD-11,Polymers,0.7383,0.956,36.79,35.17,35.17,0,733.12,37788.9,58344.77,0,20555.869999999995,294.0313998369123
BAT-000798,2025-01,3,PLT-06,APAC,FRM-10,PRD-10,Agrochem,0.7898,0.9127,79.89,72.91,72.91,0,580.04,65281.35,92812.37,0,27531.019999999997,237.10044310927526
BAT-000799,2025-01,3,PLT-03,APAC,FRM-06,PRD-06,Coatings,0.6553,0.8842,21.95,19.41,19.41,0,1438.65,46942.51,67935.08,0,20992.57,699.9609339407743
BAT-000800,2025-01,3,PLT-05,LATAM,FRM-05,PRD-05,Coatings,0.8059,0.8472,31.31,26.53,26.53,0,1325.34,57975.74,78045.48,0,20069.739999999998,526.3284765250719
BAT-000801,2025-01,3,PLT-06,APAC,FRM-09,PRD-09,Specialty,0.8479,0.8386,23.94,20.07,20.07,0,1618.63,50623.51,50452.89,0,-170.62000000000262,495.96941520467817
BAT-000802,2025-01,3,PLT-06,APAC,FRM-09,PRD-09,Specialty,0.807,0.7974,35.11,27.99,27.99,0,1618.63,78395.31,71226.33,0,-7168.979999999996,614.2184762176016
BAT-000803,2025-01,3,PLT-05,LATAM,FRM-08,PRD-08,Surfactants,0.7785,0.9261,37.33,34.57,34.57,0,1051.03,54246.02,78715.75,0,24469.730000000003,402.1181382266275
BAT-000804,2025-01,3,PLT-06,APAC,FRM-04,PRD-04,Agrochem,0.8288,0.9341,51.67,48.27,0.0,1,547.86,39522.8,0.0,0,-39522.8,217.04807044706797
BAT-000805,2025-01,3,PLT-06,APAC,FRM-03,PRD-03,Solvents,0.8327,0.9162,47.87,43.85,43.85,0,556.34,36495.28,60472.33,0,23977.050000000003,206.0431209525799
BAT-000806,2025-01,3,PLT-03,APAC,FRM-09,PRD-09,Specialty,0.6418,0.811,36.44,29.56,29.56,0,1618.63,80785.98,78636.8,0,-2149.179999999993,598.3288364434688
BAT-000807,2025-01,3,PLT-01,EMEA,FRM-10,PRD-10,Agrochem,0.8772,0.9436,60.4,56.99,56.99,0,580.04,46679.1,70370.97,0,23691.870000000003,192.79278145695366
BAT-000808,2025-01,3,PLT-02,AMER,FRM-10,PRD-10,Agrochem,0.8658,0.93,78.71,73.2,73.2,0,580.04,64100.39,85594.87,0,21494.479999999996,234.3468631685937
BAT-000809,2025-01,3,PLT-02,AMER,FRM-05,PRD-05,Coatings,0.8941,0.8708,26.57,23.14,23.14,0,1325.34,48339.42,65973.57,0,17634.15000000001,493.9832969514489
BAT-000810,2025-01,3,PLT-03,APAC,FRM-09,PRD-09,Specialty,0.6451,0.8048,40.63,32.7,32.7,0,1618.63,89670.96,82041.75,0,-7629.210000000006,588.3835367954712
BAT-000811,2025-01,3,PLT-02,AMER,FRM-02,PRD-02,Polymers,0.7947,0.8929,27.33,24.4,24.4,0,893.07,33202.06,46960.55,0,13758.490000000005,321.7876655689719
BAT-000812,2025-01,3,PLT-01,EMEA,FRM-11,PRD-11,Polymers,0.9079,0.987,45.07,44.49,44.49,0,733.12,45211.1,74522.84,0,29311.739999999998,270.01068560017745
BAT-000813,2025-01,3,PLT-04,EMEA,FRM-02,PRD-02,Polymers,0.8419,0.9157,36.22,33.16,33.16,0,893.07,44303.08,66938.25,0,22635.17,330.0962065157372
BAT-000814,2025-01,3,PLT-05,LATAM,FRM-01,PRD-01,Polymers,0.7408,0.9424,19.73,18.59,18.59,0,762.04,21346.22,32029.31,0,10683.09,319.8768778509884
BAT-000815,2025-01,3,PLT-06,APAC,FRM-04,PRD-04,Agrochem,0.8323,0.9014,61.17,55.13,55.13,0,547.86,45666.3,66480.56,0,20814.259999999995,198.68732712113786
BAT-000816,2025-01,3,PLT-04,EMEA,FRM-02,PRD-02,Polymers,0.9038,0.9023,50.55,45.61,45.61,0,893.07,60736.45,86054.77,0,25318.320000000007,308.4423639960436
BAT-000817,2025-01,3,PLT-02,AMER,FRM-05,PRD-05,Coatings,0.8707,0.9112,23.31,21.24,21.24,0,1325.34,41827.0,63333.78,0,21506.78,469.0400943800946
BAT-000818,2025-01,3,PLT-06,APAC,FRM-05,PRD-05,Coatings,0.7661,0.8607,31.53,27.14,27.14,0,1325.34,58434.01,79459.63,0,21025.620000000003,527.9429051696798
BAT-000819,2025-01,3,PLT-05,LATAM,FRM-04,PRD-04,Agrochem,0.7527,0.9292,47.73,44.35,44.35,0,547.86,36527.65,51326.01,0,14798.36,217.4375068091348
BAT-000820,2025-01,3,PLT-02,AMER,FRM-01,PRD-01,Polymers,0.851,0.9382,49.94,46.85,46.85,0,762.04,52948.72,79529.1,0,26580.380000000005,298.20669603524243
BAT-000821,2025-01,3,PLT-01,EMEA,FRM-01,PRD-01,Polymers,0.8736,0.9589,54.17,51.95,51.95,0,762.04,55688.42,88721.82,0,33033.40000000001,265.9906442680451
BAT-000822,2025-01,3,PLT-03,APAC,FRM-08,PRD-08,Surfactants,0.6513,0.9521,44.77,42.62,42.62,0,1051.03,67561.24,100671.81,0,33110.56999999999,458.0439334375699
BAT-000823,2025-01,3,PLT-05,LATAM,FRM-02,PRD-02,Polymers,0.824,0.8875,26.1,23.17,23.17,0,893.07,32941.61,45085.72,0,12144.11,369.06065134099606
BAT-000824,2025-01,3,PLT-06,APAC,FRM-12,PRD-12,Solvents,0.8408,0.902,61.97,55.9,55.9,0,612.92,53002.13,83046.19,0,30044.060000000005,242.36691302243025
BAT-000825,2025-01,3,PLT-02,AMER,FRM-12,PRD-12,Solvents,0.7857,0.9686,75.4,73.03,73.03,0,612.92,65220.55,106045.18,0,40824.62999999999,252.0740318302387
BAT-000826,2025-01,3,PLT-06,APAC,FRM-01,PRD-01,Polymers,0.8479,0.9686,65.1,63.06,63.06,0,762.04,68079.78,114961.21,0,46881.43000000001,283.7323502304148
BAT-000827,2025-01,3,PLT-02,AMER,FRM-08,PRD-08,Surfactants,0.8491,0.9616,25.59,24.61,24.61,0,1051.03,36645.93,58628.81,0,21982.879999999997,381.01103165298946
BAT-000828,2025-01,3,PLT-05,LATAM,FRM-02,PRD-02,Polymers,0.8761,0.9202,28.42,26.15,26.15,0,893.07,35807.14,49149.43,0,13342.29,366.8575158339196
BAT-000829,2025-01,3,PLT-03,APAC,FRM-05,PRD-05,Coatings,0.6069,0.8651,16.91,14.63,14.63,0,1325.34,32784.06,41909.61,0,9125.550000000003,613.3980248373744
BAT-000830,2025-01,3,PLT-03,APAC,FRM-01,PRD-01,Polymers,0.6505,0.8921,45.48,40.58,40.58,0,762.04,51351.36,69730.77,0,18379.410000000003,367.05762532981544
BAT-000831,2025-01,3,PLT-04,EMEA,FRM-11,PRD-11,Polymers,0.8003,0.8675,67.89,58.89,0.0,1,733.12,68152.85,0.0,0,-68152.85,270.7517042274268
BAT-000832,2025-01,3,PLT-05,LATAM,FRM-12,PRD-12,Solvents,0.8128,0.9502,39.29,37.34,37.34,0,612.92,34125.49,51896.67,0,17771.18,255.63408500890807
BAT-000833,2025-01,3,PLT-06,APAC,FRM-02,PRD-02,Polymers,0.7891,0.8767,43.48,38.12,38.12,0,893.07,53168.49,72673.76,0,19505.269999999997,329.75635694572213
BAT-000834,2025-01,3,PLT-02,AMER,FRM-05,PRD-05,Coatings,0.8284,0.9109,46.75,42.59,42.59,0,1325.34,86801.15,130101.55,0,43300.40000000001,531.3690909090908
BAT-000835,2025-01,3,PLT-04,EMEA,FRM-06,PRD-06,Coatings,0.8697,0.8739,21.92,19.16,19.16,0,1438.65,42843.05,63094.0,0,20250.949999999997,515.8687043795619
BAT-000836,2025-01,3,PLT-06,APAC,FRM-03,PRD-03,Solvents,0.8124,0.991,63.34,62.77,62.77,0,556.34,50248.7,83017.16,0,32768.46000000001,236.9770192611303
BAT-000837,2025-01,3,PLT-05,LATAM,FRM-01,PRD-01,Polymers,0.8135,0.9631,40.22,38.74,38.74,0,762.04,41859.8,64383.24,0,22523.439999999995,278.7307608155147
BAT-000838,2025-01,3,PLT-02,AMER,FRM-03,PRD-03,Solvents,0.8546,0.987,85.51,84.39,84.39,0,556.34,67118.57,112321.16,0,45202.59,228.58071102794997
BAT-000839,2025-01,3,PLT-06,APAC,FRM-10,PRD-10,Agrochem,0.8272,0.9273,75.87,70.36,70.36,0,580.04,60682.69,83598.37,0,22915.679999999993,219.7845683405826
BAT-000840,2025-01,3,PLT-04,EMEA,FRM-07,PRD-07,Catalysts,0.8385,0.9203,1.54,1.41,1.41,0,15000.0,32216.0,51015.78,0,18799.78,5919.480519480519
BAT-000841,2025-01,3,PLT-03,APAC,FRM-06,PRD-06,Coatings,0.7194,0.9038,15.64,14.13,14.13,0,1438.65,31931.18,44921.51,0,12990.330000000002,602.9855498721226
BAT-000842,2025-01,3,PLT-03,APAC,FRM-04,PRD-04,Agrochem,0.6834,0.895,30.76,27.53,27.53,0,547.86,24883.65,31983.44,0,7099.789999999997,261.10131339401823
BAT-000843,2025-01,3,PLT-05,LATAM,FRM-02,PRD-02,Polymers,0.8243,0.9576,37.82,36.21,36.21,0,893.07,46546.28,70729.94,0,24183.660000000003,337.66188789000523
BAT-000844,2025-01,3,PLT-04,EMEA,FRM-08,PRD-08,Surfactants,0.9031,0.9403,61.87,58.17,58.17,0,1051.03,86598.28,135898.26,0,49299.98000000001,348.651267173105
BAT-000845,2025-01,3,PLT-03,APAC,FRM-04,PRD-04,Agrochem,0.645,0.8714,28.77,25.06,25.06,0,547.86,23402.19,28715.83,0,5313.640000000003,265.56335766423354
BAT-000846,2025-01,3,PLT-06,APAC,FRM-07,PRD-07,Catalysts,0.7874,0.816,1.21,0.99,0.99,0,15000.0,26308.22,35003.34,0,8695.119999999995,6742.330578512399
BAT-000847,2025-01,3,PLT-03,APAC,FRM-05,PRD-05,Coatings,0.6462,0.8792,12.3,10.81,10.81,0,1325.34,24084.69,30915.27,0,6830.580000000002,632.7648780487802
BAT-000848,2025-01,3,PLT-02,AMER,FRM-10,PRD-10,Agrochem,0.9505,0.9415,93.8,88.31,0.0,1,580.04,72805.31,0.0,0,-72805.31,196.13601279317697
BAT-000849,2025-01,3,PLT-06,APAC,FRM-07,PRD-07,Catalysts,0.8416,0.8848,1.95,1.73,1.73,0,15000.0,40439.73,61033.84,0,20594.109999999993,5738.3230769230795
BAT-000850,2025-01,3,PLT-02,AMER,FRM-12,PRD-12,Solvents,0.8548,0.9409,47.62,44.81,44.81,0,612.92,41148.06,66912.74,0,25764.680000000008,251.17197816043688
BAT-000851,2025-01,3,PLT-03,APAC,FRM-11,PRD-11,Polymers,0.6525,0.8873,55.37,49.13,0.0,1,733.12,58916.78,0.0,0,-58916.78,330.93598699656866
BAT-000852,2025-01,3,PLT-02,AMER,FRM-11,PRD-11,Polymers,0.8288,0.89,39.38,35.05,35.05,0,733.12,40588.21,54988.93,0,14400.720000000001,297.5608024377856
BAT-000853,2025-01,3,PLT-01,EMEA,FRM-11,PRD-11,Polymers,0.8626,0.9205,42.31,38.95,38.95,0,733.12,42784.19,63226.49,0,20442.299999999996,278.0875159536753
BAT-000854,2025-01,3,PLT-04,EMEA,FRM-12,PRD-12,Solvents,0.9034,0.9622,63.49,61.09,61.09,0,612.92,52553.22,90833.45,0,38280.229999999996,214.820116553788
BAT-000855,2025-01,3,PLT-04,EMEA,FRM-12,PRD-12,Solvents,0.8607,0.9696,46.79,45.37,45.37,0,612.92,39293.43,63946.37,0,24652.940000000002,226.86264586450102
BAT-000856,2025-01,3,PLT-06,APAC,FRM-08,PRD-08,Surfactants,0.7903,0.9093,43.55,39.6,39.6,0,1051.03,66075.6,86093.82,0,20018.22,466.20536165327235
BAT-000857,2025-01,3,PLT-03,APAC,FRM-05,PRD-05,Coatings,0.6571,0.8183,26.58,21.75,21.75,0,1325.34,51046.8,64775.85,0,13729.049999999996,595.1566139954857
BAT-000858,2025-01,3,PLT-02,AMER,FRM-01,PRD-01,Polymers,0.8382,0.9246,46.29,42.8,42.8,0,762.04,48943.99,72600.24,0,23656.250000000007,295.2939814214733
BAT-000859,2025-01,3,PLT-02,AMER,FRM-06,PRD-06,Coatings,0.8362,0.8576,47.9,41.08,41.08,0,1438.65,97682.58,143799.17,0,46116.59000000001,600.6522964509395
BAT-000860,2025-01,3,PLT-06,APAC,FRM-08,PRD-08,Surfactants,0.8116,0.9882,17.88,17.67,17.67,0,1051.03,26507.34,42080.68,0,15573.34,431.48342281879195
BAT-000861,2025-01,3,PLT-06,APAC,FRM-05,PRD-05,Coatings,0.8643,0.9492,23.73,22.52,22.52,0,1325.34,44018.59,64184.12,0,20165.530000000006,529.636401179941
BAT-000862,2025-01,3,PLT-05,LATAM,FRM-12,PRD-12,Solvents,0.829,0.9719,36.09,35.07,35.07,0,612.92,30486.03,51830.81,0,21344.78,231.80236076475467
BAT-000863,2025-01,3,PLT-06,APAC,FRM-09,PRD-09,Specialty,0.7859,0.8434,24.57,20.72,20.72,0,1618.63,52429.92,53917.77,0,1487.8499999999985,515.2698778998779
BAT-000864,2025-01,3,PLT-01,EMEA,FRM-10,PRD-10,Agrochem,0.7909,0.9664,56.12,54.24,54.24,0,580.04,44608.66,68136.77,0,23528.11,214.8399002138276
BAT-000865,2025-01,3,PLT-06,APAC,FRM-01,PRD-01,Polymers,0.8449,0.8985,30.13,27.07,27.07,0,762.04,32519.98,48298.42,0,15778.439999999999,317.2822701626287
BAT-000866,2025-01,3,PLT-05,LATAM,FRM-03,PRD-03,Solvents,0.7879,0.961,54.85,52.71,52.71,0,556.34,43905.9,69265.57,0,25359.670000000006,244.13219690063806
BAT-000867,2025-01,3,PLT-05,LATAM,FRM-02,PRD-02,Polymers,0.7872,0.9036,42.81,38.68,38.68,0,893.07,54779.66,75588.11,0,20808.449999999997,386.52962625554767
BAT-000868,2025-01,3,PLT-05,LATAM,FRM-09,PRD-09,Specialty,0.8172,0.7882,27.3,21.52,21.52,0,1618.63,59073.84,54848.4,0,-4225.439999999995,545.2469230769229
BAT-000869,2025-01,3,PLT-05,LATAM,FRM-06,PRD-06,Coatings,0.7751,0.9213,28.99,26.71,26.71,0,1438.65,59201.78,93565.42,0,34363.64,603.4948775439807
BAT-000870,2025-01,3,PLT-04,EMEA,FRM-05,PRD-05,Coatings,0.8503,0.8834,18.78,16.59,16.59,0,1325.34,35009.12,47717.05,0,12707.93,538.8303940362089
BAT-000871,2025-01,3,PLT-05,LATAM,FRM-10,PRD-10,Agrochem,0.7481,0.9039,44.76,40.46,40.46,0,580.04,37668.65,49089.99,0,11421.339999999997,261.5294816800716
BAT-000872,2025-01,3,PLT-01,EMEA,FRM-12,PRD-12,Solvents,0.8246,0.9148,28.44,26.02,26.02,0,612.92,24786.85,35988.88,0,11202.029999999999,258.62887482419126
BAT-000873,2025-01,3,PLT-01,EMEA,FRM-09,PRD-09,Specialty,0.7928,0.7891,17.77,14.02,14.02,0,1618.63,40086.42,37105.73,0,-2980.689999999995,637.2180585256046
BAT-000874,2025-01,3,PLT-03,APAC,FRM-07,PRD-07,Catalysts,0.6447,0.8116,3.14,2.55,2.55,0,15000.0,70459.38,91661.85,0,21202.47,7439.292993630574
BAT-000875,2025-01,3,PLT-01,EMEA,FRM-10,PRD-10,Agrochem,0.8511,0.8966,67.89,60.87,60.87,0,580.04,53924.93,72342.2,0,18417.269999999997,214.25857121814704
BAT-000876,2025-01,3,PLT-04,EMEA,FRM-11,PRD-11,Polymers,0.8239,0.9572,71.17,68.12,68.12,0,733.12,72885.02,108536.9,0,35651.87999999999,290.9775129970493
BAT-000877,2025-01,3,PLT-01,EMEA,FRM-06,PRD-06,Coatings,0.8903,0.893,22.2,19.82,19.82,0,1438.65,44518.65,66417.9,0,21899.249999999993,566.6945945945947
BAT-000878,2025-01,3,PLT-06,APAC,FRM-01,PRD-01,Polymers,0.7676,0.9511,54.3,51.65,51.65,0,762.04,57060.67,85953.47,0,28892.800000000003,288.80106813996326
BAT-000879,2025-01,3,PLT-03,APAC,FRM-09,PRD-09,Specialty,0.634,0.8065,39.43,31.8,31.8,0,1618.63,89993.42,79859.91,0,-10133.509999999995,663.7291174232814
BAT-000880,2025-01,3,PLT-01,EMEA,FRM-02,PRD-02,Polymers,0.8518,0.8966,63.37,56.82,56.82,0,893.07,80075.09,114126.1,0,34051.01000000001,370.5419614959759
BAT-000881,2025-02,4,PLT-04,EMEA,FRM-05,PRD-05,Coatings,0.8356,0.8528,30.99,26.43,26.43,0,1336.18,57612.62,76914.3,0,19301.68,522.8913133268798
BAT-000882,2025-02,4,PLT-05,LATAM,FRM-10,PRD-10,Agrochem,0.8439,0.8811,32.04,28.23,28.23,0,584.78,26194.03,35315.43,0,9121.400000000001,232.7615106117354
BAT-000883,2025-02,4,PLT-02,AMER,FRM-06,PRD-06,Coatings,0.8327,0.9048,39.46,35.71,35.71,0,1450.42,81268.7,114220.85,0,32952.15000000001,609.1010339584386
BAT-000884,2025-02,4,PLT-01,EMEA,FRM-12,PRD-12,Solvents,0.8629,0.995,73.33,72.96,72.96,0,617.93,61125.61,101569.52,0,40443.91,215.6389349515888
BAT-000885,2025-02,4,PLT-06,APAC,FRM-11,PRD-11,Polymers,0.8257,0.9092,24.56,22.33,22.33,0,739.12,25523.0,35516.02,0,9993.019999999997,300.09009771986973
BAT-000886,2025-02,4,PLT-02,AMER,FRM-03,PRD-03,Solvents,0.8996,0.995,58.04,57.75,57.75,0,560.89,45402.67,73824.59,0,28421.92,221.37516195727085
BAT-000887,2025-02,4,PLT-02,AMER,FRM-11,PRD-11,Polymers,0.8087,0.9396,30.04,28.22,28.22,0,739.12,30411.46,47160.1,0,16748.64,273.2455126498003
BAT-000888,2025-02,4,PLT-06,APAC,FRM-10,PRD-10,Agrochem,0.7714,0.9031,76.81,69.36,69.36,0,584.78,61351.74,85233.7,0,23881.96,213.96677776331205
BAT-000889,2025-02,4,PLT-01,EMEA,FRM-12,PRD-12,Solvents,0.8799,0.9279,72.43,67.2,67.2,0,617.93,60266.26,95731.99,0,35465.73,214.13212895209165
BAT-000890,2025-02,4,PLT-04,EMEA,FRM-12,PRD-12,Solvents,0.855,0.9129,47.05,42.96,42.96,0,617.93,40332.38,59349.97,0,19017.590000000004,239.29380446333687
BAT-000891,2025-02,4,PLT-02,AMER,FRM-04,PRD-04,Agrochem,0.8787,0.8824,116.45,102.75,0.0,1,552.34,87144.24,0.0,0,-87144.24,196.00040360669811
BAT-000892,2025-02,4,PLT-06,APAC,FRM-08,PRD-08,Surfactants,0.8196,0.9321,33.8,31.5,31.5,0,1059.62,50665.68,74790.17,0,24124.489999999998,439.3646153846157
BAT-000893,2025-02,4,PLT-04,EMEA,FRM-07,PRD-07,Catalysts,0.8516,0.8527,3.14,2.67,2.67,0,15122.68,66350.27,99593.87,0,33243.59999999999,6007.97923566879
BAT-000894,2025-02,4,PLT-03,APAC,FRM-08,PRD-08,Surfactants,0.6463,0.9013,50.5,45.52,45.52,0,1059.62,75481.72,104453.96,0,28972.240000000005,435.0675247524755
BAT-000895,2025-02,4,PLT-06,APAC,FRM-01,PRD-01,Polymers,0.8311,0.9131,27.74,25.33,25.33,0,768.27,29650.81,43232.22,0,13581.41,300.6128406633022
BAT-000896,2025-02,4,PLT-04,EMEA,FRM-08,PRD-08,Surfactants,0.9046,0.9405,47.18,44.37,44.37,0,1059.62,68289.23,106143.69,0,37854.46000000001,387.79903348876655
BAT-000897,2025-02,4,PLT-03,APAC,FRM-01,PRD-01,Polymers,0.6154,0.8929,60.59,54.1,54.1,0,768.27,68617.31,97229.0,0,28611.690000000002,364.21572371678485
BAT-000898,2025-02,4,PLT-04,EMEA,FRM-11,PRD-11,Polymers,0.8366,0.9563,31.05,29.69,29.69,0,739.12,31943.15,49585.14,0,17641.989999999998,289.6448953301127
BAT-000899,2025-02,4,PLT-03,APAC,FRM-01,PRD-01,Polymers,0.5969,0.8914,38.59,34.4,34.4,0,768.27,44288.08,58368.4,0,14080.32,379.3869059341798
BAT-000900,2025-02,4,PLT-05,LATAM,FRM-08,PRD-08,Surfactants,0.826,0.9414,27.44,25.83,25.83,0,1059.62,41125.96,61686.88,0,20560.92,439.13947521865884
BAT-000901,2025-02,4,PLT-06,APAC,FRM-07,PRD-07,Catalysts,0.8046,0.8904,2.03,1.81,1.81,0,15122.68,42145.62,63026.02,0,20880.399999999994,5638.709162561579
BAT-000902,2025-02,4,PLT-02,AMER,FRM-12,PRD-12,Solvents,0.8296,0.9153,83.75,76.66,76.66,0,617.93,69633.31,107534.42,0,37901.11,213.51250746268659
BAT-000903,2025-02,4,PLT-06,APAC,FRM-05,PRD-05,Coatings,0.7973,0.8332,14.01,11.67,11.67,0,1336.18,26429.88,33546.22,0,7116.34,550.3210706638115
BAT-000904,2025-02,4,PLT-04,EMEA,FRM-04,PRD-04,Agrochem,0.8441,0.948,95.14,90.19,0.0,1,552.34,74591.2,0.0,0,-74591.2,231.67513558965732
BAT-000905,2025-02,4,PLT-01,EMEA,FRM-07,PRD-07,Catalysts,0.8917,0.8921,2.72,2.42,2.42,0,15122.68,54471.7,84493.42,0,30021.72,4903.680294117643
BAT-000906,2025-02,4,PLT-03,APAC,FRM-01,PRD-01,Polymers,0.6703,0.8719,39.02,34.02,34.02,0,768.27,44468.44,59832.49,0,15364.049999999996,371.36198359815467
BAT-000907,2025-02,4,PLT-06,APAC,FRM-09,PRD-09,Specialty,0.7661,0.8539,30.87,26.36,26.36,0,1631.86,70415.69,68917.69,0,-1498.0,649.179520570133
BAT-000908,2025-02,4,PLT-01,EMEA,FRM-04,PRD-04,Agrochem,0.9139,0.9157,30.91,28.3,28.3,0,552.34,22551.61,33041.61,0,10490.0,177.24945325137492
BAT-000909,2025-02,4,PLT-02,AMER,FRM-02,PRD-02,Polymers,0.8763,0.9276,47.12,43.71,43.71,0,900.37,57242.5,88361.32,0,31118.820000000007,314.4538539898134
BAT-000910,2025-02,4,PLT-01,EMEA,FRM-08,PRD-08,Surfactants,0.8396,0.8801,42.86,37.72,37.72,0,1059.62,61683.91,88382.76,0,26698.84999999999,379.5752869808682
BAT-000911,2025-02,4,PLT-02,AMER,FRM-04,PRD-04,Agrochem,0.8735,0.9252,68.13,63.03,63.03,0,552.34,51756.17,74192.74,0,22436.570000000007,207.3278408924116
BAT-000912,2025-02,4,PLT-06,APAC,FRM-07,PRD-07,Catalysts,0.7935,0.8507,3.18,2.7,2.7,0,15122.68,67716.22,95218.24,0,27502.020000000004,6171.7288050314455
BAT-000913,2025-02,4,PLT-03,APAC,FRM-08,PRD-08,Surfactants,0.6017,0.9214,44.08,40.61,40.61,0,1059.62,66897.65,90633.15,0,23735.5,458.02178765880217
BAT-000914,2025-02,4,PLT-03,APAC,FRM-12,PRD-12,Solvents,0.6056,0.8796,28.85,25.38,25.38,0,617.93,26559.64,36298.6,0,9738.96,302.68143847487
BAT-000915,2025-02,4,PLT-02,AMER,FRM-06,PRD-06,Coatings,0.8677,0.871,21.83,19.02,19.02,0,1450.42,43741.59,66661.63,0,22920.040000000008,553.317517178195
BAT-000916,2025-02,4,PLT-02,AMER,FRM-05,PRD-05,Coatings,0.8361,0.8327,33.74,28.1,28.1,0,1336.18,63258.53,82449.15,0,19190.619999999995,538.7023355068166
BAT-000917,2025-02,4,PLT-01,EMEA,FRM-01,PRD-01,Polymers,0.8419,0.9751,39.18,38.21,38.21,0,768.27,40487.0,64908.17,0,24421.17,265.08885655946915
BAT-000918,2025-02,4,PLT-05,LATAM,FRM-07,PRD-07,Catalysts,0.8519,0.9072,2.51,2.28,2.28,0,15122.68,51455.62,80814.08,0,29358.46,5377.567011952193
BAT-000919,2025-02,4,PLT-03,APAC,FRM-05,PRD-05,Coatings,0.6551,0.8304,33.07,27.46,27.46,0,1336.18,63315.52,80505.41,0,17189.890000000007,578.4108678560626
BAT-000920,2025-02,4,PLT-01,EMEA,FRM-12,PRD-12,Solvents,0.8984,0.9517,51.82,49.32,49.32,0,617.93,44757.56,70302.18,0,25544.619999999995,245.78208027788503
BAT-000921,2025-02,4,PLT-02,AMER,FRM-11,PRD-11,Polymers,0.8613,0.9614,78.47,75.45,75.45,0,739.12,81886.14,123385.06,0,41498.92,304.41434433541474
BAT-000922,2025-02,4,PLT-02,AMER,FRM-01,PRD-01,Polymers,0.826,0.9308,49.94,46.48,46.48,0,768.27,52292.36,77469.58,0,25177.22,278.83372446936323
BAT-000923,2025-02,4,PLT-05,LATAM,FRM-04,PRD-04,Agrochem,0.8284,0.8882,63.63,56.52,56.52,0,552.34,48091.06,69579.5,0,21488.440000000002,203.4522363664937
BAT-000924,2025-02,4,PLT-03,APAC,FRM-01,PRD-01,Polymers,0.6825,0.8609,22.07,19.0,19.0,0,768.27,23937.53,33696.16,0,9758.630000000005,316.34848663343905
BAT-000925,2025-02,4,PLT-06,APAC,FRM-03,PRD-03,Solvents,0.8583,0.9875,45.36,44.8,44.8,0,560.89,35795.07,57416.02,0,21620.949999999997,228.24293650793652
BAT-000926,2025-02,4,PLT-04,EMEA,FRM-01,PRD-01,Polymers,0.9176,0.9683,30.23,29.27,29.27,0,768.27,30811.61,52459.61,0,21648.0,250.9694971882236
BAT-000927,2025-02,4,PLT-02,AMER,FRM-01,PRD-01,Polymers,0.7679,0.935,37.0,34.6,34.6,0,768.27,39985.18,63083.41,0,23098.230000000003,312.4105405405405
BAT-000928,2025-02,4,PLT-04,EMEA,FRM-08,PRD-08,Surfactants,0.8725,0.9329,43.66,40.73,40.73,0,1059.62,63607.16,93322.92,0,29715.759999999995,397.2549427393499
BAT-000929,2025-02,4,PLT-05,LATAM,FRM-09,PRD-09,Specialty,0.8128,0.8756,36.88,32.29,32.29,0,1631.86,82995.77,81185.61,0,-1810.1600000000035,618.5676030368766
BAT-000930,2025-02,4,PLT-06,APAC,FRM-09,PRD-09,Specialty,0.7477,0.8096,40.35,32.67,0.0,1,1631.86,92181.66,0.0,0,-92181.66,652.6916728624535
BAT-000931,2025-02,4,PLT-03,APAC,FRM-07,PRD-07,Catalysts,0.6379,0.8316,1.21,1.0,1.0,0,15122.68,26568.7,35296.84,0,8728.139999999996,6834.923305785123
BAT-000932,2025-02,4,PLT-03,APAC,FRM-04,PRD-04,Agrochem,0.6396,0.8665,82.98,71.9,0.0,1,552.34,68642.32,0.0,0,-68642.32,274.87523258616534
BAT-000933,2025-02,4,PLT-05,LATAM,FRM-07,PRD-07,Catalysts,0.7981,0.8953,1.74,1.56,0.0,1,15122.68,35948.48,0.0,0,-35948.48,5537.365977011497
BAT-000934,2025-02,4,PLT-03,APAC,FRM-02,PRD-02,Polymers,0.6768,0.9118,58.81,53.62,0.0,1,900.37,74281.55,0.0,0,-74281.55,362.7068576772657
BAT-000935,2025-02,4,PLT-02,AMER,FRM-12,PRD-12,Solvents,0.7722,0.9533,43.53,41.49,41.49,0,617.93,38616.15,58542.02,0,19925.869999999995,269.18578221915925
BAT-000936,2025-02,4,PLT-02,AMER,FRM-09,PRD-09,Specialty,0.8159,0.8277,50.03,41.41,41.41,0,1631.86,107388.31,103274.0,0,-4114.309999999998,514.6183130121929
BAT-000937,2025-02,4,PLT-03,APAC,FRM-05,PRD-05,Coatings,0.5771,0.8014,19.45,15.59,15.59,0,1336.18,37486.0,45291.5,0,7805.5,591.1207712082262
BAT-000938,2025-02,4,PLT-01,EMEA,FRM-09,PRD-09,Specialty,0.8517,0.8012,43.36,34.74,34.74,0,1631.86,97018.94,92633.21,0,-4385.729999999996,605.6616789667899
BAT-000939,2025-02,4,PLT-02,AMER,FRM-09,PRD-09,Specialty,0.8317,0.8458,20.8,17.59,17.59,0,1631.86,46650.93,47036.5,0,385.5699999999997,610.9731730769233
BAT-000940,2025-02,4,PLT-05,LATAM,FRM-05,PRD-05,Coatings,0.7776,0.9015,26.64,24.02,0.0,1,1336.18,49586.25,0.0,0,-49586.25,525.1657207207206
BAT-000941,2025-02,4,PLT-03,APAC,FRM-08,PRD-08,Surfactants,0.6581,0.9058,25.93,23.49,23.49,0,1059.62,40608.91,51950.32,0,11341.409999999996,506.4775703817975
BAT-000942,2025-02,4,PLT-05,LATAM,FRM-08,PRD-08,Surfactants,0.8563,0.9052,33.12,29.98,29.98,0,1059.62,48247.41,69792.01,0,21544.59999999999,397.1254710144931
BAT-000943,2025-02,4,PLT-04,EMEA,FRM-06,PRD-06,Coatings,0.8156,0.9139,30.82,28.17,28.17,0,1450.42,62159.6,98941.35,0,36781.75000000001,566.4391823491237
BAT-000944,2025-02,4,PLT-01,EMEA,FRM-07,PRD-07,Catalysts,0.9207,0.8736,2.72,2.37,2.37,0,15122.68,55059.17,86741.75,0,31682.58,5119.661911764702
BAT-000945,2025-02,4,PLT-04,EMEA,FRM-04,PRD-04,Agrochem,0.894,0.9116,52.69,48.04,48.04,0,552.34,40445.75,54406.09,0,13960.339999999997,215.27719491364587
BAT-000946,2025-02,4,PLT-03,APAC,FRM-11,PRD-11,Polymers,0.5897,0.931,37.4,34.82,0.0,1,739.12,40502.74,0.0,0,-40502.74,343.84096256684495
BAT-000947,2025-02,4,PLT-01,EMEA,FRM-09,PRD-09,Specialty,0.9057,0.7901,19.5,15.41,15.41,0,1631.86,42051.65,40102.18,0,-1949.4700000000012,524.634871794872
BAT-000948,2025-02,4,PLT-06,APAC,FRM-10,PRD-10,Agrochem,0.8524,0.9615,45.25,43.51,43.51,0,584.78,36000.34,55377.45,0,19377.11,210.80762430939217
BAT-000949,2025-02,4,PLT-02,AMER,FRM-12,PRD-12,Solvents,0.7827,0.9466,56.79,53.76,53.76,0,617.93,48789.13,75749.19,0,26960.060000000005,241.1848089452369
BAT-000950,2025-02,4,PLT-05,LATAM,FRM-04,PRD-04,Agrochem,0.7673,0.9118,60.93,55.56,55.56,0,552.34,47219.33,63652.55,0,16433.22,222.63669456753655
BAT-000951,2025-02,4,PLT-02,AMER,FRM-04,PRD-04,Agrochem,0.8751,0.8779,72.08,63.28,63.28,0,552.34,55505.66,76866.57,0,21360.910000000003,217.7163263041066
BAT-000952,2025-02,4,PLT-05,LATAM,FRM-07,PRD-07,Catalysts,0.7567,0.8906,1.06,0.95,0.95,0,15122.68,22977.83,34685.27,0,11707.439999999995,6554.518113207549
BAT-000953,2025-02,4,PLT-05,LATAM,FRM-05,PRD-05,Coatings,0.7558,0.8815,10.86,9.57,9.57,0,1336.18,20184.19,29331.34,0,9147.150000000001,522.4010313075505
BAT-000954,2025-02,4,PLT-06,APAC,FRM-02,PRD-02,Polymers,0.852,0.9201,54.01,49.69,49.69,0,900.37,68006.21,98353.99,0,30347.78,358.7710849842623
BAT-000955,2025-02,4,PLT-02,AMER,FRM-10,PRD-10,Agrochem,0.8529,0.932,45.46,42.36,42.36,0,584.78,36001.08,52930.13,0,16929.049999999996,207.14872855257374
BAT-000956,2025-02,4,PLT-01,EMEA,FRM-06,PRD-06,Coatings,0.889,0.948,19.33,18.33,18.33,0,1450.42,38005.29,63939.67,0,25934.379999999997,515.7098499741337
BAT-000957,2025-02,4,PLT-02,AMER,FRM-06,PRD-06,Coatings,0.8146,0.8966,24.67,22.12,22.12,0,1450.42,50501.47,70847.65,0,20346.179999999993,596.6602594244018
BAT-000958,2025-02,4,PLT-01,EMEA,FRM-10,PRD-10,Agrochem,0.8555,0.9264,57.61,53.37,53.37,0,584.78,46598.54,68324.56,0,21726.019999999997,224.08200312445763
BAT-000959,2025-02,4,PLT-05,LATAM,FRM-06,PRD-06,Coatings,0.8008,0.9222,17.12,15.79,15.79,0,1450.42,33723.92,51439.39,0,17715.47,519.4351401869155
BAT-000960,2025-02,4,PLT-02,AMER,FRM-01,PRD-01,Polymers,0.888,0.9661,33.37,32.24,32.24,0,768.27,34030.46,57048.72,0,23018.260000000002,251.52202876835486
BAT-000961,2025-02,4,PLT-01,EMEA,FRM-07,PRD-07,Catalysts,0.8516,0.8843,1.78,1.57,1.57,0,15122.68,35910.41,58475.23,0,22564.82,5051.70764044944
BAT-000962,2025-02,4,PLT-04,EMEA,FRM-10,PRD-10,Agrochem,0.908,0.9511,33.18,31.55,31.55,0,584.78,26311.2,39798.46,0,13487.259999999998,208.20372513562393
BAT-000963,2025-02,4,PLT-03,APAC,FRM-03,PRD-03,Solvents,0.6685,0.9033,71.79,64.85,64.85,0,560.89,57852.79,86892.23,0,29039.439999999995,244.97140130937453
BAT-000964,2025-02,4,PLT-03,APAC,FRM-09,PRD-09,Specialty,0.6459,0.7795,18.41,14.35,14.35,0,1631.86,42078.4,36561.47,0,-5516.93,653.7673764258559
BAT-000965,2025-02,4,PLT-01,EMEA,FRM-07,PRD-07,Catalysts,0.8644,0.8297,2.86,2.38,2.38,0,15122.68,58968.75,84331.78,0,25363.03,5495.764055944055
BAT-000966,2025-02,4,PLT-04,EMEA,FRM-12,PRD-12,Solvents,0.8819,0.9679,45.57,44.1,44.1,0,617.93,38976.76,62815.12,0,23838.36,237.38621680930441
BAT-000967,2025-02,4,PLT-03,APAC,FRM-03,PRD-03,Solvents,0.6752,0.9258,52.27,48.4,0.0,1,560.89,42584.01,0.0,0,-42584.01,253.803131815573
BAT-000968,2025-02,4,PLT-04,EMEA,FRM-07,PRD-07,Catalysts,0.848,0.8602,1.29,1.11,1.11,0,15122.68,26342.63,40226.27,0,13883.639999999996,5297.963410852713
BAT-000969,2025-02,4,PLT-03,APAC,FRM-03,PRD-03,Solvents,0.643,0.92,63.04,58.0,58.0,0,560.89,52832.99,77693.65,0,24860.659999999996,277.19677030456853
BAT-000970,2025-02,4,PLT-03,APAC,FRM-11,PRD-11,Polymers,0.663,0.9275,22.82,21.16,21.16,0,739.12,24266.79,34980.9,0,10714.11,324.28008764241906
BAT-000971,2025-02,4,PLT-05,LATAM,FRM-04,PRD-04,Agrochem,0.8089,0.8988,66.52,59.78,59.78,0,552.34,52655.83,68506.38,0,15850.550000000003,239.23892363199047
BAT-000972,2025-02,4,PLT-01,EMEA,FRM-12,PRD-12,Solvents,0.8564,0.9371,41.38,38.78,0.0,1,617.93,34260.89,0.0,0,-34260.89,210.0277090381827
BAT-000973,2025-02,4,PLT-02,AMER,FRM-08,PRD-08,Surfactants,0.8229,0.901,31.16,28.07,28.07,0,1059.62,45561.54,64822.83,0,19261.29,402.5603594351735
BAT-000974,2025-02,4,PLT-03,APAC,FRM-08,PRD-08,Surfactants,0.6589,0.9259,34.74,32.17,32.17,0,1059.62,52358.07,72070.7,0,19712.629999999997,447.52075993091535
BAT-000975,2025-02,4,PLT-06,APAC,FRM-03,PRD-03,Solvents,0.8433,0.9003,58.2,52.4,52.4,0,560.89,46210.33,69950.9,0,23740.569999999992,233.10192439862544
BAT-000976,2025-02,4,PLT-05,LATAM,FRM-08,PRD-08,Surfactants,0.8054,0.99,20.59,20.38,20.38,0,1059.62,29657.32,47222.25,0,17564.93,380.75493929091795
BAT-000977,2025-02,4,PLT-06,APAC,FRM-11,PRD-11,Polymers,0.8149,0.9101,56.99,51.87,51.87,0,739.12,59918.31,88170.93,0,28252.619999999995,312.262874188454
BAT-000978,2025-02,4,PLT-04,EMEA,FRM-10,PRD-10,Agrochem,0.8644,0.849,42.95,36.47,0.0,1,584.78,35029.25,0.0,0,-35029.25,230.80207217694988
BAT-000979,2025-02,4,PLT-04,EMEA,FRM-05,PRD-05,Coatings,0.8595,0.881,26.32,23.19,23.19,0,1336.18,47962.97,67475.26,0,19512.289999999994,486.12129179331305
BAT-000980,2025-02,4,PLT-04,EMEA,FRM-04,PRD-04,Agrochem,0.9203,0.8928,42.13,37.61,37.61,0,552.34,31656.06,43706.74,0,12050.679999999997,199.0499833847614
BAT-000981,2025-02,4,PLT-03,APAC,FRM-05,PRD-05,Coatings,0.6228,0.8651,31.69,27.42,27.42,0,1336.18,61248.96,77806.02,0,16557.060000000005,596.5735500157778
BAT-000982,2025-02,4,PLT-02,AMER,FRM-10,PRD-10,Agrochem,0.802,0.9247,79.01,73.06,73.06,0,584.78,64454.78,92816.07,0,28361.290000000008,231.0000278445766
BAT-000983,2025-02,4,PLT-01,EMEA,FRM-10,PRD-10,Agrochem,0.8676,0.8682,49.7,43.15,43.15,0,584.78,40436.23,52369.7,0,11933.469999999994,228.82623742454734
BAT-000984,2025-02,4,PLT-06,APAC,FRM-03,PRD-03,Solvents,0.8266,0.9821,41.53,40.78,40.78,0,560.89,32465.34,52295.54,0,19830.2,220.8422417529497
BAT-000985,2025-02,4,PLT-05,LATAM,FRM-08,PRD-08,Surfactants,0.7572,0.8731,31.21,27.25,27.25,0,1059.62,46546.94,62624.68,0,16077.739999999998,431.79108619032377
BAT-000986,2025-02,4,PLT-03,APAC,FRM-11,PRD-11,Polymers,0.5865,0.9461,33.16,31.37,0.0,1,739.12,35970.58,0.0,0,-35970.58,345.6381423401691
BAT-000987,2025-02,4,PLT-02,AMER,FRM-04,PRD-04,Agrochem,0.8607,0.8761,62.97,55.17,55.17,0,552.34,47658.09,67172.77,0,19514.680000000008,204.49801810385895
BAT-000988,2025-02,4,PLT-01,EMEA,FRM-09,PRD-09,Specialty,0.9226,0.8364,37.51,31.37,31.37,0,1631.86,79351.12,80387.98,0,1036.8600000000006,483.6057424686753
BAT-000989,2025-02,4,PLT-03,APAC,FRM-04,PRD-04,Agrochem,0.7031,0.8724,79.13,69.03,69.03,0,552.34,61070.88,83126.19,0,22055.310000000005,219.43909768734989
BAT-000990,2025-02,4,PLT-06,APAC,FRM-02,PRD-02,Polymers,0.8686,0.9091,39.97,36.34,36.34,0,900.37,50545.11,74272.14,0,23727.03,364.2061821366025
BAT-000991,2025-02,4,PLT-03,APAC,FRM-02,PRD-02,Polymers,0.6693,0.8302,48.04,39.88,39.88,0,900.37,60718.76,77076.67,0,16357.909999999996,363.55089925062464
BAT-000992,2025-02,4,PLT-01,EMEA,FRM-09,PRD-09,Specialty,0.797,0.7549,28.34,21.4,21.4,0,1631.86,62070.21,56064.9,0,-6005.309999999998,558.337953422724
BAT-000993,2025-02,4,PLT-01,EMEA,FRM-08,PRD-08,Surfactants,0.8503,0.9759,51.83,50.59,50.59,0,1059.62,74833.47,116224.37,0,41390.899999999994,384.2053907003667
BAT-000994,2025-02,4,PLT-03,APAC,FRM-05,PRD-05,Coatings,0.6036,0.8357,11.99,10.02,10.02,0,1336.18,22971.94,29885.7,0,6913.760000000002,579.7449374478731
BAT-000995,2025-02,4,PLT-02,AMER,FRM-12,PRD-12,Solvents,0.7888,0.9235,68.6,63.35,63.35,0,617.93,58459.09,88603.35,0,30144.26000000001,234.24332361516042
BAT-000996,2025-02,4,PLT-06,APAC,FRM-01,PRD-01,Polymers,0.8339,0.9249,48.75,45.08,45.08,0,768.27,52033.61,79267.97,0,27234.36,299.0861025641027
BAT-000997,2025-02,4,PLT-04,EMEA,FRM-03,PRD-03,Solvents,0.8982,0.9709,73.89,71.74,71.74,0,560.89,55178.53,93555.68,0,38377.149999999994,185.87586818243335
BAT-000998,2025-02,4,PLT-04,EMEA,FRM-09,PRD-09,Specialty,0.8161,0.8205,51.65,42.38,42.38,0,1631.86,115508.46,114502.13,0,-1006.3300000000017,604.5090222652473
BAT-000999,2025-02,4,PLT-06,APAC,FRM-08,PRD-08,Surfactants,0.8746,0.9168,48.68,44.63,44.63,0,1059.62,69607.22,103041.44,0,33434.22,370.27359079704206
BAT-001000,2025-02,4,PLT-04,EMEA,FRM-11,PRD-11,Polymers,0.8962,0.9344,82.67,77.25,77.25,0,739.12,85183.72,125206.42,0,40022.7,291.286677150115
BAT-001001,2025-02,4,PLT-03,APAC,FRM-02,PRD-02,Polymers,0.646,0.8801,54.11,47.62,47.62,0,900.37,72780.43,96812.63,0,24032.20000000001,444.6758325632969
BAT-001002,2025-02,4,PLT-03,APAC,FRM-07,PRD-07,Catalysts,0.6006,0.827,1.94,1.61,1.61,0,15122.68,42096.91,56235.91,0,14139.0,6576.758144329899
BAT-001003,2025-02,4,PLT-06,APAC,FRM-03,PRD-03,Solvents,0.8141,0.9523,35.28,33.59,33.59,0,560.89,28181.51,44294.94,0,16113.430000000004,237.90563492063484
BAT-001004,2025-02,4,PLT-05,LATAM,FRM-02,PRD-02,Polymers,0.8133,0.9459,15.96,15.1,15.1,0,900.37,19903.81,31045.28,0,11141.469999999998,346.7358897243108
BAT-001005,2025-02,4,PLT-03,APAC,FRM-12,PRD-12,Solvents,0.6834,0.9133,80.57,73.58,0.0,1,617.93,71300.8,0.0,0,-71300.8,267.0246977783296
BAT-001006,2025-02,4,PLT-01,EMEA,FRM-12,PRD-12,Solvents,0.8524,0.8887,46.06,40.93,40.93,0,617.93,38664.02,60226.01,0,21561.990000000005,221.49726877985233
BAT-001007,2025-02,4,PLT-06,APAC,FRM-12,PRD-12,Solvents,0.8092,0.9524,38.52,36.68,36.68,0,617.93,32286.52,51601.96,0,19315.44,220.24549325025964
BAT-001008,2025-02,4,PLT-05,LATAM,FRM-11,PRD-11,Polymers,0.8257,0.9391,48.57,45.61,45.61,0,739.12,49126.94,73167.29,0,24040.34999999999,272.34674902203005
BAT-001009,2025-02,4,PLT-02,AMER,FRM-10,PRD-10,Agrochem,0.8664,0.8996,107.62,96.82,96.82,0,584.78,85730.0,121934.57,0,36204.57000000001,211.81914514030848
BAT-001010,2025-02,4,PLT-04,EMEA,FRM-09,PRD-09,Specialty,0.9312,0.8392,42.77,35.89,35.89,0,1631.86,91891.35,97264.63,0,5373.279999999999,516.6401169043722
BAT-001011,2025-02,4,PLT-04,EMEA,FRM-06,PRD-06,Coatings,0.8849,0.8945,30.99,27.72,27.72,0,1450.42,61944.59,95587.26,0,33642.67,548.4373733462407
BAT-001012,2025-02,4,PLT-06,APAC,FRM-03,PRD-03,Solvents,0.8686,0.995,70.33,69.98,69.98,0,560.89,55147.15,90910.52,0,35763.37,223.2298635006399
BAT-001013,2025-02,4,PLT-04,EMEA,FRM-10,PRD-10,Agrochem,0.9432,0.9243,84.17,77.81,77.81,0,584.78,65976.74,99349.46,0,33372.72,199.07101580135452
BAT-001014,2025-02,4,PLT-01,EMEA,FRM-03,PRD-03,Solvents,0.8737,0.9554,83.66,79.93,79.93,0,560.89,65774.75,102679.14,0,36904.39,225.3250370547454
BAT-001015,2025-02,4,PLT-04,EMEA,FRM-11,PRD-11,Polymers,0.9074,0.9018,26.64,24.02,24.02,0,739.12,26240.51,37606.0,0,11365.490000000002,245.88412912912906
BAT-001016,2025-02,4,PLT-01,EMEA,FRM-03,PRD-03,Solvents,0.8878,0.9631,39.01,37.57,37.57,0,560.89,30338.64,51461.14,0,21122.5,216.82443219687264
BAT-001017,2025-02,4,PLT-03,APAC,FRM-05,PRD-05,Coatings,0.5957,0.8658,21.93,18.99,0.0,1,1336.18,43609.71,0.0,0,-43609.71,652.4068673050615
BAT-001018,2025-02,4,PLT-04,EMEA,FRM-02,PRD-02,Polymers,0.8708,0.9193,48.04,44.16,44.16,0,900.37,59406.82,90819.93,0,31413.109999999993,336.2415736885929
BAT-001019,2025-02,4,PLT-06,APAC,FRM-01,PRD-01,Polymers,0.8389,0.9556,34.56,33.03,33.03,0,768.27,36645.24,55644.33,0,18999.090000000004,292.06680555555545
BAT-001020,2025-02,4,PLT-01,EMEA,FRM-04,PRD-04,Agrochem,0.8476,0.9034,37.28,33.68,33.68,0,552.34,27830.77,38729.26,0,10898.490000000002,194.19353004291838
BAT-001021,2025-02,4,PLT-03,APAC,FRM-11,PRD-11,Polymers,0.6739,0.9217,65.89,60.73,60.73,0,739.12,70226.52,97269.07,0,27042.550000000003,326.6945393838215
BAT-001022,2025-02,4,PLT-01,EMEA,FRM-04,PRD-04,Agrochem,0.8702,0.8733,71.01,62.02,62.02,0,552.34,54275.65,71332.07,0,17056.420000000006,211.99812139135327
BAT-001023,2025-02,4,PLT-04,EMEA,FRM-09,PRD-09,Specialty,0.9265,0.7833,45.24,35.44,35.44,0,1631.86,94146.47,87431.71,0,-6714.759999999995,449.1848717948717
BAT-001024,2025-02,4,PLT-04,EMEA,FRM-12,PRD-12,Solvents,0.8541,0.9927,38.75,38.47,38.47,0,617.93,33252.1,54325.28,0,21073.18,240.1887096774194
BAT-001025,2025-02,4,PLT-04,EMEA,FRM-10,PRD-10,Agrochem,0.8251,0.9481,89.42,84.78,84.78,0,584.78,74141.12,108104.25,0,33963.130000000005,244.35352717512853
BAT-001026,2025-02,4,PLT-04,EMEA,FRM-07,PRD-07,Catalysts,0.9533,0.8589,2.91,2.5,2.5,0,15122.68,60679.62,86563.84,0,25884.219999999994,5729.423092783505
BAT-001027,2025-02,4,PLT-04,EMEA,FRM-02,PRD-02,Polymers,0.8814,0.9015,45.82,41.31,41.31,0,900.37,56171.91,85514.36,0,29342.449999999997,325.5555783500655
BAT-001028,2025-02,4,PLT-02,AMER,FRM-06,PRD-06,Coatings,0.8321,0.8967,23.31,20.91,20.91,0,1450.42,46352.85,67293.26,0,20940.409999999996,538.1192535392536
BAT-001029,2025-02,4,PLT-01,EMEA,FRM-12,PRD-12,Solvents,0.8335,0.9626,57.47,55.32,55.32,0,617.93,47919.39,82389.86,0,34470.47,215.88572994605886
BAT-001030,2025-02,4,PLT-04,EMEA,FRM-03,PRD-03,Solvents,0.8339,0.9579,102.11,97.82,97.82,0,560.89,79868.11,131966.34,0,52098.229999999996,221.28716188424255
BAT-001031,2025-02,4,PLT-04,EMEA,FRM-06,PRD-06,Coatings,0.8741,0.8945,25.49,22.8,0.0,1,1450.42,51902.4,0.0,0,-51902.4,585.7667398979993
BAT-001032,2025-02,4,PLT-03,APAC,FRM-07,PRD-07,Catalysts,0.6364,0.7546,1.87,1.41,1.41,0,15122.68,41564.89,50010.47,0,8445.580000000002,7104.533903743315
BAT-001033,2025-02,4,PLT-02,AMER,FRM-05,PRD-05,Coatings,0.8476,0.9289,24.33,22.6,22.6,0,1336.18,45014.83,68678.74,0,23663.910000000003,513.9979695848747
BAT-001034,2025-02,4,PLT-04,EMEA,FRM-03,PRD-03,Solvents,0.8866,0.9504,105.25,100.03,100.03,0,560.89,82406.09,132319.66,0,49913.57000000001,222.06572446555822
BAT-001035,2025-02,4,PLT-06,APAC,FRM-08,PRD-08,Surfactants,0.8299,0.9628,42.2,40.63,40.63,0,1059.62,63319.55,89105.03,0,25785.479999999996,440.84327014218024
BAT-001036,2025-02,4,PLT-05,LATAM,FRM-11,PRD-11,Polymers,0.8158,0.9837,48.61,47.82,47.82,0,739.12,51334.34,81637.56,0,30303.22,316.92484673935394
BAT-001037,2025-02,4,PLT-05,LATAM,FRM-09,PRD-09,Specialty,0.8007,0.7959,13.12,10.44,10.44,0,1631.86,29757.28,28316.75,0,-1440.5299999999988,636.2253658536586
BAT-001038,2025-02,4,PLT-02,AMER,FRM-08,PRD-08,Surfactants,0.8565,0.937,55.03,51.56,51.56,0,1059.62,82470.84,122189.96,0,39719.12000000001,439.0323714337635
BAT-001039,2025-02,4,PLT-04,EMEA,FRM-07,PRD-07,Catalysts,0.845,0.8762,3.48,3.05,3.05,0,15122.68,72857.64,113368.92,0,40511.28,5813.423448275862
BAT-001040,2025-02,4,PLT-01,EMEA,FRM-06,PRD-06,Coatings,0.8047,0.9056,13.28,12.03,12.03,0,1450.42,27255.46,40130.97,0,12875.510000000002,601.9489759036146
BAT-001041,2025-02,4,PLT-03,APAC,FRM-07,PRD-07,Catalysts,0.609,0.8178,1.26,1.03,1.03,0,15122.68,28417.56,38882.05,0,10464.490000000002,7430.939047619049
BAT-001042,2025-02,4,PLT-02,AMER,FRM-11,PRD-11,Polymers,0.832,0.9051,87.4,79.1,0.0,1,739.12,88966.05,0.0,0,-88966.05,278.79819221967955
BAT-001043,2025-02,4,PLT-03,APAC,FRM-10,PRD-10,Agrochem,0.6243,0.9048,62.84,56.86,0.0,1,584.78,52256.69,0.0,0,-52256.69,246.8032272437938
BAT-001044,2025-02,4,PLT-06,APAC,FRM-11,PRD-11,Polymers,0.8189,0.9666,56.81,54.92,54.92,0,739.12,57280.63,88149.89,0,30869.260000000002,269.1642809364547
BAT-001045,2025-02,4,PLT-05,LATAM,FRM-03,PRD-03,Solvents,0.792,0.9489,68.48,64.98,64.98,0,560.89,52306.99,81429.17,0,29122.18,202.93870911214947
BAT-001046,2025-02,4,PLT-03,APAC,FRM-04,PRD-04,Agrochem,0.6657,0.8461,72.58,61.41,61.41,0,552.34,59233.58,75568.41,0,16334.830000000002,263.7743565720584
BAT-001047,2025-02,4,PLT-06,APAC,FRM-10,PRD-10,Agrochem,0.9025,0.9363,49.15,46.02,46.02,0,584.78,38230.68,54049.97,0,15819.29,193.05682604272636
BAT-001048,2025-02,4,PLT-02,AMER,FRM-04,PRD-04,Agrochem,0.8718,0.8915,92.19,82.19,82.19,0,552.34,71830.27,95850.73,0,24020.459999999992,226.81468055103596
BAT-001049,2025-02,4,PLT-04,EMEA,FRM-01,PRD-01,Polymers,0.8778,0.9462,68.49,64.8,64.8,0,768.27,74068.25,116425.06,0,42356.81,313.17619652504027
BAT-001050,2025-02,4,PLT-03,APAC,FRM-11,PRD-11,Polymers,0.6368,0.8783,51.86,45.55,0.0,1,739.12,54198.05,0.0,0,-54198.05,305.9638796760511
BAT-001051,2025-02,4,PLT-05,LATAM,FRM-12,PRD-12,Solvents,0.7975,0.9571,44.98,43.06,43.06,0,617.93,39177.42,58289.87,0,19112.450000000004,253.066442863495
BAT-001052,2025-02,4,PLT-04,EMEA,FRM-01,PRD-01,Polymers,0.8728,0.9447,54.49,51.47,51.47,0,768.27,56337.01,93397.39,0,37060.38,265.62631124977065
BAT-001053,2025-02,4,PLT-05,LATAM,FRM-05,PRD-05,Coatings,0.8032,0.854,25.79,22.03,22.03,0,1336.18,49467.7,66890.26,0,17422.559999999998,581.9161613028305
BAT-001054,2025-02,4,PLT-06,APAC,FRM-07,PRD-07,Catalysts,0.8322,0.9159,2.24,2.05,2.05,0,15122.68,45510.52,72201.28,0,26690.760000000002,5194.516428571424
BAT-001055,2025-02,4,PLT-04,EMEA,FRM-01,PRD-01,Polymers,0.92,0.9151,49.52,45.32,45.32,0,768.27,52175.7,80502.55,0,28326.850000000006,285.3588368336025
BAT-001056,2025-02,4,PLT-05,LATAM,FRM-07,PRD-07,Catalysts,0.7375,0.8345,1.37,1.14,1.14,0,15122.68,29445.85,41954.65,0,12508.800000000003,6370.641167883208
BAT-001057,2025-02,4,PLT-05,LATAM,FRM-01,PRD-01,Polymers,0.8401,0.9595,51.45,49.37,49.37,0,768.27,54781.89,82147.69,0,27365.800000000003,296.48976676384837
BAT-001058,2025-02,4,PLT-06,APAC,FRM-10,PRD-10,Agrochem,0.8653,0.9347,81.64,76.31,76.31,0,584.78,64665.68,95844.73,0,31179.049999999996,207.3032925036747
BAT-001059,2025-02,4,PLT-03,APAC,FRM-01,PRD-01,Polymers,0.6434,0.8861,30.42,26.96,26.96,0,768.27,34712.8,45705.09,0,10992.289999999994,372.8476857330704
BAT-001060,2025-02,4,PLT-04,EMEA,FRM-12,PRD-12,Solvents,0.9157,0.9014,72.76,65.59,65.59,0,617.93,62437.49,88950.41,0,26512.920000000006,240.19932930181415
BAT-001061,2025-02,4,PLT-02,AMER,FRM-11,PRD-11,Polymers,0.8494,0.9106,93.47,85.11,85.11,0,739.12,96080.37,138561.99,0,42481.619999999995,288.80735637102805
BAT-001062,2025-02,4,PLT-06,APAC,FRM-10,PRD-10,Agrochem,0.8799,0.9507,85.14,80.94,80.94,0,584.78,69444.19,96700.24,0,27256.050000000003,230.8670519144938
BAT-001063,2025-02,4,PLT-05,LATAM,FRM-09,PRD-09,Specialty,0.756,0.7845,31.35,24.59,24.59,0,1631.86,68006.32,61507.56,0,-6498.760000000009,537.4006060606064
BAT-001064,2025-02,4,PLT-01,EMEA,FRM-01,PRD-01,Polymers,0.8462,0.9826,51.53,50.63,50.63,0,768.27,54698.8,90831.83,0,36133.03,293.22427517950723
BAT-001065,2025-02,4,PLT-02,AMER,FRM-07,PRD-07,Catalysts,0.8086,0.9014,3.93,3.54,3.54,0,15122.68,83444.39,125537.46,0,42093.07000000001,6109.989211195927
BAT-001066,2025-02,4,PLT-06,APAC,FRM-03,PRD-03,Solvents,0.8948,0.9361,88.44,82.79,82.79,0,560.89,68284.67,112982.47,0,44697.8,211.21165083672543
BAT-001067,2025-02,4,PLT-05,LATAM,FRM-04,PRD-04,Agrochem,0.8116,0.9013,37.18,33.51,33.51,0,552.34,28382.07,37981.21,0,9599.14,211.02928456159225
BAT-001068,2025-02,4,PLT-05,LATAM,FRM-05,PRD-05,Coatings,0.8064,0.9001,19.87,17.88,17.88,0,1336.18,37254.3,52301.02,0,15046.719999999994,538.7218621036739
BAT-001069,2025-02,4,PLT-05,LATAM,FRM-08,PRD-08,Surfactants,0.7337,0.9451,38.83,36.7,36.7,0,1059.62,57616.98,83720.4,0,26103.41999999999,424.206422868916
BAT-001070,2025-02,4,PLT-02,AMER,FRM-08,PRD-08,Surfactants,0.8036,0.9687,56.59,54.82,54.82,0,1059.62,83406.16,129651.02,0,46244.86,414.24746775048607
BAT-001071,2025-02,4,PLT-06,APAC,FRM-03,PRD-03,Solvents,0.8614,0.9395,85.27,80.12,80.12,0,560.89,64142.96,108664.49,0,44521.530000000006,191.3436108830773
BAT-001072,2025-02,4,PLT-04,EMEA,FRM-03,PRD-03,Solvents,0.8772,0.9264,36.82,34.11,34.11,0,560.89,27954.87,45033.42,0,17078.55,198.34058120586633
BAT-001073,2025-02,4,PLT-05,LATAM,FRM-09,PRD-09,Specialty,0.7532,0.7952,28.4,22.58,22.58,0,1631.86,63202.93,60499.1,0,-2703.8300000000017,593.5952816901411
BAT-001074,2025-02,4,PLT-03,APAC,FRM-02,PRD-02,Polymers,0.613,0.9206,40.69,37.46,37.46,0,900.37,54804.97,75835.29,0,21030.319999999992,446.52039075940036
BAT-001075,2025-02,4,PLT-03,APAC,FRM-10,PRD-10,Agrochem,0.6256,0.8789,27.18,23.89,23.89,0,584.78,23148.88,28361.81,0,5212.93,266.9080058866815
BAT-001076,2025-02,4,PLT-01,EMEA,FRM-01,PRD-01,Polymers,0.8954,0.9621,49.59,47.71,47.71,0,768.27,52978.75,79629.16,0,26650.410000000003,300.06534986892507
BAT-001077,2025-02,4,PLT-01,EMEA,FRM-06,PRD-06,Coatings,0.855,0.8911,11.86,10.57,10.57,0,1450.42,23792.19,36425.84,0,12633.649999999998,555.6668465430016
BAT-001078,2025-02,4,PLT-01,EMEA,FRM-06,PRD-06,Coatings,0.8895,0.9005,13.83,12.45,12.45,0,1450.42,27885.6,41009.91,0,13124.310000000005,565.8923644251624
BAT-001079,2025-02,4,PLT-06,APAC,FRM-03,PRD-03,Solvents,0.8092,0.9595,66.62,63.93,63.93,0,560.89,50595.1,86258.75,0,35663.65,198.56812068447903
BAT-001080,2025-02,4,PLT-04,EMEA,FRM-10,PRD-10,Agrochem,0.9087,0.895,41.46,37.11,37.11,0,584.78,32448.32,45639.49,0,13191.169999999998,197.86158224794985
BAT-001081,2025-02,4,PLT-01,EMEA,FRM-12,PRD-12,Solvents,0.8582,0.9596,66.35,63.66,63.66,0,617.93,56456.18,95101.68,0,38645.49999999999,232.95440090429554
BAT-001082,2025-02,4,PLT-02,AMER,FRM-03,PRD-03,Solvents,0.857,0.9241,98.85,91.34,91.34,0,560.89,77844.99,117023.44,0,39178.45,226.6162215477998
BAT-001083,2025-02,4,PLT-03,APAC,FRM-09,PRD-09,Specialty,0.6719,0.778,24.41,18.99,18.99,0,1631.86,55422.27,47755.58,0,-7666.689999999995,638.6139860712822
BAT-001084,2025-02,4,PLT-05,LATAM,FRM-08,PRD-08,Surfactants,0.7903,0.995,17.63,17.54,17.54,0,1059.62,26530.03,40586.37,0,14056.340000000004,445.2030289279637
BAT-001085,2025-02,4,PLT-05,LATAM,FRM-06,PRD-06,Coatings,0.7804,0.9508,16.99,16.15,16.15,0,1450.42,35230.54,55746.3,0,20515.760000000002,623.1844732195409
BAT-001086,2025-02,4,PLT-04,EMEA,FRM-02,PRD-02,Polymers,0.8986,0.9385,31.59,29.64,0.0,1,900.37,39694.77,0.0,0,-39694.77,356.19125356125335
BAT-001087,2025-02,4,PLT-01,EMEA,FRM-01,PRD-01,Polymers,0.8149,0.926,41.53,38.45,0.0,1,768.27,43601.89,0.0,0,-43601.89,281.61899590657345
BAT-001088,2025-02,4,PLT-05,LATAM,FRM-09,PRD-09,Specialty,0.8303,0.797,12.67,10.1,10.1,0,1631.86,28107.16,27172.17,0,-934.9900000000016,586.5425256511446
BAT-001089,2025-02,4,PLT-04,EMEA,FRM-08,PRD-08,Surfactants,0.8418,0.9116,45.93,41.87,41.87,0,1059.62,68999.4,91694.8,0,22695.40000000001,442.653024167211
BAT-001090,2025-02,4,PLT-02,AMER,FRM-02,PRD-02,Polymers,0.8652,0.8748,55.88,48.89,48.89,0,900.37,69205.46,95862.78,0,26657.319999999992,338.0956406585541
BAT-001091,2025-02,4,PLT-03,APAC,FRM-09,PRD-09,Specialty,0.7393,0.7845,17.47,13.71,13.71,0,1631.86,39958.86,34984.24,0,-4974.620000000003,655.4244876931887
BAT-001092,2025-02,4,PLT-02,AMER,FRM-12,PRD-12,Solvents,0.8333,0.9244,110.4,102.05,102.05,0,617.93,95658.37,152017.54,0,56359.17000000001,248.54074275362314
BAT-001093,2025-02,4,PLT-06,APAC,FRM-11,PRD-11,Polymers,0.8755,0.9225,60.61,55.92,55.92,0,739.12,62089.1,87929.91,0,25840.810000000005,285.28356376835507
BAT-001094,2025-02,4,PLT-01,EMEA,FRM-03,PRD-03,Solvents,0.8761,0.9755,82.49,80.47,80.47,0,560.89,64491.38,103451.02,0,38959.64000000001,220.91846163171294
BAT-001095,2025-02,4,PLT-02,AMER,FRM-01,PRD-01,Polymers,0.8277,0.9486,83.08,78.81,78.81,0,768.27,86148.69,134681.83,0,48533.139999999985,268.66656716417924
BAT-001096,2025-02,4,PLT-01,EMEA,FRM-05,PRD-05,Coatings,0.8847,0.9208,34.4,31.67,31.67,0,1336.18,64202.08,95298.39,0,31096.309999999998,530.1595348837211
BAT-001097,2025-02,4,PLT-01,EMEA,FRM-11,PRD-11,Polymers,0.8356,0.9306,46.01,42.82,42.82,0,739.12,45787.27,68709.81,0,22922.54,256.0390958487285
BAT-001098,2025-02,4,PLT-03,APAC,FRM-06,PRD-06,Coatings,0.6418,0.9151,18.73,17.14,17.14,0,1450.42,40584.78,58353.67,0,17768.89,716.4128884143083
BAT-001099,2025-02,4,PLT-06,APAC,FRM-12,PRD-12,Solvents,0.8433,0.9471,64.26,60.86,60.86,0,617.93,56074.42,85699.6,0,29625.180000000008,254.68780267662612
BAT-001100,2025-02,4,PLT-02,AMER,FRM-10,PRD-10,Agrochem,0.874,0.9406,66.05,62.12,62.12,0,584.78,52113.69,78236.84,0,26123.149999999994,204.22363361090095
BAT-001101,2025-03,5,PLT-04,EMEA,FRM-04,PRD-04,Agrochem,0.8997,0.8961,61.95,55.51,55.51,0,553.94,46661.41,67435.98,0,20774.569999999992,199.270815173527
BAT-001102,2025-03,5,PLT-03,APAC,FRM-01,PRD-01,Polymers,0.6389,0.882,61.87,54.57,54.57,0,770.49,68088.62,94649.97,0,26561.350000000006,330.02107160174546
BAT-001103,2025-03,5,PLT-05,LATAM,FRM-09,PRD-09,Specialty,0.8182,0.7591,29.25,22.2,0.0,1,1636.59,65045.8,0.0,0,-65045.8,587.1980341880342
BAT-001104,2025-03,5,PLT-02,AMER,FRM-08,PRD-08,Surfactants,0.8494,0.9427,23.42,22.08,22.08,0,1062.69,34021.59,52313.57,0,18291.980000000003,389.982502134927
BAT-001105,2025-03,5,PLT-02,AMER,FRM-04,PRD-04,Agrochem,0.8135,0.8985,89.09,80.05,80.05,0,553.94,68913.55,96452.03,0,27538.479999999996,219.5873319115501
BAT-001106,2025-03,5,PLT-01,EMEA,FRM-02,PRD-02,Polymers,0.8565,0.9312,23.31,21.7,21.7,0,902.98,28922.28,42132.97,0,13210.690000000002,337.7870527670527
BAT-001107,2025-03,5,PLT-01,EMEA,FRM-12,PRD-12,Solvents,0.8806,0.9577,52.13,49.92,49.92,0,619.72,44134.14,70840.07,0,26705.930000000008,226.8969192403606
BAT-001108,2025-03,5,PLT-02,AMER,FRM-09,PRD-09,Specialty,0.8639,0.8687,47.67,41.41,41.41,0,1636.59,102242.63,107066.04,0,4823.409999999989,508.21029368575614
BAT-001109,2025-03,5,PLT-01,EMEA,FRM-01,PRD-01,Polymers,0.8326,0.9158,71.72,65.68,65.68,0,770.49,76019.39,114094.26,0,38074.869999999995,289.4568767428891
BAT-001110,2025-03,5,PLT-01,EMEA,FRM-04,PRD-04,Agrochem,0.8824,0.8749,78.16,68.38,68.38,0,553.94,59421.32,80486.59,0,21065.269999999997,206.31230296827016
BAT-001111,2025-03,5,PLT-05,LATAM,FRM-05,PRD-05,Coatings,0.8112,0.9758,17.39,16.97,16.97,0,1340.05,32655.93,48120.12,0,15464.190000000002,537.8068142610696
BAT-001112,2025-03,5,PLT-02,AMER,FRM-03,PRD-03,Solvents,0.812,0.9337,48.58,45.36,45.36,0,562.51,37644.83,59772.57,0,22127.739999999998,212.3938699053109
BAT-001113,2025-03,5,PLT-01,EMEA,FRM-09,PRD-09,Specialty,0.8898,0.8333,18.11,15.09,15.09,0,1636.59,39021.08,37885.97,0,-1135.1100000000006,518.0803478741029
BAT-001114,2025-03,5,PLT-04,EMEA,FRM-10,PRD-10,Agrochem,0.762,0.9745,54.88,53.48,53.48,0,586.48,44115.13,64104.11,0,19988.980000000003,217.3671209912535
BAT-001115,2025-03,5,PLT-06,APAC,FRM-07,PRD-07,Catalysts,0.7875,0.9175,1.08,0.99,0.99,0,15166.45,23598.68,36186.32,0,12587.64,6684.179629629627
BAT-001116,2025-03,5,PLT-05,LATAM,FRM-03,PRD-03,Solvents,0.7714,0.9824,23.36,22.95,22.95,0,562.51,18344.09,29108.8,0,10764.71,222.7678253424658
BAT-001117,2025-03,5,PLT-03,APAC,FRM-02,PRD-02,Polymers,0.6845,0.9137,28.82,26.33,26.33,0,902.98,37109.55,52315.78,0,15206.229999999996,384.6518528799445
BAT-001118,2025-03,5,PLT-04,EMEA,FRM-05,PRD-05,Coatings,0.8606,0.8309,35.91,29.83,29.83,0,1340.05,66907.68,92142.52,0,25234.84000000001,523.1546783625731
BAT-001119,2025-03,5,PLT-04,EMEA,FRM-09,PRD-09,Specialty,0.8785,0.8045,20.44,16.44,0.0,1,1636.59,44451.44,0.0,0,-44451.44,538.1379843444226
BAT-001120,2025-03,5,PLT-05,LATAM,FRM-06,PRD-06,Coatings,0.8006,0.8876,29.24,25.95,25.95,0,1454.61,58429.11,85424.7,0,26995.589999999997,543.6495759233928
BAT-001121,2025-03,5,PLT-06,APAC,FRM-09,PRD-09,Specialty,0.9192,0.829,32.9,27.27,27.27,0,1636.59,69171.82,69121.77,0,-50.05000000000291,465.8969300911856
BAT-001122,2025-03,5,PLT-01,EMEA,FRM-04,PRD-04,Agrochem,0.8148,0.8299,84.27,69.94,69.94,0,553.94,64508.17,81347.65,0,16839.479999999996,211.55388869111187
BAT-001123,2025-03,5,PLT-01,EMEA,FRM-08,PRD-08,Surfactants,0.9091,0.919,46.69,42.9,42.9,0,1062.69,69229.97,97263.47,0,28033.5,420.06797815378036
BAT-001124,2025-03,5,PLT-06,APAC,FRM-04,PRD-04,Agrochem,0.8555,0.9005,63.21,56.92,56.92,0,553.94,46942.53,68758.79,0,21816.259999999995,188.70404366397713
BAT-001125,2025-03,5,PLT-01,EMEA,FRM-05,PRD-05,Coatings,0.8681,0.8538,22.81,19.48,19.48,0,1340.05,41456.54,55623.51,0,14166.970000000001,477.42216133274906
BAT-001126,2025-03,5,PLT-03,APAC,FRM-07,PRD-07,Catalysts,0.7153,0.8286,2.38,1.97,1.97,0,15166.45,51231.16,68434.87,0,17203.709999999992,6359.247478991598
BAT-001127,2025-03,5,PLT-06,APAC,FRM-10,PRD-10,Agrochem,0.8124,0.9357,59.79,55.94,55.94,0,586.48,47548.91,66771.47,0,19222.559999999998,208.78526174945648
BAT-001128,2025-03,5,PLT-01,EMEA,FRM-04,PRD-04,Agrochem,0.8465,0.8825,38.43,33.91,33.91,0,553.94,28810.02,38674.6,0,9864.579999999998,195.73525370804055
BAT-001129,2025-03,5,PLT-01,EMEA,FRM-04,PRD-04,Agrochem,0.848,0.9584,72.94,69.91,69.91,0,553.94,54987.06,80954.73,0,25967.67,199.92701398409645
BAT-001130,2025-03,5,PLT-02,AMER,FRM-10,PRD-10,Agrochem,0.8113,0.9229,71.91,66.37,66.37,0,586.48,58088.97,77231.07,0,19142.100000000006,221.32100125156444
BAT-001131,2025-03,5,PLT-06,APAC,FRM-12,PRD-12,Solvents,0.7988,0.9577,36.9,35.34,35.34,0,619.72,32074.72,52501.53,0,20426.809999999998,249.5136043360434
BAT-001132,2025-03,5,PLT-03,APAC,FRM-02,PRD-02,Polymers,0.6573,0.898,29.85,26.8,26.8,0,902.98,39676.55,53254.94,0,13578.39,426.21765494137344
BAT-001133,2025-03,5,PLT-02,AMER,FRM-02,PRD-02,Polymers,0.8297,0.8865,72.01,63.83,63.83,0,902.98,90748.14,120742.9,0,29994.759999999995,357.23580336064424
BAT-001134,2025-03,5,PLT-02,AMER,FRM-07,PRD-07,Catalysts,0.8358,0.8678,2.59,2.25,2.25,0,15166.45,55751.71,78493.01,0,22741.299999999996,6359.306756756756
BAT-001135,2025-03,5,PLT-05,LATAM,FRM-02,PRD-02,Polymers,0.8343,0.9135,23.03,21.03,21.03,0,902.98,29209.52,42445.61,0,13236.09,365.3447937472861
BAT-001136,2025-03,5,PLT-06,APAC,FRM-08,PRD-08,Surfactants,0.8627,0.9261,43.7,40.48,40.48,0,1062.69,62453.19,93247.38,0,30794.190000000002,366.4447826086955
BAT-001137,2025-03,5,PLT-04,EMEA,FRM-05,PRD-05,Coatings,0.8816,0.8558,21.75,18.61,18.61,0,1340.05,40569.34,55623.49,0,15054.150000000001,525.2070114942528
BAT-001138,2025-03,5,PLT-06,APAC,FRM-09,PRD-09,Specialty,0.7933,0.794,24.66,19.58,19.58,0,1636.59,54024.04,51679.76,0,-2344.279999999999,554.165879967559
BAT-001139,2025-03,5,PLT-02,AMER,FRM-09,PRD-09,Specialty,0.8499,0.8575,29.02,24.89,24.89,0,1636.59,62978.06,62970.26,0,-7.799999999995634,533.5705789110959
BAT-001140,2025-03,5,PLT-02,AMER,FRM-03,PRD-03,Solvents,0.8424,0.995,66.79,66.46,66.46,0,562.51,53386.48,88880.62,0,35494.13999999999,236.80846084743223
BAT-001141,2025-03,5,PLT-05,LATAM,FRM-12,PRD-12,Solvents,0.8428,0.9657,26.71,25.79,0.0,1,619.72,23121.62,0.0,0,-23121.62,245.9340621490078
BAT-001142,2025-03,5,PLT-06,APAC,FRM-07,PRD-07,Catalysts,0.8613,0.8556,2.52,2.15,2.15,0,15166.45,53444.59,74757.89,0,21313.300000000003,6041.720634920632
BAT-001143,2025-03,5,PLT-01,EMEA,FRM-11,PRD-11,Polymers,0.8481,0.918,59.78,54.87,54.87,0,741.26,61823.58,89073.58,0,27250.0,292.9250117096019
BAT-001144,2025-03,5,PLT-06,APAC,FRM-03,PRD-03,Solvents,0.8248,0.8863,63.96,56.69,56.69,0,562.51,48507.86,76004.35,0,27496.490000000005,195.89931832395246
BAT-001145,2025-03,5,PLT-04,EMEA,FRM-01,PRD-01,Polymers,0.8022,0.8538,64.22,54.83,54.83,0,770.49,69168.22,100023.09,0,30854.869999999995,306.5610744316414
BAT-001146,2025-03,5,PLT-01,EMEA,FRM-09,PRD-09,Specialty,0.7945,0.8129,31.79,25.84,25.84,0,1636.59,68627.77,69304.83,0,677.0599999999977,522.1948379993712
BAT-001147,2025-03,5,PLT-06,APAC,FRM-06,PRD-06,Coatings,0.8395,0.9125,34.5,31.48,31.48,0,1454.61,70770.45,103528.37,0,32757.92,596.707391304348
BAT-001148,2025-03,5,PLT-03,APAC,FRM-12,PRD-12,Solvents,0.6347,0.978,77.51,75.81,75.81,0,619.72,71511.99,104274.98,0,32762.98999999999,302.8963075732163
BAT-001149,2025-03,5,PLT-05,LATAM,FRM-08,PRD-08,Surfactants,0.7886,0.9651,31.86,30.75,30.75,0,1062.69,47516.27,73111.33,0,25595.060000000005,428.7183490269929
BAT-001150,2025-03,5,PLT-01,EMEA,FRM-11,PRD-11,Polymers,0.787,0.9454,27.74,26.23,26.23,0,741.26,29193.35,41125.33,0,11931.980000000003,311.13185291997115
BAT-001151,2025-03,5,PLT-01,EMEA,FRM-02,PRD-02,Polymers,0.966,0.9123,19.97,18.22,18.22,0,902.98,23715.89,37242.08,0,13526.190000000002,284.5958637956935
BAT-001152,2025-03,5,PLT-06,APAC,FRM-11,PRD-11,Polymers,0.8053,0.9356,58.56,54.79,54.79,0,741.26,60206.97,87795.32,0,27588.350000000006,286.864487704918
BAT-001153,2025-03,5,PLT-06,APAC,FRM-07,PRD-07,Catalysts,0.7939,0.86,3.09,2.66,2.66,0,15166.45,65594.92,92109.91,0,26514.990000000005,6061.679449838186
BAT-001154,2025-03,5,PLT-03,APAC,FRM-02,PRD-02,Polymers,0.6014,0.8979,34.86,31.3,31.3,0,902.98,47304.03,59068.65,0,11764.620000000003,453.9916006884682
BAT-001155,2025-03,5,PLT-03,APAC,FRM-01,PRD-01,Polymers,0.6412,0.9166,33.35,30.57,30.57,0,770.49,37430.0,53197.99,0,15767.989999999998,351.8488305847077
BAT-001156,2025-03,5,PLT-01,EMEA,FRM-09,PRD-09,Specialty,0.9143,0.8192,46.65,38.22,38.22,0,1636.59,103194.66,94723.26,0,-8471.400000000009,575.5141800643089
BAT-001157,2025-03,5,PLT-03,APAC,FRM-04,PRD-04,Agrochem,0.6416,0.9186,84.2,77.34,0.0,1,553.94,66775.84,0.0,0,-66775.84,239.12223277909732
BAT-001158,2025-03,5,PLT-02,AMER,FRM-08,PRD-08,Surfactants,0.8406,0.9684,29.08,28.16,28.16,0,1062.69,42331.33,62099.06,0,19767.729999999996,392.99535075653375
BAT-001159,2025-03,5,PLT-02,AMER,FRM-08,PRD-08,Surfactants,0.8456,0.923,29.04,26.81,26.81,0,1062.69,42812.86,59669.9,0,16857.04,411.5820385674931
BAT-001160,2025-03,5,PLT-01,EMEA,FRM-04,PRD-04,Agrochem,0.8808,0.9101,81.07,73.78,73.78,0,553.94,62457.01,82363.61,0,19906.6,216.4684124830394
BAT-001161,2025-03,5,PLT-04,EMEA,FRM-10,PRD-10,Agrochem,0.8567,0.9504,75.95,72.18,72.18,0,586.48,60757.6,83923.58,0,23165.980000000003,213.48840026333107
BAT-001162,2025-03,5,PLT-05,LATAM,FRM-11,PRD-11,Polymers,0.8299,0.9546,56.4,53.84,53.84,0,741.26,58233.93,89396.15,0,31162.219999999994,291.2564893617023
BAT-001163,2025-03,5,PLT-06,APAC,FRM-12,PRD-12,Solvents,0.8756,0.9608,77.08,74.06,74.06,0,619.72,67142.0,110495.3,0,43353.3,251.3490192008303
BAT-001164,2025-03,5,PLT-03,APAC,FRM-07,PRD-07,Catalysts,0.6605,0.8111,2.36,1.91,1.91,0,15166.45,52105.53,69637.64,0,17532.11,6912.164406779662
BAT-001165,2025-03,5,PLT-01,EMEA,FRM-05,PRD-05,Coatings,0.9142,0.8796,23.66,20.81,20.81,0,1340.05,43205.02,63640.07,0,20435.050000000003,486.0286136939983
BAT-001166,2025-03,5,PLT-01,EMEA,FRM-08,PRD-08,Surfactants,0.8706,0.919,21.0,19.3,19.3,0,1062.69,31462.92,43254.39,0,11791.470000000001,435.5442857142855
BAT-001167,2025-03,5,PLT-05,LATAM,FRM-04,PRD-04,Agrochem,0.8016,0.8893,37.15,33.03,33.03,0,553.94,28222.63,40054.1,0,11831.469999999998,205.7539434724091
BAT-001168,2025-03,5,PLT-06,APAC,FRM-07,PRD-07,Catalysts,0.8188,0.8447,1.22,1.03,1.03,0,15166.45,25922.08,38173.09,0,12251.009999999995,6081.1565573770495
BAT-001169,2025-03,5,PLT-03,APAC,FRM-01,PRD-01,Polymers,0.675,0.8869,65.11,57.75,57.75,0,770.49,71285.34,102695.9,0,31410.559999999998,324.3547243127016
BAT-001170,2025-03,5,PLT-03,APAC,FRM-11,PRD-11,Polymers,0.6244,0.8759,42.8,37.49,37.49,0,741.26,44920.4,62717.38,0,17796.979999999996,308.2820560747664
BAT-001171,2025-03,5,PLT-01,EMEA,FRM-12,PRD-12,Solvents,0.8125,0.9385,66.63,62.53,62.53,0,619.72,57382.0,91752.63,0,34370.630000000005,241.48366201410784
BAT-001172,2025-03,5,PLT-04,EMEA,FRM-02,PRD-02,Polymers,0.9049,0.9159,50.06,45.85,45.85,0,902.98,62832.03,86616.76,0,23784.729999999996,352.1544386735916
BAT-001173,2025-03,5,PLT-05,LATAM,FRM-11,PRD-11,Polymers,0.7412,0.9583,46.99,45.04,0.0,1,741.26,50654.11,0.0,0,-50654.11,336.7163779527559
BAT-001174,2025-03,5,PLT-02,AMER,FRM-12,PRD-12,Solvents,0.788,0.9043,113.08,102.25,102.25,0,619.72,95407.56,139101.38,0,43693.82000000001,223.99736823487797
BAT-001175,2025-03,5,PLT-06,APAC,FRM-07,PRD-07,Catalysts,0.8377,0.8373,1.37,1.15,1.15,0,15166.45,29476.19,41704.25,0,12228.060000000001,6349.017153284669
BAT-001176,2025-03,5,PLT-06,APAC,FRM-02,PRD-02,Polymers,0.8014,0.9323,35.57,33.16,33.16,0,902.98,45722.02,67430.6,0,21708.58000000001,382.4296148439696
BAT-001177,2025-03,5,PLT-06,APAC,FRM-03,PRD-03,Solvents,0.7894,0.9845,76.8,75.61,75.61,0,562.51,58936.09,98854.82,0,39918.73000000001,204.88700520833333
BAT-001178,2025-03,5,PLT-06,APAC,FRM-07,PRD-07,Catalysts,0.8032,0.8081,1.56,1.26,1.26,0,15166.45,32167.74,43676.77,0,11509.029999999995,5453.896153846152
BAT-001179,2025-03,5,PLT-03,APAC,FRM-04,PRD-04,Agrochem,0.7443,0.8432,83.25,70.2,70.2,0,553.94,66098.81,83943.69,0,17844.880000000005,240.03969969969967
BAT-001180,2025-03,5,PLT-06,APAC,FRM-03,PRD-03,Solvents,0.8616,0.9818,72.99,71.66,71.66,0,562.51,57576.17,98087.59,0,40511.42,226.31271544047138
BAT-001181,2025-03,5,PLT-06,APAC,FRM-01,PRD-01,Polymers,0.8786,0.9748,47.0,45.82,45.82,0,770.49,50982.6,79428.86,0,28446.260000000002,314.24617021276595
BAT-001182,2025-03,5,PLT-01,EMEA,FRM-12,PRD-12,Solvents,0.8923,0.9777,85.32,83.42,83.42,0,619.72,71766.93,121098.82,0,49331.890000000014,221.43014064697604
BAT-001183,2025-03,5,PLT-02,AMER,FRM-10,PRD-10,Agrochem,0.7815,0.9345,80.06,74.82,74.82,0,586.48,66284.63,91370.0,0,25085.369999999995,241.45692230826876
BAT-001184,2025-03,5,PLT-04,EMEA,FRM-04,PRD-04,Agrochem,0.8525,0.907,83.6,75.82,75.82,0,553.94,62015.52,92526.55,0,30511.030000000006,187.87244019138757
BAT-001185,2025-03,5,PLT-06,APAC,FRM-12,PRD-12,Solvents,0.8955,0.9862,34.45,33.97,33.97,0,619.72,28578.99,50701.88,0,22122.889999999996,209.85880986937582
BAT-001186,2025-03,5,PLT-02,AMER,FRM-09,PRD-09,Specialty,0.829,0.8283,20.37,16.87,16.87,0,1636.59,44607.09,44137.84,0,-469.25,553.2524153166421
BAT-001187,2025-03,5,PLT-05,LATAM,FRM-12,PRD-12,Solvents,0.8257,0.9652,24.71,23.85,23.85,0,619.72,20623.33,32843.63,0,12220.299999999996,214.89473087818703
BAT-001188,2025-03,5,PLT-05,LATAM,FRM-11,PRD-11,Polymers,0.7719,0.9259,29.75,27.55,27.55,0,741.26,31438.25,43183.51,0,11745.260000000002,315.4878991596638
BAT-001189,2025-03,5,PLT-03,APAC,FRM-05,PRD-05,Coatings,0.6601,0.9303,37.83,35.19,35.19,0,1340.05,73434.35,107379.71,0,33945.36,601.1170631773728
BAT-001190,2025-03,5,PLT-01,EMEA,FRM-05,PRD-05,Coatings,0.8821,0.8801,39.88,35.1,35.1,0,1340.05,71657.78,103999.95,0,32342.17,456.78500501504504
BAT-001191,2025-03,5,PLT-04,EMEA,FRM-05,PRD-05,Coatings,0.823,0.9032,25.0,22.58,22.58,0,1340.05,45152.89,66995.47,0,21842.58,466.06560000000013
BAT-001192,2025-03,5,PLT-04,EMEA,FRM-01,PRD-01,Polymers,0.8546,0.9156,52.31,47.89,47.89,0,770.49,55407.34,79733.59,0,24326.25,288.72124068055814
BAT-001193,2025-03,5,PLT-04,EMEA,FRM-03,PRD-03,Solvents,0.8481,0.9813,86.89,85.26,85.26,0,562.51,68265.07,116601.06,0,48335.98999999999,223.1393267349523
BAT-001194,2025-03,5,PLT-02,AMER,FRM-02,PRD-02,Polymers,0.8843,0.931,65.8,61.26,61.26,0,902.98,79498.93,126997.73,0,47498.8,305.2104255319148
BAT-001195,2025-03,5,PLT-05,LATAM,FRM-06,PRD-06,Coatings,0.7666,0.897,10.37,9.3,9.3,0,1454.61,20804.94,30210.03,0,9405.09,551.6522950819674
BAT-001196,2025-03,5,PLT-03,APAC,FRM-03,PRD-03,Solvents,0.6145,0.9854,80.15,78.99,78.99,0,562.51,65388.41,108678.02,0,43289.61,253.31545227698064
BAT-001197,2025-03,5,PLT-03,APAC,FRM-01,PRD-01,Polymers,0.6356,0.9249,58.3,53.92,53.92,0,770.49,64760.66,92161.92,0,27401.259999999995,340.32749571183535
BAT-001198,2025-03,5,PLT-04,EMEA,FRM-02,PRD-02,Polymers,0.8151,0.9027,70.43,63.58,0.0,1,902.98,86419.66,0.0,0,-86419.66,324.04910691466694
BAT-001199,2025-03,5,PLT-01,EMEA,FRM-07,PRD-07,Catalysts,0.8167,0.8766,2.46,2.16,2.16,0,15166.45,52272.75,81543.99,0,29271.240000000005,6082.635365853657
BAT-001200,2025-03,5,PLT-02,AMER,FRM-10,PRD-10,Agrochem,0.8813,0.8935,96.21,85.97,85.97,0,586.48,77289.79,107948.8,0,30659.01000000001,216.86466271697327
BAT-001201,2025-03,5,PLT-05,LATAM,FRM-04,PRD-04,Agrochem,0.8354,0.9544,23.0,21.95,21.95,0,553.94,17353.93,26883.68,0,9529.75,200.5786956521739
BAT-001202,2025-03,5,PLT-02,AMER,FRM-07,PRD-07,Catalysts,0.8524,0.8825,3.58,3.16,3.16,0,15166.45,75417.62,118353.06,0,42935.44,5899.924301675976
BAT-001203,2025-03,5,PLT-03,APAC,FRM-01,PRD-01,Polymers,0.6655,0.9014,65.62,59.15,59.15,0,770.49,72310.7,98091.22,0,25780.520000000004,331.4712922889362
BAT-001204,2025-03,5,PLT-01,EMEA,FRM-08,PRD-08,Surfactants,0.8243,0.9379,53.89,50.54,50.54,0,1062.69,79522.38,117690.05,0,38167.67,412.952605307107
BAT-001205,2025-03,5,PLT-02,AMER,FRM-09,PRD-09,Specialty,0.7466,0.795,41.84,33.26,33.26,0,1636.59,93519.69,83970.77,0,-9548.919999999998,598.5842351816443
BAT-001206,2025-03,5,PLT-02,AMER,FRM-06,PRD-06,Coatings,0.7906,0.887,43.16,38.28,38.28,0,1454.61,85586.02,123422.11,0,37836.09,528.3839759036148
BAT-001207,2025-03,5,PLT-01,EMEA,FRM-05,PRD-05,Coatings,0.8494,0.8835,39.28,34.71,34.71,0,1340.05,73170.08,104266.31,0,31096.229999999996,522.7320773930753
BAT-001208,2025-03,5,PLT-04,EMEA,FRM-12,PRD-12,Solvents,0.9215,0.9594,70.13,67.28,67.28,0,619.72,59039.87,92015.6,0,32975.73,222.1432539569372
BAT-001209,2025-03,5,PLT-03,APAC,FRM-03,PRD-03,Solvents,0.6728,0.9676,38.04,36.81,36.81,0,562.51,31621.04,47850.38,0,16229.339999999997,268.7476235541536
BAT-001210,2025-03,5,PLT-03,APAC,FRM-02,PRD-02,Polymers,0.6469,0.8771,57.88,50.76,50.76,0,902.98,77060.73,95499.62,0,18438.89,428.4078714581892
BAT-001211,2025-03,5,PLT-06,APAC,FRM-08,PRD-08,Surfactants,0.8225,0.9088,49.34,44.84,44.84,0,1062.69,73235.29,101470.84,0,28235.550000000003,421.60854073773794
BAT-001212,2025-03,5,PLT-01,EMEA,FRM-03,PRD-03,Solvents,0.8405,0.9488,81.32,77.16,77.16,0,562.51,64834.35,98455.41,0,33621.060000000005,234.76434825381216
BAT-001213,2025-03,5,PLT-01,EMEA,FRM-08,PRD-08,Surfactants,0.8866,0.8967,32.02,28.72,28.72,0,1062.69,45033.49,67885.15,0,22851.659999999996,343.72755153029334
BAT-001214,2025-03,5,PLT-02,AMER,FRM-05,PRD-05,Coatings,0.8452,0.8735,20.0,17.47,17.47,0,1340.05,36028.52,54114.65,0,18086.130000000005,461.376
BAT-001215,2025-03,5,PLT-01,EMEA,FRM-12,PRD-12,Solvents,0.7841,0.962,55.46,53.36,53.36,0,619.72,46928.73,72659.61,0,25730.879999999997,226.45255679769207
BAT-001216,2025-03,5,PLT-01,EMEA,FRM-07,PRD-07,Catalysts,0.8572,0.8509,2.3,1.96,1.96,0,15166.45,47335.58,68491.14,0,21155.559999999998,5414.236956521741
BAT-001217,2025-03,5,PLT-03,APAC,FRM-04,PRD-04,Agrochem,0.6205,0.848,78.46,66.53,66.53,0,553.94,63180.14,79532.72,0,16352.580000000002,251.31286770328825
BAT-001218,2025-03,5,PLT-01,EMEA,FRM-03,PRD-03,Solvents,0.8424,0.9336,88.47,82.59,82.59,0,562.51,66884.5,112424.27,0,45539.770000000004,193.50333785464
BAT-001219,2025-03,5,PLT-06,APAC,FRM-12,PRD-12,Solvents,0.828,0.9633,70.77,68.18,68.18,0,619.72,62200.11,97477.93,0,35277.81999999999,259.18504451038575
BAT-001220,2025-03,5,PLT-05,LATAM,FRM-11,PRD-11,Polymers,0.831,0.9291,21.32,19.8,19.8,0,741.26,21914.89,33361.48,0,11446.590000000004,286.6429080675423
BAT-001221,2025-03,5,PLT-04,EMEA,FRM-02,PRD-02,Polymers,0.8825,0.8815,46.94,41.38,41.38,0,902.98,56201.57,80802.03,0,24600.46,294.32656156795906
BAT-001222,2025-03,5,PLT-03,APAC,FRM-07,PRD-07,Catalysts,0.6522,0.8203,2.22,1.82,0.0,1,15166.45,48602.04,0.0,0,-48602.04,6726.360810810809
BAT-001223,2025-03,5,PLT-04,EMEA,FRM-11,PRD-11,Polymers,0.9121,0.9147,34.76,31.79,31.79,0,741.26,35506.2,50883.73,0,15377.530000000006,280.2072036823936
BAT-001224,2025-03,5,PLT-06,APAC,FRM-10,PRD-10,Agrochem,0.8033,0.9485,82.07,77.84,77.84,0,586.48,68429.84,97646.87,0,29217.03,247.31846472523455
BAT-001225,2025-03,5,PLT-02,AMER,FRM-10,PRD-10,Agrochem,0.8578,0.9273,72.94,67.63,67.63,0,586.48,58934.63,83573.11,0,24638.480000000003,221.50779819029333
BAT-001226,2025-03,5,PLT-06,APAC,FRM-04,PRD-04,Agrochem,0.8514,0.9063,86.8,78.67,78.67,0,553.94,67825.84,95129.57,0,27303.73000000001,227.46368663594467
BAT-001227,2025-03,5,PLT-04,EMEA,FRM-02,PRD-02,Polymers,0.8354,0.8829,27.13,23.96,23.96,0,902.98,33520.05,47736.14,0,14216.089999999997,332.55446369332844
BAT-001228,2025-03,5,PLT-02,AMER,FRM-07,PRD-07,Catalysts,0.8197,0.8582,4.23,3.63,3.63,0,15166.45,88422.04,134613.9,0,46191.86,5737.10555555555
BAT-001229,2025-03,5,PLT-03,APAC,FRM-06,PRD-06,Coatings,0.6398,0.9046,15.44,13.97,13.97,0,1454.61,32322.64,45924.84,0,13602.199999999997,638.825233160622
BAT-001230,2025-03,5,PLT-02,AMER,FRM-09,PRD-09,Specialty,0.8505,0.7896,42.21,33.33,33.33,0,1636.59,90892.43,85401.88,0,-5490.549999999988,516.7487822790806
BAT-001231,2025-03,5,PLT-03,APAC,FRM-09,PRD-09,Specialty,0.6733,0.7652,16.7,12.78,12.78,0,1636.59,36951.6,33114.86,0,-3836.739999999998,576.080658682635
BAT-001232,2025-03,5,PLT-03,APAC,FRM-05,PRD-05,Coatings,0.6662,0.8787,12.96,11.39,11.39,0,1340.05,24662.63,34517.97,0,9855.34,562.9307098765432
BAT-001233,2025-03,5,PLT-04,EMEA,FRM-04,PRD-04,Agrochem,0.8998,0.8988,32.27,29.0,29.0,0,553.94,23893.72,34428.63,0,10534.909999999996,186.49136039665314
BAT-001234,2025-03,5,PLT-01,EMEA,FRM-12,PRD-12,Solvents,0.8478,0.9141,70.61,64.55,64.55,0,619.72,58646.78,90542.0,0,31895.22,210.85328990228004
BAT-001235,2025-03,5,PLT-01,EMEA,FRM-04,PRD-04,Agrochem,0.8621,0.8979,38.9,34.93,34.93,0,553.94,29389.7,39990.86,0,10601.16,201.57928020565555
BAT-001236,2025-03,5,PLT-06,APAC,FRM-02,PRD-02,Polymers,0.8207,0.9305,59.47,55.34,55.34,0,902.98,73642.58,103815.63,0,30173.050000000003,335.33478056162767
BAT-001237,2025-03,5,PLT-05,LATAM,FRM-01,PRD-01,Polymers,0.7931,0.8976,54.61,49.02,49.02,0,770.49,58556.96,87157.79,0,28600.829999999994,301.7854074345357
BAT-001238,2025-03,5,PLT-04,EMEA,FRM-12,PRD-12,Solvents,0.8232,0.9494,96.19,91.32,91.32,0,619.72,83643.76,133552.67,0,49908.91000000002,249.84814637696218
BAT-001239,2025-03,5,PLT-04,EMEA,FRM-06,PRD-06,Coatings,0.8424,0.9431,34.84,32.86,32.86,0,1454.61,68205.99,113934.05,0,45728.06,503.0820206659014
BAT-001240,2025-03,5,PLT-06,APAC,FRM-10,PRD-10,Agrochem,0.8052,0.9328,89.11,83.12,83.12,0,586.48,70739.69,96691.21,0,25951.520000000004,207.36681853888456
BAT-001241,2025-03,5,PLT-05,LATAM,FRM-07,PRD-07,Catalysts,0.8238,0.8729,1.81,1.58,1.58,0,15166.45,38742.32,54723.58,0,15981.260000000002,6238.146685082873
BAT-001242,2025-03,5,PLT-03,APAC,FRM-05,PRD-05,Coatings,0.712,0.818,29.84,24.41,24.41,0,1340.05,58180.31,74868.38,0,16688.070000000007,609.6922922252011
BAT-001243,2025-03,5,PLT-03,APAC,FRM-12,PRD-12,Solvents,0.6037,0.8967,30.13,27.02,27.02,0,619.72,27849.94,38514.08,0,10664.140000000003,304.6059210089611
BAT-001244,2025-03,5,PLT-04,EMEA,FRM-05,PRD-05,Coatings,0.8743,0.8785,28.33,24.89,24.89,0,1340.05,50403.19,76681.11,0,26277.92,439.0954288739854
BAT-001245,2025-03,5,PLT-02,AMER,FRM-09,PRD-09,Specialty,0.8607,0.8057,40.9,32.95,32.95,0,1636.59,89989.51,82061.12,0,-7928.389999999999,563.6425183374083
BAT-001246,2025-03,5,PLT-02,AMER,FRM-02,PRD-02,Polymers,0.8494,0.9191,49.73,45.71,45.71,0,902.98,61487.57,86100.65,0,24613.079999999994,333.4481118037402
BAT-001247,2025-03,5,PLT-01,EMEA,FRM-08,PRD-08,Surfactants,0.9078,0.9392,42.04,39.49,39.49,0,1062.69,59142.59,93146.02,0,34003.43000000001,344.12707897240716
BAT-001248,2025-03,5,PLT-05,LATAM,FRM-06,PRD-06,Coatings,0.789,0.8859,20.02,17.74,17.74,0,1454.61,39651.72,62063.21,0,22411.489999999998,525.9953946053947
BAT-001249,2025-03,5,PLT-03,APAC,FRM-04,PRD-04,Agrochem,0.6752,0.9018,26.63,24.02,24.02,0,553.94,20803.76,27169.68,0,6365.920000000002,227.27517085993236
BAT-001250,2025-03,5,PLT-06,APAC,FRM-05,PRD-05,Coatings,0.8389,0.874,20.55,17.96,17.96,0,1340.05,38353.34,55017.75,0,16664.410000000003,526.2925790754257
BAT-001251,2025-03,5,PLT-06,APAC,FRM-03,PRD-03,Solvents,0.8376,0.9645,71.75,69.21,69.21,0,562.51,55017.64,91100.15,0,36082.509999999995,204.28637630662024
BAT-001252,2025-03,5,PLT-05,LATAM,FRM-02,PRD-02,Polymers,0.839,0.9421,17.71,16.69,16.69,0,902.98,21887.14,31298.55,0,9411.41,332.88335403726705
BAT-001253,2025-03,5,PLT-06,APAC,FRM-03,PRD-03,Solvents,0.8006,0.9794,37.52,36.75,36.75,0,562.51,28984.84,48627.24,0,19642.399999999998,210.0070575692963
BAT-001254,2025-03,5,PLT-04,EMEA,FRM-06,PRD-06,Coatings,0.8479,0.8785,15.33,13.47,13.47,0,1454.61,29992.02,46723.68,0,16731.66,501.81661448140903
BAT-001255,2025-03,5,PLT-03,APAC,FRM-05,PRD-05,Coatings,0.6771,0.8476,30.69,26.01,26.01,0,1340.05,58352.94,76450.8,0,18097.86,561.316568914956
BAT-001256,2025-03,5,PLT-01,EMEA,FRM-03,PRD-03,Solvents,0.8568,0.9622,57.82,55.63,55.63,0,562.51,44526.99,72628.36,0,28101.370000000003,207.58667934970595
BAT-001257,2025-03,5,PLT-06,APAC,FRM-06,PRD-06,Coatings,0.8702,0.9445,15.96,15.08,15.08,0,1454.61,32321.24,52345.14,0,20023.899999999998,570.5303508771931
BAT-001258,2025-03,5,PLT-05,LATAM,FRM-08,PRD-08,Surfactants,0.8005,0.8927,28.16,25.14,25.14,0,1062.69,42589.71,59982.62,0,17392.910000000003,449.7286789772727
BAT-001259,2025-03,5,PLT-02,AMER,FRM-02,PRD-02,Polymers,0.8278,0.9076,25.29,22.96,22.96,0,902.98,30945.03,45989.47,0,15044.440000000002,320.6273546856464
BAT-001260,2025-03,5,PLT-05,LATAM,FRM-01,PRD-01,Polymers,0.7555,0.9681,24.36,23.58,23.58,0,770.49,27089.8,41832.65,0,14742.850000000002,341.57075533661737
BAT-001261,2025-03,5,PLT-03,APAC,FRM-11,PRD-11,Polymers,0.6041,0.9253,51.05,47.24,47.24,0,741.26,56096.99,77139.46,0,21042.47000000001,357.6036630754163
BAT-001262,2025-03,5,PLT-01,EMEA,FRM-02,PRD-02,Polymers,0.8785,0.9208,42.36,39.01,39.01,0,902.98,50952.61,76069.69,0,25117.08,299.8672615675166
BAT-001263,2025-03,5,PLT-02,AMER,FRM-09,PRD-09,Specialty,0.7907,0.7913,38.42,30.4,30.4,0,1636.59,85838.65,77836.33,0,-8002.319999999992,597.6278552837064
BAT-001264,2025-03,5,PLT-04,EMEA,FRM-04,PRD-04,Agrochem,0.8504,0.8514,104.69,89.13,89.13,0,553.94,79131.5,107058.38,0,27926.880000000005,201.9249345687267
BAT-001265,2025-03,5,PLT-04,EMEA,FRM-06,PRD-06,Coatings,0.9103,0.9124,37.35,34.08,34.08,0,1454.61,73836.97,117653.49,0,43816.520000000004,522.2834404283803
BAT-001266,2025-03,5,PLT-03,APAC,FRM-03,PRD-03,Solvents,0.6865,0.9095,83.95,76.36,76.36,0,562.51,69583.86,102397.43,0,32813.56999999999,266.3626622989875
BAT-001267,2025-03,5,PLT-01,EMEA,FRM-01,PRD-01,Polymers,0.8263,0.9385,61.38,57.6,57.6,0,770.49,63977.24,102143.43,0,38166.189999999995,271.8241088302377
BAT-001268,2025-03,5,PLT-01,EMEA,FRM-11,PRD-11,Polymers,0.8949,0.9293,43.37,40.3,40.3,0,741.26,42756.25,67696.47,0,24940.22,244.58851279686428
BAT-001269,2025-03,5,PLT-05,LATAM,FRM-04,PRD-04,Agrochem,0.8127,0.9227,32.84,30.3,0.0,1,553.94,25576.01,0.0,0,-25576.01,224.86663824604125
BAT-001270,2025-03,5,PLT-03,APAC,FRM-11,PRD-11,Polymers,0.5816,0.8753,37.87,33.15,33.15,0,741.26,41688.63,54705.53,0,13016.900000000001,359.5752257723791
BAT-001271,2025-03,5,PLT-06,APAC,FRM-12,PRD-12,Solvents,0.8025,0.995,79.69,79.29,79.29,0,619.72,69430.23,112699.97,0,43269.740000000005,251.53398418873132
BAT-001272,2025-03,5,PLT-05,LATAM,FRM-04,PRD-04,Agrochem,0.7385,0.9057,52.08,47.17,47.17,0,553.94,39718.85,52558.81,0,12839.96,208.71072964669736
BAT-001273,2025-03,5,PLT-04,EMEA,FRM-07,PRD-07,Catalysts,0.8081,0.8153,1.25,1.02,1.02,0,15166.45,25645.87,38447.22,0,12801.350000000002,5350.245999999999
BAT-001274,2025-03,5,PLT-01,EMEA,FRM-11,PRD-11,Polymers,0.8653,0.9126,67.45,61.55,61.55,0,741.26,69266.57,101242.76,0,31976.189999999988,285.67209785025943
BAT-001275,2025-03,5,PLT-04,EMEA,FRM-09,PRD-09,Specialty,0.8836,0.7721,53.83,41.57,41.57,0,1636.59,115634.33,102818.12,0,-12816.210000000006,511.54914174252303
BAT-001276,2025-03,5,PLT-02,AMER,FRM-09,PRD-09,Specialty,0.8583,0.8389,33.09,27.76,27.76,0,1636.59,73104.84,73724.82,0,619.9800000000105,572.6828921124204
BAT-001277,2025-03,5,PLT-01,EMEA,FRM-06,PRD-06,Coatings,0.8688,0.8996,17.95,16.15,16.15,0,1454.61,34879.09,53480.2,0,18601.11,488.5147910863509
BAT-001278,2025-03,5,PLT-04,EMEA,FRM-03,PRD-03,Solvents,0.8686,0.9538,44.45,42.39,42.39,0,562.51,34466.63,57213.74,0,22747.11,212.89224971878502
BAT-001279,2025-03,5,PLT-03,APAC,FRM-12,PRD-12,Solvents,0.6752,0.8987,54.49,48.97,48.97,0,619.72,48068.18,70196.07,0,22127.890000000007,262.4268159295283
BAT-001280,2025-03,5,PLT-04,EMEA,FRM-12,PRD-12,Solvents,0.8573,0.937,56.56,53.0,53.0,0,619.72,47310.28,77798.76,0,30488.479999999996,216.74181046676085
BAT-001281,2025-03,5,PLT-06,APAC,FRM-03,PRD-03,Solvents,0.7935,0.9732,31.77,30.92,30.92,0,562.51,25400.01,41518.38,0,16118.369999999999,236.98669499527853
BAT-001282,2025-03,5,PLT-01,EMEA,FRM-05,PRD-05,Coatings,0.8452,0.8914,20.0,17.83,0.0,1,1340.05,37817.04,0.0,0,-37817.04,550.8020000000001
BAT-001283,2025-03,5,PLT-03,APAC,FRM-07,PRD-07,Catalysts,0.6003,0.8336,2.48,2.07,2.07,0,15166.45,54340.43,73869.6,0,19529.170000000006,6745.01370967742
BAT-001284,2025-03,5,PLT-03,APAC,FRM-10,PRD-10,Agrochem,0.6603,0.8808,45.51,40.09,40.09,0,586.48,37567.38,47419.05,0,9851.670000000006,238.99528015820692
BAT-001285,2025-03,5,PLT-04,EMEA,FRM-09,PRD-09,Specialty,0.8687,0.8396,27.52,23.11,23.11,0,1636.59,59225.84,58595.22,0,-630.6199999999953,515.5117441860464
BAT-001286,2025-03,5,PLT-06,APAC,FRM-05,PRD-05,Coatings,0.7764,0.8808,19.0,16.73,16.73,0,1340.05,36748.81,48797.17,0,12048.36,594.0978947368421
BAT-001287,2025-03,5,PLT-01,EMEA,FRM-11,PRD-11,Polymers,0.7945,0.8933,66.6,59.49,59.49,0,741.26,67712.23,98083.26,0,30371.03,275.4401501501502
BAT-001288,2025-03,5,PLT-06,APAC,FRM-06,PRD-06,Coatings,0.8432,0.9204,23.61,21.73,21.73,0,1454.61,47320.02,73734.37,0,26414.35,549.6263405336722
BAT-001289,2025-03,5,PLT-06,APAC,FRM-04,PRD-04,Agrochem,0.8717,0.9078,43.98,39.92,39.92,0,553.94,34148.94,47581.44,0,13432.5,222.52521145975447
BAT-001290,2025-03,5,PLT-01,EMEA,FRM-03,PRD-03,Solvents,0.9056,0.9658,29.04,28.04,28.04,0,562.51,22349.41,37263.8,0,14914.390000000003,207.097782369146
BAT-001291,2025-03,5,PLT-02,AMER,FRM-05,PRD-05,Coatings,0.8231,0.9137,39.28,35.89,35.89,0,1340.05,71972.49,110562.87,0,38590.37999999999,492.24353360488817
BAT-001292,2025-03,5,PLT-01,EMEA,FRM-11,PRD-11,Polymers,0.8591,0.9159,48.61,44.52,44.52,0,741.26,49476.0,73091.46,0,23615.460000000006,276.5552643488994
BAT-001293,2025-03,5,PLT-02,AMER,FRM-08,PRD-08,Surfactants,0.8736,0.8422,53.66,45.19,45.19,0,1062.69,78723.97,104201.67,0,25477.699999999997,404.3985203130824
BAT-001294,2025-03,5,PLT-05,LATAM,FRM-08,PRD-08,Surfactants,0.8525,0.9752,16.01,15.61,15.61,0,1062.69,24056.79,35674.7,0,11617.909999999996,439.9202435977513
BAT-001295,2025-03,5,PLT-03,APAC,FRM-02,PRD-02,Polymers,0.6635,0.8848,33.24,29.41,29.41,0,902.98,43133.52,59704.7,0,16571.18,394.6589891696749
BAT-001296,2025-03,5,PLT-01,EMEA,FRM-05,PRD-05,Coatings,0.8421,0.8392,23.13,19.41,19.41,0,1340.05,43578.27,55761.29,0,12183.020000000004,544.008365758755
BAT-001297,2025-03,5,PLT-03,APAC,FRM-08,PRD-08,Surfactants,0.6214,0.9272,40.65,37.69,37.69,0,1062.69,64727.04,85093.37,0,20366.329999999994,529.6111070110701
BAT-001298,2025-03,5,PLT-03,APAC,FRM-04,PRD-04,Agrochem,0.6848,0.8462,54.66,46.25,46.25,0,553.94,44667.27,51692.95,0,7025.68,263.2438638858397
BAT-001299,2025-03,5,PLT-06,APAC,FRM-10,PRD-10,Agrochem,0.8291,0.9054,57.23,51.82,51.82,0,586.48,45999.47,62967.66,0,16968.190000000002,217.28498340031456
BAT-001300,2025-03,5,PLT-01,EMEA,FRM-11,PRD-11,Polymers,0.8948,0.9234,78.96,72.91,72.91,0,741.26,79799.42,124733.28,0,44933.86,269.3709523809524
BAT-001301,2025-03,5,PLT-06,APAC,FRM-10,PRD-10,Agrochem,0.8223,0.911,32.63,29.73,29.73,0,586.48,27291.72,35040.76,0,7749.040000000001,249.9196322402696
BAT-001302,2025-03,5,PLT-05,LATAM,FRM-02,PRD-02,Polymers,0.7694,0.919,28.77,26.44,26.44,0,902.98,36799.25,54198.95,0,17399.699999999997,376.10411539798406
BAT-001303,2025-03,5,PLT-06,APAC,FRM-06,PRD-06,Coatings,0.8148,0.8862,32.73,29.0,29.0,0,1454.61,65183.34,98935.67,0,33752.33,536.9372043996336
BAT-001304,2025-03,5,PLT-04,EMEA,FRM-08,PRD-08,Surfactants,0.8828,0.9653,41.79,40.34,40.34,0,1062.69,60139.57,87994.55,0,27854.980000000003,376.3999736779133
BAT-001305,2025-03,5,PLT-05,LATAM,FRM-05,PRD-05,Coatings,0.7784,0.8436,15.83,13.36,13.36,0,1340.05,30634.07,38960.13,0,8326.059999999998,595.1407770056853
BAT-001306,2025-03,5,PLT-05,LATAM,FRM-06,PRD-06,Coatings,0.8137,0.862,9.66,8.32,8.32,0,1454.61,19253.75,27532.88,0,8279.130000000001,538.5318219461699
BAT-001307,2025-03,5,PLT-02,AMER,FRM-11,PRD-11,Polymers,0.7548,0.9299,33.89,31.51,31.51,0,741.26,35310.41,53318.67,0,18008.259999999995,300.6523635290648
BAT-001308,2025-03,5,PLT-02,AMER,FRM-07,PRD-07,Catalysts,0.8059,0.8488,3.9,3.31,3.31,0,15166.45,83584.75,119031.24,0,35446.490000000005,6265.537179487179
BAT-001309,2025-03,5,PLT-06,APAC,FRM-12,PRD-12,Solvents,0.8557,0.9921,63.19,62.69,62.69,0,619.72,54394.77,86667.44,0,32272.670000000006,241.09294508624782
BAT-001310,2025-03,5,PLT-03,APAC,FRM-03,PRD-03,Solvents,0.6653,0.9875,44.02,43.47,43.47,0,562.51,35266.62,57996.51,0,22729.89,238.63993184915944
BAT-001311,2025-03,5,PLT-05,LATAM,FRM-12,PRD-12,Solvents,0.7459,0.9468,27.74,26.27,26.27,0,619.72,25016.0,38218.71,0,13202.71,282.082451333814
BAT-001312,2025-03,5,PLT-03,APAC,FRM-05,PRD-05,Coatings,0.6308,0.8622,25.46,21.95,21.95,0,1340.05,49592.35,66261.84,0,16669.489999999998,607.8034956794972
BAT-001313,2025-03,5,PLT-04,EMEA,FRM-01,PRD-01,Polymers,0.8759,0.9125,68.42,62.43,62.43,0,770.49,73603.54,110937.08,0,37333.54000000001,305.2705963168662
BAT-001314,2025-03,5,PLT-03,APAC,FRM-05,PRD-05,Coatings,0.6121,0.8208,36.76,30.17,30.17,0,1340.05,70379.81,89345.57,0,18965.76000000001,574.5258977149076
BAT-001315,2025-03,5,PLT-06,APAC,FRM-05,PRD-05,Coatings,0.8258,0.8458,27.66,23.4,23.4,0,1340.05,49924.14,73222.41,0,23298.270000000004,464.87190889370936
BAT-001316,2025-03,5,PLT-03,APAC,FRM-07,PRD-07,Catalysts,0.6449,0.8398,3.18,2.67,2.67,0,15166.45,71253.47,95020.7,0,23767.229999999996,7240.301572327044
BAT-001317,2025-03,5,PLT-01,EMEA,FRM-04,PRD-04,Agrochem,0.8906,0.8863,89.68,79.48,79.48,0,553.94,69253.86,91062.68,0,21808.819999999992,218.2930508474575
BAT-001318,2025-03,5,PLT-01,EMEA,FRM-11,PRD-11,Polymers,0.8443,0.9087,55.49,50.42,50.42,0,741.26,56804.02,83062.63,0,26258.610000000008,282.42030275725347
BAT-001319,2025-03,5,PLT-02,AMER,FRM-10,PRD-10,Agrochem,0.7722,0.9086,52.12,47.35,47.35,0,586.48,43648.39,56151.88,0,12503.489999999998,250.97951650038374
BAT-001320,2025-03,5,PLT-06,APAC,FRM-07,PRD-07,Catalysts,0.8488,0.8553,2.62,2.24,2.24,0,15166.45,53722.23,83688.15,0,29965.91999999999,5338.217938931299
BAT-001321,2025-04,6,PLT-02,AMER,FRM-03,PRD-03,Solvents,0.8132,0.9137,107.63,98.34,98.34,0,561.05,83928.41,133102.1,0,49173.69,218.73639784446732
BAT-001322,2025-04,6,PLT-04,EMEA,FRM-02,PRD-02,Polymers,0.8176,0.9337,60.9,56.86,56.86,0,900.63,76210.88,108067.66,0,31856.78,350.78018062397393
BAT-001323,2025-04,6,PLT-01,EMEA,FRM-03,PRD-03,Solvents,0.9136,0.919,80.1,73.61,73.61,0,561.05,59294.57,94008.07,0,34713.50000000001,179.20680399500634
BAT-001324,2025-04,6,PLT-01,EMEA,FRM-03,PRD-03,Solvents,0.8185,0.995,31.1,30.95,30.95,0,561.05,24831.15,39965.76,0,15134.61,237.3792604501608
BAT-001325,2025-04,6,PLT-03,APAC,FRM-11,PRD-11,Polymers,0.6081,0.903,70.98,64.09,64.09,0,739.33,77212.25,101146.97,0,23934.72,348.47290222597906
BAT-001326,2025-04,6,PLT-05,LATAM,FRM-06,PRD-06,Coatings,0.8193,0.8936,27.71,24.76,24.76,0,1450.84,55834.57,84902.21,0,29067.640000000007,564.1210249007579
BAT-001327,2025-04,6,PLT-06,APAC,FRM-04,PRD-04,Agrochem,0.8,0.9438,30.02,28.33,28.33,0,552.5,23087.24,33862.95,0,10775.709999999995,216.5619586942039
BAT-001328,2025-04,6,PLT-05,LATAM,FRM-04,PRD-04,Agrochem,0.83,0.9269,61.93,57.41,57.41,0,552.5,46557.86,64957.74,0,18399.879999999997,199.28201194897463
BAT-001329,2025-04,6,PLT-06,APAC,FRM-02,PRD-02,Polymers,0.8214,0.909,42.56,38.69,0.0,1,900.63,52887.0,0.0,0,-52887.0,342.01567669172925
BAT-001330,2025-04,6,PLT-05,LATAM,FRM-05,PRD-05,Coatings,0.8458,0.9068,10.65,9.66,9.66,0,1336.57,19269.8,28254.05,0,8984.25,472.8008920187792
BAT-001331,2025-04,6,PLT-05,LATAM,FRM-06,PRD-06,Coatings,0.7913,0.9152,15.27,13.98,13.98,0,1450.84,31684.94,48145.65,0,16460.710000000003,624.1396987557303
BAT-001332,2025-04,6,PLT-06,APAC,FRM-02,PRD-02,Polymers,0.8431,0.9532,52.85,50.37,50.37,0,900.63,64556.92,102181.67,0,37624.75,320.8822043519393
BAT-001333,2025-04,6,PLT-06,APAC,FRM-03,PRD-03,Solvents,0.8775,0.9524,33.08,31.51,31.51,0,561.05,25543.87,41642.28,0,16098.41,211.13470374848862
BAT-001334,2025-04,6,PLT-02,AMER,FRM-12,PRD-12,Solvents,0.8813,0.9522,54.47,51.87,51.87,0,618.11,46315.34,72062.47,0,25747.130000000005,232.18080227648238
BAT-001335,2025-04,6,PLT-04,EMEA,FRM-12,PRD-12,Solvents,0.8557,0.9594,56.51,54.22,54.22,0,618.11,47110.6,80165.33,0,33054.73,215.55837727835785
BAT-001336,2025-04,6,PLT-04,EMEA,FRM-08,PRD-08,Surfactants,0.8775,0.931,53.27,49.59,49.59,0,1059.93,77247.54,118703.93,0,41456.39,390.18338464426483
BAT-001337,2025-04,6,PLT-06,APAC,FRM-06,PRD-06,Coatings,0.8046,0.9249,31.49,29.12,29.12,0,1450.84,63589.27,96960.3,0,33371.030000000006,568.5080469990473
BAT-001338,2025-04,6,PLT-04,EMEA,FRM-02,PRD-02,Polymers,0.8626,0.9435,49.35,46.56,46.56,0,900.63,62174.95,96082.4,0,33907.45,359.2474062816615
BAT-001339,2025-04,6,PLT-01,EMEA,FRM-06,PRD-06,Coatings,0.9391,0.9316,34.26,31.91,31.91,0,1450.84,67999.2,106611.66,0,38612.46000000001,533.958598949212
BAT-001340,2025-04,6,PLT-03,APAC,FRM-10,PRD-10,Agrochem,0.6827,0.8616,32.47,27.98,27.98,0,584.95,27307.36,33258.08,0,5950.720000000001,256.052771789344
BAT-001341,2025-04,6,PLT-01,EMEA,FRM-10,PRD-10,Agrochem,0.868,0.9271,43.43,40.27,40.27,0,584.95,34993.31,46784.39,0,11791.080000000002,220.7905019571724
BAT-001342,2025-04,6,PLT-01,EMEA,FRM-03,PRD-03,Solvents,0.8369,0.9239,61.89,57.19,57.19,0,561.05,48592.7,73640.97,0,25048.270000000004,224.09622717724994
BAT-001343,2025-04,6,PLT-06,APAC,FRM-09,PRD-09,Specialty,0.8496,0.8029,34.92,28.04,28.04,0,1632.34,77865.35,74233.8,0,-3631.550000000003,597.4810194730815
BAT-001344,2025-04,6,PLT-01,EMEA,FRM-12,PRD-12,Solvents,0.7882,0.9263,37.06,34.33,34.33,0,618.11,32522.22,47989.43,0,15467.21,259.44585536967077
BAT-001345,2025-04,6,PLT-04,EMEA,FRM-06,PRD-06,Coatings,0.7682,0.8551,17.73,15.16,15.16,0,1450.84,37283.1,52834.74,0,15551.64,651.9857191201352
BAT-001346,2025-04,6,PLT-02,AMER,FRM-09,PRD-09,Specialty,0.7994,0.8259,51.34,42.4,0.0,1,1632.34,110877.57,0.0,0,-110877.57,527.3321854304638
BAT-001347,2025-04,6,PLT-05,LATAM,FRM-10,PRD-10,Agrochem,0.7502,0.9016,50.78,45.78,45.78,0,584.95,41123.59,54789.84,0,13666.25,224.88832217408412
BAT-001348,2025-04,6,PLT-03,APAC,FRM-07,PRD-07,Catalysts,0.623,0.8392,3.01,2.53,2.53,0,15127.06,66852.67,92888.79,0,26036.119999999995,7083.129368770764
BAT-001349,2025-04,6,PLT-05,LATAM,FRM-12,PRD-12,Solvents,0.8096,0.9398,25.07,23.56,23.56,0,618.11,20978.86,32915.7,0,11936.839999999997,218.70132828081375
BAT-001350,2025-04,6,PLT-02,AMER,FRM-12,PRD-12,Solvents,0.8919,0.9875,68.22,67.37,67.37,0,618.11,57462.32,95694.83,0,38232.51,224.1990002931692
BAT-001351,2025-04,6,PLT-05,LATAM,FRM-12,PRD-12,Solvents,0.7899,0.9618,36.86,35.45,35.45,0,618.11,32116.12,51859.02,0,19742.899999999998,253.19005425935973
BAT-001352,2025-04,6,PLT-01,EMEA,FRM-04,PRD-04,Agrochem,0.8537,0.8729,82.78,72.26,72.26,0,552.5,64812.51,87749.17,0,22936.659999999996,230.4489007006523
BAT-001353,2025-04,6,PLT-01,EMEA,FRM-03,PRD-03,Solvents,0.8271,0.9515,31.57,30.04,30.04,0,561.05,24210.73,40855.21,0,16644.48,205.84040228064623
BAT-001354,2025-04,6,PLT-03,APAC,FRM-03,PRD-03,Solvents,0.6919,0.9577,39.14,37.49,0.0,1,561.05,32068.72,0.0,0,-32068.72,258.2836739908023
BAT-001355,2025-04,6,PLT-05,LATAM,FRM-02,PRD-02,Polymers,0.8072,0.9248,39.89,36.89,36.89,0,900.63,48981.48,72855.0,0,23873.519999999997,327.28376284783155
BAT-001356,2025-04,6,PLT-03,APAC,FRM-11,PRD-11,Polymers,0.7106,0.8788,39.0,34.28,34.28,0,739.33,39972.12,58627.12,0,18655.0,285.5961538461539
BAT-001357,2025-04,6,PLT-06,APAC,FRM-10,PRD-10,Agrochem,0.8308,0.9092,48.24,43.86,43.86,0,584.95,38622.81,54171.02,0,15548.21,215.68868159203964
BAT-001358,2025-04,6,PLT-06,APAC,FRM-10,PRD-10,Agrochem,0.8439,0.9665,43.59,42.13,42.13,0,584.95,34245.26,52501.38,0,18256.119999999995,200.67193163569618
BAT-001359,2025-04,6,PLT-04,EMEA,FRM-07,PRD-07,Catalysts,0.9075,0.8611,2.36,2.03,2.03,0,15127.06,49678.88,73974.86,0,24295.980000000003,5923.312881355932
BAT-001360,2025-04,6,PLT-02,AMER,FRM-02,PRD-02,Polymers,0.8626,0.9142,70.88,64.8,64.8,0,900.63,89951.09,130539.06,0,40587.97,368.43165349887147
BAT-001361,2025-04,6,PLT-01,EMEA,FRM-09,PRD-09,Specialty,0.84,0.826,39.35,32.5,32.5,0,1632.34,85410.46,85366.91,0,-43.55000000000291,538.1926556543838
BAT-001362,2025-04,6,PLT-06,APAC,FRM-09,PRD-09,Specialty,0.8506,0.8582,42.98,36.88,36.88,0,1632.34,94122.38,100040.51,0,5918.12999999999,557.5711214518385
BAT-001363,2025-04,6,PLT-01,EMEA,FRM-06,PRD-06,Coatings,0.8804,0.9333,16.41,15.31,15.31,0,1450.84,31837.48,53728.74,0,21891.26,489.28675198049973
BAT-001364,2025-04,6,PLT-06,APAC,FRM-10,PRD-10,Agrochem,0.8247,0.9097,45.97,41.82,41.82,0,584.95,36267.93,53255.29,0,16987.36,203.99779203828587
BAT-001365,2025-04,6,PLT-01,EMEA,FRM-06,PRD-06,Coatings,0.8475,0.8973,33.16,29.76,29.76,0,1450.84,66160.32,96622.76,0,30462.439999999988,544.3445597104951
BAT-001366,2025-04,6,PLT-05,LATAM,FRM-09,PRD-09,Specialty,0.8171,0.8347,30.01,25.05,25.05,0,1632.34,66187.11,62307.28,0,-3879.8300000000017,573.1618327224257
BAT-001367,2025-04,6,PLT-02,AMER,FRM-02,PRD-02,Polymers,0.8793,0.9361,77.19,72.26,72.26,0,900.63,96244.7,136520.26,0,40275.56000000001,346.2245148335277
BAT-001368,2025-04,6,PLT-02,AMER,FRM-01,PRD-01,Polymers,0.9201,0.9544,40.56,38.71,38.71,0,768.49,43248.48,66206.68,0,22958.19999999999,297.79402366863906
BAT-001369,2025-04,6,PLT-04,EMEA,FRM-09,PRD-09,Specialty,0.8882,0.8314,46.88,38.97,38.97,0,1632.34,100294.11,96282.97,0,-4011.1399999999994,507.03947952218437
BAT-001370,2025-04,6,PLT-05,LATAM,FRM-04,PRD-04,Agrochem,0.8219,0.8445,64.62,54.57,54.57,0,552.5,49944.76,64929.03,0,14984.269999999997,220.39941194676567
BAT-001371,2025-04,6,PLT-02,AMER,FRM-07,PRD-07,Catalysts,0.8028,0.8859,4.1,3.63,3.63,0,15127.06,88560.49,133511.36,0,44950.86999999998,6473.059512195125
BAT-001372,2025-04,6,PLT-04,EMEA,FRM-01,PRD-01,Polymers,0.8907,0.9579,56.67,54.28,54.28,0,768.49,60535.77,94175.78,0,33640.01,299.7254579142402
BAT-001373,2025-04,6,PLT-01,EMEA,FRM-09,PRD-09,Specialty,0.8782,0.8349,38.42,32.08,32.08,0,1632.34,85177.57,79296.42,0,-5881.150000000009,584.6711920874548
BAT-001374,2025-04,6,PLT-03,APAC,FRM-07,PRD-07,Catalysts,0.6742,0.8597,1.46,1.25,1.25,0,15127.06,32208.25,45074.88,0,12866.629999999997,6933.385205479453
BAT-001375,2025-04,6,PLT-04,EMEA,FRM-04,PRD-04,Agrochem,0.8578,0.8831,60.71,53.61,53.61,0,552.5,46201.45,62297.39,0,16095.940000000002,208.5187777960797
BAT-001376,2025-04,6,PLT-04,EMEA,FRM-05,PRD-05,Coatings,0.9,0.8843,43.28,38.27,38.27,0,1336.57,78135.75,109058.45,0,30922.699999999997,468.78466728280955
BAT-001377,2025-04,6,PLT-02,AMER,FRM-02,PRD-02,Polymers,0.8928,0.9385,34.17,32.07,32.07,0,900.63,41869.05,66251.86,0,24382.809999999998,324.6860667251975
BAT-001378,2025-04,6,PLT-02,AMER,FRM-02,PRD-02,Polymers,0.833,0.9183,34.26,31.46,31.46,0,900.63,41968.83,59208.96,0,17240.129999999997,324.3796322241682
BAT-001379,2025-04,6,PLT-02,AMER,FRM-03,PRD-03,Solvents,0.8147,0.995,97.92,97.43,97.43,0,561.05,77938.37,126726.86,0,48788.490000000005,234.88923611111113
BAT-001380,2025-04,6,PLT-03,APAC,FRM-05,PRD-05,Coatings,0.6318,0.8534,12.37,10.56,10.56,0,1336.57,24799.17,30367.26,0,5568.09,668.2133468067907
BAT-001381,2025-04,6,PLT-05,LATAM,FRM-02,PRD-02,Polymers,0.7764,0.8387,22.34,18.74,18.74,0,900.63,27683.79,35625.02,0,7941.229999999996,338.572775290958
BAT-001382,2025-04,6,PLT-02,AMER,FRM-12,PRD-12,Solvents,0.8489,0.9755,91.2,88.97,88.97,0,618.11,79932.2,127114.12,0,47181.92,258.3395614035087
BAT-001383,2025-04,6,PLT-04,EMEA,FRM-03,PRD-03,Solvents,0.8977,0.9753,51.02,49.76,49.76,0,561.05,38413.3,62326.24,0,23912.939999999995,191.85670325362605
BAT-001384,2025-04,6,PLT-04,EMEA,FRM-05,PRD-05,Coatings,0.8749,0.861,42.74,36.8,36.8,0,1336.57,77658.06,110733.1,0,33075.04000000001,480.4178334113242
BAT-001385,2025-04,6,PLT-03,APAC,FRM-02,PRD-02,Polymers,0.7024,0.8755,52.31,45.8,0.0,1,900.63,68485.45,0.0,0,-68485.45,408.592901930797
BAT-001386,2025-04,6,PLT-05,LATAM,FRM-04,PRD-04,Agrochem,0.7813,0.9298,69.97,65.06,65.06,0,552.5,55018.02,79450.1,0,24432.08000000001,233.80870373017
BAT-001387,2025-04,6,PLT-04,EMEA,FRM-06,PRD-06,Coatings,0.8633,0.8341,22.29,18.59,18.59,0,1450.84,45574.03,63482.62,0,17908.590000000004,593.7553342305969
BAT-001388,2025-04,6,PLT-03,APAC,FRM-11,PRD-11,Polymers,0.6725,0.9267,60.53,56.09,56.09,0,739.33,65399.1,92741.17,0,27342.07,341.1111035849991
BAT-001389,2025-04,6,PLT-05,LATAM,FRM-01,PRD-01,Polymers,0.7509,0.9698,55.45,53.78,53.78,0,768.49,61931.52,94711.72,0,32780.200000000004,348.3994499549142
BAT-001390,2025-04,6,PLT-05,LATAM,FRM-06,PRD-06,Coatings,0.8474,0.8991,15.16,13.63,13.63,0,1450.84,30625.63,45588.86,0,14963.23,569.3202902374671
BAT-001391,2025-04,6,PLT-02,AMER,FRM-02,PRD-02,Polymers,0.8314,0.9567,39.94,38.21,38.21,0,900.63,50452.82,72471.46,0,22018.640000000007,362.5853229844769
BAT-001392,2025-04,6,PLT-06,APAC,FRM-09,PRD-09,Specialty,0.8745,0.8459,15.51,13.12,13.12,0,1632.34,34093.38,32667.3,0,-1426.079999999998,565.8147388781429
BAT-001393,2025-04,6,PLT-04,EMEA,FRM-08,PRD-08,Surfactants,0.8807,0.9177,59.16,54.29,54.29,0,1059.93,83998.89,122329.15,0,38330.259999999995,359.92953346855984
BAT-001394,2025-04,6,PLT-06,APAC,FRM-03,PRD-03,Solvents,0.8037,0.9353,39.55,36.99,36.99,0,561.05,30221.77,49086.01,0,18864.24,203.09083438685218
BAT-001395,2025-04,6,PLT-03,APAC,FRM-12,PRD-12,Solvents,0.6232,0.8939,55.57,49.67,49.67,0,618.11,50858.53,71217.69,0,20359.160000000003,297.1055839481735
BAT-001396,2025-04,6,PLT-06,APAC,FRM-11,PRD-11,Polymers,0.8785,0.8943,29.12,26.04,26.04,0,739.33,29802.7,44369.64,0,14566.939999999999,284.1143681318681
BAT-001397,2025-04,6,PLT-01,EMEA,FRM-03,PRD-03,Solvents,0.8934,0.9742,60.27,58.72,58.72,0,561.05,46866.76,79796.36,0,32929.6,216.563406338145
BAT-001398,2025-04,6,PLT-01,EMEA,FRM-04,PRD-04,Agrochem,0.923,0.8585,45.04,38.66,38.66,0,552.5,33275.2,47586.29,0,14311.090000000004,186.29218472468915
BAT-001399,2025-04,6,PLT-03,APAC,FRM-05,PRD-05,Coatings,0.6996,0.8615,34.85,30.03,30.03,0,1336.57,68647.46,85983.16,0,17335.699999999997,633.2279913916789
BAT-001400,2025-04,6,PLT-03,APAC,FRM-07,PRD-07,Catalysts,0.6163,0.8493,2.96,2.51,2.51,0,15127.06,65301.36,91410.71,0,26109.350000000006,6934.2102702702705
BAT-001401,2025-04,6,PLT-03,APAC,FRM-06,PRD-06,Coatings,0.6876,0.8661,33.41,28.93,0.0,1,1450.84,70755.36,0.0,0,-70755.36,666.9498832684828
BAT-001402,2025-04,6,PLT-04,EMEA,FRM-03,PRD-03,Solvents,0.9115,0.995,86.68,86.24,86.24,0,561.05,67119.34,114184.16,0,47064.82000000001,213.2847946469774
BAT-001403,2025-04,6,PLT-03,APAC,FRM-06,PRD-06,Coatings,0.6076,0.8401,14.47,12.15,12.15,0,1450.84,31194.88,40001.4,0,8806.52,704.9913752591567
BAT-001404,2025-04,6,PLT-01,EMEA,FRM-12,PRD-12,Solvents,0.8613,0.9515,33.23,31.62,31.62,0,618.11,29065.15,43045.95,0,13980.799999999996,256.5559644899189
BAT-001405,2025-04,6,PLT-06,APAC,FRM-09,PRD-09,Specialty,0.8367,0.8243,28.89,23.82,23.82,0,1632.34,64338.24,64472.59,0,134.34999999999854,594.667268951194
BAT-001406,2025-04,6,PLT-03,APAC,FRM-11,PRD-11,Polymers,0.6431,0.8981,55.19,49.57,49.57,0,739.33,60545.5,80481.61,0,19936.11,357.7075067947093
BAT-001407,2025-04,6,PLT-03,APAC,FRM-05,PRD-05,Coatings,0.7222,0.8757,13.38,11.72,11.72,0,1336.57,25259.57,35414.69,0,10155.120000000003,551.2902391629298
BAT-001408,2025-04,6,PLT-05,LATAM,FRM-07,PRD-07,Catalysts,0.8636,0.8727,2.14,1.87,1.87,0,15127.06,44847.5,69699.61,0,24852.11,5829.715700934577
BAT-001409,2025-04,6,PLT-02,AMER,FRM-07,PRD-07,Catalysts,0.8349,0.8922,2.16,1.93,1.93,0,15127.06,45276.07,71444.37,0,26168.299999999996,5834.083518518519
BAT-001410,2025-04,6,PLT-04,EMEA,FRM-10,PRD-10,Agrochem,0.8849,0.9055,86.15,78.0,78.0,0,584.95,67488.31,91238.03,0,23749.72,198.43142774230978
BAT-001411,2025-04,6,PLT-05,LATAM,FRM-02,PRD-02,Polymers,0.7724,0.9837,45.02,44.29,44.29,0,900.63,56506.91,87345.98,0,30839.069999999992,354.52126610395374
BAT-001412,2025-04,6,PLT-05,LATAM,FRM-10,PRD-10,Agrochem,0.8185,0.8937,66.12,59.09,59.09,0,584.95,52733.24,71127.74,0,18394.500000000007,212.5884150030247
BAT-001413,2025-04,6,PLT-02,AMER,FRM-11,PRD-11,Polymers,0.8749,0.9369,67.06,62.83,62.83,0,739.33,69102.19,106592.15,0,37489.95999999999,291.12317626006563
BAT-001414,2025-04,6,PLT-06,APAC,FRM-07,PRD-07,Catalysts,0.7953,0.8561,2.88,2.46,0.0,1,15127.06,62232.89,0.0,0,-62232.89,6481.582361111114
BAT-001415,2025-04,6,PLT-04,EMEA,FRM-02,PRD-02,Polymers,0.9166,0.9032,57.49,51.92,0.0,1,900.63,69975.94,0.0,0,-69975.94,316.5545538354496
BAT-001416,2025-04,6,PLT-03,APAC,FRM-03,PRD-03,Solvents,0.6166,0.9186,77.33,71.04,71.04,0,561.05,61573.64,93314.78,0,31741.14,235.19518298202513
BAT-001417,2025-04,6,PLT-03,APAC,FRM-01,PRD-01,Polymers,0.5928,0.9403,26.73,25.14,0.0,1,768.49,30322.81,0.0,0,-30322.81,365.9211485222597
BAT-001418,2025-04,6,PLT-01,EMEA,FRM-05,PRD-05,Coatings,0.8097,0.8809,19.25,16.96,16.96,0,1336.57,35955.94,51284.31,0,15328.369999999995,531.271038961039
BAT-001419,2025-04,6,PLT-05,LATAM,FRM-11,PRD-11,Polymers,0.8261,0.9621,30.36,29.2,29.2,0,739.33,31970.92,49159.55,0,17188.630000000005,313.73060606060596
BAT-001420,2025-04,6,PLT-03,APAC,FRM-05,PRD-05,Coatings,0.5831,0.8465,36.1,30.56,30.56,0,1336.57,72394.09,93531.85,0,21137.76000000001,668.8064542936288
BAT-001421,2025-04,6,PLT-02,AMER,FRM-03,PRD-03,Solvents,0.848,0.995,109.81,109.26,109.26,0,561.05,85051.81,147507.72,0,62455.91,213.48610782260266
BAT-001422,2025-04,6,PLT-04,EMEA,FRM-03,PRD-03,Solvents,0.8678,0.9312,67.63,62.98,62.98,0,561.05,53578.67,84950.14,0,31371.47,231.18229336093452
BAT-001423,2025-04,6,PLT-04,EMEA,FRM-01,PRD-01,Polymers,0.9069,0.9948,52.7,52.42,52.42,0,768.49,54786.42,86900.89,0,32114.47,271.10051233396575
BAT-001424,2025-04,6,PLT-06,APAC,FRM-05,PRD-05,Coatings,0.8748,0.8724,22.73,19.83,19.83,0,1336.57,41831.56,57607.22,0,15775.660000000003,503.79779586449627
BAT-001425,2025-04,6,PLT-01,EMEA,FRM-02,PRD-02,Polymers,0.8557,0.8894,44.02,39.15,39.15,0,900.63,54914.38,78132.28,0,23217.9,346.8570513402998
BAT-001426,2025-04,6,PLT-04,EMEA,FRM-10,PRD-10,Agrochem,0.8241,0.9393,81.67,76.71,76.71,0,584.95,67202.19,94754.08,0,27551.89,237.90037345414464
BAT-001427,2025-04,6,PLT-03,APAC,FRM-04,PRD-04,Agrochem,0.6231,0.8713,77.85,67.82,67.82,0,552.5,61200.15,78420.78,0,17220.629999999997,233.62909441233148
BAT-001428,2025-04,6,PLT-06,APAC,FRM-09,PRD-09,Specialty,0.8766,0.8081,30.82,24.91,24.91,0,1632.34,65929.08,66400.28,0,471.1999999999971,506.82547696301094
BAT-001429,2025-04,6,PLT-02,AMER,FRM-03,PRD-03,Solvents,0.8586,0.995,62.3,61.99,61.99,0,561.05,49012.43,80013.18,0,31000.749999999993,225.66637239165334
BAT-001430,2025-04,6,PLT-01,EMEA,FRM-09,PRD-09,Specialty,0.8783,0.8037,31.19,25.07,0.0,1,1632.34,65911.68,0.0,0,-65911.68,480.89116383456235
BAT-001431,2025-04,6,PLT-03,APAC,FRM-10,PRD-10,Agrochem,0.5838,0.8967,75.22,67.44,67.44,0,584.95,64403.4,78891.9,0,14488.499999999993,271.250478596118
BAT-001432,2025-04,6,PLT-02,AMER,FRM-08,PRD-08,Surfactants,0.8758,0.8886,43.2,38.38,38.38,0,1059.93,62417.83,91465.84,0,29048.009999999995,384.9271759259259
BAT-001433,2025-04,6,PLT-01,EMEA,FRM-02,PRD-02,Polymers,0.9043,0.9089,35.45,32.22,32.22,0,900.63,44417.13,62771.58,0,18354.450000000004,352.32148095909713
BAT-001434,2025-04,6,PLT-04,EMEA,FRM-11,PRD-11,Polymers,0.8721,0.8994,69.37,62.39,62.39,0,739.33,69008.6,103303.0,0,34294.399999999994,255.4602551535246
BAT-001435,2025-04,6,PLT-05,LATAM,FRM-12,PRD-12,Solvents,0.8098,0.9492,33.06,31.38,31.38,0,618.11,28878.05,46581.03,0,17702.98,255.39423472474277
BAT-001436,2025-04,6,PLT-03,APAC,FRM-03,PRD-03,Solvents,0.6976,0.8949,56.28,50.37,50.37,0,561.05,45489.63,64673.86,0,19184.230000000003,247.2234541577825
BAT-001437,2025-04,6,PLT-03,APAC,FRM-03,PRD-03,Solvents,0.6613,0.9328,83.69,78.06,78.06,0,561.05,67946.38,103573.28,0,35626.899999999994,250.83170629704875
BAT-001438,2025-04,6,PLT-03,APAC,FRM-11,PRD-11,Polymers,0.6719,0.892,24.31,21.69,21.69,0,739.33,26026.75,35298.92,0,9272.169999999998,331.2890867955574
BAT-001439,2025-04,6,PLT-04,EMEA,FRM-10,PRD-10,Agrochem,0.8809,0.9299,97.15,90.34,90.34,0,584.95,76979.85,113357.8,0,36377.95,207.43136901698404
BAT-001440,2025-04,6,PLT-05,LATAM,FRM-08,PRD-08,Surfactants,0.7989,0.9401,14.95,14.05,14.05,0,1059.93,22602.86,32048.29,0,9445.43,451.9669899665553
BAT-001441,2025-04,6,PLT-05,LATAM,FRM-10,PRD-10,Agrochem,0.9194,0.9166,32.13,29.45,29.45,0,584.95,24689.66,36457.72,0,11768.060000000001,183.4801276065981
BAT-001442,2025-04,6,PLT-06,APAC,FRM-10,PRD-10,Agrochem,0.7695,0.9029,29.67,26.79,26.79,0,584.95,24437.01,33986.3,0,9549.290000000005,238.67689585439825
BAT-001443,2025-04,6,PLT-02,AMER,FRM-07,PRD-07,Catalysts,0.7938,0.8768,4.03,3.54,3.54,0,15127.06,85043.49,129508.9,0,44465.40999999999,5975.5429776674955
BAT-001444,2025-04,6,PLT-03,APAC,FRM-09,PRD-09,Specialty,0.6601,0.8207,15.17,12.45,0.0,1,1632.34,35561.72,0.0,0,-35561.72,711.8735794330917
BAT-001445,2025-04,6,PLT-04,EMEA,FRM-07,PRD-07,Catalysts,0.8969,0.9077,3.33,3.02,0.0,1,15127.06,67299.23,0.0,0,-67299.23,5082.918978978976
BAT-001446,2025-04,6,PLT-01,EMEA,FRM-06,PRD-06,Coatings,0.8426,0.8791,34.87,30.66,30.66,0,1450.84,71236.94,103038.87,0,31801.929999999993,592.0891654717525
BAT-001447,2025-04,6,PLT-06,APAC,FRM-10,PRD-10,Agrochem,0.7945,0.9366,74.41,69.69,69.69,0,584.95,62049.33,88807.99,0,26758.660000000003,248.93428974600192
BAT-001448,2025-04,6,PLT-05,LATAM,FRM-02,PRD-02,Polymers,0.812,0.9362,20.75,19.43,19.43,0,900.63,26164.67,36807.11,0,10642.440000000002,360.3179518072287
BAT-001449,2025-04,6,PLT-02,AMER,FRM-04,PRD-04,Agrochem,0.7592,0.933,43.62,40.7,40.7,0,552.5,33512.12,48479.53,0,14967.409999999996,215.77418615314082
BAT-001450,2025-04,6,PLT-06,APAC,FRM-10,PRD-10,Agrochem,0.8359,0.9305,67.76,63.05,63.05,0,584.95,53246.79,77120.06,0,23873.269999999997,200.86449232585585
BAT-001451,2025-04,6,PLT-04,EMEA,FRM-08,PRD-08,Surfactants,0.8593,0.9873,37.75,37.27,37.27,0,1059.93,54274.29,88693.02,0,34418.73,377.7995364238411
BAT-001452,2025-04,6,PLT-06,APAC,FRM-10,PRD-10,Agrochem,0.7806,0.9238,61.93,57.21,57.21,0,584.95,51844.89,69042.09,0,17197.199999999997,252.2030760536088
BAT-001453,2025-04,6,PLT-05,LATAM,FRM-07,PRD-07,Catalysts,0.7687,0.8868,0.82,0.72,0.72,0,15127.06,17403.3,26293.72,0,8890.420000000002,6096.4765853658555
BAT-001454,2025-04,6,PLT-03,APAC,FRM-01,PRD-01,Polymers,0.6394,0.9799,28.54,27.96,27.96,0,768.49,31400.52,47067.02,0,15666.499999999996,331.7384512964261
BAT-001455,2025-04,6,PLT-04,EMEA,FRM-10,PRD-10,Agrochem,0.9101,0.93,58.56,54.46,54.46,0,584.95,45259.68,69333.16,0,24073.480000000003,187.9270491803278
BAT-001456,2025-04,6,PLT-06,APAC,FRM-06,PRD-06,Coatings,0.8932,0.9204,30.09,27.7,27.7,0,1450.84,57839.54,93399.38,0,35559.840000000004,471.3780126287804
BAT-001457,2025-04,6,PLT-03,APAC,FRM-12,PRD-12,Solvents,0.6562,0.9583,56.48,54.12,54.12,0,618.11,50471.53,76838.08,0,26366.550000000003,275.50774079320115
BAT-001458,2025-04,6,PLT-06,APAC,FRM-12,PRD-12,Solvents,0.833,0.9447,48.89,46.18,46.18,0,618.11,42120.42,68615.27,0,26494.850000000006,243.4244651257925
BAT-001459,2025-04,6,PLT-05,LATAM,FRM-04,PRD-04,Agrochem,0.7872,0.8999,68.34,61.5,61.5,0,552.5,53688.73,71988.31,0,18299.579999999994,233.11208662569504
BAT-001460,2025-04,6,PLT-04,EMEA,FRM-05,PRD-05,Coatings,0.9193,0.9047,39.7,35.91,35.91,0,1336.57,71031.73,105541.33,0,34509.600000000006,452.64234256926943
BAT-001461,2025-04,6,PLT-01,EMEA,FRM-05,PRD-05,Coatings,0.8332,0.8548,40.47,34.59,34.59,0,1336.57,75689.75,106725.91,0,31036.160000000003,533.6980998270326
BAT-001462,2025-04,6,PLT-02,AMER,FRM-09,PRD-09,Specialty,0.8057,0.7855,33.39,26.23,26.23,0,1632.34,72344.98,68222.42,0,-4122.559999999998,534.3260676849357
BAT-001463,2025-04,6,PLT-06,APAC,FRM-10,PRD-10,Agrochem,0.7871,0.8864,38.64,34.25,34.25,0,584.95,31493.34,41142.43,0,9649.09,230.09503105590056
BAT-001464,2025-04,6,PLT-01,EMEA,FRM-01,PRD-01,Polymers,0.8377,0.9424,41.82,39.41,39.41,0,768.49,45388.22,67770.03,0,22381.809999999998,316.83329029172637
BAT-001465,2025-04,6,PLT-06,APAC,FRM-09,PRD-09,Specialty,0.8062,0.7992,29.34,23.45,0.0,1,1632.34,65396.12,0.0,0,-65396.12,596.566612133606
BAT-001466,2025-04,6,PLT-03,APAC,FRM-02,PRD-02,Polymers,0.6257,0.8805,52.98,46.65,46.65,0,900.63,68155.82,90146.75,0,21990.929999999993,385.8143186107967
BAT-001467,2025-04,6,PLT-02,AMER,FRM-12,PRD-12,Solvents,0.8579,0.9434,45.73,43.14,43.14,0,618.11,37773.14,60530.53,0,22757.39,207.89349879728843
BAT-001468,2025-04,6,PLT-04,EMEA,FRM-01,PRD-01,Polymers,0.8115,0.9429,66.81,62.99,62.99,0,768.49,70513.73,108319.92,0,37806.19,286.94676096392755
BAT-001469,2025-04,6,PLT-06,APAC,FRM-10,PRD-10,Agrochem,0.8156,0.9283,39.42,36.6,36.6,0,584.95,32788.82,46899.23,0,14110.410000000003,246.8313292744799
BAT-001470,2025-04,6,PLT-06,APAC,FRM-05,PRD-05,Coatings,0.8118,0.9111,31.58,28.77,28.77,0,1336.57,57845.55,86710.8,0,28865.25,495.1446928435721
BAT-001471,2025-04,6,PLT-04,EMEA,FRM-10,PRD-10,Agrochem,0.8688,0.8498,97.88,83.17,83.17,0,584.95,77578.58,104910.58,0,27332.0,207.6386800163466
BAT-001472,2025-04,6,PLT-02,AMER,FRM-09,PRD-09,Specialty,0.7679,0.8168,51.07,41.72,41.72,0,1632.34,110564.32,106583.13,0,-3981.1900000000023,532.6163344429217
BAT-001473,2025-04,6,PLT-04,EMEA,FRM-05,PRD-05,Coatings,0.8023,0.9004,38.01,34.22,0.0,1,1336.57,70430.12,0.0,0,-70430.12,516.3665956327284
BAT-001474,2025-04,6,PLT-05,LATAM,FRM-10,PRD-10,Agrochem,0.8551,0.8681,31.32,27.19,27.19,0,584.95,24630.18,32714.19,0,8084.009999999998,201.45421455938697
BAT-001475,2025-04,6,PLT-04,EMEA,FRM-07,PRD-07,Catalysts,0.8364,0.8775,1.62,1.43,1.43,0,15127.06,33421.78,52045.4,0,18623.620000000003,5503.668395061728
BAT-001476,2025-04,6,PLT-05,LATAM,FRM-03,PRD-03,Solvents,0.8074,0.978,24.52,23.98,23.98,0,561.05,18689.04,30333.79,0,11644.75,201.1457585644373
BAT-001477,2025-04,6,PLT-04,EMEA,FRM-05,PRD-05,Coatings,0.8445,0.9085,35.09,31.88,31.88,0,1336.57,66237.7,94354.11,0,28116.410000000003,551.0817526360784
BAT-001478,2025-04,6,PLT-03,APAC,FRM-08,PRD-08,Surfactants,0.6486,0.894,46.67,41.73,41.73,0,1059.93,73311.39,97693.11,0,24381.72,510.91615384615375
BAT-001479,2025-04,6,PLT-02,AMER,FRM-12,PRD-12,Solvents,0.8528,0.9473,51.68,48.95,48.95,0,618.11,44580.36,69997.84,0,25417.479999999996,244.51306501547992
BAT-001480,2025-04,6,PLT-01,EMEA,FRM-09,PRD-09,Specialty,0.7874,0.8171,37.53,30.66,30.66,0,1632.34,81988.98,76265.83,0,-5723.149999999994,552.2850999200639
BAT-001481,2025-04,6,PLT-05,LATAM,FRM-06,PRD-06,Coatings,0.7975,0.9037,21.98,19.87,19.87,0,1450.84,43870.02,69142.38,0,25272.360000000008,545.0662784349408
BAT-001482,2025-04,6,PLT-02,AMER,FRM-02,PRD-02,Polymers,0.8379,0.9544,32.38,30.9,30.9,0,900.63,39543.67,63944.34,0,24400.67,320.6074922791846
BAT-001483,2025-04,6,PLT-05,LATAM,FRM-01,PRD-01,Polymers,0.8407,0.9462,30.03,28.41,28.41,0,768.49,31960.56,51772.61,0,19812.05,295.79771228771233
BAT-001484,2025-04,6,PLT-05,LATAM,FRM-04,PRD-04,Agrochem,0.8342,0.9622,71.28,68.58,68.58,0,552.5,56075.78,80974.03,0,24898.25,234.1972502805836
BAT-001485,2025-04,6,PLT-05,LATAM,FRM-12,PRD-12,Solvents,0.7769,0.8882,32.64,28.99,28.99,0,618.11,27937.16,41986.64,0,14049.48,237.80789215686275
BAT-001486,2025-04,6,PLT-03,APAC,FRM-12,PRD-12,Solvents,0.622,0.9483,28.55,27.07,27.07,0,618.11,25861.47,38019.51,0,12158.04,287.720823117338
BAT-001487,2025-04,6,PLT-01,EMEA,FRM-02,PRD-02,Polymers,0.9018,0.8696,65.7,57.13,57.13,0,900.63,82006.39,107400.96,0,25394.570000000007,347.5646727549466
BAT-001488,2025-04,6,PLT-02,AMER,FRM-01,PRD-01,Polymers,0.7923,0.9355,83.16,77.8,77.8,0,768.49,89894.93,133146.79,0,43251.860000000015,312.49761423761424
BAT-001489,2025-04,6,PLT-03,APAC,FRM-05,PRD-05,Coatings,0.6935,0.8448,11.95,10.09,10.09,0,1336.57,23201.49,30992.02,0,7790.529999999999,604.9772803347284
BAT-001490,2025-04,6,PLT-06,APAC,FRM-03,PRD-03,Solvents,0.8594,0.9936,29.21,29.02,29.02,0,561.05,22414.45,36768.29,0,14353.84,206.30535775419378
BAT-001491,2025-04,6,PLT-01,EMEA,FRM-03,PRD-03,Solvents,0.8712,0.9263,32.69,30.29,30.29,0,561.05,25243.67,39977.56,0,14733.89,211.16382685836652
BAT-001492,2025-04,6,PLT-04,EMEA,FRM-04,PRD-04,Agrochem,0.931,0.8954,98.12,87.86,87.86,0,552.5,71567.39,98045.36,0,26477.97,176.88636363636363
BAT-001493,2025-04,6,PLT-01,EMEA,FRM-08,PRD-08,Surfactants,0.9004,0.9254,21.97,20.33,20.33,0,1059.93,32255.05,46414.19,0,14159.140000000003,408.21064633591254
BAT-001494,2025-04,6,PLT-05,LATAM,FRM-11,PRD-11,Polymers,0.7437,0.9206,28.27,26.02,26.02,0,739.33,29037.19,42146.44,0,13109.250000000004,287.8079554297841
BAT-001495,2025-04,6,PLT-05,LATAM,FRM-04,PRD-04,Agrochem,0.7912,0.9242,53.61,49.54,49.54,0,552.5,41627.2,57293.92,0,15666.720000000001,223.98199962693525
BAT-001496,2025-04,6,PLT-05,LATAM,FRM-09,PRD-09,Specialty,0.8173,0.8213,20.97,17.22,17.22,0,1632.34,47090.64,44659.38,0,-2431.260000000002,613.2794563662376
BAT-001497,2025-04,6,PLT-04,EMEA,FRM-09,PRD-09,Specialty,0.9092,0.8011,23.6,18.91,18.91,0,1632.34,51900.2,46954.36,0,-4945.8399999999965,566.8210169491524
BAT-001498,2025-04,6,PLT-01,EMEA,FRM-05,PRD-05,Coatings,0.8787,0.8498,13.56,11.52,11.52,0,1336.57,24566.3,33063.55,0,8497.250000000004,475.10404129793505
BAT-001499,2025-04,6,PLT-05,LATAM,FRM-07,PRD-07,Catalysts,0.8315,0.8719,1.39,1.21,1.21,0,15127.06,29393.88,45692.72,0,16298.84,6019.616258992808
BAT-001500,2025-04,6,PLT-04,EMEA,FRM-01,PRD-01,Polymers,0.8981,0.9887,45.61,45.1,45.1,0,768.49,47875.78,79451.28,0,31575.5,281.1872637579479
BAT-001501,2025-04,6,PLT-03,APAC,FRM-10,PRD-10,Agrochem,0.6213,0.8351,69.74,58.24,58.24,0,584.95,57900.96,72650.76,0,14749.799999999996,245.29032119300257
BAT-001502,2025-04,6,PLT-01,EMEA,FRM-02,PRD-02,Polymers,0.9188,0.9315,56.51,52.64,52.64,0,900.63,67098.71,105944.1,0,38845.39,286.74763227747314
BAT-001503,2025-04,6,PLT-06,APAC,FRM-08,PRD-08,Surfactants,0.7932,0.9137,36.73,33.56,33.56,0,1059.93,54553.06,78228.65,0,23675.589999999997,425.31530356656685
BAT-001504,2025-04,6,PLT-02,AMER,FRM-11,PRD-11,Polymers,0.8234,0.9438,64.6,60.97,60.97,0,739.33,66033.87,105050.49,0,39016.62000000001,282.86613003095977
BAT-001505,2025-04,6,PLT-05,LATAM,FRM-01,PRD-01,Polymers,0.7488,0.951,31.02,29.5,29.5,0,768.49,33656.35,50214.42,0,16558.07,316.4987169568021
BAT-001506,2025-04,6,PLT-01,EMEA,FRM-11,PRD-11,Polymers,0.9212,0.9409,72.53,68.24,68.24,0,739.33,70944.48,107308.37,0,36363.89,238.80980421894378
BAT-001507,2025-04,6,PLT-04,EMEA,FRM-09,PRD-09,Specialty,0.8821,0.8207,40.35,33.12,33.12,0,1632.34,89291.42,89772.35,0,480.93000000000757,580.5824287484509
BAT-001508,2025-04,6,PLT-03,APAC,FRM-08,PRD-08,Surfactants,0.6197,0.9069,41.63,37.76,37.76,0,1059.93,62777.96,87403.41,0,24625.450000000004,448.0680783089117
BAT-001509,2025-04,6,PLT-04,EMEA,FRM-02,PRD-02,Polymers,0.9012,0.9186,36.24,33.29,33.29,0,900.63,45618.03,62993.06,0,17375.03,358.1456622516556
BAT-001510,2025-04,6,PLT-01,EMEA,FRM-09,PRD-09,Specialty,0.8709,0.7861,24.8,19.49,19.49,0,1632.34,54536.24,51948.91,0,-2587.3299999999945,566.701935483871
BAT-001511,2025-04,6,PLT-01,EMEA,FRM-10,PRD-10,Agrochem,0.8497,0.8931,57.16,51.05,51.05,0,584.95,46511.92,64184.0,0,17672.08,228.7644856543037
BAT-001512,2025-04,6,PLT-04,EMEA,FRM-03,PRD-03,Solvents,0.8422,0.9555,60.58,57.88,57.88,0,561.05,47504.5,76104.35,0,28599.850000000006,223.11143941895023
BAT-001513,2025-04,6,PLT-01,EMEA,FRM-04,PRD-04,Agrochem,0.8585,0.9223,76.57,70.62,70.62,0,552.5,59719.02,81605.6,0,21886.58000000001,227.4271255060729
BAT-001514,2025-04,6,PLT-04,EMEA,FRM-11,PRD-11,Polymers,0.9311,0.8802,74.03,65.16,65.16,0,739.33,72007.95,108882.03,0,36874.08,233.356073213562
BAT-001515,2025-04,6,PLT-03,APAC,FRM-12,PRD-12,Solvents,0.7089,0.9835,46.63,45.86,45.86,0,618.11,40283.07,66435.6,0,26152.530000000006,245.77741153763668
BAT-001516,2025-04,6,PLT-05,LATAM,FRM-10,PRD-10,Agrochem,0.8307,0.8851,55.52,49.14,49.14,0,584.95,45861.88,59105.98,0,13244.100000000006,241.0925072046108
BAT-001517,2025-04,6,PLT-05,LATAM,FRM-03,PRD-03,Solvents,0.8427,0.9476,42.85,40.6,40.6,0,561.05,33718.2,53158.63,0,19440.43,225.8391481913652
BAT-001518,2025-04,6,PLT-05,LATAM,FRM-02,PRD-02,Polymers,0.7898,0.8914,34.83,31.05,31.05,0,900.63,42697.46,59807.35,0,17109.89,325.251711168533
BAT-001519,2025-04,6,PLT-03,APAC,FRM-04,PRD-04,Agrochem,0.6362,0.8496,39.31,33.4,33.4,0,552.5,30807.88,40316.9,0,9509.02,231.21610277283128
BAT-001520,2025-04,6,PLT-02,AMER,FRM-02,PRD-02,Polymers,0.8167,0.9095,79.44,72.25,72.25,0,900.63,98187.42,138701.2,0,40513.78000000001,335.3647129909365
BAT-001521,2025-04,6,PLT-05,LATAM,FRM-02,PRD-02,Polymers,0.8242,0.9073,35.22,31.95,31.95,0,900.63,42756.39,62415.73,0,19659.340000000004,313.35040885860315
BAT-001522,2025-04,6,PLT-04,EMEA,FRM-01,PRD-01,Polymers,0.9065,0.976,72.35,70.62,70.62,0,768.49,75159.88,126392.5,0,51232.619999999995,270.34731859018666
BAT-001523,2025-04,6,PLT-06,APAC,FRM-10,PRD-10,Agrochem,0.8686,0.9133,59.3,54.16,54.16,0,584.95,46525.06,67770.44,0,21245.380000000005,199.620994940978
BAT-001524,2025-04,6,PLT-04,EMEA,FRM-07,PRD-07,Catalysts,0.9044,0.8945,1.53,1.37,1.37,0,15127.06,32442.82,51397.96,0,18955.14,6077.39751633987
BAT-001525,2025-04,6,PLT-05,LATAM,FRM-11,PRD-11,Polymers,0.8441,0.8939,51.94,46.43,46.43,0,739.33,51986.8,73811.88,0,21825.08,261.57103966114755
BAT-001526,2025-04,6,PLT-06,APAC,FRM-08,PRD-08,Surfactants,0.8294,0.932,25.28,23.56,23.56,0,1059.93,37501.82,53542.05,0,16040.230000000003,423.52806962025306
BAT-001527,2025-04,6,PLT-06,APAC,FRM-10,PRD-10,Agrochem,0.8814,0.8395,35.59,29.87,29.87,0,584.95,28805.79,35215.99,0,6410.199999999997,224.42875807811174
BAT-001528,2025-04,6,PLT-05,LATAM,FRM-11,PRD-11,Polymers,0.7671,0.9314,54.47,50.74,50.74,0,739.33,56264.17,81427.05,0,25162.880000000005,293.60868184321646
BAT-001529,2025-04,6,PLT-03,APAC,FRM-01,PRD-01,Polymers,0.6697,0.8807,52.87,46.56,46.56,0,768.49,59685.29,85205.02,0,25519.730000000003,360.41656326839416
BAT-001530,2025-04,6,PLT-06,APAC,FRM-05,PRD-05,Coatings,0.83,0.8813,13.84,12.2,12.2,0,1336.57,25870.37,34905.79,0,9035.420000000002,532.6763872832371
BAT-001531,2025-04,6,PLT-02,AMER,FRM-04,PRD-04,Agrochem,0.8808,0.9123,92.04,83.97,83.97,0,552.5,69463.03,99209.76,0,29746.729999999996,202.20480225988695
BAT-001532,2025-04,6,PLT-03,APAC,FRM-08,PRD-08,Surfactants,0.6749,0.9472,21.29,20.17,20.17,0,1059.93,32310.35,48017.37,0,15707.020000000004,457.700342883983
BAT-001533,2025-04,6,PLT-02,AMER,FRM-01,PRD-01,Polymers,0.8398,0.8939,67.57,60.4,60.4,0,768.49,70847.97,102486.94,0,31638.97,280.02220956045585
BAT-001534,2025-04,6,PLT-05,LATAM,FRM-12,PRD-12,Solvents,0.7212,0.995,62.09,61.78,61.78,0,618.11,53718.1,87644.71,0,33926.61000000001,247.05508294411334
BAT-001535,2025-04,6,PLT-06,APAC,FRM-01,PRD-01,Polymers,0.8655,0.995,50.36,50.11,50.11,0,768.49,54130.1,91483.26,0,37353.159999999996,306.3729864972199
BAT-001536,2025-04,6,PLT-01,EMEA,FRM-04,PRD-04,Agrochem,0.8462,0.9136,56.01,51.17,51.17,0,552.5,42107.75,62121.79,0,20014.04,199.2898589537583
BAT-001537,2025-04,6,PLT-04,EMEA,FRM-11,PRD-11,Polymers,0.8817,0.9298,50.26,46.74,46.74,0,739.33,50328.38,73189.78,0,22861.4,262.03052526860324
BAT-001538,2025-04,6,PLT-03,APAC,FRM-05,PRD-05,Coatings,0.6417,0.8067,22.75,18.35,0.0,1,1336.57,43263.75,0.0,0,-43263.75,565.1332967032968
BAT-001539,2025-04,6,PLT-06,APAC,FRM-11,PRD-11,Polymers,0.8543,0.9153,38.98,35.68,35.68,0,739.33,39466.35,55950.36,0,16484.010000000002,273.14691123653154
BAT-001540,2025-04,6,PLT-06,APAC,FRM-11,PRD-11,Polymers,0.89,0.982,37.14,36.47,36.47,0,739.33,37187.58,61734.44,0,24546.86,261.951098546042
BAT-001541,2025-05,7,PLT-02,AMER,FRM-10,PRD-10,Agrochem,0.8929,0.988,95.48,94.33,94.33,0,580.36,74818.96,116331.65,0,41512.68999999999,203.24871386677842
BAT-001542,2025-05,7,PLT-01,EMEA,FRM-02,PRD-02,Polymers,0.9052,0.8846,20.76,18.37,18.37,0,893.56,25017.18,35241.22,0,10224.04,311.5064739884392
BAT-001543,2025-05,7,PLT-05,LATAM,FRM-11,PRD-11,Polymers,0.8071,0.9498,45.41,43.13,43.13,0,733.53,45928.84,68613.11,0,22684.270000000004,277.89567716362035
BAT-001544,2025-05,7,PLT-05,LATAM,FRM-04,PRD-04,Agrochem,0.8125,0.8759,67.13,58.8,58.8,0,548.16,51913.11,66027.76,0,14114.649999999994,225.16206167138398
BAT-001545,2025-05,7,PLT-01,EMEA,FRM-03,PRD-03,Solvents,0.8256,0.995,91.45,90.99,90.99,0,556.64,70398.87,118032.96,0,47634.09000000001,213.16721705850182
BAT-001546,2025-05,7,PLT-01,EMEA,FRM-12,PRD-12,Solvents,0.8879,0.9363,37.84,35.43,35.43,0,613.26,32210.32,52292.8,0,20082.480000000003,237.96410147991537
BAT-001547,2025-05,7,PLT-03,APAC,FRM-07,PRD-07,Catalysts,0.6642,0.8877,2.7,2.4,2.4,0,15008.34,59635.71,85414.53,0,25778.82,7078.959999999999
BAT-001548,2025-05,7,PLT-04,EMEA,FRM-05,PRD-05,Coatings,0.8912,0.8625,28.22,24.35,24.35,0,1326.08,52591.15,74075.3,0,21484.15,537.5326860382709
BAT-001549,2025-05,7,PLT-05,LATAM,FRM-03,PRD-03,Solvents,0.8092,0.9939,24.85,24.7,24.7,0,556.64,19880.49,33573.59,0,13693.099999999995,243.3797183098592
BAT-001550,2025-05,7,PLT-04,EMEA,FRM-12,PRD-12,Solvents,0.8951,0.9302,74.63,69.42,69.42,0,613.26,62297.94,98262.93,0,35964.98999999999,221.49733619187998
BAT-001551,2025-05,7,PLT-05,LATAM,FRM-04,PRD-04,Agrochem,0.8665,0.8999,64.11,57.69,57.69,0,548.16,48958.42,70163.31,0,21204.89,215.50276711901415
BAT-001552,2025-05,7,PLT-05,LATAM,FRM-07,PRD-07,Catalysts,0.7595,0.8737,1.09,0.95,0.95,0,15008.34,22471.46,34463.84,0,11992.379999999997,5607.678348623849
BAT-001553,2025-05,7,PLT-01,EMEA,FRM-05,PRD-05,Coatings,0.8795,0.8671,25.93,22.48,22.48,0,1326.08,47458.0,68718.46,0,21260.460000000006,504.1552487466256
BAT-001554,2025-05,7,PLT-04,EMEA,FRM-09,PRD-09,Specialty,0.8346,0.7769,23.34,18.13,18.13,0,1619.53,50525.5,49087.85,0,-1437.6500000000015,545.2300685518424
BAT-001555,2025-05,7,PLT-05,LATAM,FRM-04,PRD-04,Agrochem,0.8053,0.8863,43.35,38.42,0.0,1,548.16,33073.86,0.0,0,-33073.86,214.78948096885813
BAT-001556,2025-05,7,PLT-03,APAC,FRM-09,PRD-09,Specialty,0.6227,0.809,34.28,27.73,27.73,0,1619.53,79769.96,71806.61,0,-7963.350000000006,707.4816686114352
BAT-001557,2025-05,7,PLT-02,AMER,FRM-09,PRD-09,Specialty,0.8587,0.811,30.8,24.98,24.98,0,1619.53,65409.9,66198.49,0,788.5900000000038,504.16805194805215
BAT-001558,2025-05,7,PLT-02,AMER,FRM-09,PRD-09,Specialty,0.8246,0.8332,56.75,47.28,47.28,0,1619.53,124271.25,128480.65,0,4209.399999999994,570.2717621145373
BAT-001559,2025-05,7,PLT-06,APAC,FRM-09,PRD-09,Specialty,0.8736,0.8289,42.62,35.32,35.32,0,1619.53,90064.21,94020.67,0,3956.459999999992,493.6612247771002
BAT-001560,2025-05,7,PLT-01,EMEA,FRM-07,PRD-07,Catalysts,0.8953,0.8282,2.74,2.27,2.27,0,15008.34,55293.67,80245.81,0,24952.14,5171.831532846714
BAT-001561,2025-05,7,PLT-04,EMEA,FRM-07,PRD-07,Catalysts,0.8739,0.9047,3.88,3.51,3.51,0,15008.34,82017.44,127381.07,0,45363.630000000005,6130.175463917527
BAT-001562,2025-05,7,PLT-01,EMEA,FRM-03,PRD-03,Solvents,0.8579,0.9371,47.07,44.11,44.11,0,556.64,35293.49,57907.32,0,22613.83,193.16858296154658
BAT-001563,2025-05,7,PLT-02,AMER,FRM-02,PRD-02,Polymers,0.8653,0.9041,45.0,40.68,40.68,0,893.56,55791.81,76694.31,0,20902.5,346.25800000000004
BAT-001564,2025-05,7,PLT-02,AMER,FRM-11,PRD-11,Polymers,0.8427,0.9635,92.35,88.98,88.98,0,733.53,92587.47,145230.24,0,52642.76999999999,269.0414131023282
BAT-001565,2025-05,7,PLT-01,EMEA,FRM-02,PRD-02,Polymers,0.8544,0.9087,61.91,56.26,0.0,1,893.56,76892.75,0.0,0,-76892.75,348.4485608140851
BAT-001566,2025-05,7,PLT-02,AMER,FRM-01,PRD-01,Polymers,0.7893,0.9609,41.09,39.48,0.0,1,762.46,43326.4,0.0,0,-43326.4,291.9668678510586
BAT-001567,2025-05,7,PLT-04,EMEA,FRM-05,PRD-05,Coatings,0.8912,0.874,45.41,39.69,39.69,0,1326.08,84228.41,122546.82,0,38318.41,528.7627659105926
BAT-001568,2025-05,7,PLT-01,EMEA,FRM-02,PRD-02,Polymers,0.858,0.9529,65.06,62.0,62.0,0,893.56,78504.23,125260.42,0,46756.19,313.0835597909622
BAT-001569,2025-05,7,PLT-03,APAC,FRM-06,PRD-06,Coatings,0.6867,0.8878,22.67,20.12,20.12,0,1439.45,47672.3,68989.08,0,21316.78,663.4304587560653
BAT-001570,2025-05,7,PLT-01,EMEA,FRM-06,PRD-06,Coatings,0.869,0.8992,29.67,26.68,26.68,0,1439.45,58166.1,85162.58,0,26996.480000000003,520.9847826086955
BAT-001571,2025-05,7,PLT-03,APAC,FRM-09,PRD-09,Specialty,0.6596,0.8475,14.66,12.43,0.0,1,1619.53,32377.2,0.0,0,-32377.2,589.0102455661665
BAT-001572,2025-05,7,PLT-05,LATAM,FRM-04,PRD-04,Agrochem,0.8052,0.9133,25.33,23.13,23.13,0,548.16,19587.14,26317.39,0,6730.25,225.11832609553892
BAT-001573,2025-05,7,PLT-05,LATAM,FRM-07,PRD-07,Catalysts,0.8248,0.895,2.68,2.4,2.4,0,15008.34,57078.62,89418.78,0,32340.159999999996,6289.652537313432
BAT-001574,2025-05,7,PLT-03,APAC,FRM-01,PRD-01,Polymers,0.6357,0.8887,33.48,29.75,29.75,0,762.46,36474.44,50914.5,0,14440.059999999998,326.9796654719237
BAT-001575,2025-05,7,PLT-04,EMEA,FRM-05,PRD-05,Coatings,0.8546,0.9052,33.54,30.36,30.36,0,1326.08,60252.87,92056.72,0,31803.85,470.36812164579624
BAT-001576,2025-05,7,PLT-04,EMEA,FRM-07,PRD-07,Catalysts,0.8663,0.8518,3.56,3.04,3.04,0,15008.34,74507.74,107899.85,0,33392.11,5920.800449438204
BAT-001577,2025-05,7,PLT-03,APAC,FRM-02,PRD-02,Polymers,0.6281,0.8557,49.47,42.33,42.33,0,893.56,65570.49,84710.36,0,19139.869999999995,431.89967252880547
BAT-001578,2025-05,7,PLT-06,APAC,FRM-11,PRD-11,Polymers,0.8406,0.9301,27.49,25.57,25.57,0,733.53,27731.32,43341.57,0,15610.25,275.248464896326
BAT-001579,2025-05,7,PLT-05,LATAM,FRM-01,PRD-01,Polymers,0.7892,0.9136,46.58,42.56,42.56,0,762.46,49982.13,76036.48,0,26054.35,310.57842851009013
BAT-001580,2025-05,7,PLT-01,EMEA,FRM-07,PRD-07,Catalysts,0.8707,0.8694,2.7,2.35,2.35,0,15008.34,56130.33,87486.82,0,31356.490000000005,5780.671111111111
BAT-001581,2025-05,7,PLT-03,APAC,FRM-06,PRD-06,Coatings,0.6391,0.8603,16.38,14.09,14.09,0,1439.45,33928.31,47531.36,0,13603.050000000003,631.8753968253966
BAT-001582,2025-05,7,PLT-02,AMER,FRM-03,PRD-03,Solvents,0.8927,0.9645,94.45,91.09,91.09,0,556.64,72312.81,123869.44,0,51556.630000000005,208.98001058761247
BAT-001583,2025-05,7,PLT-04,EMEA,FRM-03,PRD-03,Solvents,0.8821,0.9527,43.42,41.36,41.36,0,556.64,33272.83,55983.81,0,22710.979999999996,209.66193459235376
BAT-001584,2025-05,7,PLT-05,LATAM,FRM-08,PRD-08,Surfactants,0.8064,0.9185,37.15,34.13,34.13,0,1051.61,53842.94,79671.46,0,25828.520000000004,397.72889636608375
BAT-001585,2025-05,7,PLT-04,EMEA,FRM-01,PRD-01,Polymers,0.8697,0.9595,48.68,46.7,46.7,0,762.46,52339.79,85320.25,0,32980.46,312.720566967954
BAT-001586,2025-05,7,PLT-03,APAC,FRM-08,PRD-08,Surfactants,0.6517,0.9351,16.67,15.58,15.58,0,1051.61,25046.51,37358.89,0,12312.380000000001,450.880101979604
BAT-001587,2025-05,7,PLT-02,AMER,FRM-09,PRD-09,Specialty,0.8621,0.8054,50.51,40.68,40.68,0,1619.53,106751.53,109161.44,0,2409.9100000000035,493.9431736289846
BAT-001588,2025-05,7,PLT-02,AMER,FRM-08,PRD-08,Surfactants,0.8923,0.9383,21.7,20.36,20.36,0,1051.61,31864.83,44874.36,0,13009.529999999999,416.81534562212005
BAT-001589,2025-05,7,PLT-05,LATAM,FRM-08,PRD-08,Surfactants,0.8461,0.9327,42.5,39.63,39.63,0,1051.61,63290.76,89548.34,0,26257.579999999994,437.5843529411766
BAT-001590,2025-05,7,PLT-05,LATAM,FRM-03,PRD-03,Solvents,0.7843,0.9718,64.54,62.72,62.72,0,556.64,50689.2,78467.11,0,27777.910000000003,228.75200495816534
BAT-001591,2025-05,7,PLT-04,EMEA,FRM-12,PRD-12,Solvents,0.878,0.9339,37.1,34.65,34.65,0,613.26,30395.91,50904.44,0,20508.530000000002,206.03676549865224
BAT-001592,2025-05,7,PLT-01,EMEA,FRM-06,PRD-06,Coatings,0.8506,0.8794,22.71,19.97,19.97,0,1439.45,43820.13,67738.54,0,23918.409999999996,490.10217965653874
BAT-001593,2025-05,7,PLT-04,EMEA,FRM-08,PRD-08,Surfactants,0.8957,0.9324,26.22,24.45,24.45,0,1051.61,38186.78,53863.62,0,15676.840000000004,404.78893211289096
BAT-001594,2025-05,7,PLT-05,LATAM,FRM-06,PRD-06,Coatings,0.8028,0.9176,10.51,9.64,9.64,0,1439.45,21388.12,33291.43,0,11903.310000000001,595.5756898192196
BAT-001595,2025-05,7,PLT-05,LATAM,FRM-04,PRD-04,Agrochem,0.7576,0.9214,31.78,29.28,29.28,0,548.16,25317.91,32825.17,0,7507.259999999998,248.5017369414726
BAT-001596,2025-05,7,PLT-06,APAC,FRM-04,PRD-04,Agrochem,0.8736,0.9157,44.17,40.45,40.45,0,548.16,32842.32,47601.13,0,14758.809999999998,195.38358161648182
BAT-001597,2025-05,7,PLT-03,APAC,FRM-10,PRD-10,Agrochem,0.747,0.868,30.38,26.37,26.37,0,580.36,25659.61,32485.56,0,6825.950000000001,264.2617906517446
BAT-001598,2025-05,7,PLT-03,APAC,FRM-05,PRD-05,Coatings,0.6421,0.8441,25.54,21.56,21.56,0,1326.08,49890.43,65243.06,0,15352.629999999997,627.3432576350824
BAT-001599,2025-05,7,PLT-06,APAC,FRM-08,PRD-08,Surfactants,0.8477,0.9293,52.61,48.89,48.89,0,1051.61,78555.73,110722.96,0,32167.23000000001,441.56107013875703
BAT-001600,2025-05,7,PLT-06,APAC,FRM-10,PRD-10,Agrochem,0.7954,0.8981,73.54,66.04,66.04,0,580.36,58813.84,78649.92,0,19836.08,219.39305955942336
BAT-001601,2025-05,7,PLT-04,EMEA,FRM-12,PRD-12,Solvents,0.8729,0.9237,87.14,80.49,80.49,0,613.26,71686.93,109485.33,0,37798.40000000001,209.40387422538436
BAT-001602,2025-05,7,PLT-06,APAC,FRM-12,PRD-12,Solvents,0.8688,0.9544,30.67,29.27,29.27,0,613.26,26333.95,42750.82,0,16416.87,245.36243234431038
BAT-001603,2025-05,7,PLT-01,EMEA,FRM-05,PRD-05,Coatings,0.9065,0.8932,39.51,35.29,35.29,0,1326.08,69742.28,104273.25,0,34530.97,439.1004606428753
BAT-001604,2025-05,7,PLT-05,LATAM,FRM-12,PRD-12,Solvents,0.7805,0.9475,21.46,20.33,20.33,0,613.26,18947.74,30010.12,0,11062.379999999997,269.6728984156571
BAT-001605,2025-05,7,PLT-05,LATAM,FRM-09,PRD-09,Specialty,0.8251,0.8276,11.42,9.45,9.45,0,1619.53,24843.47,23621.85,0,-1221.6200000000026,555.905201401051
BAT-001606,2025-05,7,PLT-04,EMEA,FRM-04,PRD-04,Agrochem,0.8353,0.939,64.92,60.96,60.96,0,548.16,49114.79,67912.89,0,18798.1,208.3832840418977
BAT-001607,2025-05,7,PLT-02,AMER,FRM-05,PRD-05,Coatings,0.7968,0.8672,32.18,27.91,27.91,0,1326.08,60744.01,80052.79,0,19308.77999999999,561.5523803604724
BAT-001608,2025-05,7,PLT-03,APAC,FRM-04,PRD-04,Agrochem,0.6266,0.868,83.73,72.67,72.67,0,548.16,66876.2,81729.64,0,14853.440000000002,250.55252836498266
BAT-001609,2025-05,7,PLT-02,AMER,FRM-02,PRD-02,Polymers,0.7972,0.9522,36.31,34.57,34.57,0,893.56,45138.6,65534.25,0,20395.65,349.5851390801431
BAT-001610,2025-05,7,PLT-01,EMEA,FRM-04,PRD-04,Agrochem,0.8371,0.9322,43.24,40.31,40.31,0,548.16,32144.0,44906.7,0,12762.699999999997,195.2257539315449
BAT-001611,2025-05,7,PLT-03,APAC,FRM-01,PRD-01,Polymers,0.668,0.9685,56.68,54.9,54.9,0,762.46,63755.48,93700.66,0,29945.18,362.37203952011305
BAT-001612,2025-05,7,PLT-06,APAC,FRM-12,PRD-12,Solvents,0.8293,0.961,83.31,80.06,80.06,0,613.26,69013.42,109992.87,0,40979.45,215.13299003721033
BAT-001613,2025-05,7,PLT-06,APAC,FRM-09,PRD-09,Specialty,0.8457,0.8631,17.82,15.38,0.0,1,1619.53,38652.76,0.0,0,-38652.76,549.5362177328846
BAT-001614,2025-05,7,PLT-03,APAC,FRM-04,PRD-04,Agrochem,0.6778,0.8776,73.72,64.7,64.7,0,548.16,59082.63,77736.47,0,18653.840000000004,253.28641888225718
BAT-001615,2025-05,7,PLT-05,LATAM,FRM-08,PRD-08,Surfactants,0.8634,0.9668,26.89,26.0,26.0,0,1051.61,39340.96,58591.95,0,19250.989999999998,411.42309780587584
BAT-001616,2025-05,7,PLT-06,APAC,FRM-06,PRD-06,Coatings,0.8215,0.9253,12.71,11.76,11.76,0,1439.45,25497.62,38832.49,0,13334.869999999999,566.6570023603458
BAT-001617,2025-05,7,PLT-01,EMEA,FRM-01,PRD-01,Polymers,0.8837,0.9064,43.51,39.44,39.44,0,762.46,46593.75,67598.41,0,21004.660000000003,308.4145116065272
BAT-001618,2025-05,7,PLT-04,EMEA,FRM-09,PRD-09,Specialty,0.9065,0.7879,28.79,22.68,22.68,0,1619.53,63179.71,60256.99,0,-2922.720000000001,574.9719103855507
BAT-001619,2025-05,7,PLT-05,LATAM,FRM-04,PRD-04,Agrochem,0.7868,0.9117,71.2,64.91,64.91,0,548.16,53784.51,78803.59,0,25019.079999999994,207.2404213483146
BAT-001620,2025-05,7,PLT-03,APAC,FRM-12,PRD-12,Solvents,0.5973,0.9613,81.45,78.29,78.29,0,613.26,74419.53,114991.06,0,40571.53,300.4236095764272
BAT-001621,2025-05,7,PLT-04,EMEA,FRM-11,PRD-11,Polymers,0.8029,0.9108,49.03,44.66,44.66,0,733.53,50550.64,75081.71,0,24531.070000000007,297.48448093004276
BAT-001622,2025-05,7,PLT-06,APAC,FRM-09,PRD-09,Specialty,0.8302,0.8145,25.65,20.89,20.89,0,1619.53,57241.84,52854.08,0,-4387.759999999995,612.1206822612087
BAT-001623,2025-05,7,PLT-01,EMEA,FRM-02,PRD-02,Polymers,0.9087,0.9551,54.29,51.85,51.85,0,893.56,67841.68,103013.57,0,35171.890000000014,356.0565039602136
BAT-001624,2025-05,7,PLT-06,APAC,FRM-08,PRD-08,Surfactants,0.8162,0.9249,22.63,20.93,20.93,0,1051.61,33633.7,47351.47,0,13717.770000000004,434.6339239946974
BAT-001625,2025-05,7,PLT-02,AMER,FRM-07,PRD-07,Catalysts,0.8371,0.8534,1.7,1.45,1.45,0,15008.34,34416.07,54586.95,0,20170.879999999997,5236.40705882353
BAT-001626,2025-05,7,PLT-05,LATAM,FRM-04,PRD-04,Agrochem,0.7953,0.8983,46.24,41.53,41.53,0,548.16,35883.21,46556.72,0,10673.510000000002,227.86097750865054
BAT-001627,2025-05,7,PLT-06,APAC,FRM-04,PRD-04,Agrochem,0.8176,0.9151,32.87,30.08,30.08,0,548.16,25384.12,35676.53,0,10292.41,224.09798600547617
BAT-001628,2025-05,7,PLT-01,EMEA,FRM-04,PRD-04,Agrochem,0.8398,0.916,53.99,49.46,49.46,0,548.16,42069.9,60250.9,0,18181.0,231.05652157807003
BAT-001629,2025-05,7,PLT-05,LATAM,FRM-08,PRD-08,Surfactants,0.7684,0.9285,22.25,20.66,20.66,0,1051.61,33560.17,47878.43,0,14318.260000000002,456.71224719101133
BAT-001630,2025-05,7,PLT-02,AMER,FRM-05,PRD-05,Coatings,0.8634,0.9729,48.37,47.06,0.0,1,1326.08,86721.7,0.0,0,-86721.7,466.8019516229069
BAT-001631,2025-05,7,PLT-03,APAC,FRM-07,PRD-07,Catalysts,0.6559,0.7867,1.92,1.51,1.51,0,15008.34,42033.07,53474.07,0,11441.0,6883.883958333336
BAT-001632,2025-05,7,PLT-02,AMER,FRM-04,PRD-04,Agrochem,0.8556,0.8766,82.53,72.35,72.35,0,548.16,64117.53,83235.79,0,19118.259999999995,228.7396728462378
BAT-001633,2025-05,7,PLT-06,APAC,FRM-04,PRD-04,Agrochem,0.8211,0.9142,37.69,34.46,34.46,0,548.16,28241.94,42268.34,0,14026.399999999998,201.1618360307774
BAT-001634,2025-05,7,PLT-04,EMEA,FRM-09,PRD-09,Specialty,0.8666,0.7598,44.29,33.65,0.0,1,1619.53,95998.79,0.0,0,-95998.79,547.9748543689318
BAT-001635,2025-05,7,PLT-05,LATAM,FRM-08,PRD-08,Surfactants,0.7882,0.8755,33.83,29.62,29.62,0,1051.61,49218.49,66034.59,0,16816.1,403.2670322199233
BAT-001636,2025-05,7,PLT-03,APAC,FRM-05,PRD-05,Coatings,0.6958,0.8806,13.62,12.0,12.0,0,1326.08,25754.88,34755.19,0,9000.310000000001,564.8803524229077
BAT-001637,2025-05,7,PLT-02,AMER,FRM-08,PRD-08,Surfactants,0.7828,0.9144,49.94,45.66,45.66,0,1051.61,72889.98,108495.03,0,35605.05,407.94106127352825
BAT-001638,2025-05,7,PLT-02,AMER,FRM-04,PRD-04,Agrochem,0.8444,0.9355,111.62,104.42,104.42,0,548.16,83517.2,127258.12,0,43740.92,200.06791614406018
BAT-001639,2025-05,7,PLT-06,APAC,FRM-05,PRD-05,Coatings,0.8244,0.9099,18.18,16.54,16.54,0,1326.08,33776.51,48228.53,0,14452.019999999997,531.8138393839386
BAT-001640,2025-05,7,PLT-02,AMER,FRM-01,PRD-01,Polymers,0.7873,0.9755,91.68,89.43,89.43,0,762.46,100007.41,156445.78,0,56438.369999999995,328.3712609075044
BAT-001641,2025-05,7,PLT-05,LATAM,FRM-09,PRD-09,Specialty,0.786,0.7971,31.22,24.89,0.0,1,1619.53,70266.58,0.0,0,-70266.58,631.1612235746318
BAT-001642,2025-05,7,PLT-04,EMEA,FRM-07,PRD-07,Catalysts,0.8654,0.8504,1.5,1.28,1.28,0,15008.34,30112.5,44986.12,0,14873.620000000003,5066.66
BAT-001643,2025-05,7,PLT-01,EMEA,FRM-07,PRD-07,Catalysts,0.8714,0.875,2.04,1.79,1.79,0,15008.34,40901.54,63783.62,0,22882.08,5041.434509803923
BAT-001644,2025-05,7,PLT-06,APAC,FRM-11,PRD-11,Polymers,0.8426,0.9505,65.48,62.24,62.24,0,733.53,64982.78,106829.99,0,41847.21000000001,258.8765363469761
BAT-001645,2025-05,7,PLT-05,LATAM,FRM-10,PRD-10,Agrochem,0.793,0.833,22.22,18.51,18.51,0,580.36,17766.42,23437.69,0,5671.27,219.20885688568853
BAT-001646,2025-05,7,PLT-06,APAC,FRM-05,PRD-05,Coatings,0.8453,0.882,13.65,12.04,12.04,0,1326.08,25763.76,37326.97,0,11563.210000000003,561.3749450549449
BAT-001647,2025-05,7,PLT-05,LATAM,FRM-01,PRD-01,Polymers,0.8526,0.995,33.15,32.98,32.98,0,762.46,34271.78,59609.24,0,25337.46,271.37951734539956
BAT-001648,2025-05,7,PLT-03,APAC,FRM-02,PRD-02,Polymers,0.6681,0.8461,50.85,43.02,43.02,0,893.56,64437.76,82404.29,0,17966.52999999999,373.6525860373649
BAT-001649,2025-05,7,PLT-04,EMEA,FRM-12,PRD-12,Solvents,0.8936,0.9832,31.38,30.85,30.85,0,613.26,25872.76,43963.81,0,18091.05,211.23840662842576
BAT-001650,2025-05,7,PLT-02,AMER,FRM-05,PRD-05,Coatings,0.8803,0.8827,28.29,24.98,24.98,0,1326.08,50297.07,76395.21,0,26098.140000000007,451.8298621420997
BAT-001651,2025-05,7,PLT-02,AMER,FRM-11,PRD-11,Polymers,0.8797,0.9856,55.45,54.65,54.65,0,733.53,55369.37,90429.41,0,35060.04,265.01589720468894
BAT-001652,2025-05,7,PLT-06,APAC,FRM-12,PRD-12,Solvents,0.7533,0.9404,83.93,78.92,78.92,0,613.26,74581.05,109465.24,0,34884.19,275.35015131657326
BAT-001653,2025-05,7,PLT-03,APAC,FRM-08,PRD-08,Surfactants,0.6448,0.8389,17.21,14.44,14.44,0,1051.61,26545.64,32518.4,0,5972.760000000002,490.84438698431154
BAT-001654,2025-05,7,PLT-02,AMER,FRM-09,PRD-09,Specialty,0.8205,0.857,24.55,21.04,21.04,0,1619.53,53252.66,56617.63,0,3364.969999999994,549.6211201629328
BAT-001655,2025-05,7,PLT-03,APAC,FRM-06,PRD-06,Coatings,0.613,0.881,23.87,21.03,21.03,0,1439.45,48951.76,68793.45,0,19841.689999999995,611.3149769585254
BAT-001656,2025-05,7,PLT-06,APAC,FRM-03,PRD-03,Solvents,0.8489,0.945,69.44,65.62,65.62,0,556.64,52538.22,90175.18,0,37636.95999999999,199.95879032258074
BAT-001657,2025-05,7,PLT-05,LATAM,FRM-12,PRD-12,Solvents,0.8242,0.9432,41.95,39.57,39.57,0,613.26,36841.92,54494.42,0,17652.5,264.97408820023827
BAT-001658,2025-05,7,PLT-03,APAC,FRM-07,PRD-07,Catalysts,0.6327,0.8699,2.02,1.75,1.75,0,15008.34,44048.45,60300.07,0,16251.620000000003,6797.823366336634
BAT-001659,2025-05,7,PLT-04,EMEA,FRM-08,PRD-08,Surfactants,0.8841,0.8922,36.65,32.69,32.69,0,1051.61,51477.97,76106.22,0,24628.25,352.97308321964556
BAT-001660,2025-05,7,PLT-02,AMER,FRM-10,PRD-10,Agrochem,0.8047,0.9389,112.28,105.42,105.42,0,580.36,88956.12,130572.13,0,41616.01000000001,211.91039543997147
BAT-001661,2025-05,7,PLT-01,EMEA,FRM-04,PRD-04,Agrochem,0.8323,0.8764,51.52,45.15,45.15,0,548.16,40247.82,54905.96,0,14658.14,233.04768633540368
BAT-001662,2025-05,7,PLT-06,APAC,FRM-12,PRD-12,Solvents,0.8296,0.9382,44.55,41.8,41.8,0,613.26,37181.46,57411.62,0,20230.160000000003,221.3406734006735
BAT-001663,2025-05,7,PLT-06,APAC,FRM-02,PRD-02,Polymers,0.7735,0.9487,40.11,38.06,38.06,0,893.56,50193.4,77687.86,0,27494.46,357.83366741460986
BAT-001664,2025-05,7,PLT-03,APAC,FRM-10,PRD-10,Agrochem,0.5981,0.8995,51.93,46.71,46.71,0,580.36,43957.18,58980.48,0,15023.300000000003,266.1098632774889
BAT-001665,2025-05,7,PLT-04,EMEA,FRM-11,PRD-11,Polymers,0.8431,0.9323,60.63,56.53,56.53,0,733.53,62358.86,89403.12,0,27044.259999999995,294.9849266039914
BAT-001666,2025-05,7,PLT-01,EMEA,FRM-06,PRD-06,Coatings,0.8708,0.9349,30.49,28.51,28.51,0,1439.45,58688.73,99752.36,0,41063.63,485.4017546736636
BAT-001667,2025-05,7,PLT-02,AMER,FRM-03,PRD-03,Solvents,0.843,0.9878,48.57,47.98,0.0,1,556.64,36583.46,0.0,0,-36583.46,196.57103561869462
BAT-001668,2025-05,7,PLT-03,APAC,FRM-05,PRD-05,Coatings,0.6979,0.8717,38.12,33.23,33.23,0,1326.08,71071.0,98974.23,0,27903.229999999996,538.3218887722983
BAT-001669,2025-05,7,PLT-04,EMEA,FRM-12,PRD-12,Solvents,0.8372,0.9441,100.82,95.19,95.19,0,613.26,84072.06,132764.47,0,48692.41,220.62276135687364
BAT-001670,2025-05,7,PLT-05,LATAM,FRM-02,PRD-02,Polymers,0.7738,0.8988,46.89,42.15,42.15,0,893.56,60439.5,86859.8,0,26420.300000000003,395.40353166986574
BAT-001671,2025-05,7,PLT-01,EMEA,FRM-08,PRD-08,Surfactants,0.9182,0.9731,29.52,28.72,28.72,0,1051.61,43212.76,62438.45,0,19225.689999999995,412.2368834688348
BAT-001672,2025-05,7,PLT-04,EMEA,FRM-02,PRD-02,Polymers,0.8989,0.8948,59.63,53.36,53.36,0,893.56,73508.83,107481.88,0,33973.05,339.189119570686
BAT-001673,2025-05,7,PLT-03,APAC,FRM-02,PRD-02,Polymers,0.6432,0.8853,58.75,52.01,52.01,0,893.56,74355.59,103087.78,0,28732.190000000002,372.06706382978723
BAT-001674,2025-05,7,PLT-03,APAC,FRM-12,PRD-12,Solvents,0.6592,0.8774,53.62,47.05,47.05,0,613.26,47834.67,65031.19,0,17196.520000000004,278.8449981350243
BAT-001675,2025-05,7,PLT-04,EMEA,FRM-07,PRD-07,Catalysts,0.866,0.8624,2.36,2.03,2.03,0,15008.34,48587.04,71865.87,0,23278.829999999994,5579.388813559322
BAT-001676,2025-05,7,PLT-04,EMEA,FRM-05,PRD-05,Coatings,0.9202,0.8582,24.02,20.62,20.62,0,1326.08,44474.2,63021.16,0,18546.960000000006,525.468709408826
BAT-001677,2025-05,7,PLT-01,EMEA,FRM-02,PRD-02,Polymers,0.8141,0.935,60.09,56.19,56.19,0,893.56,74977.14,110856.89,0,35879.75,354.18737893160255
BAT-001678,2025-05,7,PLT-01,EMEA,FRM-02,PRD-02,Polymers,0.857,0.8631,53.32,46.02,46.02,0,893.56,65267.66,88298.49,0,23030.83,330.51464366091545
BAT-001679,2025-05,7,PLT-05,LATAM,FRM-12,PRD-12,Solvents,0.7465,0.9588,48.19,46.2,46.2,0,613.26,41256.85,64872.94,0,23616.090000000004,242.86886490973234
BAT-001680,2025-05,7,PLT-05,LATAM,FRM-09,PRD-09,Specialty,0.8009,0.8274,33.96,28.1,28.1,0,1619.53,74968.11,75389.13,0,421.0200000000041,588.0115194346288
BAT-001681,2025-05,7,PLT-05,LATAM,FRM-02,PRD-02,Polymers,0.8329,0.895,25.0,22.38,22.38,0,893.56,30387.01,44210.28,0,13823.27,321.9204
BAT-001682,2025-05,7,PLT-06,APAC,FRM-06,PRD-06,Coatings,0.8455,0.8569,35.01,30.0,30.0,0,1439.45,71617.88,95692.94,0,24075.059999999998,606.1906740931165
BAT-001683,2025-05,7,PLT-01,EMEA,FRM-02,PRD-02,Polymers,0.8553,0.8794,49.7,43.71,43.71,0,893.56,60705.98,86109.85,0,25403.870000000003,327.88828973843056
BAT-001684,2025-05,7,PLT-04,EMEA,FRM-03,PRD-03,Solvents,0.9041,0.9226,96.49,89.02,89.02,0,556.64,75299.62,120159.54,0,44859.92,223.747812208519
BAT-001685,2025-05,7,PLT-01,EMEA,FRM-04,PRD-04,Agrochem,0.792,0.8739,41.9,36.61,36.61,0,548.16,32540.9,42095.64,0,9554.739999999998,228.47245823389028
BAT-001686,2025-05,7,PLT-05,LATAM,FRM-06,PRD-06,Coatings,0.7611,0.909,18.8,17.09,17.09,0,1439.45,37599.25,56828.41,0,19229.160000000003,560.5101063829786
BAT-001687,2025-05,7,PLT-01,EMEA,FRM-03,PRD-03,Solvents,0.8721,0.9585,79.51,76.21,0.0,1,556.64,61057.14,0.0,0,-61057.14,211.2777461954471
BAT-001688,2025-05,7,PLT-05,LATAM,FRM-09,PRD-09,Specialty,0.7574,0.8463,20.92,17.7,17.7,0,1619.53,47353.51,43688.81,0,-3664.7000000000044,644.022103250478
BAT-001689,2025-05,7,PLT-04,EMEA,FRM-06,PRD-06,Coatings,0.9009,0.845,41.8,35.32,35.32,0,1439.45,83306.1,113943.24,0,30637.14,553.5188995215312
BAT-001690,2025-05,7,PLT-06,APAC,FRM-09,PRD-09,Specialty,0.8693,0.7705,41.16,31.71,31.71,0,1619.53,88037.9,82361.9,0,-5676.0,519.3888532555882
BAT-001691,2025-05,7,PLT-01,EMEA,FRM-06,PRD-06,Coatings,0.9034,0.9028,14.77,13.33,13.33,0,1439.45,28752.02,44541.97,0,15789.95,507.19996614759657
BAT-001692,2025-05,7,PLT-04,EMEA,FRM-03,PRD-03,Solvents,0.9236,0.9695,83.98,81.42,81.42,0,556.64,64057.71,111228.42,0,47170.71,206.1333984281972
BAT-001693,2025-05,7,PLT-05,LATAM,FRM-11,PRD-11,Polymers,0.8001,0.929,21.11,19.61,19.61,0,733.53,21132.21,32894.38,0,11762.169999999998,267.5221080056846
BAT-001694,2025-05,7,PLT-03,APAC,FRM-03,PRD-03,Solvents,0.6354,0.9483,66.45,63.02,63.02,0,556.64,52897.78,82514.48,0,29616.699999999997,239.4138750940557
BAT-001695,2025-05,7,PLT-04,EMEA,FRM-06,PRD-06,Coatings,0.9063,0.9074,41.87,37.99,37.99,0,1439.45,82917.09,125295.93,0,42378.84,540.8960711726772
BAT-001696,2025-05,7,PLT-04,EMEA,FRM-08,PRD-08,Surfactants,0.8878,0.9343,20.83,19.46,19.46,0,1051.61,29963.07,44956.23,0,14993.160000000003,386.8475132021126
BAT-001697,2025-05,7,PLT-04,EMEA,FRM-12,PRD-12,Solvents,0.8931,0.9376,90.02,84.41,84.41,0,613.26,76743.17,114286.99,0,37543.82000000001,239.25244167962683
BAT-001698,2025-05,7,PLT-01,EMEA,FRM-03,PRD-03,Solvents,0.871,0.9478,49.58,47.0,47.0,0,556.64,37334.78,62411.6,0,25076.82,196.38097620008068
BAT-001699,2025-05,7,PLT-02,AMER,FRM-04,PRD-04,Agrochem,0.8152,0.929,109.39,101.62,101.62,0,548.16,82467.25,115539.79,0,33072.53999999999,205.722896059969
BAT-001700,2025-05,7,PLT-02,AMER,FRM-06,PRD-06,Coatings,0.8244,0.8746,37.57,32.86,32.86,0,1439.45,75911.69,111373.17,0,35461.479999999996,581.0900585573595
BAT-001701,2025-05,7,PLT-05,LATAM,FRM-03,PRD-03,Solvents,0.7706,0.995,54.72,54.45,54.45,0,556.64,44012.41,69587.53,0,25575.119999999995,247.68035818713463
BAT-001702,2025-05,7,PLT-02,AMER,FRM-07,PRD-07,Catalysts,0.8236,0.8737,2.66,2.32,2.32,0,15008.34,56111.19,84453.0,0,28341.809999999998,6086.0923308270685
BAT-001703,2025-05,7,PLT-04,EMEA,FRM-01,PRD-01,Polymers,0.8481,0.9531,47.68,45.44,45.44,0,762.46,51463.12,78104.37,0,26641.249999999993,316.88395973154365
BAT-001704,2025-05,7,PLT-03,APAC,FRM-09,PRD-09,Specialty,0.669,0.7674,15.36,11.78,0.0,1,1619.53,34914.06,0.0,0,-34914.06,653.52078125
BAT-001705,2025-05,7,PLT-05,LATAM,FRM-01,PRD-01,Polymers,0.854,0.9479,28.85,27.35,27.35,0,762.46,30217.21,48007.27,0,17790.059999999998,284.93029462738286
BAT-001706,2025-05,7,PLT-04,EMEA,FRM-03,PRD-03,Solvents,0.8856,0.9536,32.27,30.77,30.77,0,556.64,24416.24,42518.85,0,18102.609999999997,199.98348930895565
BAT-001707,2025-05,7,PLT-04,EMEA,FRM-06,PRD-06,Coatings,0.8595,0.9143,27.78,25.4,0.0,1,1439.45,56498.37,0.0,0,-56498.37,594.3286177105831
BAT-001708,2025-05,7,PLT-03,APAC,FRM-12,PRD-12,Solvents,0.5889,0.9083,58.55,53.18,53.18,0,613.26,52899.19,77636.7,0,24737.509999999995,290.22744662681475
BAT-001709,2025-05,7,PLT-04,EMEA,FRM-05,PRD-05,Coatings,0.8242,0.8888,39.16,34.8,34.8,0,1326.08,71395.16,100271.06,0,28875.899999999994,497.085474974464
BAT-001710,2025-05,7,PLT-01,EMEA,FRM-06,PRD-06,Coatings,0.8872,0.9003,32.18,28.97,28.97,0,1439.45,62842.2,98643.76,0,35801.56,513.3840584213797
BAT-001711,2025-05,7,PLT-05,LATAM,FRM-02,PRD-02,Polymers,0.7733,0.8964,31.36,28.11,28.11,0,893.56,38617.12,53965.39,0,15348.269999999997,337.8532653061227
BAT-001712,2025-05,7,PLT-03,APAC,FRM-07,PRD-07,Catalysts,0.5947,0.8865,2.32,2.05,2.05,0,15008.34,50451.59,74551.16,0,24099.570000000007,6738.035
BAT-001713,2025-05,7,PLT-01,EMEA,FRM-06,PRD-06,Coatings,0.894,0.8779,14.69,12.9,12.9,0,1439.45,28643.04,44656.99,0,16013.949999999997,510.3825391422738
BAT-001714,2025-05,7,PLT-03,APAC,FRM-02,PRD-02,Polymers,0.6684,0.9496,24.88,23.63,23.63,0,893.56,33015.37,44796.67,0,11781.299999999996,433.42432475884266
BAT-001715,2025-05,7,PLT-03,APAC,FRM-11,PRD-11,Polymers,0.6227,0.8835,27.85,24.61,24.61,0,733.53,29411.22,42055.5,0,12644.279999999999,322.52816876122074
BAT-001716,2025-05,7,PLT-04,EMEA,FRM-09,PRD-09,Specialty,0.8114,0.8305,54.67,45.4,45.4,0,1619.53,122783.36,120344.23,0,-2439.1300000000047,626.370128040973
BAT-001717,2025-05,7,PLT-01,EMEA,FRM-02,PRD-02,Polymers,0.9164,0.9133,41.4,37.81,37.81,0,893.56,50861.18,71765.36,0,20904.18,334.97091787439626
BAT-001718,2025-05,7,PLT-06,APAC,FRM-01,PRD-01,Polymers,0.7801,0.9518,38.23,36.39,36.39,0,762.46,41828.15,63028.28,0,21200.129999999997,331.65849332984567
BAT-001719,2025-05,7,PLT-01,EMEA,FRM-10,PRD-10,Agrochem,0.887,0.9468,32.58,30.85,30.85,0,580.36,26586.31,39470.97,0,12884.66,235.6716144874157
BAT-001720,2025-05,7,PLT-06,APAC,FRM-10,PRD-10,Agrochem,0.8541,0.8919,80.9,72.15,72.15,0,580.36,63403.28,84174.72,0,20771.440000000002,203.36410383189116
BAT-001721,2025-05,7,PLT-06,APAC,FRM-06,PRD-06,Coatings,0.8179,0.891,20.92,18.64,18.64,0,1439.45,41391.48,61385.95,0,19994.469999999994,539.1102294455065
BAT-001722,2025-05,7,PLT-04,EMEA,FRM-02,PRD-02,Polymers,0.8695,0.929,33.71,31.32,31.32,0,893.56,40278.01,64618.47,0,24340.46,301.2786235538417
BAT-001723,2025-05,7,PLT-01,EMEA,FRM-05,PRD-05,Coatings,0.8942,0.8823,16.12,14.23,14.23,0,1326.08,28336.03,40776.8,0,12440.770000000004,431.7382382133994
BAT-001724,2025-05,7,PLT-05,LATAM,FRM-04,PRD-04,Agrochem,0.7817,0.8758,26.42,23.13,23.13,0,548.16,19760.39,26077.97,0,6317.580000000002,199.77300529901584
BAT-001725,2025-05,7,PLT-04,EMEA,FRM-01,PRD-01,Polymers,0.9584,0.9286,50.64,47.02,47.02,0,762.46,51825.63,79981.32,0,28155.69000000001,260.9529146919431
BAT-001726,2025-05,7,PLT-02,AMER,FRM-04,PRD-04,Agrochem,0.8369,0.9643,101.94,98.3,98.3,0,548.16,75160.28,119571.15,0,44410.869999999995,189.139195605258
BAT-001727,2025-05,7,PLT-02,AMER,FRM-02,PRD-02,Polymers,0.8676,0.9347,69.82,65.26,65.26,0,893.56,87046.71,125480.73,0,38434.01999999999,353.1703065024351
BAT-001728,2025-05,7,PLT-06,APAC,FRM-02,PRD-02,Polymers,0.8723,0.8926,55.7,49.72,49.72,0,893.56,68817.78,102981.79,0,34164.009999999995,341.94771992818664
BAT-001729,2025-05,7,PLT-03,APAC,FRM-04,PRD-04,Agrochem,0.627,0.8938,27.62,24.69,24.69,0,548.16,22599.22,29014.46,0,6415.239999999998,270.0594062273715
BAT-001730,2025-05,7,PLT-02,AMER,FRM-06,PRD-06,Coatings,0.79,0.9053,46.58,42.17,42.17,0,1439.45,91885.35,138091.11,0,46205.75999999998,533.1852511807645
BAT-001731,2025-05,7,PLT-02,AMER,FRM-11,PRD-11,Polymers,0.8351,0.9453,33.05,31.24,31.24,0,733.53,33130.82,51042.96,0,17912.14,268.91538577912263
BAT-001732,2025-05,7,PLT-03,APAC,FRM-12,PRD-12,Solvents,0.6943,0.9107,60.17,54.79,54.79,0,613.26,53634.72,76942.53,0,23307.809999999998,278.1264051853083
BAT-001733,2025-05,7,PLT-05,LATAM,FRM-07,PRD-07,Catalysts,0.7852,0.8062,0.92,0.74,0.74,0,15008.34,19722.12,26861.28,0,7139.16,6428.746956521736
BAT-001734,2025-05,7,PLT-03,APAC,FRM-06,PRD-06,Coatings,0.6213,0.8043,13.84,11.13,11.13,0,1439.45,28963.05,37426.9,0,8463.850000000002,653.2559248554915
BAT-001735,2025-05,7,PLT-05,LATAM,FRM-12,PRD-12,Solvents,0.8363,0.9664,68.05,65.76,65.76,0,613.26,57228.54,92421.64,0,35193.1,227.71781043350484
BAT-001736,2025-05,7,PLT-05,LATAM,FRM-05,PRD-05,Coatings,0.8258,0.9241,17.87,16.51,16.51,0,1326.08,32360.32,51212.06,0,18851.739999999998,484.7940906547285
BAT-001737,2025-05,7,PLT-05,LATAM,FRM-02,PRD-02,Polymers,0.7968,0.9069,36.28,32.9,32.9,0,893.56,45661.8,63610.86,0,17949.059999999998,365.0342668136716
BAT-001738,2025-05,7,PLT-03,APAC,FRM-04,PRD-04,Agrochem,0.5926,0.9008,51.88,46.73,46.73,0,548.16,42620.27,54267.44,0,11647.170000000006,273.35638396299146
BAT-001739,2025-05,7,PLT-02,AMER,FRM-06,PRD-06,Coatings,0.8651,0.916,34.18,31.3,31.3,0,1439.45,67523.74,105715.47,0,38191.729999999996,536.0836454066707
BAT-001740,2025-05,7,PLT-02,AMER,FRM-10,PRD-10,Agrochem,0.8314,0.9313,84.64,78.83,78.83,0,580.36,66937.39,99378.0,0,32440.61,210.4881805293005
BAT-001741,2025-05,7,PLT-01,EMEA,FRM-06,PRD-06,Coatings,0.8704,0.8896,38.14,33.93,33.93,0,1439.45,77194.6,111462.84,0,34268.23999999999,584.530073413739
BAT-001742,2025-05,7,PLT-03,APAC,FRM-06,PRD-06,Coatings,0.659,0.8596,20.02,17.21,17.21,0,1439.45,41757.89,56003.12,0,14245.230000000003,646.3586913086913
BAT-001743,2025-05,7,PLT-01,EMEA,FRM-01,PRD-01,Polymers,0.9039,0.9871,46.63,46.03,46.03,0,762.46,47189.8,83826.79,0,36636.98999999999,249.5451469011366
BAT-001744,2025-05,7,PLT-05,LATAM,FRM-11,PRD-11,Polymers,0.7915,0.886,55.75,49.39,49.39,0,733.53,56399.63,78779.55,0,22379.920000000006,278.12255605381165
BAT-001745,2025-05,7,PLT-06,APAC,FRM-08,PRD-08,Surfactants,0.8263,0.9316,54.16,50.45,50.45,0,1051.61,80777.79,120606.0,0,39828.21000000001,439.85584194977855
BAT-001746,2025-05,7,PLT-01,EMEA,FRM-09,PRD-09,Specialty,0.912,0.8345,44.18,36.87,36.87,0,1619.53,94068.88,97563.55,0,3494.6699999999983,509.68865097329103
BAT-001747,2025-05,7,PLT-05,LATAM,FRM-10,PRD-10,Agrochem,0.8159,0.9341,42.47,39.68,39.68,0,580.36,33965.1,46378.65,0,12413.550000000003,219.38334824582057
BAT-001748,2025-05,7,PLT-01,EMEA,FRM-12,PRD-12,Solvents,0.8347,0.9597,74.08,71.09,71.09,0,613.26,62163.18,97241.44,0,35078.26,225.8757991360692
BAT-001749,2025-05,7,PLT-02,AMER,FRM-05,PRD-05,Coatings,0.8847,0.8715,38.63,33.67,33.67,0,1326.08,69174.19,103604.87,0,34430.67999999999,464.6057364742428
BAT-001750,2025-05,7,PLT-03,APAC,FRM-06,PRD-06,Coatings,0.6633,0.893,18.65,16.66,16.66,0,1439.45,39564.82,56492.97,0,16928.15,681.9880697050937
BAT-001751,2025-05,7,PLT-04,EMEA,FRM-01,PRD-01,Polymers,0.8816,0.9135,60.43,55.21,0.0,1,762.46,64166.46,0.0,0,-64166.46,299.37120966407406
BAT-001752,2025-05,7,PLT-04,EMEA,FRM-11,PRD-11,Polymers,0.8529,0.9218,31.35,28.9,28.9,0,733.53,30937.05,45839.0,0,14901.95,253.29775119617216
BAT-001753,2025-05,7,PLT-02,AMER,FRM-03,PRD-03,Solvents,0.8298,0.9695,42.54,41.24,41.24,0,556.64,33471.1,52992.21,0,19521.11,230.17476257639873
BAT-001754,2025-05,7,PLT-04,EMEA,FRM-10,PRD-10,Agrochem,0.9041,0.9052,100.88,91.32,91.32,0,580.36,78393.07,109365.78,0,30972.709999999992,196.73228786677248
BAT-001755,2025-05,7,PLT-06,APAC,FRM-12,PRD-12,Solvents,0.7712,0.9577,68.56,65.66,65.66,0,613.26,59193.7,89289.93,0,30096.229999999996,250.1253558926487
BAT-001756,2025-05,7,PLT-04,EMEA,FRM-08,PRD-08,Surfactants,0.97,0.9369,43.11,40.39,40.39,0,1051.61,60761.19,92340.62,0,31579.429999999993,357.83537230341017
BAT-001757,2025-05,7,PLT-03,APAC,FRM-02,PRD-02,Polymers,0.6247,0.8873,45.35,40.24,40.24,0,893.56,60383.14,78575.09,0,18191.949999999997,437.9315104740904
BAT-001758,2025-05,7,PLT-03,APAC,FRM-09,PRD-09,Specialty,0.625,0.7178,36.71,26.35,26.35,0,1619.53,85202.9,68146.9,0,-17056.0,701.4424870607461
BAT-001759,2025-05,7,PLT-01,EMEA,FRM-08,PRD-08,Surfactants,0.8493,0.9154,41.54,38.03,38.03,0,1051.61,60703.81,88049.79,0,27345.979999999996,409.7238950409244
BAT-001760,2025-05,7,PLT-03,APAC,FRM-11,PRD-11,Polymers,0.6286,0.8388,30.65,25.71,25.71,0,733.53,32304.71,43191.67,0,10886.96,320.45727569331166
BAT-001761,2025-06,8,PLT-02,AMER,FRM-08,PRD-08,Surfactants,0.8445,0.9654,42.42,40.96,40.96,0,1038.54,62244.22,95638.37,0,33394.149999999994,428.7919189061763
BAT-001762,2025-06,8,PLT-01,EMEA,FRM-08,PRD-08,Surfactants,0.8545,0.9403,19.56,18.39,18.39,0,1038.54,28071.52,44003.69,0,15932.170000000002,396.60928425357883
BAT-001763,2025-06,8,PLT-06,APAC,FRM-01,PRD-01,Polymers,0.8434,0.986,24.83,24.48,24.48,0,752.98,25736.36,42286.45,0,16550.089999999997,283.5226178010471
BAT-001764,2025-06,8,PLT-05,LATAM,FRM-01,PRD-01,Polymers,0.7843,0.9322,46.19,43.06,43.06,0,752.98,48806.7,77083.9,0,28277.199999999997,303.6707902143321
BAT-001765,2025-06,8,PLT-02,AMER,FRM-01,PRD-01,Polymers,0.8284,0.9505,71.21,67.68,67.68,0,752.98,75223.54,121006.66,0,45783.12000000001,303.38202780508345
BAT-001766,2025-06,8,PLT-01,EMEA,FRM-09,PRD-09,Specialty,0.8573,0.8137,17.02,13.85,13.85,0,1599.39,36033.23,35882.85,0,-150.38000000000466,517.7210458284374
BAT-001767,2025-06,8,PLT-04,EMEA,FRM-07,PRD-07,Catalysts,0.9011,0.8803,1.72,1.51,1.51,0,14821.78,34719.17,53387.83,0,18668.660000000003,5363.78395348837
BAT-001768,2025-06,8,PLT-02,AMER,FRM-01,PRD-01,Polymers,0.9004,0.9863,46.06,45.43,45.43,0,752.98,46828.23,75284.0,0,28455.769999999997,263.6988970907512
BAT-001769,2025-06,8,PLT-01,EMEA,FRM-04,PRD-04,Agrochem,0.8109,0.8732,50.96,44.49,44.49,0,541.35,38304.75,50060.39,0,11755.64,210.31306907378337
BAT-001770,2025-06,8,PLT-06,APAC,FRM-11,PRD-11,Polymers,0.838,0.9802,23.17,22.71,22.71,0,724.41,23031.28,38035.9,0,15004.620000000003,269.60294777729814
BAT-001771,2025-06,8,PLT-01,EMEA,FRM-03,PRD-03,Solvents,0.8998,0.9753,41.43,40.4,40.4,0,549.73,30497.25,51104.06,0,20606.809999999998,186.38513396089786
BAT-001772,2025-06,8,PLT-05,LATAM,FRM-09,PRD-09,Specialty,0.7786,0.8469,29.98,25.39,25.39,0,1599.39,64111.57,62768.37,0,-1343.199999999997,539.087985323549
BAT-001773,2025-06,8,PLT-05,LATAM,FRM-08,PRD-08,Surfactants,0.8209,0.9821,33.09,32.49,32.49,0,1038.54,48976.05,72249.06,0,23273.009999999995,441.54612873980045
BAT-001774,2025-06,8,PLT-03,APAC,FRM-01,PRD-01,Polymers,0.6691,0.8689,31.63,27.49,27.49,0,752.98,35527.66,49567.58,0,14039.919999999998,370.246683528296
BAT-001775,2025-06,8,PLT-06,APAC,FRM-07,PRD-07,Catalysts,0.8571,0.8873,2.67,2.37,0.0,1,14821.78,55895.36,0.0,0,-55895.36,6112.811760299626
BAT-001776,2025-06,8,PLT-01,EMEA,FRM-09,PRD-09,Specialty,0.7842,0.8549,17.6,15.05,15.05,0,1599.39,39291.33,40853.99,0,1562.6599999999962,633.0719318181816
BAT-001777,2025-06,8,PLT-04,EMEA,FRM-04,PRD-04,Agrochem,0.8686,0.8865,94.48,83.75,83.75,0,541.35,71252.2,95290.05,0,24037.850000000006,212.80114309906855
BAT-001778,2025-06,8,PLT-03,APAC,FRM-03,PRD-03,Solvents,0.654,0.973,69.7,67.82,67.82,0,549.73,56289.09,89401.2,0,33112.11,257.8609612625537
BAT-001779,2025-06,8,PLT-06,APAC,FRM-09,PRD-09,Specialty,0.836,0.7719,14.58,11.25,11.25,0,1599.39,32118.16,29276.96,0,-2841.2000000000007,603.5016323731136
BAT-001780,2025-06,8,PLT-01,EMEA,FRM-03,PRD-03,Solvents,0.8883,0.9844,70.6,69.5,69.5,0,549.73,52343.92,94989.06,0,42645.14,191.68529745042497
BAT-001781,2025-06,8,PLT-01,EMEA,FRM-11,PRD-11,Polymers,0.8647,0.9805,44.11,43.25,43.25,0,724.41,45089.25,70108.86,0,25019.61,297.79018136477
BAT-001782,2025-06,8,PLT-02,AMER,FRM-03,PRD-03,Solvents,0.801,0.9419,106.54,100.34,100.34,0,549.73,82973.67,133487.99,0,50514.31999999999,229.0729847944433
BAT-001783,2025-06,8,PLT-05,LATAM,FRM-03,PRD-03,Solvents,0.8041,0.9599,40.7,39.07,39.07,0,549.73,31906.21,51105.85,0,19199.64,234.20636363636356
BAT-001784,2025-06,8,PLT-03,APAC,FRM-05,PRD-05,Coatings,0.6415,0.8626,26.72,23.05,23.05,0,1309.6,51986.21,66367.05,0,14380.840000000004,635.9916916167665
BAT-001785,2025-06,8,PLT-02,AMER,FRM-09,PRD-09,Specialty,0.9044,0.8263,57.19,47.26,47.26,0,1599.39,118156.33,125996.54,0,7840.209999999992,466.64129917817786
BAT-001786,2025-06,8,PLT-04,EMEA,FRM-10,PRD-10,Agrochem,0.9042,0.9512,38.69,36.8,36.8,0,573.15,31072.06,45972.49,0,14900.429999999997,229.95312742310682
BAT-001787,2025-06,8,PLT-04,EMEA,FRM-05,PRD-05,Coatings,0.8856,0.9089,15.32,13.93,13.93,0,1309.6,27839.11,42864.85,0,15025.739999999998,507.5742819843342
BAT-001788,2025-06,8,PLT-01,EMEA,FRM-02,PRD-02,Polymers,0.8938,0.9431,49.94,47.1,47.1,0,882.45,58999.92,92024.69,0,33024.770000000004,298.96609931918306
BAT-001789,2025-06,8,PLT-05,LATAM,FRM-03,PRD-03,Solvents,0.8045,0.9793,57.11,55.93,55.93,0,549.73,45127.45,73989.31,0,28861.86,240.45473122045166
BAT-001790,2025-06,8,PLT-05,LATAM,FRM-05,PRD-05,Coatings,0.837,0.9016,10.37,9.35,9.35,0,1309.6,18937.27,26984.12,0,8046.8499999999985,516.5591128254582
BAT-001791,2025-06,8,PLT-02,AMER,FRM-03,PRD-03,Solvents,0.862,0.9584,59.68,57.2,57.2,0,549.73,43999.02,77500.03,0,33501.01,187.51899463806967
BAT-001792,2025-06,8,PLT-05,LATAM,FRM-04,PRD-04,Agrochem,0.7888,0.898,34.27,30.78,30.78,0,541.35,25544.59,36432.87,0,10888.280000000002,204.04217974905157
BAT-001793,2025-06,8,PLT-02,AMER,FRM-04,PRD-04,Agrochem,0.888,0.9175,56.43,51.77,51.77,0,541.35,42877.31,60755.39,0,17878.08,218.4818270423533
BAT-001794,2025-06,8,PLT-04,EMEA,FRM-09,PRD-09,Specialty,0.8963,0.8041,22.51,18.1,18.1,0,1599.39,48342.47,46396.8,0,-1945.6699999999983,548.2097334517991
BAT-001795,2025-06,8,PLT-05,LATAM,FRM-04,PRD-04,Agrochem,0.8304,0.9214,65.94,60.76,60.76,0,541.35,50282.27,73627.12,0,23344.85,221.19579921140428
BAT-001796,2025-06,8,PLT-04,EMEA,FRM-12,PRD-12,Solvents,0.864,0.995,32.88,32.72,32.72,0,605.63,27570.85,48976.4,0,21405.550000000003,232.89950121654488
BAT-001797,2025-06,8,PLT-05,LATAM,FRM-02,PRD-02,Polymers,0.8512,0.9329,47.05,43.9,43.9,0,882.45,59148.38,90528.35,0,31379.97000000001,374.688788522848
BAT-001798,2025-06,8,PLT-05,LATAM,FRM-07,PRD-07,Catalysts,0.785,0.8367,1.88,1.57,1.57,0,14821.78,40097.56,56981.47,0,16883.910000000003,6506.7093617021255
BAT-001799,2025-06,8,PLT-01,EMEA,FRM-03,PRD-03,Solvents,0.7862,0.9502,89.96,85.48,85.48,0,549.73,67717.65,114674.07,0,46956.42000000001,203.02289017341036
BAT-001800,2025-06,8,PLT-06,APAC,FRM-03,PRD-03,Solvents,0.8422,0.9676,48.33,46.76,0.0,1,549.73,36071.86,0.0,0,-36071.86,196.63581833229875
BAT-001801,2025-06,8,PLT-03,APAC,FRM-07,PRD-07,Catalysts,0.6476,0.8542,2.04,1.74,1.74,0,14821.78,44651.09,63349.1,0,18698.010000000002,7066.009215686272
BAT-001802,2025-06,8,PLT-02,AMER,FRM-04,PRD-04,Agrochem,0.8813,0.9048,108.33,98.01,98.01,0,541.35,81293.18,117657.88,0,36364.70000000001,209.0716745130619
BAT-001803,2025-06,8,PLT-05,LATAM,FRM-11,PRD-11,Polymers,0.7585,0.9532,18.0,17.16,17.16,0,724.41,18335.9,29001.21,0,10665.309999999998,294.2511111111112
BAT-001804,2025-06,8,PLT-03,APAC,FRM-01,PRD-01,Polymers,0.6701,0.8946,50.01,44.74,44.74,0,752.98,55099.95,77141.93,0,22041.979999999996,348.7986442711458
BAT-001805,2025-06,8,PLT-04,EMEA,FRM-12,PRD-12,Solvents,0.8429,0.9465,57.77,54.68,54.68,0,605.63,48086.03,80220.8,0,32134.770000000004,226.74026138133968
BAT-001806,2025-06,8,PLT-01,EMEA,FRM-09,PRD-09,Specialty,0.875,0.8631,30.12,25.99,0.0,1,1599.39,65802.47,0.0,0,-65802.47,585.2869588313413
BAT-001807,2025-06,8,PLT-05,LATAM,FRM-12,PRD-12,Solvents,0.7798,0.9595,33.4,32.04,32.04,0,605.63,28139.98,46935.32,0,18795.34,236.8843712574851
BAT-001808,2025-06,8,PLT-04,EMEA,FRM-10,PRD-10,Agrochem,0.899,0.9198,94.18,86.62,86.62,0,573.15,73136.56,106111.66,0,32975.100000000006,203.41147802081116
BAT-001809,2025-06,8,PLT-01,EMEA,FRM-11,PRD-11,Polymers,0.8555,0.9522,57.41,54.66,54.66,0,724.41,55938.21,88610.29,0,32672.079999999994,249.95352551820247
BAT-001810,2025-06,8,PLT-05,LATAM,FRM-07,PRD-07,Catalysts,0.857,0.8561,1.28,1.09,1.09,0,14821.78,26296.98,41030.81,0,14733.829999999998,5722.735624999999
BAT-001811,2025-06,8,PLT-01,EMEA,FRM-12,PRD-12,Solvents,0.8462,0.962,78.54,75.56,75.56,0,605.63,65285.72,111963.05,0,46677.33,225.61166030048378
BAT-001812,2025-06,8,PLT-01,EMEA,FRM-08,PRD-08,Surfactants,0.8294,0.9322,18.83,17.56,17.56,0,1038.54,26718.19,40429.23,0,13711.040000000005,380.3760913436008
BAT-001813,2025-06,8,PLT-06,APAC,FRM-03,PRD-03,Solvents,0.8006,0.9292,77.16,71.7,71.7,0,549.73,59015.45,96874.53,0,37859.08,215.1151270088128
BAT-001814,2025-06,8,PLT-01,EMEA,FRM-08,PRD-08,Surfactants,0.8873,0.9585,54.74,52.47,0.0,1,1038.54,77912.92,0.0,0,-77912.92,384.7870003653634
BAT-001815,2025-06,8,PLT-06,APAC,FRM-03,PRD-03,Solvents,0.8226,0.9456,77.32,73.12,73.12,0,549.73,60406.38,98157.92,0,37751.54,231.52168132436634
BAT-001816,2025-06,8,PLT-01,EMEA,FRM-12,PRD-12,Solvents,0.8891,0.9305,56.62,52.68,52.68,0,605.63,47167.04,74212.44,0,27045.4,227.41556693747793
BAT-001817,2025-06,8,PLT-04,EMEA,FRM-04,PRD-04,Agrochem,0.8916,0.9326,66.63,62.14,0.0,1,541.35,50752.71,0.0,0,-50752.71,220.35959027465105
BAT-001818,2025-06,8,PLT-06,APAC,FRM-12,PRD-12,Solvents,0.8471,0.9589,86.0,82.46,82.46,0,605.63,73545.62,120677.25,0,47131.630000000005,249.5516279069767
BAT-001819,2025-06,8,PLT-04,EMEA,FRM-10,PRD-10,Agrochem,0.8497,0.9196,103.69,95.36,95.36,0,573.15,84259.97,115872.02,0,31612.050000000003,239.46423473816185
BAT-001820,2025-06,8,PLT-05,LATAM,FRM-06,PRD-06,Coatings,0.7941,0.8807,18.99,16.73,16.73,0,1421.56,38081.16,58330.49,0,20249.329999999994,583.76701421801
BAT-001821,2025-06,8,PLT-03,APAC,FRM-03,PRD-03,Solvents,0.7116,0.9576,69.74,66.78,66.78,0,549.73,53904.09,91458.5,0,37554.41,223.19930886148552
BAT-001822,2025-06,8,PLT-05,LATAM,FRM-01,PRD-01,Polymers,0.7898,0.9261,30.92,28.63,28.63,0,752.98,32492.78,49198.45,0,16705.67,297.8861060802069
BAT-001823,2025-06,8,PLT-04,EMEA,FRM-06,PRD-06,Coatings,0.8473,0.8721,39.71,34.63,34.63,0,1421.56,78037.43,113488.55,0,35451.12000000001,543.6233291362375
BAT-001824,2025-06,8,PLT-01,EMEA,FRM-12,PRD-12,Solvents,0.8776,0.9594,65.84,63.16,63.16,0,605.63,55290.96,85904.32,0,30613.360000000008,234.14764277035226
BAT-001825,2025-06,8,PLT-02,AMER,FRM-04,PRD-04,Agrochem,0.7804,0.9529,94.23,89.79,89.79,0,541.35,73616.78,109973.81,0,36357.03,239.89567547490174
BAT-001826,2025-06,8,PLT-02,AMER,FRM-08,PRD-08,Surfactants,0.8451,0.9043,21.91,19.81,0.0,1,1038.54,31344.05,0.0,0,-31344.05,392.0419260611593
BAT-001827,2025-06,8,PLT-01,EMEA,FRM-12,PRD-12,Solvents,0.8918,0.9387,30.15,28.3,28.3,0,605.63,24459.74,38792.77,0,14333.029999999995,205.63832504145944
BAT-001828,2025-06,8,PLT-05,LATAM,FRM-03,PRD-03,Solvents,0.8375,0.9619,46.59,44.82,44.82,0,549.73,35116.09,60467.29,0,25351.200000000004,203.99590684696273
BAT-001829,2025-06,8,PLT-02,AMER,FRM-12,PRD-12,Solvents,0.9269,0.9195,55.75,51.26,51.26,0,605.63,46761.3,73041.61,0,26280.309999999998,233.13771300448434
BAT-001830,2025-06,8,PLT-06,APAC,FRM-07,PRD-07,Catalysts,0.7987,0.8642,1.15,1.0,1.0,0,14821.78,23433.12,37329.55,0,13896.430000000004,5554.846086956522
BAT-001831,2025-06,8,PLT-03,APAC,FRM-11,PRD-11,Polymers,0.6317,0.8688,26.11,22.68,22.68,0,724.41,27747.55,37187.6,0,9440.05,338.30734967445426
BAT-001832,2025-06,8,PLT-04,EMEA,FRM-08,PRD-08,Surfactants,0.8666,0.9198,34.81,32.02,32.02,0,1038.54,49987.69,76306.24,0,26318.550000000003,397.47522550991084
BAT-001833,2025-06,8,PLT-05,LATAM,FRM-02,PRD-02,Polymers,0.7463,0.9051,39.66,35.89,35.89,0,882.45,50800.88,68467.35,0,17666.47000000001,398.4597327281897
BAT-001834,2025-06,8,PLT-02,AMER,FRM-09,PRD-09,Specialty,0.8684,0.8628,43.65,37.66,37.66,0,1599.39,95239.47,94017.6,0,-1221.8699999999953,582.499347079038
BAT-001835,2025-06,8,PLT-02,AMER,FRM-08,PRD-08,Surfactants,0.8692,0.9213,38.33,35.31,0.0,1,1038.54,53999.65,0.0,0,-53999.65,370.26902687190204
BAT-001836,2025-06,8,PLT-02,AMER,FRM-02,PRD-02,Polymers,0.8631,0.8793,75.98,66.81,66.81,0,882.45,89970.19,134590.51,0,44620.32000000001,301.6799026059489
BAT-001837,2025-06,8,PLT-02,AMER,FRM-06,PRD-06,Coatings,0.9318,0.9094,41.08,37.36,37.36,0,1421.56,79683.52,130271.14,0,50587.619999999995,518.1556767283353
BAT-001838,2025-06,8,PLT-01,EMEA,FRM-10,PRD-10,Agrochem,0.8565,0.8998,54.86,49.36,49.36,0,573.15,42908.29,61947.29,0,19039.0,208.99163324826839
BAT-001839,2025-06,8,PLT-03,APAC,FRM-07,PRD-07,Catalysts,0.6421,0.8411,2.76,2.32,2.32,0,14821.78,60956.76,86998.48,0,26041.719999999994,7264.002608695655
BAT-001840,2025-06,8,PLT-02,AMER,FRM-10,PRD-10,Agrochem,0.8048,0.9094,43.33,39.41,39.41,0,573.15,33879.17,46600.45,0,12721.279999999999,208.73714516501275
BAT-001841,2025-06,8,PLT-05,LATAM,FRM-06,PRD-06,Coatings,0.801,0.8663,21.09,18.27,18.27,0,1421.56,41349.48,63101.32,0,21751.839999999997,539.0601991465151
BAT-001842,2025-06,8,PLT-02,AMER,FRM-12,PRD-12,Solvents,0.82,0.9692,81.38,78.87,78.87,0,605.63,68480.63,110780.74,0,42300.11,235.86213565986736
BAT-001843,2025-06,8,PLT-05,LATAM,FRM-03,PRD-03,Solvents,0.8125,0.9833,59.07,58.09,58.09,0,549.73,46439.05,76294.21,0,29855.160000000003,236.4397985441002
BAT-001844,2025-06,8,PLT-03,APAC,FRM-08,PRD-08,Surfactants,0.6438,0.9258,24.03,22.25,22.25,0,1038.54,36010.46,52559.52,0,16549.059999999998,460.02263004577594
BAT-001845,2025-06,8,PLT-02,AMER,FRM-03,PRD-03,Solvents,0.8684,0.9559,107.06,102.34,102.34,0,549.73,82572.97,134475.79,0,51902.82000000001,221.54750793947312
BAT-001846,2025-06,8,PLT-03,APAC,FRM-06,PRD-06,Coatings,0.723,0.8509,18.5,15.74,15.74,0,1421.56,37570.06,54546.64,0,16976.58,609.254054054054
BAT-001847,2025-06,8,PLT-02,AMER,FRM-01,PRD-01,Polymers,0.8282,0.9626,88.34,85.04,85.04,0,752.98,93467.48,146107.18,0,52639.7,305.062562825447
BAT-001848,2025-06,8,PLT-04,EMEA,FRM-09,PRD-09,Specialty,0.8597,0.8266,39.25,32.44,32.44,0,1599.39,84990.4,86642.19,0,1651.7900000000081,565.9705095541397
BAT-001849,2025-06,8,PLT-04,EMEA,FRM-04,PRD-04,Agrochem,0.9139,0.9383,39.44,37.0,37.0,0,541.35,29291.37,44428.77,0,15137.399999999998,201.33179513184587
BAT-001850,2025-06,8,PLT-03,APAC,FRM-10,PRD-10,Agrochem,0.6327,0.8958,31.67,28.37,28.37,0,573.15,26358.93,35708.44,0,9349.510000000002,259.1496526681402
BAT-001851,2025-06,8,PLT-02,AMER,FRM-02,PRD-02,Polymers,0.8227,0.9309,33.44,31.13,31.13,0,882.45,41654.23,63536.83,0,21882.6,363.19084928229677
BAT-001852,2025-06,8,PLT-06,APAC,FRM-03,PRD-03,Solvents,0.8426,0.9845,72.49,71.37,71.37,0,549.73,55890.92,91307.37,0,35416.45,221.28558835701472
BAT-001853,2025-06,8,PLT-03,APAC,FRM-04,PRD-04,Agrochem,0.6775,0.9279,62.1,57.62,57.62,0,541.35,47930.73,64335.88,0,16405.149999999994,230.48140096618363
BAT-001854,2025-06,8,PLT-04,EMEA,FRM-02,PRD-02,Polymers,0.8652,0.9473,31.05,29.41,29.41,0,882.45,36789.99,56100.33,0,19310.340000000004,302.4128019323671
BAT-001855,2025-06,8,PLT-01,EMEA,FRM-03,PRD-03,Solvents,0.8973,0.9879,57.98,57.28,57.28,0,549.73,44433.72,73932.61,0,29498.89,216.6328837530183
BAT-001856,2025-06,8,PLT-04,EMEA,FRM-11,PRD-11,Polymers,0.9203,0.9394,62.89,59.08,59.08,0,724.41,61466.59,95510.31,0,34043.72,252.95667196692636
BAT-001857,2025-06,8,PLT-02,AMER,FRM-10,PRD-10,Agrochem,0.7933,0.9022,41.87,37.77,0.0,1,573.15,34154.42,0.0,0,-34154.42,242.575340339145
BAT-001858,2025-06,8,PLT-04,EMEA,FRM-03,PRD-03,Solvents,0.8976,0.913,98.74,90.16,90.16,0,549.73,72688.7,121053.17,0,48364.47,186.4326493822159
BAT-001859,2025-06,8,PLT-02,AMER,FRM-12,PRD-12,Solvents,0.8559,0.9018,72.2,65.11,65.11,0,605.63,59857.09,97252.02,0,37394.93000000001,223.41556786703597
BAT-001860,2025-06,8,PLT-05,LATAM,FRM-02,PRD-02,Polymers,0.7751,0.9464,15.81,14.96,14.96,0,882.45,19404.24,28538.0,0,9133.759999999998,344.88965844402287
BAT-001861,2025-06,8,PLT-03,APAC,FRM-06,PRD-06,Coatings,0.627,0.8799,13.98,12.3,12.3,0,1421.56,28931.5,41098.71,0,12167.21,647.9321316165951
BAT-001862,2025-06,8,PLT-04,EMEA,FRM-02,PRD-02,Polymers,0.901,0.8914,69.97,62.37,62.37,0,882.45,86610.32,127695.86,0,41085.53999999999,355.3707803344291
BAT-001863,2025-06,8,PLT-02,AMER,FRM-09,PRD-09,Specialty,0.9107,0.868,22.85,19.83,19.83,0,1599.39,46918.89,51139.28,0,4220.389999999999,453.95310722100635
BAT-001864,2025-06,8,PLT-04,EMEA,FRM-12,PRD-12,Solvents,0.8252,0.9656,64.96,62.73,62.73,0,605.63,55038.84,88269.64,0,33230.8,241.64278325123155
BAT-001865,2025-06,8,PLT-02,AMER,FRM-08,PRD-08,Surfactants,0.7815,0.9592,43.33,41.56,41.56,0,1038.54,63305.08,97546.85,0,34241.770000000004,422.45884606508207
BAT-001866,2025-06,8,PLT-02,AMER,FRM-07,PRD-07,Catalysts,0.8694,0.7905,4.35,3.44,3.44,0,14821.78,89304.96,120227.51,0,30922.54999999999,5708.095862068969
BAT-001867,2025-06,8,PLT-05,LATAM,FRM-01,PRD-01,Polymers,0.849,0.949,33.83,32.11,32.11,0,752.98,36090.64,53160.05,0,17069.410000000003,313.8435294117646
BAT-001868,2025-06,8,PLT-02,AMER,FRM-06,PRD-06,Coatings,0.8216,0.9158,43.01,39.39,39.39,0,1421.56,87652.01,133943.35,0,46291.34000000001,616.3848965356894
BAT-001869,2025-06,8,PLT-02,AMER,FRM-11,PRD-11,Polymers,0.8489,0.9579,87.48,83.8,83.8,0,724.41,88693.65,144552.21,0,55858.56,289.46345679012336
BAT-001870,2025-06,8,PLT-05,LATAM,FRM-09,PRD-09,Specialty,0.8473,0.8034,21.41,17.2,17.2,0,1599.39,45062.94,45679.26,0,616.3199999999997,505.3713264829519
BAT-001871,2025-06,8,PLT-01,EMEA,FRM-08,PRD-08,Surfactants,0.8681,0.9339,39.44,36.84,36.84,0,1038.54,54990.57,83568.72,0,28578.15,355.74422920892516
BAT-001872,2025-06,8,PLT-01,EMEA,FRM-12,PRD-12,Solvents,0.8273,0.9378,45.46,42.63,42.63,0,605.63,39033.57,58738.83,0,19705.260000000002,253.00550373955127
BAT-001873,2025-06,8,PLT-03,APAC,FRM-11,PRD-11,Polymers,0.6387,0.8939,32.55,29.09,29.09,0,724.41,34842.67,46973.58,0,12130.910000000003,346.0253302611367
BAT-001874,2025-06,8,PLT-03,APAC,FRM-03,PRD-03,Solvents,0.6804,0.9593,56.4,54.1,54.1,0,549.73,45333.88,73842.2,0,28508.32,254.0621985815602
BAT-001875,2025-06,8,PLT-05,LATAM,FRM-01,PRD-01,Polymers,0.7934,0.9577,51.73,49.54,49.54,0,752.98,55820.71,89786.82,0,33966.11000000001,326.098097815581
BAT-001876,2025-06,8,PLT-02,AMER,FRM-10,PRD-10,Agrochem,0.8737,0.9242,103.02,95.21,95.21,0,573.15,79156.05,121064.1,0,41908.05,195.2061444379733
BAT-001877,2025-06,8,PLT-06,APAC,FRM-12,PRD-12,Solvents,0.7856,0.8913,65.84,58.68,58.68,0,605.63,54540.47,84193.73,0,29653.259999999995,222.7489489671932
BAT-001878,2025-06,8,PLT-02,AMER,FRM-12,PRD-12,Solvents,0.8822,0.9562,111.69,106.8,0.0,1,605.63,92264.99,0.0,0,-92264.99,220.45102784492803
BAT-001879,2025-06,8,PLT-01,EMEA,FRM-01,PRD-01,Polymers,0.8032,0.9525,69.29,66.0,66.0,0,752.98,71902.19,111947.32,0,40045.130000000005,284.7193794198297
BAT-001880,2025-06,8,PLT-01,EMEA,FRM-07,PRD-07,Catalysts,0.8227,0.8832,2.08,1.84,1.84,0,14821.78,43389.28,64205.71,0,20816.43,6038.450769230769
BAT-001881,2025-06,8,PLT-03,APAC,FRM-10,PRD-10,Agrochem,0.637,0.9013,43.33,39.05,39.05,0,573.15,35429.69,50155.37,0,14725.68,244.52112854835002
BAT-001882,2025-06,8,PLT-01,EMEA,FRM-06,PRD-06,Coatings,0.8619,0.9187,20.91,19.21,19.21,0,1421.56,40290.01,62824.03,0,22534.019999999997,505.26974653275965
BAT-001883,2025-06,8,PLT-03,APAC,FRM-08,PRD-08,Surfactants,0.6136,0.9165,30.03,27.52,27.52,0,1038.54,46971.28,66003.13,0,19031.850000000006,525.6051881451881
BAT-001884,2025-06,8,PLT-06,APAC,FRM-12,PRD-12,Solvents,0.8564,0.9483,32.69,31.0,31.0,0,605.63,26950.12,43029.75,0,16079.630000000001,218.78480575099422
BAT-001885,2025-06,8,PLT-02,AMER,FRM-02,PRD-02,Polymers,0.8562,0.8864,79.31,70.3,70.3,0,882.45,96021.07,133712.52,0,37691.44999999998,328.2557117639642
BAT-001886,2025-06,8,PLT-02,AMER,FRM-02,PRD-02,Polymers,0.8052,0.9119,67.11,61.2,61.2,0,882.45,82965.49,115663.52,0,32698.03,353.81121293398905
BAT-001887,2025-06,8,PLT-05,LATAM,FRM-09,PRD-09,Specialty,0.8322,0.794,22.8,18.1,18.1,0,1599.39,48951.33,49000.43,0,49.099999999998545,547.5981578947369
BAT-001888,2025-06,8,PLT-05,LATAM,FRM-02,PRD-02,Polymers,0.8005,0.9062,31.13,28.21,28.21,0,882.45,37544.38,54147.05,0,16602.670000000006,323.60139736588485
BAT-001889,2025-06,8,PLT-02,AMER,FRM-07,PRD-07,Catalysts,0.8369,0.8392,3.89,3.26,3.26,0,14821.78,82210.86,120072.56,0,37861.7,6312.117172236502
BAT-001890,2025-06,8,PLT-01,EMEA,FRM-10,PRD-10,Agrochem,0.9283,0.9917,66.73,66.17,66.17,0,573.15,52999.72,78612.23,0,25612.509999999995,221.09127079274685
BAT-001891,2025-06,8,PLT-02,AMER,FRM-05,PRD-05,Coatings,0.8171,0.8615,19.58,16.87,0.0,1,1309.6,35884.06,0.0,0,-35884.06,523.0894790602656
BAT-001892,2025-06,8,PLT-04,EMEA,FRM-01,PRD-01,Polymers,0.8617,0.9447,40.23,38.01,38.01,0,752.98,42587.53,64199.59,0,21612.059999999998,305.6212925677355
BAT-001893,2025-06,8,PLT-03,APAC,FRM-07,PRD-07,Catalysts,0.7275,0.878,2.71,2.38,0.0,1,14821.78,57304.97,0.0,0,-57304.97,6323.965387453876
BAT-001894,2025-06,8,PLT-05,LATAM,FRM-12,PRD-12,Solvents,0.8029,0.9569,25.18,24.1,24.1,0,605.63,21503.37,33806.23,0,12302.860000000004,248.35610007942807
BAT-001895,2025-06,8,PLT-01,EMEA,FRM-08,PRD-08,Surfactants,0.9354,0.9568,44.27,42.36,42.36,0,1038.54,63408.8,100726.8,0,37318.0,393.77985543257296
BAT-001896,2025-06,8,PLT-04,EMEA,FRM-11,PRD-11,Polymers,0.8226,0.9046,53.49,48.39,48.39,0,724.41,52622.97,78396.69,0,25773.72,259.38080201906905
BAT-001897,2025-06,8,PLT-06,APAC,FRM-07,PRD-07,Catalysts,0.8074,0.8464,1.86,1.58,0.0,1,14821.78,38372.84,0.0,0,-38372.84,5808.779139784941
BAT-001898,2025-06,8,PLT-06,APAC,FRM-08,PRD-08,Surfactants,0.8556,0.9806,49.9,48.93,48.93,0,1038.54,73315.25,108851.48,0,35536.229999999996,430.703486973948
BAT-001899,2025-06,8,PLT-04,EMEA,FRM-10,PRD-10,Agrochem,0.8193,0.8755,66.92,58.59,58.59,0,573.15,53601.26,74080.2,0,20478.939999999995,227.82519426180522
BAT-001900,2025-06,8,PLT-01,EMEA,FRM-09,PRD-09,Specialty,0.871,0.8238,49.38,40.67,40.67,0,1599.39,107379.21,110643.71,0,3264.5,575.1586026731468
BAT-001901,2025-06,8,PLT-05,LATAM,FRM-11,PRD-11,Polymers,0.8155,0.9124,31.09,28.36,28.36,0,724.41,32435.13,48159.91,0,15724.780000000002,318.8556802830493
BAT-001902,2025-06,8,PLT-04,EMEA,FRM-03,PRD-03,Solvents,0.8743,0.9483,37.81,35.85,35.85,0,549.73,28770.84,48285.01,0,19514.170000000002,211.20202856387198
BAT-001903,2025-06,8,PLT-02,AMER,FRM-02,PRD-02,Polymers,0.8348,0.9019,31.18,28.12,28.12,0,882.45,39074.7,57853.78,0,18779.08,370.7475625400896
BAT-001904,2025-06,8,PLT-04,EMEA,FRM-06,PRD-06,Coatings,0.9022,0.9114,14.15,12.89,12.89,0,1421.56,27768.72,42422.39,0,14653.669999999998,540.8937102473499
BAT-001905,2025-06,8,PLT-05,LATAM,FRM-10,PRD-10,Agrochem,0.8182,0.9007,23.72,21.37,21.37,0,573.15,18675.09,25488.76,0,6813.669999999998,214.16408094435087
BAT-001906,2025-06,8,PLT-05,LATAM,FRM-08,PRD-08,Surfactants,0.7695,0.9545,41.3,39.42,39.42,0,1038.54,60084.39,92280.12,0,32195.729999999996,416.2878450363198
BAT-001907,2025-06,8,PLT-06,APAC,FRM-04,PRD-04,Agrochem,0.8868,0.9712,32.77,31.83,31.83,0,541.35,23711.37,37274.78,0,13563.41,182.21942325297516
BAT-001908,2025-06,8,PLT-03,APAC,FRM-05,PRD-05,Coatings,0.6454,0.8504,30.14,25.63,0.0,1,1309.6,58191.21,0.0,0,-58191.21,621.0970802919708
BAT-001909,2025-06,8,PLT-03,APAC,FRM-06,PRD-06,Coatings,0.5956,0.8419,18.8,15.82,15.82,0,1421.56,38534.26,52840.04,0,14305.779999999999,628.1346808510639
BAT-001910,2025-06,8,PLT-04,EMEA,FRM-02,PRD-02,Polymers,0.8666,0.8947,33.83,30.27,30.27,0,882.45,42202.19,61239.63,0,19037.439999999995,365.0282737215491
BAT-001911,2025-06,8,PLT-03,APAC,FRM-08,PRD-08,Surfactants,0.6578,0.8882,25.26,22.43,22.43,0,1038.54,39090.77,51347.56,0,12256.79,508.9964212193188
BAT-001912,2025-06,8,PLT-04,EMEA,FRM-03,PRD-03,Solvents,0.852,0.995,103.19,102.68,102.68,0,549.73,77958.5,128633.72,0,50675.22,205.7550276189553
BAT-001913,2025-06,8,PLT-01,EMEA,FRM-11,PRD-11,Polymers,0.9142,0.8582,55.77,47.86,47.86,0,724.41,55734.18,78311.31,0,22577.129999999997,274.947719203873
BAT-001914,2025-06,8,PLT-04,EMEA,FRM-03,PRD-03,Solvents,0.9023,0.9527,94.71,90.24,90.24,0,549.73,72292.4,117904.37,0,45611.97,213.572713546616
BAT-001915,2025-06,8,PLT-03,APAC,FRM-07,PRD-07,Catalysts,0.6182,0.8254,2.91,2.4,2.4,0,14821.78,65102.78,83275.11,0,18172.33,7550.309347079035
BAT-001916,2025-06,8,PLT-05,LATAM,FRM-09,PRD-09,Specialty,0.7995,0.8356,32.1,26.82,26.82,0,1599.39,68552.52,70656.55,0,2104.029999999999,536.2025233644861
BAT-001917,2025-06,8,PLT-05,LATAM,FRM-08,PRD-08,Surfactants,0.8567,0.9113,37.35,34.03,34.03,0,1038.54,52539.64,76825.67,0,24286.03,368.1438018741633
BAT-001918,2025-06,8,PLT-04,EMEA,FRM-03,PRD-03,Solvents,0.8706,0.9216,33.76,31.12,31.12,0,549.73,25342.47,41188.69,0,15846.220000000001,200.9355805687204
BAT-001919,2025-06,8,PLT-05,LATAM,FRM-10,PRD-10,Agrochem,0.7535,0.9136,36.44,33.29,33.29,0,573.15,29986.48,42164.58,0,12178.100000000002,249.7501097694842
BAT-001920,2025-06,8,PLT-03,APAC,FRM-04,PRD-04,Agrochem,0.7113,0.8601,70.68,60.79,60.79,0,541.35,53466.92,73937.38,0,20470.460000000006,215.1146293152234
BAT-001921,2025-06,8,PLT-04,EMEA,FRM-11,PRD-11,Polymers,0.8253,0.9367,29.32,27.47,27.47,0,724.41,29909.88,43743.95,0,13834.069999999996,295.708690313779
BAT-001922,2025-06,8,PLT-06,APAC,FRM-04,PRD-04,Agrochem,0.8461,0.9274,69.8,64.73,0.0,1,541.35,53575.2,0.0,0,-53575.2,226.20300859598854
BAT-001923,2025-06,8,PLT-02,AMER,FRM-03,PRD-03,Solvents,0.878,0.995,97.96,97.47,97.47,0,549.73,72703.9,124755.09,0,52051.19,192.44946100449158
BAT-001924,2025-06,8,PLT-01,EMEA,FRM-11,PRD-11,Polymers,0.816,0.9253,65.11,60.24,60.24,0,724.41,67630.64,95697.24,0,28066.600000000006,314.3035616648748
BAT-001925,2025-06,8,PLT-03,APAC,FRM-04,PRD-04,Agrochem,0.6626,0.9479,33.94,32.17,32.17,0,541.35,26082.58,38694.66,0,12612.080000000002,227.1408662345316
BAT-001926,2025-06,8,PLT-02,AMER,FRM-03,PRD-03,Solvents,0.85,0.974,91.07,88.7,88.7,0,549.73,71170.72,121896.81,0,50726.09,231.76467442626551
BAT-001927,2025-06,8,PLT-05,LATAM,FRM-06,PRD-06,Coatings,0.7974,0.8876,18.2,16.16,16.16,0,1421.56,37167.15,55497.76,0,18330.61,620.591098901099
BAT-001928,2025-06,8,PLT-03,APAC,FRM-02,PRD-02,Polymers,0.6844,0.8831,29.56,26.1,26.1,0,882.45,37789.33,51276.37,0,13487.04,395.9441136671178
BAT-001929,2025-06,8,PLT-06,APAC,FRM-08,PRD-08,Surfactants,0.8695,0.9649,30.16,29.1,29.1,0,1038.54,43515.3,64027.29,0,20511.989999999998,404.2749867374007
BAT-001930,2025-06,8,PLT-06,APAC,FRM-12,PRD-12,Solvents,0.8226,0.9209,66.17,60.93,60.93,0,605.63,55708.03,86841.17,0,31133.14,236.26254949372822
BAT-001931,2025-06,8,PLT-05,LATAM,FRM-11,PRD-11,Polymers,0.8465,0.9128,32.72,29.87,29.87,0,724.41,32477.43,47474.5,0,14997.07,268.1764914425429
BAT-001932,2025-06,8,PLT-01,EMEA,FRM-08,PRD-08,Surfactants,0.8831,0.9349,34.44,32.2,32.2,0,1038.54,48594.27,72066.15,0,23471.879999999997,372.44344947735203
BAT-001933,2025-06,8,PLT-01,EMEA,FRM-06,PRD-06,Coatings,0.8669,0.8747,24.46,21.4,21.4,0,1421.56,47624.55,75123.98,0,27499.429999999993,525.4780212591988
BAT-001934,2025-06,8,PLT-03,APAC,FRM-11,PRD-11,Polymers,0.6349,0.8587,36.22,31.1,31.1,0,724.41,38679.24,52464.05,0,13784.810000000005,343.4872943125346
BAT-001935,2025-06,8,PLT-02,AMER,FRM-03,PRD-03,Solvents,0.8215,0.9514,100.29,95.42,95.42,0,549.73,76190.31,120131.76,0,43941.45,209.9699700867484
BAT-001936,2025-06,8,PLT-06,APAC,FRM-07,PRD-07,Catalysts,0.8026,0.8735,1.91,1.67,1.67,0,14821.78,40712.1,60115.6,0,19403.5,6493.455602094242
BAT-001937,2025-06,8,PLT-06,APAC,FRM-08,PRD-08,Surfactants,0.8509,0.9823,17.84,17.53,17.53,0,1038.54,25743.99,39634.22,0,13890.23,404.50876681614363
BAT-001938,2025-06,8,PLT-02,AMER,FRM-12,PRD-12,Solvents,0.8594,0.9605,91.01,87.41,87.41,0,605.63,77099.18,128485.57,0,51386.390000000014,241.52064278650687
BAT-001939,2025-06,8,PLT-03,APAC,FRM-08,PRD-08,Surfactants,0.7262,0.8937,44.08,39.4,39.4,0,1038.54,65969.25,88248.54,0,22279.289999999994,458.0400816696915
BAT-001940,2025-06,8,PLT-04,EMEA,FRM-01,PRD-01,Polymers,0.873,0.9217,82.13,75.7,75.7,0,752.98,85752.81,137999.21,0,52246.399999999994,291.13067819310845
BAT-001941,2025-06,8,PLT-04,EMEA,FRM-11,PRD-11,Polymers,0.8489,0.9549,34.13,32.59,32.59,0,724.41,33642.93,55590.67,0,21947.739999999998,261.31897743920297
BAT-001942,2025-06,8,PLT-02,AMER,FRM-07,PRD-07,Catalysts,0.8097,0.8315,1.46,1.21,1.21,0,14821.78,29633.66,44593.36,0,14959.7,5475.247397260273
BAT-001943,2025-06,8,PLT-03,APAC,FRM-09,PRD-09,Specialty,0.6666,0.753,21.94,16.52,16.52,0,1599.39,49424.7,41493.67,0,-7931.029999999999,653.3310574293525
BAT-001944,2025-06,8,PLT-01,EMEA,FRM-06,PRD-06,Coatings,0.8901,0.9268,29.66,27.48,27.48,0,1421.56,57482.57,92321.78,0,34839.21,516.4902360080916
BAT-001945,2025-06,8,PLT-06,APAC,FRM-01,PRD-01,Polymers,0.8148,0.995,68.55,68.2,68.2,0,752.98,71706.22,113415.11,0,41708.89,293.0625966447849
BAT-001946,2025-06,8,PLT-04,EMEA,FRM-06,PRD-06,Coatings,0.8314,0.9174,22.11,20.29,0.0,1,1421.56,44818.04,0.0,0,-44818.04,605.4883943916782
BAT-001947,2025-06,8,PLT-05,LATAM,FRM-01,PRD-01,Polymers,0.7575,0.9824,55.32,54.35,54.35,0,752.98,58427.18,93356.86,0,34929.68,303.1873897324656
BAT-001948,2025-06,8,PLT-02,AMER,FRM-07,PRD-07,Catalysts,0.8083,0.8693,3.22,2.8,2.8,0,14821.78,68331.42,97533.86,0,29202.440000000002,6399.157888198757
BAT-001949,2025-06,8,PLT-05,LATAM,FRM-04,PRD-04,Agrochem,0.7932,0.8809,37.02,32.61,32.61,0,541.35,27509.1,36868.25,0,9359.150000000001,201.73752025931913
BAT-001950,2025-06,8,PLT-03,APAC,FRM-06,PRD-06,Coatings,0.6614,0.8454,22.17,18.74,18.74,0,1421.56,45785.0,62511.86,0,16726.86,643.6181686964364
BAT-001951,2025-06,8,PLT-05,LATAM,FRM-11,PRD-11,Polymers,0.7743,0.9148,31.99,29.27,29.27,0,724.41,33216.51,48609.9,0,15393.39,313.93041888090045
BAT-001952,2025-06,8,PLT-02,AMER,FRM-05,PRD-05,Coatings,0.864,0.8665,34.16,29.6,29.6,0,1309.6,62717.5,90906.18,0,28188.679999999993,526.3923887587825
BAT-001953,2025-06,8,PLT-04,EMEA,FRM-12,PRD-12,Solvents,0.9441,0.9559,80.17,76.63,76.63,0,605.63,66614.33,108464.01,0,41849.67999999999,225.28343395285015
BAT-001954,2025-06,8,PLT-01,EMEA,FRM-12,PRD-12,Solvents,0.8714,0.995,43.2,42.98,42.98,0,605.63,36625.46,62901.66,0,26276.200000000004,242.18157407407398
BAT-001955,2025-06,8,PLT-04,EMEA,FRM-10,PRD-10,Agrochem,0.8665,0.8948,51.64,46.21,46.21,0,573.15,39883.81,54620.42,0,14736.61,199.1933384972889
BAT-001956,2025-06,8,PLT-01,EMEA,FRM-10,PRD-10,Agrochem,0.8272,0.9072,39.31,35.66,35.66,0,573.15,31566.46,44477.51,0,12911.050000000003,229.86348257440852
BAT-001957,2025-06,8,PLT-06,APAC,FRM-01,PRD-01,Polymers,0.8083,0.888,23.09,20.51,20.51,0,752.98,24384.56,34505.66,0,10121.100000000002,303.08582936336074
BAT-001958,2025-06,8,PLT-03,APAC,FRM-08,PRD-08,Surfactants,0.5759,0.8604,25.7,22.12,22.12,0,1038.54,40534.38,49946.74,0,9412.36,538.6732295719844
BAT-001959,2025-06,8,PLT-03,APAC,FRM-09,PRD-09,Specialty,0.6452,0.769,24.83,19.09,19.09,0,1599.39,56994.79,48412.85,0,-8581.940000000002,696.0103221908983
BAT-001960,2025-06,8,PLT-05,LATAM,FRM-12,PRD-12,Solvents,0.8164,0.9385,34.74,32.6,32.6,0,605.63,30098.73,46608.35,0,16509.62,260.76982728842825
BAT-001961,2025-06,8,PLT-01,EMEA,FRM-05,PRD-05,Coatings,0.8793,0.8204,43.65,35.81,35.81,0,1309.6,78629.44,104792.97,0,26163.53,491.76174112256604
BAT-001962,2025-06,8,PLT-03,APAC,FRM-03,PRD-03,Solvents,0.6556,0.9146,48.84,44.67,44.67,0,549.73,39101.58,56466.53,0,17364.949999999997,250.87565110565106
BAT-001963,2025-06,8,PLT-05,LATAM,FRM-05,PRD-05,Coatings,0.8035,0.9035,9.92,8.96,8.96,0,1309.6,18008.34,27072.59,0,9064.25,505.75685483870984
BAT-001964,2025-06,8,PLT-06,APAC,FRM-07,PRD-07,Catalysts,0.8039,0.8608,3.19,2.74,2.74,0,14821.78,67530.41,102444.09,0,34913.67999999999,6347.627523510973
BAT-001965,2025-06,8,PLT-02,AMER,FRM-11,PRD-11,Polymers,0.8261,0.9063,86.54,78.43,78.43,0,724.41,86427.02,133697.43,0,47270.40999999999,274.28447654263925
BAT-001966,2025-06,8,PLT-03,APAC,FRM-03,PRD-03,Solvents,0.6404,0.935,81.86,76.54,76.54,0,549.73,64599.38,104538.72,0,39939.340000000004,239.41463718543855
BAT-001967,2025-06,8,PLT-02,AMER,FRM-05,PRD-05,Coatings,0.8382,0.9046,35.95,32.52,32.52,0,1309.6,67270.14,99621.37,0,32351.229999999996,561.6139082058414
BAT-001968,2025-06,8,PLT-02,AMER,FRM-02,PRD-02,Polymers,0.7736,0.9796,60.58,59.34,59.34,0,882.45,77064.33,112080.29,0,35015.95999999999,389.6584516342027
BAT-001969,2025-06,8,PLT-06,APAC,FRM-03,PRD-03,Solvents,0.8271,0.9708,69.92,67.88,67.88,0,549.73,52850.19,87671.9,0,34821.70999999999,206.13656178489703
BAT-001970,2025-06,8,PLT-05,LATAM,FRM-08,PRD-08,Surfactants,0.7596,0.9182,24.8,22.77,22.77,0,1038.54,36144.08,53787.91,0,17643.83,418.8825806451614
BAT-001971,2025-06,8,PLT-03,APAC,FRM-06,PRD-06,Coatings,0.7158,0.8758,10.69,9.36,9.36,0,1421.56,22059.69,32787.85,0,10728.16,642.0218521983161
BAT-001972,2025-06,8,PLT-06,APAC,FRM-03,PRD-03,Solvents,0.8513,0.995,43.87,43.65,0.0,1,549.73,33675.35,0.0,0,-33675.35,217.8868224299065
BAT-001973,2025-06,8,PLT-01,EMEA,FRM-07,PRD-07,Catalysts,0.9053,0.893,1.52,1.36,1.36,0,14821.78,30668.91,48409.79,0,17740.88,5355.134473684209
BAT-001974,2025-06,8,PLT-04,EMEA,FRM-07,PRD-07,Catalysts,0.8719,0.8171,2.32,1.9,1.9,0,14821.78,48145.95,68534.42,0,20388.47,5930.784655172412
BAT-001975,2025-06,8,PLT-05,LATAM,FRM-09,PRD-09,Specialty,0.7934,0.8435,12.87,10.85,10.85,0,1599.39,27225.97,27406.24,0,180.27000000000044,516.0699844599847
BAT-001976,2025-06,8,PLT-05,LATAM,FRM-06,PRD-06,Coatings,0.7581,0.8905,23.14,20.61,20.61,0,1421.56,45884.7,66189.02,0,20304.320000000007,561.3570267934313
BAT-001977,2025-06,8,PLT-03,APAC,FRM-03,PRD-03,Solvents,0.6247,0.9642,43.03,41.49,41.49,0,549.73,34910.19,56188.25,0,21278.059999999998,261.56886125958636
BAT-001978,2025-06,8,PLT-06,APAC,FRM-10,PRD-10,Agrochem,0.8593,0.8883,85.14,75.63,75.63,0,573.15,66660.43,90293.17,0,23632.740000000005,209.8007869391589
BAT-001979,2025-06,8,PLT-06,APAC,FRM-09,PRD-09,Specialty,0.8374,0.8539,36.57,31.22,31.22,0,1599.39,77341.05,80190.92,0,2849.8699999999953,515.4869483182936
BAT-001980,2025-06,8,PLT-02,AMER,FRM-10,PRD-10,Agrochem,0.8571,0.9438,39.69,37.46,37.46,0,573.15,32001.25,45364.7,0,13363.449999999997,233.12991937515756
BAT-001981,2025-07,9,PLT-04,EMEA,FRM-06,PRD-06,Coatings,0.9008,0.8616,15.28,13.16,0.0,1,1398.89,28801.9,0.0,0,-28801.9,486.05109947643996
BAT-001982,2025-07,9,PLT-02,AMER,FRM-01,PRD-01,Polymers,0.8038,0.9398,69.63,65.44,65.44,0,740.97,74680.06,113833.2,0,39153.14,331.5570716645125
BAT-001983,2025-07,9,PLT-01,EMEA,FRM-04,PRD-04,Agrochem,0.8899,0.895,94.78,84.83,84.83,0,532.72,68593.81,103898.07,0,35304.26000000001,190.99607934163316
BAT-001984,2025-07,9,PLT-01,EMEA,FRM-09,PRD-09,Specialty,0.9128,0.8548,40.54,34.65,34.65,0,1573.89,83282.6,87666.31,0,4383.709999999992,480.4415244203258
BAT-001985,2025-07,9,PLT-06,APAC,FRM-02,PRD-02,Polymers,0.8786,0.8858,36.33,32.19,32.19,0,868.38,42322.65,65663.14,0,23340.489999999998,296.5704541701074
BAT-001986,2025-07,9,PLT-06,APAC,FRM-01,PRD-01,Polymers,0.8514,0.9281,27.12,25.16,0.0,1,740.97,27167.19,0.0,0,-27167.19,260.7700442477875
BAT-001987,2025-07,9,PLT-04,EMEA,FRM-01,PRD-01,Polymers,0.97,0.9317,78.87,73.49,73.49,0,740.97,76512.75,122410.79,0,45898.03999999999,229.14220996576637
BAT-001988,2025-07,9,PLT-05,LATAM,FRM-09,PRD-09,Specialty,0.8412,0.8091,19.18,15.52,15.52,0,1573.89,39642.66,39221.94,0,-420.72000000000116,492.98486965589177
BAT-001989,2025-07,9,PLT-05,LATAM,FRM-02,PRD-02,Polymers,0.7926,0.901,22.07,19.88,19.88,0,868.38,27462.42,40040.61,0,12578.190000000002,375.95257816039873
BAT-001990,2025-07,9,PLT-01,EMEA,FRM-06,PRD-06,Coatings,0.8391,0.8989,35.49,31.9,31.9,0,1398.89,69976.35,110072.02,0,40095.67,572.8302028740491
BAT-001991,2025-07,9,PLT-02,AMER,FRM-07,PRD-07,Catalysts,0.8305,0.8598,1.88,1.62,1.62,0,14585.45,38617.09,59594.54,0,20977.450000000004,5955.555319148934
BAT-001992,2025-07,9,PLT-04,EMEA,FRM-07,PRD-07,Catalysts,0.8446,0.87,3.54,3.08,3.08,0,14585.45,72198.68,112940.79,0,40742.11,5809.657344632764
BAT-001993,2025-07,9,PLT-01,EMEA,FRM-04,PRD-04,Agrochem,0.9115,0.9012,34.48,31.07,0.0,1,532.72,24653.19,0.0,0,-24653.19,182.27970997679813
BAT-001994,2025-07,9,PLT-05,LATAM,FRM-09,PRD-09,Specialty,0.8773,0.8258,33.98,28.06,28.06,0,1573.89,72711.76,75100.49,0,2388.7300000000105,565.9499058269569
BAT-001995,2025-07,9,PLT-04,EMEA,FRM-04,PRD-04,Agrochem,0.9161,0.9217,81.67,75.28,75.28,0,532.72,59843.13,86335.42,0,26492.29,200.0231125260193
BAT-001996,2025-07,9,PLT-03,APAC,FRM-07,PRD-07,Catalysts,0.6124,0.8115,2.1,1.7,1.7,0,14585.45,46529.34,60806.2,0,14276.86,7571.37857142857
BAT-001997,2025-07,9,PLT-06,APAC,FRM-05,PRD-05,Coatings,0.8108,0.8905,40.64,36.19,36.19,0,1288.71,74168.8,110146.23,0,35977.42999999999,536.3096850393702
BAT-001998,2025-07,9,PLT-01,EMEA,FRM-08,PRD-08,Surfactants,0.8307,0.9323,27.42,25.57,25.57,0,1021.98,38342.41,60394.86,0,22052.449999999997,376.35734500364697
BAT-001999,2025-07,9,PLT-02,AMER,FRM-08,PRD-08,Surfactants,0.904,0.9586,61.59,59.04,59.04,0,1021.98,87897.32,135120.76,0,47223.44,405.1562234128917
BAT-002000,2025-07,9,PLT-02,AMER,FRM-03,PRD-03,Solvents,0.8007,0.9487,51.5,48.86,48.86,0,540.96,38264.86,64357.22,0,26092.36,202.0469902912621
BAT-002001,2025-07,9,PLT-03,APAC,FRM-01,PRD-01,Polymers,0.6512,0.8872,44.19,39.2,39.2,0,740.97,47716.86,66056.37,0,18339.509999999995,338.84126951799044
BAT-002002,2025-07,9,PLT-03,APAC,FRM-12,PRD-12,Solvents,0.6256,0.8752,43.26,37.86,0.0,1,595.98,38241.31,0.0,0,-38241.31,288.0077484974572
BAT-002003,2025-07,9,PLT-04,EMEA,FRM-05,PRD-05,Coatings,0.917,0.9423,37.26,35.11,35.11,0,1288.71,66214.7,101742.89,0,35528.19,488.3887654320988
BAT-002004,2025-07,9,PLT-04,EMEA,FRM-05,PRD-05,Coatings,0.9027,0.8904,27.35,24.35,0.0,1,1288.71,49068.79,0.0,0,-49068.79,505.3956672760512
BAT-002005,2025-07,9,PLT-03,APAC,FRM-09,PRD-09,Specialty,0.6759,0.8228,24.23,19.93,19.93,0,1573.89,53819.71,52079.47,0,-1740.239999999998,647.3114032191495
BAT-002006,2025-07,9,PLT-06,APAC,FRM-08,PRD-08,Surfactants,0.832,0.9203,38.49,35.42,35.42,0,1021.98,54439.07,77831.0,0,23391.93,392.3891868017665
BAT-002007,2025-07,9,PLT-06,APAC,FRM-02,PRD-02,Polymers,0.8427,0.9168,40.26,36.91,36.91,0,868.38,48459.39,73236.43,0,24777.039999999994,335.2809538002981
BAT-002008,2025-07,9,PLT-01,EMEA,FRM-02,PRD-02,Polymers,0.8619,0.9475,37.35,35.39,35.39,0,868.38,44733.29,66419.72,0,21686.43,329.2984471218207
BAT-002009,2025-07,9,PLT-06,APAC,FRM-01,PRD-01,Polymers,0.8845,0.9874,52.53,51.87,51.87,0,740.97,52539.94,86306.17,0,33766.229999999996,259.219225204645
BAT-002010,2025-07,9,PLT-04,EMEA,FRM-02,PRD-02,Polymers,0.8397,0.9392,32.82,30.83,30.83,0,868.38,39026.76,62611.18,0,23584.42,320.73517367458874
BAT-002011,2025-07,9,PLT-06,APAC,FRM-11,PRD-11,Polymers,0.8997,0.9676,53.37,51.64,51.64,0,712.86,53351.94,84584.91,0,31232.97,286.8016076447443
BAT-002012,2025-07,9,PLT-06,APAC,FRM-01,PRD-01,Polymers,0.8593,0.9513,22.0,20.92,20.92,0,740.97,22842.99,36495.92,0,13652.929999999997,297.3477272727273
BAT-002013,2025-07,9,PLT-06,APAC,FRM-07,PRD-07,Catalysts,0.8461,0.8711,3.3,2.87,2.87,0,14585.45,67535.37,107238.52,0,39703.15000000001,5879.813636363637
BAT-002014,2025-07,9,PLT-02,AMER,FRM-11,PRD-11,Polymers,0.8656,0.9657,51.28,49.53,49.53,0,712.86,50673.58,84333.96,0,33660.380000000005,275.31433697347893
BAT-002015,2025-07,9,PLT-06,APAC,FRM-08,PRD-08,Surfactants,0.8196,0.9212,32.93,30.33,30.33,0,1021.98,46431.2,71117.71,0,24686.51000000001,388.01696325539024
BAT-002016,2025-07,9,PLT-06,APAC,FRM-06,PRD-06,Coatings,0.8882,0.8719,30.96,27.0,27.0,0,1398.89,60520.82,89878.47,0,29357.65,555.9168475452195
BAT-002017,2025-07,9,PLT-01,EMEA,FRM-04,PRD-04,Agrochem,0.9238,0.8891,91.71,81.54,81.54,0,532.72,66322.29,93704.82,0,27382.530000000013,190.4540268236833
BAT-002018,2025-07,9,PLT-03,APAC,FRM-02,PRD-02,Polymers,0.6667,0.9481,28.89,27.39,27.39,0,868.38,35662.3,53304.15,0,17641.85,366.0367532018
BAT-002019,2025-07,9,PLT-02,AMER,FRM-10,PRD-10,Agrochem,0.8418,0.923,89.42,82.53,82.53,0,564.01,71233.69,96303.88,0,25070.190000000002,232.609212704093
BAT-002020,2025-07,9,PLT-04,EMEA,FRM-06,PRD-06,Coatings,0.9097,0.8927,38.03,33.95,33.95,0,1398.89,72601.07,118893.04,0,46291.96999999999,510.15733105443064
BAT-002021,2025-07,9,PLT-01,EMEA,FRM-10,PRD-10,Agrochem,0.8245,0.9592,87.72,84.15,84.15,0,564.01,69831.03,103845.91,0,34014.880000000005,232.05737346101228
BAT-002022,2025-07,9,PLT-02,AMER,FRM-04,PRD-04,Agrochem,0.8707,0.9337,67.99,63.48,63.48,0,532.72,51419.19,71067.38,0,19648.190000000002,223.55577584938965
BAT-002023,2025-07,9,PLT-02,AMER,FRM-09,PRD-09,Specialty,0.883,0.846,29.54,24.99,24.99,0,1573.89,60615.0,66566.2,0,5951.199999999997,478.07343940419764
BAT-002024,2025-07,9,PLT-04,EMEA,FRM-12,PRD-12,Solvents,0.9059,0.9735,55.69,54.21,54.21,0,595.98,45579.35,77334.18,0,31754.829999999994,222.4676566708565
BAT-002025,2025-07,9,PLT-06,APAC,FRM-09,PRD-09,Specialty,0.841,0.853,42.04,35.86,35.86,0,1573.89,90971.86,97460.39,0,6488.529999999999,590.0457754519505
BAT-002026,2025-07,9,PLT-06,APAC,FRM-04,PRD-04,Agrochem,0.8542,0.9417,53.33,50.23,50.23,0,532.72,40453.87,57538.36,0,17084.489999999998,225.83747234202144
BAT-002027,2025-07,9,PLT-02,AMER,FRM-03,PRD-03,Solvents,0.8425,0.9381,106.87,100.25,100.25,0,540.96,81636.8,131336.05,0,49699.249999999985,222.92883690465044
BAT-002028,2025-07,9,PLT-02,AMER,FRM-12,PRD-12,Solvents,0.8464,0.9234,114.36,105.61,105.61,0,595.98,94571.78,155931.84,0,61360.06,230.98554739419376
BAT-002029,2025-07,9,PLT-04,EMEA,FRM-07,PRD-07,Catalysts,0.931,0.8633,3.71,3.21,3.21,0,14585.45,71629.54,120935.89,0,49306.350000000006,4721.703638814015
BAT-002030,2025-07,9,PLT-03,APAC,FRM-09,PRD-09,Specialty,0.6487,0.7958,43.13,34.33,34.33,0,1573.89,97757.14,93355.02,0,-4402.119999999995,692.6794412242054
BAT-002031,2025-07,9,PLT-03,APAC,FRM-01,PRD-01,Polymers,0.6512,0.8965,53.59,48.04,48.04,0,740.97,57742.95,85382.63,0,27639.680000000008,336.5248684456053
BAT-002032,2025-07,9,PLT-03,APAC,FRM-09,PRD-09,Specialty,0.7294,0.7921,38.61,30.58,0.0,1,1573.89,84656.55,0.0,0,-84656.55,618.7168376068378
BAT-002033,2025-07,9,PLT-06,APAC,FRM-05,PRD-05,Coatings,0.8333,0.8553,15.76,13.48,13.48,0,1288.71,28608.39,40086.12,0,11477.730000000003,526.5431725888325
BAT-002034,2025-07,9,PLT-01,EMEA,FRM-06,PRD-06,Coatings,0.8842,0.9317,18.04,16.81,16.81,0,1398.89,33840.08,55284.07,0,21443.989999999998,476.94592017738364
BAT-002035,2025-07,9,PLT-04,EMEA,FRM-10,PRD-10,Agrochem,0.8886,0.9206,43.81,40.33,40.33,0,564.01,34134.08,48409.98,0,14275.900000000001,215.12900935859398
BAT-002036,2025-07,9,PLT-01,EMEA,FRM-07,PRD-07,Catalysts,0.8047,0.8628,1.33,1.14,1.14,0,14585.45,27095.98,43146.31,0,16050.329999999998,5787.4672932330795
BAT-002037,2025-07,9,PLT-04,EMEA,FRM-03,PRD-03,Solvents,0.8731,0.9385,51.92,48.73,48.73,0,540.96,38581.7,65139.89,0,26558.190000000002,202.13899845916785
BAT-002038,2025-07,9,PLT-02,AMER,FRM-02,PRD-02,Polymers,0.8587,0.9118,56.01,51.07,51.07,0,868.38,66746.61,102257.08,0,35510.47,323.31094804499196
BAT-002039,2025-07,9,PLT-03,APAC,FRM-03,PRD-03,Solvents,0.6543,0.9212,35.97,33.14,33.14,0,540.96,27865.45,44581.96,0,16716.51,233.72584931887684
BAT-002040,2025-07,9,PLT-01,EMEA,FRM-12,PRD-12,Solvents,0.8914,0.9514,33.85,32.21,32.21,0,595.98,27499.69,47469.17,0,19969.48,216.41852289512542
BAT-002041,2025-07,9,PLT-02,AMER,FRM-08,PRD-08,Surfactants,0.8487,0.9496,68.65,65.18,65.18,0,1021.98,98418.25,144464.87,0,46046.619999999995,411.6434522942461
BAT-002042,2025-07,9,PLT-06,APAC,FRM-03,PRD-03,Solvents,0.8299,0.9169,34.76,31.87,31.87,0,540.96,26256.64,40374.27,0,14117.629999999997,214.40939010356726
BAT-002043,2025-07,9,PLT-05,LATAM,FRM-09,PRD-09,Specialty,0.7059,0.8394,35.31,29.64,29.64,0,1573.89,79341.64,77400.91,0,-1940.729999999996,673.1119824412347
BAT-002044,2025-07,9,PLT-03,APAC,FRM-02,PRD-02,Polymers,0.7018,0.8394,37.11,31.15,31.15,0,868.38,48002.62,64010.25,0,16007.629999999997,425.142500673673
BAT-002045,2025-07,9,PLT-06,APAC,FRM-03,PRD-03,Solvents,0.8528,0.9622,51.24,49.3,49.3,0,540.96,38245.29,62573.2,0,24327.909999999996,205.43519906323183
BAT-002046,2025-07,9,PLT-04,EMEA,FRM-08,PRD-08,Surfactants,0.8673,0.9376,61.53,57.69,0.0,1,1021.98,88352.59,0.0,0,-88352.59,413.9470274662765
BAT-002047,2025-07,9,PLT-06,APAC,FRM-07,PRD-07,Catalysts,0.8628,0.8833,2.72,2.4,2.4,0,14585.45,54424.43,84866.59,0,30442.159999999996,5423.531617647055
BAT-002048,2025-07,9,PLT-02,AMER,FRM-11,PRD-11,Polymers,0.8207,0.921,44.47,40.96,0.0,1,712.86,43800.4,0.0,0,-43800.4,272.0826579716663
BAT-002049,2025-07,9,PLT-05,LATAM,FRM-02,PRD-02,Polymers,0.7567,0.9127,15.25,13.92,13.92,0,868.38,19096.36,27480.94,0,8384.579999999998,383.84032786885257
BAT-002050,2025-07,9,PLT-01,EMEA,FRM-04,PRD-04,Agrochem,0.8634,0.9417,62.53,58.89,58.89,0,532.72,46178.19,70242.37,0,24064.179999999993,205.77656165040776
BAT-002051,2025-07,9,PLT-01,EMEA,FRM-12,PRD-12,Solvents,0.8987,0.9105,48.84,44.47,44.47,0,595.98,40427.35,66408.73,0,25981.379999999997,231.77081900081885
BAT-002052,2025-07,9,PLT-06,APAC,FRM-01,PRD-01,Polymers,0.8259,0.9802,55.51,54.41,54.41,0,740.97,58106.65,95420.82,0,37314.170000000006,305.80805800756616
BAT-002053,2025-07,9,PLT-01,EMEA,FRM-03,PRD-03,Solvents,0.8187,0.995,30.15,30.0,0.0,1,540.96,23163.72,0.0,0,-23163.72,227.32258706467667
BAT-002054,2025-07,9,PLT-01,EMEA,FRM-03,PRD-03,Solvents,0.8304,0.995,36.84,36.66,36.66,0,540.96,28594.01,50243.67,0,21649.66,235.2074809989141
BAT-002055,2025-07,9,PLT-02,AMER,FRM-12,PRD-12,Solvents,0.7836,0.9496,63.23,60.04,0.0,1,595.98,52439.79,0.0,0,-52439.79,233.36983393958565
BAT-002056,2025-07,9,PLT-06,APAC,FRM-04,PRD-04,Agrochem,0.7938,0.907,77.69,70.46,70.46,0,532.72,58197.02,79991.89,0,21794.870000000003,216.37280473677436
BAT-002057,2025-07,9,PLT-06,APAC,FRM-12,PRD-12,Solvents,0.8935,0.9534,54.18,51.66,51.66,0,595.98,43585.04,73206.11,0,29621.07,208.46887412329272
BAT-002058,2025-07,9,PLT-02,AMER,FRM-05,PRD-05,Coatings,0.8314,0.9264,35.22,32.63,32.63,0,1288.71,65098.93,102005.21,0,36906.280000000006,559.6412208972174
BAT-002059,2025-07,9,PLT-06,APAC,FRM-01,PRD-01,Polymers,0.774,0.9432,31.73,29.93,29.93,0,740.97,33434.22,52660.17,0,19225.949999999997,312.7400535770564
BAT-002060,2025-07,9,PLT-02,AMER,FRM-07,PRD-07,Catalysts,0.8597,0.8888,3.86,3.43,3.43,0,14585.45,75909.22,128720.8,0,52811.58,5080.151036269432
BAT-002061,2025-07,9,PLT-05,LATAM,FRM-05,PRD-05,Coatings,0.8001,0.9242,21.82,20.17,20.17,0,1288.71,40805.12,58308.98,0,17503.86,581.3688267644363
BAT-002062,2025-07,9,PLT-04,EMEA,FRM-11,PRD-11,Polymers,0.8612,0.909,48.05,43.68,43.68,0,712.86,46807.68,70246.06,0,23438.379999999997,261.2852653485953
BAT-002063,2025-07,9,PLT-02,AMER,FRM-09,PRD-09,Specialty,0.8663,0.8244,59.69,49.21,0.0,1,1573.89,127363.89,0.0,0,-127363.89,559.8659055118112
BAT-002064,2025-07,9,PLT-04,EMEA,FRM-04,PRD-04,Agrochem,0.8566,0.8695,84.65,73.6,0.0,1,532.72,61948.5,0.0,0,-61948.5,199.09925575900763
BAT-002065,2025-07,9,PLT-02,AMER,FRM-07,PRD-07,Catalysts,0.8548,0.8841,3.97,3.51,3.51,0,14585.45,79829.44,122828.75,0,42999.31,5522.721284634761
BAT-002066,2025-07,9,PLT-05,LATAM,FRM-11,PRD-11,Polymers,0.744,0.9591,30.44,29.19,29.19,0,712.86,31968.36,47065.69,0,15097.330000000002,337.348935611038
BAT-002067,2025-07,9,PLT-06,APAC,FRM-10,PRD-10,Agrochem,0.8309,0.9109,31.68,28.86,28.86,0,564.01,25567.33,34980.33,0,9413.0,243.0395580808082
BAT-002068,2025-07,9,PLT-04,EMEA,FRM-06,PRD-06,Coatings,0.878,0.9312,32.59,30.35,30.35,0,1398.89,63255.5,98079.88,0,34824.380000000005,542.0581436023317
BAT-002069,2025-07,9,PLT-01,EMEA,FRM-04,PRD-04,Agrochem,0.8641,0.9429,67.94,64.06,64.06,0,532.72,49310.87,76768.67,0,27457.799999999996,193.0802649396527
BAT-002070,2025-07,9,PLT-04,EMEA,FRM-06,PRD-06,Coatings,0.8513,0.9198,38.65,35.55,35.55,0,1398.89,76071.89,121368.14,0,45296.25,569.3348382923673
BAT-002071,2025-07,9,PLT-04,EMEA,FRM-04,PRD-04,Agrochem,0.841,0.9177,84.86,77.87,0.0,1,532.72,62252.37,0.0,0,-62252.37,200.86908790949803
BAT-002072,2025-07,9,PLT-01,EMEA,FRM-12,PRD-12,Solvents,0.8808,0.9846,63.66,62.67,0.0,1,595.98,51372.01,0.0,0,-51372.01,210.9947093936538
BAT-002073,2025-07,9,PLT-04,EMEA,FRM-05,PRD-05,Coatings,0.8964,0.8878,45.66,40.54,40.54,0,1288.71,80692.29,124571.69,0,43879.40000000001,478.532444152431
BAT-002074,2025-07,9,PLT-05,LATAM,FRM-05,PRD-05,Coatings,0.7817,0.909,13.45,12.22,12.22,0,1288.71,25178.76,36370.59,0,11191.829999999998,583.3167657992565
BAT-002075,2025-07,9,PLT-02,AMER,FRM-07,PRD-07,Catalysts,0.8821,0.907,4.39,3.98,3.98,0,14585.45,89021.93,146691.28,0,57669.350000000006,5692.893963553532
BAT-002076,2025-07,9,PLT-05,LATAM,FRM-09,PRD-09,Specialty,0.7325,0.8729,14.0,12.22,0.0,1,1573.89,31389.14,0.0,0,-31389.14,668.1914285714286
BAT-002077,2025-07,9,PLT-06,APAC,FRM-10,PRD-10,Agrochem,0.7844,0.9331,73.05,68.17,68.17,0,564.01,59856.76,86562.19,0,26705.43,255.3843874058864
BAT-002078,2025-07,9,PLT-01,EMEA,FRM-06,PRD-06,Coatings,0.8876,0.8408,16.82,14.14,14.14,0,1398.89,32027.57,45348.72,0,13321.150000000001,505.2461474435195
BAT-002079,2025-07,9,PLT-03,APAC,FRM-03,PRD-03,Solvents,0.6917,0.9296,60.03,55.81,55.81,0,540.96,46277.59,74811.75,0,28534.160000000003,229.94771281026146
BAT-002080,2025-07,9,PLT-02,AMER,FRM-07,PRD-07,Catalysts,0.8352,0.8675,3.82,3.32,3.32,0,14585.45,77472.67,119353.97,0,41881.3,5695.353664921466
BAT-002081,2025-07,9,PLT-05,LATAM,FRM-10,PRD-10,Agrochem,0.8923,0.9156,49.72,45.52,45.52,0,564.01,37688.7,55333.08,0,17644.380000000005,194.00890587288814
BAT-002082,2025-07,9,PLT-06,APAC,FRM-02,PRD-02,Polymers,0.8621,0.9199,35.74,32.88,32.88,0,868.38,42151.05,67600.93,0,25449.87999999999,311.00024622271974
BAT-002083,2025-07,9,PLT-03,APAC,FRM-04,PRD-04,Agrochem,0.6317,0.8558,41.2,35.26,35.26,0,532.72,31826.66,41331.11,0,9504.45,239.77174757281546
BAT-002084,2025-07,9,PLT-03,APAC,FRM-02,PRD-02,Polymers,0.6305,0.918,56.07,51.48,0.0,1,868.38,71228.6,0.0,0,-71228.6,401.97134653112187
BAT-002085,2025-07,9,PLT-04,EMEA,FRM-10,PRD-10,Agrochem,0.9518,0.969,37.59,36.43,36.43,0,564.01,28086.83,44691.05,0,16604.22,183.17888002128223
BAT-002086,2025-07,9,PLT-02,AMER,FRM-02,PRD-02,Polymers,0.8129,0.9593,28.94,27.76,27.76,0,868.38,35495.52,55455.4,0,19959.880000000005,358.1410780926052
BAT-002087,2025-07,9,PLT-06,APAC,FRM-08,PRD-08,Surfactants,0.8172,0.9363,36.25,33.94,33.94,0,1021.98,53392.32,80512.92,0,27120.6,450.9115862068966
BAT-002088,2025-07,9,PLT-04,EMEA,FRM-12,PRD-12,Solvents,0.9142,0.9539,42.28,40.33,40.33,0,595.98,33557.45,56640.89,0,23083.440000000002,197.71560075685898
BAT-002089,2025-07,9,PLT-01,EMEA,FRM-07,PRD-07,Catalysts,0.8397,0.9273,1.32,1.23,1.23,0,14585.45,27384.53,44018.05,0,16633.520000000004,6160.406060606059
BAT-002090,2025-07,9,PLT-03,APAC,FRM-04,PRD-04,Agrochem,0.7161,0.8339,86.39,72.04,0.0,1,532.72,64939.15,0.0,0,-64939.15,218.9775344368561
BAT-002091,2025-07,9,PLT-01,EMEA,FRM-06,PRD-06,Coatings,0.9081,0.8877,37.76,33.52,33.52,0,1398.89,71416.29,117589.79,0,46173.5,492.43123940677947
BAT-002092,2025-07,9,PLT-02,AMER,FRM-04,PRD-04,Agrochem,0.8605,0.9272,119.39,110.69,0.0,1,532.72,88826.95,0.0,0,-88826.95,211.28661696959534
BAT-002093,2025-07,9,PLT-01,EMEA,FRM-09,PRD-09,Specialty,0.8624,0.7908,36.78,29.08,29.08,0,1573.89,79788.85,72189.23,0,-7599.62000000001,595.4642686242521
BAT-002094,2025-07,9,PLT-01,EMEA,FRM-05,PRD-05,Coatings,0.8267,0.852,25.87,22.04,22.04,0,1288.71,45748.88,64949.01,0,19200.130000000005,479.70437959025867
BAT-002095,2025-07,9,PLT-01,EMEA,FRM-03,PRD-03,Solvents,0.8789,0.995,31.39,31.24,31.24,0,540.96,24147.46,43023.76,0,18876.300000000003,228.31237973877023
BAT-002096,2025-07,9,PLT-04,EMEA,FRM-05,PRD-05,Coatings,0.9384,0.9083,16.82,15.28,15.28,0,1288.71,28735.38,47006.49,0,18271.109999999997,419.6954696789537
BAT-002097,2025-07,9,PLT-05,LATAM,FRM-12,PRD-12,Solvents,0.8434,0.956,50.2,47.99,47.99,0,595.98,40853.16,67941.76,0,27088.59999999999,217.82796812749007
BAT-002098,2025-07,9,PLT-01,EMEA,FRM-10,PRD-10,Agrochem,0.905,0.9411,52.31,49.23,49.23,0,564.01,39719.02,59048.65,0,19329.630000000005,195.29070732173568
BAT-002099,2025-07,9,PLT-02,AMER,FRM-08,PRD-08,Surfactants,0.8751,0.9331,29.43,27.46,27.46,0,1021.98,42295.15,64959.91,0,22664.760000000002,415.1640706761807
BAT-002100,2025-07,9,PLT-04,EMEA,FRM-07,PRD-07,Catalysts,0.9124,0.9033,2.65,2.39,2.39,0,14585.45,52195.95,89315.57,0,37119.62000000001,5111.134905660376
BAT-002101,2025-07,9,PLT-03,APAC,FRM-05,PRD-05,Coatings,0.6119,0.8475,14.16,12.0,12.0,0,1288.71,27833.18,34281.61,0,6448.43,676.9100564971752
BAT-002102,2025-07,9,PLT-06,APAC,FRM-07,PRD-07,Catalysts,0.8668,0.8893,2.19,1.95,1.95,0,14585.45,44021.26,73962.5,0,29941.239999999998,5515.581963470322
BAT-002103,2025-07,9,PLT-04,EMEA,FRM-07,PRD-07,Catalysts,0.9023,0.8953,2.84,2.54,2.54,0,14585.45,57864.51,94778.53,0,36914.02,5789.377464788733
BAT-002104,2025-07,9,PLT-01,EMEA,FRM-12,PRD-12,Solvents,0.8715,0.9512,31.31,29.78,29.78,0,595.98,25232.06,44188.7,0,18956.639999999996,209.89863302459287
BAT-002105,2025-07,9,PLT-03,APAC,FRM-10,PRD-10,Agrochem,0.6436,0.8962,36.31,32.54,32.54,0,564.01,29895.68,41732.56,0,11836.879999999997,259.3356348113467
BAT-002106,2025-07,9,PLT-01,EMEA,FRM-02,PRD-02,Polymers,0.8599,0.8946,58.8,52.6,52.6,0,868.38,70047.25,101624.87,0,31577.619999999995,322.89976190476193
BAT-002107,2025-07,9,PLT-01,EMEA,FRM-01,PRD-01,Polymers,0.8835,0.9187,46.65,42.86,42.86,0,740.97,48756.74,74503.15,0,25746.409999999996,304.19055734190783
BAT-002108,2025-07,9,PLT-04,EMEA,FRM-01,PRD-01,Polymers,0.8492,0.9506,38.71,36.8,36.8,0,740.97,39298.81,66209.16,0,26910.350000000006,274.24079824334785
BAT-002109,2025-07,9,PLT-01,EMEA,FRM-01,PRD-01,Polymers,0.857,0.9416,23.74,22.35,22.35,0,740.97,24341.52,38054.62,0,13713.100000000002,284.3678264532434
BAT-002110,2025-07,9,PLT-01,EMEA,FRM-02,PRD-02,Polymers,0.8781,0.9131,47.28,43.17,43.17,0,868.38,57680.71,86420.41,0,28739.700000000004,351.6011759729273
BAT-002111,2025-07,9,PLT-04,EMEA,FRM-08,PRD-08,Surfactants,0.8723,0.9322,56.56,52.72,52.72,0,1021.98,80832.94,121904.0,0,41071.06,407.1738189533239
BAT-002112,2025-07,9,PLT-02,AMER,FRM-12,PRD-12,Solvents,0.8715,0.9393,80.09,75.23,75.23,0,595.98,65148.44,110616.65,0,45468.20999999999,217.4603795729804
BAT-002113,2025-07,9,PLT-06,APAC,FRM-06,PRD-06,Coatings,0.8014,0.9658,16.08,15.53,15.53,0,1398.89,31693.56,52397.39,0,20703.829999999998,572.102537313433
BAT-002114,2025-07,9,PLT-06,APAC,FRM-02,PRD-02,Polymers,0.7887,0.9196,46.73,42.97,42.97,0,868.38,58107.91,83671.32,0,25563.410000000003,375.1019173978174
BAT-002115,2025-07,9,PLT-04,EMEA,FRM-07,PRD-07,Catalysts,0.8536,0.8307,2.08,1.73,1.73,0,14585.45,42043.41,60516.89,0,18473.479999999996,5627.727884615386
BAT-002116,2025-07,9,PLT-02,AMER,FRM-10,PRD-10,Agrochem,0.889,0.9039,47.59,43.02,43.02,0,564.01,36648.49,54850.53,0,18202.04,206.078043706661
BAT-002117,2025-07,9,PLT-06,APAC,FRM-01,PRD-01,Polymers,0.8697,0.995,59.63,59.33,59.33,0,740.97,62946.26,102810.46,0,39864.200000000004,314.64395270836826
BAT-002118,2025-07,9,PLT-06,APAC,FRM-11,PRD-11,Polymers,0.8641,0.9444,25.17,23.78,23.78,0,712.86,25618.5,38299.4,0,12680.900000000001,304.95883194278895
BAT-002119,2025-07,9,PLT-06,APAC,FRM-10,PRD-10,Agrochem,0.8448,0.9226,34.75,32.06,32.06,0,564.01,27801.9,40872.58,0,13070.68,236.0446762589928
BAT-002120,2025-07,9,PLT-05,LATAM,FRM-04,PRD-04,Agrochem,0.8256,0.8885,31.85,28.3,28.3,0,532.72,23245.95,34551.8,0,11305.850000000002,197.13714285714286
BAT-002121,2025-07,9,PLT-05,LATAM,FRM-02,PRD-02,Polymers,0.7866,0.8985,19.48,17.51,17.51,0,868.38,24600.27,35167.2,0,10566.929999999997,394.4675359342915
BAT-002122,2025-07,9,PLT-03,APAC,FRM-12,PRD-12,Solvents,0.614,0.9287,31.24,29.01,29.01,0,595.98,27991.43,43358.91,0,15367.480000000003,300.03248399487836
BAT-002123,2025-07,9,PLT-04,EMEA,FRM-07,PRD-07,Catalysts,0.8521,0.8509,3.5,2.98,2.98,0,14585.45,69008.59,109046.79,0,40038.2,5131.289999999997
BAT-002124,2025-07,9,PLT-06,APAC,FRM-01,PRD-01,Polymers,0.8565,0.9261,55.55,51.44,51.44,0,740.97,56867.31,90157.3,0,33289.990000000005,282.74395139513945
BAT-002125,2025-07,9,PLT-06,APAC,FRM-07,PRD-07,Catalysts,0.8479,0.853,1.42,1.21,1.21,0,14585.45,29149.02,43603.37,0,14454.350000000002,5942.0288732394365
BAT-002126,2025-07,9,PLT-01,EMEA,FRM-05,PRD-05,Coatings,0.8709,0.8962,37.37,33.49,33.49,0,1288.71,65739.86,96552.67,0,30812.809999999998,470.4513593791812
BAT-002127,2025-07,9,PLT-05,LATAM,FRM-05,PRD-05,Coatings,0.787,0.8823,20.26,17.88,17.88,0,1288.71,35951.9,53653.13,0,17701.229999999996,485.8161599210266
BAT-002128,2025-07,9,PLT-05,LATAM,FRM-06,PRD-06,Coatings,0.823,0.8976,28.08,25.2,25.2,0,1398.89,53959.05,87918.68,0,33959.62999999999,522.72858974359
BAT-002129,2025-07,9,PLT-06,APAC,FRM-11,PRD-11,Polymers,0.8375,0.9157,36.74,33.64,33.64,0,712.86,36065.36,56341.42,0,20276.059999999998,268.77745236799126
BAT-002130,2025-07,9,PLT-02,AMER,FRM-03,PRD-03,Solvents,0.8243,0.9845,103.09,101.49,101.49,0,540.96,78537.97,131539.47,0,53001.5,220.87887864972345
BAT-002131,2025-07,9,PLT-01,EMEA,FRM-03,PRD-03,Solvents,0.8631,0.995,86.04,85.61,85.61,0,540.96,63792.89,114671.9,0,50879.009999999995,200.4729381682937
BAT-002132,2025-07,9,PLT-05,LATAM,FRM-02,PRD-02,Polymers,0.8243,0.946,31.37,29.68,29.68,0,868.38,38007.29,61177.94,0,23170.65,343.2008096907874
BAT-002133,2025-07,9,PLT-01,EMEA,FRM-11,PRD-11,Polymers,0.8893,0.9234,68.38,63.14,63.14,0,712.86,67721.01,106481.07,0,38760.06000000001,277.50282538754016
BAT-002134,2025-07,9,PLT-01,EMEA,FRM-10,PRD-10,Agrochem,0.8609,0.8943,85.02,76.03,76.03,0,564.01,65432.86,89533.94,0,24101.08,205.6072665255234
BAT-002135,2025-07,9,PLT-04,EMEA,FRM-03,PRD-03,Solvents,0.8974,0.9624,66.61,64.11,64.11,0,540.96,50147.95,82317.79,0,32169.839999999997,211.8991803032577
BAT-002136,2025-07,9,PLT-02,AMER,FRM-06,PRD-06,Coatings,0.8492,0.9023,15.03,13.56,13.56,0,1398.89,29319.72,43127.2,0,13807.479999999996,551.8565069860281
BAT-002137,2025-07,9,PLT-06,APAC,FRM-12,PRD-12,Solvents,0.8025,0.9921,67.56,67.03,67.03,0,595.98,55485.07,98904.26,0,43419.189999999995,225.2910183540556
BAT-002138,2025-07,9,PLT-06,APAC,FRM-06,PRD-06,Coatings,0.85,0.9147,16.4,15.0,15.0,0,1398.89,32170.48,50354.3,0,18183.820000000003,562.7246341463415
BAT-002139,2025-07,9,PLT-06,APAC,FRM-10,PRD-10,Agrochem,0.8319,0.8975,70.4,63.18,63.18,0,564.01,56881.89,75351.7,0,18469.809999999998,243.97139204545454
BAT-002140,2025-07,9,PLT-02,AMER,FRM-12,PRD-12,Solvents,0.7638,0.9509,39.33,37.4,37.4,0,595.98,33177.51,51803.63,0,18626.119999999995,247.58750572082386
BAT-002141,2025-07,9,PLT-03,APAC,FRM-10,PRD-10,Agrochem,0.6407,0.8693,61.22,53.22,53.22,0,564.01,50689.47,65107.46,0,14417.989999999998,263.97872917347274
BAT-002142,2025-07,9,PLT-01,EMEA,FRM-03,PRD-03,Solvents,0.792,0.9683,84.94,82.24,82.24,0,540.96,66172.09,111079.78,0,44907.69,238.08509065222506
BAT-002143,2025-07,9,PLT-05,LATAM,FRM-05,PRD-05,Coatings,0.7951,0.8707,10.21,8.89,8.89,0,1288.71,18521.57,27369.74,0,8848.170000000002,525.351704211557
BAT-002144,2025-07,9,PLT-04,EMEA,FRM-07,PRD-07,Catalysts,0.8874,0.8425,1.23,1.04,1.04,0,14585.45,24010.95,38426.56,0,14415.609999999997,4935.647560975609
BAT-002145,2025-07,9,PLT-03,APAC,FRM-12,PRD-12,Solvents,0.6463,0.9664,42.77,41.33,41.33,0,595.98,36326.58,60489.83,0,24163.25,253.3672059855038
BAT-002146,2025-07,9,PLT-06,APAC,FRM-02,PRD-02,Polymers,0.8532,0.9645,56.64,54.63,54.63,0,868.38,66670.57,103042.63,0,36372.06,308.7133968926554
BAT-002147,2025-07,9,PLT-06,APAC,FRM-08,PRD-08,Surfactants,0.7934,0.9313,48.77,45.42,45.42,0,1021.98,70352.09,104445.17,0,34093.08,420.54798851753117
BAT-002148,2025-07,9,PLT-02,AMER,FRM-01,PRD-01,Polymers,0.8598,0.9484,70.86,67.2,67.2,0,740.97,74725.6,118164.18,0,43438.57999999999,313.5826390064917
BAT-002149,2025-07,9,PLT-02,AMER,FRM-01,PRD-01,Polymers,0.8338,0.9644,59.14,57.04,57.04,0,740.97,60732.6,97177.18,0,36444.579999999994,285.9593202570172
BAT-002150,2025-07,9,PLT-04,EMEA,FRM-02,PRD-02,Polymers,0.8818,0.8942,30.91,27.64,27.64,0,868.38,36211.24,53287.42,0,17076.18,303.12566159818823
BAT-002151,2025-07,9,PLT-01,EMEA,FRM-12,PRD-12,Solvents,0.8775,0.9483,36.86,34.95,34.95,0,595.98,29607.02,49156.73,0,19549.710000000003,207.2489744981009
BAT-002152,2025-07,9,PLT-06,APAC,FRM-12,PRD-12,Solvents,0.9155,0.9151,50.0,45.76,45.76,0,595.98,41507.48,63929.81,0,22422.329999999994,234.16960000000006
BAT-002153,2025-07,9,PLT-02,AMER,FRM-04,PRD-04,Agrochem,0.7974,0.9284,66.0,61.27,61.27,0,532.72,51022.0,71165.36,0,20143.36,240.34060606060598
BAT-002154,2025-07,9,PLT-04,EMEA,FRM-07,PRD-07,Catalysts,0.9246,0.85,2.29,1.94,1.94,0,14585.45,45005.45,68263.67,0,23258.22,5067.584934497816
BAT-002155,2025-07,9,PLT-03,APAC,FRM-03,PRD-03,Solvents,0.6578,0.9582,58.0,55.58,55.58,0,540.96,44801.3,69554.86,0,24753.559999999998,231.47620689655173
BAT-002156,2025-07,9,PLT-06,APAC,FRM-10,PRD-10,Agrochem,0.8158,0.9566,84.13,80.48,80.48,0,564.01,66753.15,94437.59,0,27684.440000000002,229.44239510281704
BAT-002157,2025-07,9,PLT-01,EMEA,FRM-02,PRD-02,Polymers,0.7961,0.9534,50.56,48.2,48.2,0,868.38,63144.11,98461.89,0,35317.78,380.5145806962024
BAT-002158,2025-07,9,PLT-06,APAC,FRM-11,PRD-11,Polymers,0.8249,0.903,25.23,22.78,22.78,0,712.86,25603.36,37176.78,0,11573.419999999998,301.93825604439155
BAT-002159,2025-07,9,PLT-03,APAC,FRM-10,PRD-10,Agrochem,0.6601,0.8876,83.82,74.4,74.4,0,564.01,68967.45,89823.92,0,20856.47,258.7942233357195
BAT-002160,2025-07,9,PLT-05,LATAM,FRM-01,PRD-01,Polymers,0.8214,0.9289,35.31,32.8,0.0,1,740.97,37640.49,0.0,0,-37640.49,325.03084961767195
BAT-002161,2025-07,9,PLT-05,LATAM,FRM-03,PRD-03,Solvents,0.7819,0.9187,50.55,46.44,46.44,0,540.96,38473.1,59978.04,0,21504.940000000002,220.13000989119678
BAT-002162,2025-07,9,PLT-05,LATAM,FRM-11,PRD-11,Polymers,0.8108,0.8853,22.51,19.93,19.93,0,712.86,22908.69,31705.04,0,8796.350000000002,304.85168369613496
BAT-002163,2025-07,9,PLT-04,EMEA,FRM-09,PRD-09,Specialty,0.8922,0.7644,40.2,30.73,30.73,0,1573.89,84945.45,76669.5,0,-8275.949999999997,539.1808955223876
BAT-002164,2025-07,9,PLT-02,AMER,FRM-06,PRD-06,Coatings,0.8379,0.8912,31.3,27.9,27.9,0,1398.89,62435.15,91729.12,0,29293.969999999994,595.8432268370607
BAT-002165,2025-07,9,PLT-03,APAC,FRM-10,PRD-10,Agrochem,0.5926,0.8564,60.43,51.75,51.75,0,564.01,49499.27,66202.81,0,16703.54,255.10749131226203
BAT-002166,2025-07,9,PLT-03,APAC,FRM-09,PRD-09,Specialty,0.6699,0.8006,22.66,18.14,18.14,0,1573.89,48750.67,47241.52,0,-1509.1500000000015,577.5076169461606
BAT-002167,2025-07,9,PLT-01,EMEA,FRM-10,PRD-10,Agrochem,0.8846,0.9169,34.5,31.63,31.63,0,564.01,26536.05,38622.74,0,12086.689999999999,205.15086956521736
BAT-002168,2025-07,9,PLT-03,APAC,FRM-05,PRD-05,Coatings,0.6632,0.8174,12.7,10.38,10.38,0,1288.71,23858.68,30749.71,0,6891.029999999999,589.926220472441
BAT-002169,2025-07,9,PLT-01,EMEA,FRM-03,PRD-03,Solvents,0.8559,0.9821,60.77,59.68,59.68,0,540.96,45716.0,80579.09,0,34863.09,211.31908507487242
BAT-002170,2025-07,9,PLT-05,LATAM,FRM-09,PRD-09,Specialty,0.7689,0.8355,37.19,31.07,31.07,0,1573.89,80687.39,84193.42,0,3506.029999999999,595.709085775746
BAT-002171,2025-07,9,PLT-03,APAC,FRM-02,PRD-02,Polymers,0.6193,0.8819,36.94,32.57,32.57,0,868.38,47487.56,64495.19,0,17007.630000000005,417.1522144017325
BAT-002172,2025-07,9,PLT-06,APAC,FRM-02,PRD-02,Polymers,0.81,0.9216,42.43,39.1,39.1,0,868.38,50479.28,78629.0,0,28149.72,321.32728258307804
BAT-002173,2025-07,9,PLT-02,AMER,FRM-02,PRD-02,Polymers,0.7995,0.9001,56.7,51.03,51.03,0,868.38,69552.78,100874.27,0,31321.490000000005,358.30042328042316
BAT-002174,2025-07,9,PLT-04,EMEA,FRM-10,PRD-10,Agrochem,0.9621,0.9258,77.53,71.78,71.78,0,564.01,59879.22,88250.16,0,28370.940000000002,208.32612795047078
BAT-002175,2025-07,9,PLT-06,APAC,FRM-03,PRD-03,Solvents,0.8849,0.9767,57.03,55.7,55.7,0,540.96,42835.7,73239.81,0,30404.11,210.1481886726283
BAT-002176,2025-07,9,PLT-02,AMER,FRM-07,PRD-07,Catalysts,0.8166,0.8352,2.61,2.18,2.18,0,14585.45,54077.2,76082.93,0,22005.729999999996,6133.783716475096
BAT-002177,2025-07,9,PLT-01,EMEA,FRM-10,PRD-10,Agrochem,0.8746,0.8913,33.98,30.29,30.29,0,564.01,26000.82,37920.84,0,11920.019999999997,201.17010594467342
BAT-002178,2025-07,9,PLT-02,AMER,FRM-01,PRD-01,Polymers,0.8592,0.9615,51.4,49.43,49.43,0,740.97,52273.17,88583.0,0,36309.83,276.01774319066146
BAT-002179,2025-07,9,PLT-06,APAC,FRM-11,PRD-11,Polymers,0.7691,0.9308,51.86,48.27,48.27,0,712.86,52761.96,82126.73,0,29364.769999999997,304.53220979560353
BAT-002180,2025-07,9,PLT-01,EMEA,FRM-08,PRD-08,Surfactants,0.8986,0.9183,27.71,25.44,25.44,0,1021.98,39974.7,58946.91,0,18972.210000000006,420.62916636593263
BAT-002181,2025-07,9,PLT-02,AMER,FRM-03,PRD-03,Solvents,0.8248,0.9358,59.9,56.05,56.05,0,540.96,44828.64,71496.76,0,26668.119999999995,207.43131886477465
BAT-002182,2025-07,9,PLT-02,AMER,FRM-10,PRD-10,Agrochem,0.7709,0.9338,117.3,109.53,109.53,0,564.01,92313.04,130310.82,0,37997.78000000001,222.9724381926684
BAT-002183,2025-07,9,PLT-06,APAC,FRM-12,PRD-12,Solvents,0.8461,0.9721,28.99,28.18,28.18,0,595.98,23585.03,39928.63,0,16343.599999999999,217.57743359779238
BAT-002184,2025-07,9,PLT-04,EMEA,FRM-06,PRD-06,Coatings,0.8412,0.8831,23.02,20.33,20.33,0,1398.89,45542.37,71285.11,0,25742.739999999998,579.4927106863597
BAT-002185,2025-07,9,PLT-05,LATAM,FRM-09,PRD-09,Specialty,0.7855,0.8104,19.83,16.07,0.0,1,1573.89,42212.38,0.0,0,-42212.38,554.8230610186586
BAT-002186,2025-07,9,PLT-05,LATAM,FRM-01,PRD-01,Polymers,0.8041,0.954,48.54,46.31,46.31,0,740.97,50558.45,83901.38,0,33342.93000000001,300.6132303255047
BAT-002187,2025-07,9,PLT-03,APAC,FRM-04,PRD-04,Agrochem,0.637,0.9318,57.9,53.95,53.95,0,532.72,44947.38,61391.07,0,16443.690000000002,243.57326424870462
BAT-002188,2025-07,9,PLT-06,APAC,FRM-10,PRD-10,Agrochem,0.787,0.9109,46.38,42.25,42.25,0,564.01,37277.03,53152.43,0,15875.400000000001,239.72070288917632
BAT-002189,2025-07,9,PLT-04,EMEA,FRM-01,PRD-01,Polymers,0.8956,0.9737,28.28,27.53,27.53,0,740.97,29315.43,47412.78,0,18097.35,295.6435077793492
BAT-002190,2025-07,9,PLT-01,EMEA,FRM-06,PRD-06,Coatings,0.8067,0.9151,12.23,11.19,0.0,1,1398.89,23459.77,0.0,0,-23459.77,519.3250449713817
BAT-002191,2025-07,9,PLT-01,EMEA,FRM-11,PRD-11,Polymers,0.8898,0.922,71.39,65.82,65.82,0,712.86,70385.15,113212.72,0,42827.57000000001,273.0644992295838
BAT-002192,2025-07,9,PLT-02,AMER,FRM-04,PRD-04,Agrochem,0.8198,0.8769,113.68,99.69,99.69,0,532.72,87447.28,113504.79,0,26057.509999999995,236.52067558057695
BAT-002193,2025-07,9,PLT-02,AMER,FRM-01,PRD-01,Polymers,0.792,0.9185,81.49,74.85,74.85,0,740.97,86494.07,134841.08,0,48347.00999999998,320.43716652349985
BAT-002194,2025-07,9,PLT-04,EMEA,FRM-05,PRD-05,Coatings,0.8512,0.9255,21.61,20.0,20.0,0,1288.71,38407.37,59524.64,0,21117.269999999997,488.58615918556234
BAT-002195,2025-07,9,PLT-01,EMEA,FRM-02,PRD-02,Polymers,0.9023,0.9519,20.17,19.2,19.2,0,868.38,23767.4,39602.74,0,15835.339999999997,309.9739910758552
BAT-002196,2025-07,9,PLT-01,EMEA,FRM-08,PRD-08,Surfactants,0.8171,0.9328,49.23,45.92,45.92,0,1021.98,70705.75,106781.04,0,36075.28999999999,414.2529880154377
BAT-002197,2025-07,9,PLT-03,APAC,FRM-07,PRD-07,Catalysts,0.6351,0.8267,2.55,2.11,2.11,0,14585.45,55567.03,72793.41,0,17226.380000000005,7205.542156862746
BAT-002198,2025-07,9,PLT-03,APAC,FRM-04,PRD-04,Agrochem,0.6465,0.8618,72.99,62.9,62.9,0,532.72,58547.85,72266.25,0,13718.400000000001,269.41522400328813
BAT-002199,2025-07,9,PLT-06,APAC,FRM-05,PRD-05,Coatings,0.7939,0.9055,35.34,32.0,32.0,0,1288.71,62755.49,99791.65,0,37036.159999999996,487.05372382569294
BAT-002200,2025-07,9,PLT-04,EMEA,FRM-08,PRD-08,Surfactants,0.9073,0.9005,31.62,28.48,28.48,0,1021.98,44826.68,67818.39,0,22991.71,395.68856419987355
BAT-002201,2025-08,10,PLT-03,APAC,FRM-08,PRD-08,Surfactants,0.6106,0.8567,36.76,31.49,31.49,0,1003.54,55411.23,72465.91,0,17054.68,503.83840043525583
BAT-002202,2025-08,10,PLT-06,APAC,FRM-07,PRD-07,Catalysts,0.816,0.8598,2.24,1.93,1.93,0,14322.24,44870.84,72479.13,0,27608.290000000008,5709.384999999997
BAT-002203,2025-08,10,PLT-05,LATAM,FRM-12,PRD-12,Solvents,0.7972,0.9427,53.49,50.42,50.42,0,585.22,45621.22,71794.9,0,26173.679999999993,267.67250327163947
BAT-002204,2025-08,10,PLT-05,LATAM,FRM-03,PRD-03,Solvents,0.7733,0.9832,67.08,65.95,65.95,0,531.2,51426.93,87179.32,0,35752.39000000001,235.45071556350626
BAT-002205,2025-08,10,PLT-04,EMEA,FRM-06,PRD-06,Coatings,0.9247,0.8777,36.9,32.39,32.39,0,1373.65,68256.62,106003.77,0,37747.15000000001,476.12289972899725
BAT-002206,2025-08,10,PLT-06,APAC,FRM-04,PRD-04,Agrochem,0.8656,0.9161,87.88,80.51,80.51,0,523.11,64816.66,97221.21,0,32404.550000000003,214.4487164314976
BAT-002207,2025-08,10,PLT-02,AMER,FRM-05,PRD-05,Coatings,0.7981,0.8695,38.5,33.47,33.47,0,1265.46,69062.81,102475.41,0,33412.600000000006,528.3792207792208
BAT-002208,2025-08,10,PLT-03,APAC,FRM-02,PRD-02,Polymers,0.6396,0.8505,31.23,26.56,26.56,0,852.71,38294.57,52066.65,0,13772.080000000002,373.50101504963163
BAT-002209,2025-08,10,PLT-04,EMEA,FRM-12,PRD-12,Solvents,0.8688,0.9298,81.99,76.23,76.23,0,585.22,65576.7,109458.29,0,43881.59,214.59339187705814
BAT-002210,2025-08,10,PLT-06,APAC,FRM-09,PRD-09,Specialty,0.8679,0.7887,14.74,11.63,11.63,0,1545.49,31058.07,30455.85,0,-602.2200000000012,561.5703799185887
BAT-002211,2025-08,10,PLT-02,AMER,FRM-06,PRD-06,Coatings,0.8231,0.9208,34.11,31.41,31.41,0,1373.65,65626.62,105198.46,0,39571.84000000001,550.3200967458222
BAT-002212,2025-08,10,PLT-03,APAC,FRM-09,PRD-09,Specialty,0.5918,0.7532,22.9,17.25,17.25,0,1545.49,50490.5,44329.58,0,-6160.919999999998,659.3353275109173
BAT-002213,2025-08,10,PLT-02,AMER,FRM-08,PRD-08,Surfactants,0.823,0.9077,56.67,51.44,0.0,1,1003.54,82389.5,0.0,0,-82389.5,450.30683253926236
BAT-002214,2025-08,10,PLT-04,EMEA,FRM-07,PRD-07,Catalysts,0.8154,0.8942,3.83,3.43,3.43,0,14322.24,77795.25,122598.35,0,44803.100000000006,5989.835718015665
BAT-002215,2025-08,10,PLT-02,AMER,FRM-08,PRD-08,Surfactants,0.8763,0.9509,54.62,51.93,51.93,0,1003.54,78349.14,112795.12,0,34445.979999999996,430.90049798608584
BAT-002216,2025-08,10,PLT-01,EMEA,FRM-07,PRD-07,Catalysts,0.8809,0.8789,1.93,1.7,1.7,0,14322.24,39125.27,58556.32,0,19431.050000000003,5949.9206217616575
BAT-002217,2025-08,10,PLT-05,LATAM,FRM-10,PRD-10,Agrochem,0.7683,0.9221,51.74,47.71,47.71,0,553.83,40593.26,60409.36,0,19816.1,230.73242752222643
BAT-002218,2025-08,10,PLT-04,EMEA,FRM-05,PRD-05,Coatings,0.9124,0.8828,24.24,21.4,21.4,0,1265.46,42770.1,61543.09,0,18772.989999999998,498.9830693069307
BAT-002219,2025-08,10,PLT-05,LATAM,FRM-09,PRD-09,Specialty,0.7558,0.8703,11.83,10.29,10.29,0,1545.49,25350.23,26932.42,0,1582.1899999999987,597.386584953508
BAT-002220,2025-08,10,PLT-01,EMEA,FRM-02,PRD-02,Polymers,0.8292,0.8994,28.32,25.47,25.47,0,852.71,34388.28,51424.89,0,17036.61,361.56542372881336
BAT-002221,2025-08,10,PLT-03,APAC,FRM-06,PRD-06,Coatings,0.6806,0.8689,26.43,22.97,0.0,1,1373.65,53038.78,0.0,0,-53038.78,633.114283011729
BAT-002222,2025-08,10,PLT-06,APAC,FRM-09,PRD-09,Specialty,0.9417,0.7815,31.55,24.66,24.66,0,1545.49,62944.21,61891.16,0,-1053.0499999999956,449.5721236133122
BAT-002223,2025-08,10,PLT-06,APAC,FRM-01,PRD-01,Polymers,0.8076,0.912,45.36,41.37,41.37,0,727.6,47186.02,72301.1,0,25115.08000000001,312.656172839506
BAT-002224,2025-08,10,PLT-03,APAC,FRM-12,PRD-12,Solvents,0.6884,0.8988,76.61,68.86,68.86,0,585.22,64516.08,97480.93,0,32964.84999999999,256.9165357003002
BAT-002225,2025-08,10,PLT-06,APAC,FRM-07,PRD-07,Catalysts,0.8194,0.9109,1.5,1.36,0.0,1,14322.24,30854.58,0.0,0,-30854.58,6247.480000000001
BAT-002226,2025-08,10,PLT-05,LATAM,FRM-04,PRD-04,Agrochem,0.7896,0.8869,23.99,21.27,21.27,0,523.11,18371.26,23847.03,0,5475.77,242.67824510212586
BAT-002227,2025-08,10,PLT-04,EMEA,FRM-11,PRD-11,Polymers,0.8793,0.9197,36.48,33.55,33.55,0,700.0,36301.48,54732.47,0,18430.989999999998,295.10635964912296
BAT-002228,2025-08,10,PLT-01,EMEA,FRM-06,PRD-06,Coatings,0.894,0.9621,32.87,31.63,31.63,0,1373.65,63063.75,110594.84,0,47531.09,544.9307727411015
BAT-002229,2025-08,10,PLT-04,EMEA,FRM-11,PRD-11,Polymers,0.8645,0.9724,56.7,55.14,55.14,0,700.0,56472.19,94639.01,0,38166.81999999999,295.9821869488536
BAT-002230,2025-08,10,PLT-03,APAC,FRM-11,PRD-11,Polymers,0.6238,0.9075,22.63,20.54,20.54,0,700.0,23537.04,32904.91,0,9367.870000000003,340.08130799823243
BAT-002231,2025-08,10,PLT-03,APAC,FRM-09,PRD-09,Specialty,0.6781,0.8155,19.66,16.03,16.03,0,1545.49,42163.38,40446.7,0,-1716.6800000000003,599.1376703967446
BAT-002232,2025-08,10,PLT-06,APAC,FRM-02,PRD-02,Polymers,0.8179,0.9294,32.38,30.09,30.09,0,852.71,39085.36,61708.6,0,22623.239999999998,354.3733848054353
BAT-002233,2025-08,10,PLT-05,LATAM,FRM-09,PRD-09,Specialty,0.7703,0.7732,16.17,12.5,12.5,0,1545.49,35118.78,33585.41,0,-1533.3699999999953,626.3578664192949
BAT-002234,2025-08,10,PLT-02,AMER,FRM-07,PRD-07,Catalysts,0.8775,0.8344,3.25,2.71,2.71,0,14322.24,62814.07,96818.97,0,34004.9,5005.166153846154
BAT-002235,2025-08,10,PLT-02,AMER,FRM-04,PRD-04,Agrochem,0.8532,0.8995,94.26,84.78,84.78,0,523.11,68360.54,100179.97,0,31819.430000000008,202.12382134521522
BAT-002236,2025-08,10,PLT-05,LATAM,FRM-10,PRD-10,Agrochem,0.7348,0.8415,50.54,42.53,42.53,0,553.83,41416.4,49539.07,0,8122.669999999998,265.6476414721013
BAT-002237,2025-08,10,PLT-06,APAC,FRM-12,PRD-12,Solvents,0.8616,0.9509,48.98,46.58,46.58,0,585.22,40184.49,68249.16,0,28064.670000000006,235.2065006124949
BAT-002238,2025-08,10,PLT-05,LATAM,FRM-02,PRD-02,Polymers,0.855,0.957,27.22,26.05,26.05,0,852.71,33323.64,50611.35,0,17287.71,371.52365172667146
BAT-002239,2025-08,10,PLT-04,EMEA,FRM-10,PRD-10,Agrochem,0.9086,0.8932,62.3,55.65,55.65,0,553.83,48290.73,64911.47,0,16620.739999999998,221.30210272873194
BAT-002240,2025-08,10,PLT-03,APAC,FRM-04,PRD-04,Agrochem,0.5959,0.8992,31.77,28.57,28.57,0,523.11,25278.23,33931.55,0,8653.320000000003,272.5535190431224
BAT-002241,2025-08,10,PLT-06,APAC,FRM-02,PRD-02,Polymers,0.8308,0.9209,54.4,50.1,50.1,0,852.71,65945.37,94259.31,0,28313.940000000002,359.5210661764704
BAT-002242,2025-08,10,PLT-01,EMEA,FRM-12,PRD-12,Solvents,0.8428,0.9218,86.97,80.17,80.17,0,585.22,70224.52,116301.88,0,46077.36,222.2368241922502
BAT-002243,2025-08,10,PLT-05,LATAM,FRM-07,PRD-07,Catalysts,0.7796,0.8535,1.93,1.64,1.64,0,14322.24,40516.25,61441.96,0,20925.71,6670.635647668396
BAT-002244,2025-08,10,PLT-04,EMEA,FRM-01,PRD-01,Polymers,0.8284,0.9396,30.83,28.97,28.97,0,727.6,30786.1,51798.58,0,21012.480000000003,270.97606227700294
BAT-002245,2025-08,10,PLT-02,AMER,FRM-01,PRD-01,Polymers,0.835,0.9038,53.85,48.67,48.67,0,727.6,53616.47,83098.39,0,29481.92,268.0633240482822
BAT-002246,2025-08,10,PLT-03,APAC,FRM-08,PRD-08,Surfactants,0.6678,0.8671,25.12,21.78,21.78,0,1003.54,36213.62,49705.48,0,13491.86,438.08500000000004
BAT-002247,2025-08,10,PLT-03,APAC,FRM-03,PRD-03,Solvents,0.6162,0.9048,26.52,23.99,23.99,0,531.2,20779.26,30685.88,0,9906.620000000003,252.3316742081447
BAT-002248,2025-08,10,PLT-06,APAC,FRM-03,PRD-03,Solvents,0.7988,0.938,86.7,81.33,81.33,0,531.2,64680.67,110040.29,0,45359.619999999995,214.82848904267576
BAT-002249,2025-08,10,PLT-03,APAC,FRM-10,PRD-10,Agrochem,0.5698,0.9157,26.73,24.47,24.47,0,553.83,22228.99,28753.6,0,6524.609999999997,277.78204638982413
BAT-002250,2025-08,10,PLT-06,APAC,FRM-06,PRD-06,Coatings,0.8182,0.9168,28.98,26.57,26.57,0,1373.65,55767.99,89268.1,0,33500.11000000001,550.7112836438921
BAT-002251,2025-08,10,PLT-01,EMEA,FRM-10,PRD-10,Agrochem,0.9172,0.8972,40.15,36.02,36.02,0,553.83,31001.81,43560.32,0,12558.509999999998,218.31968866749696
BAT-002252,2025-08,10,PLT-02,AMER,FRM-05,PRD-05,Coatings,0.8427,0.8647,23.34,20.18,20.18,0,1265.46,40615.6,59004.52,0,18388.92,474.7113796058268
BAT-002253,2025-08,10,PLT-05,LATAM,FRM-02,PRD-02,Polymers,0.8156,0.8686,14.98,13.01,13.01,0,852.71,18203.64,25095.37,0,6891.73,362.4862616822429
BAT-002254,2025-08,10,PLT-05,LATAM,FRM-04,PRD-04,Agrochem,0.7386,0.883,30.23,26.7,26.7,0,523.11,23458.99,32149.61,0,8690.619999999999,252.9068706582865
BAT-002255,2025-08,10,PLT-06,APAC,FRM-07,PRD-07,Catalysts,0.8005,0.9252,3.06,2.83,2.83,0,14322.24,60472.57,103051.18,0,42578.60999999999,5440.037777777778
BAT-002256,2025-08,10,PLT-04,EMEA,FRM-09,PRD-09,Specialty,0.8734,0.7995,52.83,42.24,42.24,0,1545.49,111184.56,112235.86,0,1051.300000000003,559.0824020442931
BAT-002257,2025-08,10,PLT-06,APAC,FRM-07,PRD-07,Catalysts,0.8435,0.8242,1.07,0.88,0.88,0,14322.24,21636.03,32422.92,0,10786.89,5898.348785046726
BAT-002258,2025-08,10,PLT-03,APAC,FRM-08,PRD-08,Surfactants,0.6732,0.8974,44.03,39.52,39.52,0,1003.54,66600.6,89817.92,0,23217.319999999992,509.07866908925735
BAT-002259,2025-08,10,PLT-05,LATAM,FRM-03,PRD-03,Solvents,0.8043,0.8946,41.76,37.36,37.36,0,531.2,31839.55,50372.96,0,18533.41,231.24133141762445
BAT-002260,2025-08,10,PLT-04,EMEA,FRM-07,PRD-07,Catalysts,0.8849,0.8987,2.23,2.01,2.01,0,14322.24,43649.63,73407.03,0,29757.4,5251.585112107621
BAT-002261,2025-08,10,PLT-02,AMER,FRM-11,PRD-11,Polymers,0.8338,0.8981,41.49,37.26,37.26,0,700.0,41879.02,63590.95,0,21711.93,309.3762352374065
BAT-002262,2025-08,10,PLT-06,APAC,FRM-05,PRD-05,Coatings,0.815,0.9186,14.67,13.48,13.48,0,1265.46,26310.23,39715.62,0,13405.390000000003,528.0117109747785
BAT-002263,2025-08,10,PLT-03,APAC,FRM-11,PRD-11,Polymers,0.585,0.8425,47.16,39.73,39.73,0,700.0,48069.01,65846.32,0,17777.310000000005,319.2750212044107
BAT-002264,2025-08,10,PLT-04,EMEA,FRM-08,PRD-08,Surfactants,0.8597,0.9294,58.97,54.81,54.81,0,1003.54,83105.35,129678.11,0,46572.759999999995,405.74183822282544
BAT-002265,2025-08,10,PLT-03,APAC,FRM-06,PRD-06,Coatings,0.659,0.8642,16.5,14.26,14.26,0,1373.65,33500.76,45478.08,0,11977.32,656.699090909091
BAT-002266,2025-08,10,PLT-05,LATAM,FRM-09,PRD-09,Specialty,0.7932,0.8611,17.25,14.86,14.86,0,1545.49,36158.24,37552.99,0,1394.75,550.6398550724637
BAT-002267,2025-08,10,PLT-05,LATAM,FRM-05,PRD-05,Coatings,0.8231,0.8678,29.74,25.81,25.81,0,1265.46,52910.02,73679.04,0,20769.019999999997,513.6260793544047
BAT-002268,2025-08,10,PLT-04,EMEA,FRM-06,PRD-06,Coatings,0.8504,0.9197,33.67,30.97,30.97,0,1373.65,65475.88,99944.38,0,34468.50000000001,570.9855806355804
BAT-002269,2025-08,10,PLT-01,EMEA,FRM-02,PRD-02,Polymers,0.8206,0.9744,23.77,23.17,23.17,0,852.71,27920.77,44275.73,0,16354.960000000003,321.91221287336975
BAT-002270,2025-08,10,PLT-03,APAC,FRM-11,PRD-11,Polymers,0.5796,0.8967,38.96,34.93,34.93,0,700.0,41190.0,58381.97,0,17191.97,357.2381930184804
BAT-002271,2025-08,10,PLT-05,LATAM,FRM-02,PRD-02,Polymers,0.8148,0.9517,15.77,15.01,15.01,0,852.71,18528.96,30397.46,0,11868.5,322.2399048826885
BAT-002272,2025-08,10,PLT-01,EMEA,FRM-11,PRD-11,Polymers,0.8273,0.9628,34.91,33.61,33.61,0,700.0,34408.55,53225.44,0,18816.89,285.635920939559
BAT-002273,2025-08,10,PLT-01,EMEA,FRM-10,PRD-10,Agrochem,0.7722,0.8461,77.38,65.47,65.47,0,553.83,62590.67,81851.09,0,19260.42,255.0439984492117
BAT-002274,2025-08,10,PLT-01,EMEA,FRM-09,PRD-09,Specialty,0.9064,0.8331,33.45,27.86,0.0,1,1545.49,69142.2,0.0,0,-69142.2,521.5413901345289
BAT-002275,2025-08,10,PLT-03,APAC,FRM-05,PRD-05,Coatings,0.5801,0.8209,21.56,17.7,17.7,0,1265.46,40109.28,52098.3,0,11989.020000000004,594.8962152133581
BAT-002276,2025-08,10,PLT-05,LATAM,FRM-04,PRD-04,Agrochem,0.8194,0.9093,39.66,36.06,0.0,1,523.11,28891.09,0.0,0,-28891.09,205.35923852748363
BAT-002277,2025-08,10,PLT-02,AMER,FRM-12,PRD-12,Solvents,0.8532,0.9405,89.52,84.19,84.19,0,585.22,71081.2,119212.44,0,48131.240000000005,208.80591599642537
BAT-002278,2025-08,10,PLT-03,APAC,FRM-02,PRD-02,Polymers,0.6294,0.8665,58.85,51.0,51.0,0,852.71,74177.72,102381.72,0,28204.0,407.74403568394223
BAT-002279,2025-08,10,PLT-03,APAC,FRM-12,PRD-12,Solvents,0.6125,0.9399,60.0,56.4,56.4,0,585.22,52064.03,82920.97,0,30856.940000000002,282.5138333333333
BAT-002280,2025-08,10,PLT-04,EMEA,FRM-07,PRD-07,Catalysts,0.864,0.8789,1.69,1.48,1.48,0,14322.24,33543.68,52030.49,0,18486.809999999998,5526.091360946748
BAT-002281,2025-08,10,PLT-04,EMEA,FRM-03,PRD-03,Solvents,0.8662,0.995,91.74,91.28,91.28,0,531.2,66099.99,120387.03,0,54287.03999999999,189.31438848920868
BAT-002282,2025-08,10,PLT-06,APAC,FRM-10,PRD-10,Agrochem,0.8305,0.9654,27.9,26.93,26.93,0,553.83,21237.93,31438.93,0,10201.0,207.38612903225805
BAT-002283,2025-08,10,PLT-02,AMER,FRM-06,PRD-06,Coatings,0.8073,0.8467,47.45,40.17,40.17,0,1373.65,94598.33,132180.07,0,37581.740000000005,619.9923603793466
BAT-002284,2025-08,10,PLT-03,APAC,FRM-05,PRD-05,Coatings,0.6442,0.8191,13.42,10.99,10.99,0,1265.46,25117.87,31202.39,0,6084.52,606.2143666169895
BAT-002285,2025-08,10,PLT-02,AMER,FRM-03,PRD-03,Solvents,0.8731,0.9704,69.27,67.22,67.22,0,531.2,51185.43,92438.66,0,41253.23,207.72637505413604
BAT-002286,2025-08,10,PLT-02,AMER,FRM-03,PRD-03,Solvents,0.844,0.9491,41.84,39.71,39.71,0,531.2,31023.66,54344.45,0,23320.789999999997,210.28326959847027
BAT-002287,2025-08,10,PLT-06,APAC,FRM-12,PRD-12,Solvents,0.7907,0.9138,86.3,78.86,78.86,0,585.22,71304.88,114423.39,0,43118.509999999995,241.02426419466985
BAT-002288,2025-08,10,PLT-06,APAC,FRM-12,PRD-12,Solvents,0.8759,0.9215,49.79,45.88,0.0,1,585.22,40344.27,0.0,0,-40344.27,225.06861217111862
BAT-002289,2025-08,10,PLT-03,APAC,FRM-04,PRD-04,Agrochem,0.6487,0.8622,64.36,55.49,55.49,0,523.11,49157.37,64708.42,0,15551.049999999996,240.67760099440648
BAT-002290,2025-08,10,PLT-01,EMEA,FRM-08,PRD-08,Surfactants,0.8769,0.9341,45.81,42.79,42.79,0,1003.54,64916.32,96212.41,0,31296.090000000004,413.5374939969438
BAT-002291,2025-08,10,PLT-04,EMEA,FRM-09,PRD-09,Specialty,0.892,0.8202,47.74,39.16,0.0,1,1545.49,101663.23,0.0,0,-101663.23,584.028852115626
BAT-002292,2025-08,10,PLT-06,APAC,FRM-08,PRD-08,Surfactants,0.8476,0.8966,39.61,35.52,35.52,0,1003.54,55099.46,81478.89,0,26379.43,387.5092299924263
BAT-002293,2025-08,10,PLT-03,APAC,FRM-02,PRD-02,Polymers,0.6598,0.8561,24.06,20.6,20.6,0,852.71,30530.42,40788.29,0,10257.870000000003,416.21851205320036
BAT-002294,2025-08,10,PLT-05,LATAM,FRM-05,PRD-05,Coatings,0.7859,0.9116,21.25,19.37,19.37,0,1265.46,37569.38,55713.16,0,18143.780000000006,502.5108235294117
BAT-002295,2025-08,10,PLT-04,EMEA,FRM-08,PRD-08,Surfactants,0.8771,0.9292,51.32,47.69,47.69,0,1003.54,71250.48,108638.32,0,37387.84000000001,384.8169758378799
BAT-002296,2025-08,10,PLT-06,APAC,FRM-11,PRD-11,Polymers,0.813,0.9378,72.22,67.73,67.73,0,700.0,73578.7,116711.79,0,43133.09,318.8133481030185
BAT-002297,2025-08,10,PLT-02,AMER,FRM-08,PRD-08,Surfactants,0.8145,0.9345,22.22,20.77,20.77,0,1003.54,31733.96,47420.34,0,15686.379999999997,424.6310171017103
BAT-002298,2025-08,10,PLT-06,APAC,FRM-01,PRD-01,Polymers,0.909,0.9093,62.82,57.12,57.12,0,727.6,64321.74,100964.97,0,36643.23,296.30544412607446
BAT-002299,2025-08,10,PLT-01,EMEA,FRM-02,PRD-02,Polymers,0.8977,0.9454,62.22,58.82,58.82,0,852.71,71630.58,112271.11,0,40640.53,298.5368659594985
BAT-002300,2025-08,10,PLT-01,EMEA,FRM-01,PRD-01,Polymers,0.8619,0.9314,24.09,22.44,22.44,0,727.6,24287.99,37510.36,0,13222.369999999999,280.6187629721877
BAT-002301,2025-08,10,PLT-02,AMER,FRM-08,PRD-08,Surfactants,0.8671,0.9004,69.85,62.89,62.89,0,1003.54,99767.41,149391.59,0,49624.17999999999,424.7693772369364
BAT-002302,2025-08,10,PLT-06,APAC,FRM-10,PRD-10,Agrochem,0.8709,0.9067,81.37,73.78,73.78,0,553.83,63537.62,89282.85,0,25745.230000000003,227.01822416123878
BAT-002303,2025-08,10,PLT-05,LATAM,FRM-12,PRD-12,Solvents,0.7496,0.9851,56.93,56.08,56.08,0,585.22,47095.89,76578.33,0,29482.440000000002,242.03961707359917
BAT-002304,2025-08,10,PLT-03,APAC,FRM-09,PRD-09,Specialty,0.6051,0.8303,27.73,23.03,23.03,0,1545.49,60519.65,58542.8,0,-1976.8499999999985,636.9712333213126
BAT-002305,2025-08,10,PLT-03,APAC,FRM-02,PRD-02,Polymers,0.6256,0.9334,56.11,52.37,52.37,0,852.71,69207.23,103741.79,0,34534.56,380.7106023881661
BAT-002306,2025-08,10,PLT-05,LATAM,FRM-03,PRD-03,Solvents,0.8307,0.9764,59.21,57.82,57.82,0,531.2,44121.84,73894.31,0,29772.47,213.97547711535208
BAT-002307,2025-08,10,PLT-06,APAC,FRM-03,PRD-03,Solvents,0.8367,0.9683,47.88,46.37,46.37,0,531.2,34661.69,63145.21,0,28483.519999999997,192.7283625730994
BAT-002308,2025-08,10,PLT-04,EMEA,FRM-08,PRD-08,Surfactants,0.8474,0.9418,20.31,19.13,19.13,0,1003.54,29378.37,44785.32,0,15406.95,442.95778434268846
BAT-002309,2025-08,10,PLT-02,AMER,FRM-01,PRD-01,Polymers,0.8577,0.995,85.67,85.24,85.24,0,727.6,84656.11,147588.32,0,62932.21000000001,260.5651686704797
BAT-002310,2025-08,10,PLT-04,EMEA,FRM-01,PRD-01,Polymers,0.9038,0.9254,47.86,44.29,44.29,0,727.6,47109.85,77095.71,0,29985.860000000008,256.72615963226076
BAT-002311,2025-08,10,PLT-02,AMER,FRM-05,PRD-05,Coatings,0.8254,0.8954,47.15,42.21,42.21,0,1265.46,85618.29,128251.45,0,42633.16,550.4104135737009
BAT-002312,2025-08,10,PLT-03,APAC,FRM-08,PRD-08,Surfactants,0.6502,0.8985,17.58,15.8,15.8,0,1003.54,25487.14,35983.72,0,10496.580000000002,446.24043230944267
BAT-002313,2025-08,10,PLT-06,APAC,FRM-10,PRD-10,Agrochem,0.8748,0.9077,88.25,80.11,80.11,0,553.83,66986.53,96182.85,0,29196.320000000007,205.224164305949
BAT-002314,2025-08,10,PLT-04,EMEA,FRM-08,PRD-08,Surfactants,0.8843,0.9311,45.36,42.24,42.24,0,1003.54,64869.74,95300.74,0,30431.000000000007,426.5689065255733
BAT-002315,2025-08,10,PLT-01,EMEA,FRM-08,PRD-08,Surfactants,0.845,0.9414,55.99,52.71,52.71,0,1003.54,76768.14,120927.43,0,44159.28999999999,367.5644829433827
BAT-002316,2025-08,10,PLT-02,AMER,FRM-03,PRD-03,Solvents,0.8584,0.9703,119.73,116.17,116.17,0,531.2,87797.96,157706.97,0,69909.01,202.0995907458448
BAT-002317,2025-08,10,PLT-01,EMEA,FRM-02,PRD-02,Polymers,0.7983,0.9562,20.66,19.76,19.76,0,852.71,25627.46,39695.85,0,14068.39,387.72852855759925
BAT-002318,2025-08,10,PLT-01,EMEA,FRM-12,PRD-12,Solvents,0.8475,0.949,57.13,54.22,0.0,1,585.22,46888.95,0.0,0,-46888.95,235.52129179065275
BAT-002319,2025-08,10,PLT-03,APAC,FRM-07,PRD-07,Catalysts,0.6454,0.8198,1.37,1.12,1.12,0,14322.24,29805.91,41664.61,0,11858.7,7433.898686131384
BAT-002320,2025-08,10,PLT-06,APAC,FRM-06,PRD-06,Coatings,0.7759,0.9257,25.95,24.02,24.02,0,1373.65,51130.39,76722.99,0,25592.600000000006,596.6925818882467
BAT-002321,2025-08,10,PLT-02,AMER,FRM-11,PRD-11,Polymers,0.8404,0.9217,59.04,54.42,54.42,0,700.0,58016.7,89406.41,0,31389.710000000006,282.66768292682923
BAT-002322,2025-08,10,PLT-01,EMEA,FRM-08,PRD-08,Surfactants,0.869,0.8873,46.91,41.62,41.62,0,1003.54,66411.93,99217.64,0,32805.71000000001,412.19076103176303
BAT-002323,2025-08,10,PLT-03,APAC,FRM-03,PRD-03,Solvents,0.6077,0.9022,67.39,60.8,60.8,0,531.2,53166.77,78078.7,0,24911.93,257.74153435227765
BAT-002324,2025-08,10,PLT-06,APAC,FRM-02,PRD-02,Polymers,0.8383,0.9191,23.62,21.71,21.71,0,852.71,28716.66,42155.46,0,13438.8,363.06730736663826
BAT-002325,2025-08,10,PLT-05,LATAM,FRM-08,PRD-08,Surfactants,0.8236,0.9218,30.35,27.98,0.0,1,1003.54,41904.59,0.0,0,-41904.59,377.17136738056
BAT-002326,2025-08,10,PLT-01,EMEA,FRM-06,PRD-06,Coatings,0.8766,0.8726,30.05,26.23,26.23,0,1373.65,56557.32,86366.34,0,29809.019999999997,508.45715474209646
BAT-002327,2025-08,10,PLT-04,EMEA,FRM-12,PRD-12,Solvents,0.8577,0.995,96.32,95.84,95.84,0,585.22,77209.48,141911.95,0,64702.470000000016,216.37343853820596
BAT-002328,2025-08,10,PLT-05,LATAM,FRM-05,PRD-05,Coatings,0.761,0.8444,20.07,16.95,16.95,0,1265.46,36855.94,52043.51,0,15187.57,570.9097060288989
BAT-002329,2025-08,10,PLT-05,LATAM,FRM-01,PRD-01,Polymers,0.7722,0.9037,53.27,48.15,48.15,0,727.6,55802.41,85990.07,0,30187.660000000003,319.939140229022
BAT-002330,2025-08,10,PLT-02,AMER,FRM-06,PRD-06,Coatings,0.7715,0.873,34.12,29.79,29.79,0,1373.65,65763.31,97789.1,0,32025.790000000008,553.762368112544
BAT-002331,2025-08,10,PLT-05,LATAM,FRM-04,PRD-04,Agrochem,0.7982,0.9124,39.73,36.25,36.25,0,523.11,30112.38,43747.48,0,13635.100000000002,234.815497105462
BAT-002332,2025-08,10,PLT-04,EMEA,FRM-03,PRD-03,Solvents,0.8347,0.9617,91.42,87.92,87.92,0,531.2,67728.67,110928.81,0,43200.14,209.65178297965429
BAT-002333,2025-08,10,PLT-02,AMER,FRM-02,PRD-02,Polymers,0.826,0.8831,31.84,28.12,28.12,0,852.71,37718.9,56198.75,0,18479.85,331.92881909547737
BAT-002334,2025-08,10,PLT-05,LATAM,FRM-12,PRD-12,Solvents,0.8106,0.9758,41.7,40.69,40.69,0,585.22,35115.44,58033.64,0,22918.199999999997,256.8768824940048
BAT-002335,2025-08,10,PLT-05,LATAM,FRM-07,PRD-07,Catalysts,0.8311,0.8891,0.89,0.79,0.79,0,14322.24,17424.86,29364.07,0,11939.21,5256.254382022473
BAT-002336,2025-08,10,PLT-04,EMEA,FRM-09,PRD-09,Specialty,0.8682,0.7434,52.3,38.88,0.0,1,1545.49,112160.99,0.0,0,-112160.99,599.0795984703634
BAT-002337,2025-08,10,PLT-03,APAC,FRM-09,PRD-09,Specialty,0.6948,0.8331,32.42,27.01,27.01,0,1545.49,71935.59,69703.2,0,-2232.3899999999994,673.3745897594074
BAT-002338,2025-08,10,PLT-05,LATAM,FRM-05,PRD-05,Coatings,0.8457,0.9,12.77,11.5,11.5,0,1265.46,22308.88,35464.54,0,13155.66,481.51572435395474
BAT-002339,2025-08,10,PLT-03,APAC,FRM-04,PRD-04,Agrochem,0.6718,0.8545,80.61,68.88,68.88,0,523.11,62765.17,82710.32,0,19945.15000000001,255.5175896290782
BAT-002340,2025-08,10,PLT-01,EMEA,FRM-10,PRD-10,Agrochem,0.8771,0.933,76.59,71.46,71.46,0,553.83,60070.51,89893.93,0,29823.41999999999,230.4827040083561
BAT-002341,2025-08,10,PLT-03,APAC,FRM-05,PRD-05,Coatings,0.6295,0.8431,14.8,12.48,12.48,0,1265.46,28477.65,36767.28,0,8289.629999999997,658.7055405405406
BAT-002342,2025-08,10,PLT-06,APAC,FRM-09,PRD-09,Specialty,0.8293,0.8133,27.01,21.97,21.97,0,1545.49,58141.26,55098.46,0,-3042.800000000003,607.0927471306925
BAT-002343,2025-08,10,PLT-04,EMEA,FRM-02,PRD-02,Polymers,0.8692,0.9209,26.58,24.48,24.48,0,852.71,32112.79,46102.66,0,13989.870000000003,355.44613243039885
BAT-002344,2025-08,10,PLT-03,APAC,FRM-07,PRD-07,Catalysts,0.6169,0.872,1.63,1.42,1.42,0,14322.24,35349.08,51775.91,0,16426.83,7364.312147239265
BAT-002345,2025-08,10,PLT-01,EMEA,FRM-07,PRD-07,Catalysts,0.8446,0.8651,2.84,2.46,2.46,0,14322.24,56716.87,91070.53,0,34353.659999999996,5648.488873239437
BAT-002346,2025-08,10,PLT-02,AMER,FRM-06,PRD-06,Coatings,0.8031,0.8978,14.86,13.34,13.34,0,1373.65,28809.18,42992.14,0,14182.96,565.056594885599
BAT-002347,2025-08,10,PLT-05,LATAM,FRM-02,PRD-02,Polymers,0.8045,0.9303,31.63,29.42,29.42,0,852.71,38432.23,59329.04,0,20896.809999999998,362.34627568763835
BAT-002348,2025-08,10,PLT-06,APAC,FRM-06,PRD-06,Coatings,0.8422,0.9008,35.77,32.22,32.22,0,1373.65,69354.78,108900.55,0,39545.770000000004,565.2591417388871
BAT-002349,2025-08,10,PLT-01,EMEA,FRM-09,PRD-09,Specialty,0.8523,0.8414,15.67,13.18,13.18,0,1545.49,31779.13,33784.79,0,2005.6599999999999,482.53361199744745
BAT-002350,2025-08,10,PLT-03,APAC,FRM-09,PRD-09,Specialty,0.64,0.7942,27.28,21.67,0.0,1,1545.49,58422.27,0.0,0,-58422.27,596.0888123167153
BAT-002351,2025-08,10,PLT-03,APAC,FRM-09,PRD-09,Specialty,0.661,0.7647,25.77,19.71,19.71,0,1545.49,55809.46,52814.75,0,-2994.709999999999,620.1855917733799
BAT-002352,2025-08,10,PLT-04,EMEA,FRM-03,PRD-03,Solvents,0.8458,0.948,41.1,38.96,38.96,0,531.2,30661.79,52201.91,0,21540.120000000003,214.82895377128943
BAT-002353,2025-08,10,PLT-03,APAC,FRM-04,PRD-04,Agrochem,0.6499,0.9232,77.18,71.25,71.25,0,523.11,58914.45,87419.49,0,28505.040000000008,240.2283000777402
BAT-002354,2025-08,10,PLT-03,APAC,FRM-03,PRD-03,Solvents,0.649,0.9533,44.7,42.61,42.61,0,531.2,35743.75,53375.95,0,17632.199999999997,268.4364653243847
BAT-002355,2025-08,10,PLT-03,APAC,FRM-08,PRD-08,Surfactants,0.6567,0.9115,46.11,42.03,42.03,0,1003.54,67935.93,99348.11,0,31412.180000000008,469.8048275862068
BAT-002356,2025-08,10,PLT-05,LATAM,FRM-12,PRD-12,Solvents,0.7439,0.9618,27.68,26.62,26.62,0,585.22,22661.79,39207.82,0,16546.03,233.48628612716766
BAT-002357,2025-08,10,PLT-06,APAC,FRM-09,PRD-09,Specialty,0.8198,0.8033,30.06,24.15,24.15,0,1545.49,64138.17,62051.53,0,-2086.6399999999994,588.1816566866266
BAT-002358,2025-08,10,PLT-04,EMEA,FRM-08,PRD-08,Surfactants,0.8783,0.956,46.62,44.57,0.0,1,1003.54,65687.34,0.0,0,-65687.34,405.4548519948521
BAT-002359,2025-08,10,PLT-03,APAC,FRM-04,PRD-04,Agrochem,0.6578,0.8599,70.13,60.3,60.3,0,523.11,53306.62,69846.21,0,16539.590000000004,237.00150720091267
BAT-002360,2025-08,10,PLT-02,AMER,FRM-12,PRD-12,Solvents,0.8654,0.9399,63.73,59.9,59.9,0,585.22,51178.95,81284.51,0,30105.559999999998,217.83899890161615
BAT-002361,2025-08,10,PLT-04,EMEA,FRM-12,PRD-12,Solvents,0.8792,0.9388,79.31,74.46,74.46,0,585.22,65032.22,103721.16,0,38688.94,234.75503467406372
BAT-002362,2025-08,10,PLT-05,LATAM,FRM-01,PRD-01,Polymers,0.8431,0.9048,38.92,35.21,35.21,0,727.6,39299.4,59653.89,0,20354.489999999998,282.1482014388489
BAT-002363,2025-08,10,PLT-02,AMER,FRM-10,PRD-10,Agrochem,0.8529,0.9424,110.45,104.09,104.09,0,553.83,84018.01,131725.54,0,47707.53000000001,206.85818469895867
BAT-002364,2025-08,10,PLT-04,EMEA,FRM-06,PRD-06,Coatings,0.907,0.8912,22.85,20.36,20.36,0,1373.65,43756.95,68304.98,0,24548.03,541.3149890590805
BAT-002365,2025-08,10,PLT-06,APAC,FRM-02,PRD-02,Polymers,0.7911,0.8984,27.71,24.89,24.89,0,852.71,32913.94,50853.41,0,17939.47,335.09007217610974
BAT-002366,2025-08,10,PLT-01,EMEA,FRM-11,PRD-11,Polymers,0.9163,0.9558,48.18,46.05,46.05,0,700.0,47641.76,76584.01,0,28942.249999999993,288.82855956828564
BAT-002367,2025-08,10,PLT-05,LATAM,FRM-08,PRD-08,Surfactants,0.7621,0.9349,37.0,34.59,34.59,0,1003.54,52345.11,79805.37,0,27460.259999999995,411.1927027027027
BAT-002368,2025-08,10,PLT-05,LATAM,FRM-07,PRD-07,Catalysts,0.8169,0.8881,1.38,1.23,1.23,0,14322.24,28284.69,44623.47,0,16338.780000000002,6173.912173913044
BAT-002369,2025-08,10,PLT-01,EMEA,FRM-09,PRD-09,Specialty,0.8862,0.8028,26.45,21.23,21.23,0,1545.49,53585.73,55516.66,0,1930.9300000000003,480.4355198487715
BAT-002370,2025-08,10,PLT-01,EMEA,FRM-06,PRD-06,Coatings,0.8698,0.921,37.16,34.23,34.23,0,1373.65,70527.94,117356.4,0,46828.45999999999,524.3031754574813
BAT-002371,2025-08,10,PLT-05,LATAM,FRM-04,PRD-04,Agrochem,0.7493,0.9446,50.05,47.27,47.27,0,523.11,37705.41,53276.56,0,15571.149999999994,230.24484515484528
BAT-002372,2025-08,10,PLT-05,LATAM,FRM-03,PRD-03,Solvents,0.8318,0.995,44.93,44.71,44.71,0,531.2,32886.25,60243.66,0,27357.410000000003,200.74413532161134
BAT-002373,2025-08,10,PLT-05,LATAM,FRM-02,PRD-02,Polymers,0.7684,0.9122,20.49,18.69,18.69,0,852.71,25231.9,36125.38,0,10893.479999999996,378.71508540751597
BAT-002374,2025-08,10,PLT-03,APAC,FRM-01,PRD-01,Polymers,0.6057,0.9467,25.45,24.09,24.09,0,727.6,28333.88,41064.04,0,12730.16,385.71552062868375
BAT-002375,2025-08,10,PLT-05,LATAM,FRM-03,PRD-03,Solvents,0.8287,0.995,70.16,69.81,69.81,0,531.2,52086.41,94258.85,0,42172.44,211.1946693272521
BAT-002376,2025-08,10,PLT-02,AMER,FRM-02,PRD-02,Polymers,0.8014,0.9235,60.5,55.87,55.87,0,852.71,74247.91,108721.14,0,34473.229999999996,374.5281818181818
BAT-002377,2025-08,10,PLT-03,APAC,FRM-01,PRD-01,Polymers,0.6509,0.8967,51.74,46.39,46.39,0,727.6,56698.66,78817.94,0,22119.28,368.2380363355238
BAT-002378,2025-08,10,PLT-01,EMEA,FRM-10,PRD-10,Agrochem,0.8302,0.9049,73.17,66.22,66.22,0,553.83,57700.59,79612.89,0,21912.300000000003,234.75261582615815
BAT-002379,2025-08,10,PLT-05,LATAM,FRM-11,PRD-11,Polymers,0.7583,0.8686,26.96,23.42,23.42,0,700.0,27368.08,36846.01,0,9477.93,315.13649851632056
BAT-002380,2025-08,10,PLT-05,LATAM,FRM-10,PRD-10,Agrochem,0.835,0.8968,28.36,25.43,25.43,0,553.83,22244.52,29906.36,0,7661.84,230.5324823695346
BAT-002381,2025-08,10,PLT-06,APAC,FRM-09,PRD-09,Specialty,0.8785,0.8549,21.11,18.04,18.04,0,1545.49,44561.06,45790.78,0,1229.7200000000012,565.4081525343438
BAT-002382,2025-08,10,PLT-02,AMER,FRM-10,PRD-10,Agrochem,0.8208,0.902,112.02,101.05,101.05,0,553.83,89318.03,117546.14,0,28228.11,243.51002856632738
BAT-002383,2025-08,10,PLT-04,EMEA,FRM-01,PRD-01,Polymers,0.8825,0.9199,26.43,24.31,24.31,0,727.6,26898.37,42740.33,0,15841.960000000003,290.12115020809676
BAT-002384,2025-08,10,PLT-03,APAC,FRM-01,PRD-01,Polymers,0.6421,0.9196,66.54,61.19,61.19,0,727.6,71376.59,111514.31,0,40137.72,345.08695521490824
BAT-002385,2025-08,10,PLT-02,AMER,FRM-08,PRD-08,Surfactants,0.8501,0.9356,65.12,60.93,60.93,0,1003.54,93391.38,142639.74,0,49248.359999999986,430.6028132678132
BAT-002386,2025-08,10,PLT-02,AMER,FRM-04,PRD-04,Agrochem,0.8505,0.9213,66.77,61.52,61.52,0,523.11,48621.95,75570.34,0,26948.39,205.09053916429536
BAT-002387,2025-08,10,PLT-04,EMEA,FRM-10,PRD-10,Agrochem,0.8365,0.9472,82.99,78.6,78.6,0,553.83,63376.67,100950.71,0,37574.04000000001,209.83634534281236
BAT-002388,2025-08,10,PLT-01,EMEA,FRM-07,PRD-07,Catalysts,0.8822,0.8714,2.15,1.87,1.87,0,14322.24,43486.87,70796.81,0,27309.939999999995,5904.211162790702
BAT-002389,2025-08,10,PLT-02,AMER,FRM-06,PRD-06,Coatings,0.8193,0.8763,21.95,19.24,19.24,0,1373.65,42037.63,63672.23,0,21634.600000000006,541.503986332574
BAT-002390,2025-08,10,PLT-03,APAC,FRM-11,PRD-11,Polymers,0.7005,0.93,26.2,24.36,24.36,0,700.0,26384.01,40945.43,0,14561.420000000002,307.02328244274804
BAT-002391,2025-08,10,PLT-06,APAC,FRM-01,PRD-01,Polymers,0.8524,0.951,47.01,44.7,44.7,0,727.6,46554.85,76321.16,0,29766.310000000005,262.7180174430972
BAT-002392,2025-08,10,PLT-06,APAC,FRM-08,PRD-08,Surfactants,0.8465,0.948,50.91,48.26,48.26,0,1003.54,72394.96,108781.93,0,36386.96999999999,418.47846395600095
BAT-002393,2025-08,10,PLT-03,APAC,FRM-03,PRD-03,Solvents,0.6799,0.9069,61.24,55.53,55.53,0,531.2,47124.27,69480.53,0,22356.260000000002,238.30146962769425
BAT-002394,2025-08,10,PLT-06,APAC,FRM-10,PRD-10,Agrochem,0.8045,0.9013,28.84,25.99,25.99,0,553.83,23147.1,31213.88,0,8066.7800000000025,248.77402219140072
BAT-002395,2025-08,10,PLT-03,APAC,FRM-04,PRD-04,Agrochem,0.6444,0.8573,84.46,72.4,0.0,1,523.11,65593.51,0.0,0,-65593.51,253.51218801799666
BAT-002396,2025-08,10,PLT-01,EMEA,FRM-01,PRD-01,Polymers,0.788,0.8884,55.15,48.99,48.99,0,727.6,58598.17,82131.98,0,23533.809999999998,334.92348141432456
BAT-002397,2025-08,10,PLT-03,APAC,FRM-02,PRD-02,Polymers,0.5911,0.8663,19.92,17.25,17.25,0,852.71,25543.22,35194.07,0,9650.849999999999,429.58016064257026
BAT-002398,2025-08,10,PLT-02,AMER,FRM-08,PRD-08,Surfactants,0.801,0.9393,37.18,34.92,34.92,0,1003.54,52313.87,79457.96,0,27144.090000000004,403.50330285099517
BAT-002399,2025-08,10,PLT-04,EMEA,FRM-08,PRD-08,Surfactants,0.8343,0.9671,56.85,54.99,54.99,0,1003.54,80507.24,125822.39,0,45315.149999999994,412.5943887423043
BAT-002400,2025-08,10,PLT-05,LATAM,FRM-05,PRD-05,Coatings,0.7466,0.8968,10.35,9.29,9.29,0,1265.46,18738.55,27731.19,0,8992.64,545.027922705314
BAT-002401,2025-08,10,PLT-02,AMER,FRM-03,PRD-03,Solvents,0.8094,0.9801,61.14,59.93,59.93,0,531.2,45740.69,82370.43,0,36629.73999999999,216.93035655871768
BAT-002402,2025-08,10,PLT-01,EMEA,FRM-05,PRD-05,Coatings,0.9197,0.8557,15.02,12.85,12.85,0,1265.46,26365.71,37735.13,0,11369.419999999998,489.9135019973369
BAT-002403,2025-08,10,PLT-05,LATAM,FRM-09,PRD-09,Specialty,0.7426,0.8404,32.38,27.21,27.21,0,1545.49,69285.51,68718.96,0,-566.5499999999884,594.2725077208149
BAT-002404,2025-08,10,PLT-03,APAC,FRM-05,PRD-05,Coatings,0.6532,0.8263,19.02,15.72,15.72,0,1265.46,35117.94,48691.08,0,13573.14,580.9090851735018
BAT-002405,2025-08,10,PLT-03,APAC,FRM-07,PRD-07,Catalysts,0.6413,0.8262,2.28,1.89,1.89,0,14322.24,47131.22,66818.31,0,19687.089999999997,6349.347719298248
BAT-002406,2025-08,10,PLT-03,APAC,FRM-07,PRD-07,Catalysts,0.6352,0.827,2.63,2.18,2.18,0,14322.24,57469.42,76816.09,0,19346.67,7529.250494296577
BAT-002407,2025-08,10,PLT-02,AMER,FRM-12,PRD-12,Solvents,0.8523,0.9768,76.56,74.78,74.78,0,585.22,64303.65,105761.51,0,41457.85999999999,254.69183385579936
BAT-002408,2025-08,10,PLT-01,EMEA,FRM-03,PRD-03,Solvents,0.8085,0.955,41.39,39.53,39.53,0,531.2,30513.76,51426.36,0,20912.600000000002,206.02541676733506
BAT-002409,2025-08,10,PLT-06,APAC,FRM-02,PRD-02,Polymers,0.6948,0.9154,32.9,30.12,30.12,0,852.71,40013.93,57138.47,0,17124.54,363.51887537993935
BAT-002410,2025-08,10,PLT-01,EMEA,FRM-07,PRD-07,Catalysts,0.906,0.8982,3.4,3.06,3.06,0,14322.24,67710.45,108963.61,0,41253.16,5592.598235294119
BAT-002411,2025-08,10,PLT-01,EMEA,FRM-07,PRD-07,Catalysts,0.7985,0.881,3.19,2.81,2.81,0,14322.24,63134.32,99559.99,0,36425.670000000006,5469.082884012541
BAT-002412,2025-08,10,PLT-05,LATAM,FRM-07,PRD-07,Catalysts,0.821,0.882,1.85,1.63,1.63,0,14322.24,38367.53,56260.25,0,17892.72,6416.965405405403
BAT-002413,2025-08,10,PLT-01,EMEA,FRM-05,PRD-05,Coatings,0.8529,0.8808,41.14,36.24,36.24,0,1265.46,73845.19,111992.11,0,38146.92,529.51301895965
BAT-002414,2025-08,10,PLT-01,EMEA,FRM-03,PRD-03,Solvents,0.9568,0.9497,73.68,69.98,69.98,0,531.2,52117.76,90806.62,0,38688.85999999999,176.1528773072746
BAT-002415,2025-08,10,PLT-04,EMEA,FRM-05,PRD-05,Coatings,0.8554,0.914,25.7,23.49,23.49,0,1265.46,44278.19,66695.32,0,22417.130000000005,457.42677042801574
BAT-002416,2025-08,10,PLT-03,APAC,FRM-03,PRD-03,Solvents,0.6047,0.8904,67.89,60.45,60.45,0,531.2,52373.62,79349.59,0,26975.969999999994,240.2482250699661
BAT-002417,2025-08,10,PLT-02,AMER,FRM-12,PRD-12,Solvents,0.8605,0.9941,96.75,96.18,96.18,0,585.22,78442.73,140156.04,0,61713.31000000001,225.55757105943144
BAT-002418,2025-08,10,PLT-06,APAC,FRM-04,PRD-04,Agrochem,0.7996,0.895,86.67,77.57,0.0,1,523.11,62684.05,0.0,0,-62684.05,200.13968270451142
BAT-002419,2025-08,10,PLT-04,EMEA,FRM-06,PRD-06,Coatings,0.8608,0.9048,16.39,14.83,14.83,0,1373.65,31331.2,50649.96,0,19318.76,537.9546369737643
BAT-002420,2025-08,10,PLT-04,EMEA,FRM-08,PRD-08,Surfactants,0.8255,0.9363,46.36,43.41,43.41,0,1003.54,65050.9,102357.4,0,37306.49999999999,399.6286798964625
BAT-002421,2025-09,11,PLT-04,EMEA,FRM-06,PRD-06,Coatings,0.9112,0.8826,40.37,35.63,35.63,0,1348.27,74185.55,119933.66,0,45748.11,489.3705746841715
BAT-002422,2025-09,11,PLT-05,LATAM,FRM-04,PRD-04,Agrochem,0.8774,0.9268,64.98,60.22,60.22,0,513.44,46275.07,69619.65,0,23344.579999999994,198.70327485380108
BAT-002423,2025-09,11,PLT-04,EMEA,FRM-10,PRD-10,Agrochem,0.8675,0.8895,87.59,77.91,77.91,0,543.6,65054.38,92520.68,0,27466.299999999996,199.11469345815726
BAT-002424,2025-09,11,PLT-05,LATAM,FRM-06,PRD-06,Coatings,0.8197,0.9011,9.08,8.18,8.18,0,1348.27,17388.77,28048.1,0,10659.329999999998,566.7927753303966
BAT-002425,2025-09,11,PLT-03,APAC,FRM-09,PRD-09,Specialty,0.6784,0.8452,19.32,16.33,16.33,0,1516.94,42568.96,40888.89,0,-1680.0699999999997,686.4223188405795
BAT-002426,2025-09,11,PLT-04,EMEA,FRM-02,PRD-02,Polymers,0.8352,0.9171,61.94,56.81,56.81,0,836.96,75302.58,109910.6,0,34608.020000000004,378.7742589602842
BAT-002427,2025-09,11,PLT-05,LATAM,FRM-03,PRD-03,Solvents,0.794,0.955,36.82,35.17,35.17,0,521.39,27115.94,45352.57,0,18236.63,215.05595328625748
BAT-002428,2025-09,11,PLT-01,EMEA,FRM-05,PRD-05,Coatings,0.8184,0.9494,13.94,13.23,13.23,0,1242.08,24291.53,39289.1,0,14997.57,500.497474892396
BAT-002429,2025-09,11,PLT-02,AMER,FRM-11,PRD-11,Polymers,0.8039,0.9626,93.94,90.42,90.42,0,687.06,94335.46,154911.2,0,60575.740000000005,317.1497083244626
BAT-002430,2025-09,11,PLT-05,LATAM,FRM-02,PRD-02,Polymers,0.8194,0.9304,38.19,35.53,35.53,0,836.96,45080.35,70451.48,0,25371.129999999997,343.4628855721394
BAT-002431,2025-09,11,PLT-01,EMEA,FRM-03,PRD-03,Solvents,0.8967,0.9835,65.99,64.9,64.9,0,521.39,47674.71,87869.19,0,40194.48,201.06355356872257
BAT-002432,2025-09,11,PLT-03,APAC,FRM-04,PRD-04,Agrochem,0.6035,0.9486,70.56,66.93,66.93,0,513.44,55437.16,75845.2,0,20408.039999999994,272.2340362811791
BAT-002433,2025-09,11,PLT-02,AMER,FRM-01,PRD-01,Polymers,0.7854,0.9268,73.17,67.81,67.81,0,714.16,74698.0,113906.93,0,39208.92999999999,306.7228754954216
BAT-002434,2025-09,11,PLT-03,APAC,FRM-06,PRD-06,Coatings,0.7046,0.904,21.57,19.5,19.5,0,1348.27,41411.33,63585.53,0,22174.199999999997,571.587672693556
BAT-002435,2025-09,11,PLT-02,AMER,FRM-05,PRD-05,Coatings,0.8363,0.8826,44.93,39.65,39.65,0,1242.08,79135.97,120159.03,0,41023.06,519.2369374582686
BAT-002436,2025-09,11,PLT-06,APAC,FRM-09,PRD-09,Specialty,0.8448,0.8416,20.34,17.12,17.12,0,1516.94,41445.57,42877.45,0,1431.8799999999974,520.6986430678467
BAT-002437,2025-09,11,PLT-04,EMEA,FRM-04,PRD-04,Agrochem,0.8459,0.9394,65.57,61.59,61.59,0,513.44,47342.61,68993.06,0,21650.449999999997,208.57631843831018
BAT-002438,2025-09,11,PLT-05,LATAM,FRM-08,PRD-08,Surfactants,0.7998,0.9017,37.48,33.79,33.79,0,985.0,51779.4,76411.79,0,24632.389999999992,396.520811099253
BAT-002439,2025-09,11,PLT-02,AMER,FRM-03,PRD-03,Solvents,0.8884,0.9075,117.13,106.29,0.0,1,521.39,83977.95,0.0,0,-83977.95,195.57363015452916
BAT-002440,2025-09,11,PLT-04,EMEA,FRM-06,PRD-06,Coatings,0.9007,0.9131,34.69,31.68,31.68,0,1348.27,63832.59,106146.49,0,42313.90000000001,491.8161919861632
BAT-002441,2025-09,11,PLT-05,LATAM,FRM-03,PRD-03,Solvents,0.8404,0.9145,51.72,47.3,47.3,0,521.39,38563.56,59814.57,0,21251.010000000002,224.23180974477953
BAT-002442,2025-09,11,PLT-06,APAC,FRM-12,PRD-12,Solvents,0.8483,0.9592,44.01,42.21,42.21,0,574.41,34727.89,57533.9,0,22806.010000000002,214.68088843444673
BAT-002443,2025-09,11,PLT-05,LATAM,FRM-10,PRD-10,Agrochem,0.7474,0.9576,43.46,41.62,41.62,0,543.6,33670.26,52633.44,0,18963.18,231.14137137597788
BAT-002444,2025-09,11,PLT-03,APAC,FRM-12,PRD-12,Solvents,0.599,0.931,65.72,61.19,61.19,0,574.41,56532.71,89590.44,0,33057.73,285.79556908094946
BAT-002445,2025-09,11,PLT-06,APAC,FRM-02,PRD-02,Polymers,0.8205,0.9038,26.76,24.19,24.19,0,836.96,31098.18,49940.81,0,18842.629999999997,325.15434977578457
BAT-002446,2025-09,11,PLT-03,APAC,FRM-02,PRD-02,Polymers,0.6984,0.8861,45.5,40.31,40.31,0,836.96,57279.29,80753.82,0,23474.530000000006,421.9254945054945
BAT-002447,2025-09,11,PLT-06,APAC,FRM-02,PRD-02,Polymers,0.8412,0.9014,62.86,56.66,56.66,0,836.96,74175.22,113410.48,0,39235.259999999995,343.04668151447663
BAT-002448,2025-09,11,PLT-02,AMER,FRM-09,PRD-09,Specialty,0.8899,0.7903,34.37,27.16,0.0,1,1516.94,70719.57,0.0,0,-70719.57,540.6558684899624
BAT-002449,2025-09,11,PLT-03,APAC,FRM-03,PRD-03,Solvents,0.6361,0.9718,47.73,46.39,46.39,0,521.39,36633.75,59950.46,0,23316.71,246.13042740414835
BAT-002450,2025-09,11,PLT-02,AMER,FRM-09,PRD-09,Specialty,0.8475,0.8124,54.51,44.28,44.28,0,1516.94,109954.66,114408.46,0,4453.800000000003,500.20657860942947
BAT-002451,2025-09,11,PLT-06,APAC,FRM-08,PRD-08,Surfactants,0.7731,0.924,45.15,41.72,41.72,0,985.0,62074.94,97947.64,0,35872.7,389.86024363233673
BAT-002452,2025-09,11,PLT-04,EMEA,FRM-07,PRD-07,Catalysts,0.9226,0.8493,3.38,2.87,2.87,0,14057.66,66551.78,99265.09,0,32713.309999999998,5632.215739644969
BAT-002453,2025-09,11,PLT-04,EMEA,FRM-04,PRD-04,Agrochem,0.8789,0.9361,74.11,69.37,69.37,0,513.44,52463.52,84117.01,0,31653.489999999998,194.47418162191332
BAT-002454,2025-09,11,PLT-03,APAC,FRM-12,PRD-12,Solvents,0.6367,0.8837,66.43,58.7,58.7,0,574.41,56060.64,82601.59,0,26540.949999999997,269.495464398615
BAT-002455,2025-09,11,PLT-04,EMEA,FRM-12,PRD-12,Solvents,0.893,0.993,47.54,47.21,47.21,0,574.41,37591.37,70068.14,0,32476.769999999997,216.32138409760216
BAT-002456,2025-09,11,PLT-05,LATAM,FRM-02,PRD-02,Polymers,0.7905,0.9122,30.1,27.46,27.46,0,836.96,36076.54,54361.09,0,18284.549999999996,361.596146179402
BAT-002457,2025-09,11,PLT-04,EMEA,FRM-10,PRD-10,Agrochem,0.9091,0.9671,51.56,49.86,49.86,0,543.6,38320.45,61703.03,0,23382.58,199.62051978277725
BAT-002458,2025-09,11,PLT-02,AMER,FRM-01,PRD-01,Polymers,0.7904,0.9414,90.01,84.73,84.73,0,714.16,94154.14,141329.21,0,47175.06999999999,331.88088434618373
BAT-002459,2025-09,11,PLT-03,APAC,FRM-12,PRD-12,Solvents,0.6606,0.8995,57.74,51.94,51.94,0,574.41,48816.02,71738.15,0,22922.129999999997,271.03544509871836
BAT-002460,2025-09,11,PLT-05,LATAM,FRM-11,PRD-11,Polymers,0.808,0.9133,46.36,42.34,42.34,0,687.06,46493.99,69074.62,0,22580.629999999997,315.8302070750648
BAT-002461,2025-09,11,PLT-06,APAC,FRM-10,PRD-10,Agrochem,0.8174,0.8937,55.7,49.78,0.0,1,543.6,44027.3,0.0,0,-44027.3,246.83626570915624
BAT-002462,2025-09,11,PLT-03,APAC,FRM-09,PRD-09,Specialty,0.6224,0.7845,41.69,32.7,32.7,0,1516.94,89269.02,87891.39,0,-1377.6300000000047,624.3173758695134
BAT-002463,2025-09,11,PLT-05,LATAM,FRM-04,PRD-04,Agrochem,0.7183,0.9454,40.32,38.12,0.0,1,513.44,31010.43,0.0,0,-31010.43,255.66788690476187
BAT-002464,2025-09,11,PLT-02,AMER,FRM-01,PRD-01,Polymers,0.8777,0.933,39.96,37.29,37.29,0,714.16,40874.32,63077.77,0,22203.449999999997,308.7208808808808
BAT-002465,2025-09,11,PLT-06,APAC,FRM-02,PRD-02,Polymers,0.9052,0.8897,39.24,34.91,34.91,0,836.96,46301.73,70745.65,0,24443.91999999999,343.00253822629975
BAT-002466,2025-09,11,PLT-05,LATAM,FRM-10,PRD-10,Agrochem,0.8028,0.9402,51.09,48.03,48.03,0,543.6,38913.6,60151.77,0,21238.17,218.06764533176738
BAT-002467,2025-09,11,PLT-04,EMEA,FRM-10,PRD-10,Agrochem,0.8736,0.9926,57.07,56.65,0.0,1,543.6,43523.22,0.0,0,-43523.22,219.028701594533
BAT-002468,2025-09,11,PLT-02,AMER,FRM-07,PRD-07,Catalysts,0.7655,0.8492,2.65,2.25,2.25,0,14057.66,53665.17,84825.91,0,31160.740000000005,6193.347547169811
BAT-002469,2025-09,11,PLT-01,EMEA,FRM-04,PRD-04,Agrochem,0.8759,0.889,95.98,85.33,0.0,1,513.44,69871.18,0.0,0,-69871.18,214.53645342779726
BAT-002470,2025-09,11,PLT-03,APAC,FRM-04,PRD-04,Agrochem,0.6583,0.8525,77.94,66.45,66.45,0,513.44,58886.33,76276.97,0,17390.64,242.09412881703872
BAT-002471,2025-09,11,PLT-01,EMEA,FRM-08,PRD-08,Surfactants,0.8143,0.9279,27.73,25.73,25.73,0,985.0,39121.86,59109.01,0,19987.15,425.8135593220338
BAT-002472,2025-09,11,PLT-01,EMEA,FRM-04,PRD-04,Agrochem,0.8546,0.9173,73.36,67.29,67.29,0,513.44,52537.93,77893.04,0,25355.109999999993,202.72589422028352
BAT-002473,2025-09,11,PLT-01,EMEA,FRM-10,PRD-10,Agrochem,0.8399,0.9248,59.99,55.48,55.48,0,543.6,45242.67,65009.19,0,19766.520000000004,210.57019503250535
BAT-002474,2025-09,11,PLT-01,EMEA,FRM-11,PRD-11,Polymers,0.9369,0.9277,48.23,44.74,44.74,0,687.06,44811.88,72439.51,0,27627.629999999997,242.06875803441847
BAT-002475,2025-09,11,PLT-05,LATAM,FRM-10,PRD-10,Agrochem,0.7621,0.8749,23.09,20.2,20.2,0,543.6,18005.08,23559.81,0,5554.73,236.1782589865743
BAT-002476,2025-09,11,PLT-06,APAC,FRM-10,PRD-10,Agrochem,0.7961,0.91,74.45,67.75,67.75,0,543.6,58864.44,84765.13,0,25900.690000000002,247.05735392881127
BAT-002477,2025-09,11,PLT-03,APAC,FRM-03,PRD-03,Solvents,0.6403,0.9539,76.55,73.02,73.02,0,521.39,58795.29,100169.11,0,41373.82,246.67387981711306
BAT-002478,2025-09,11,PLT-03,APAC,FRM-08,PRD-08,Surfactants,0.6501,0.8756,17.79,15.57,15.57,0,985.0,26664.39,37316.06,0,10651.669999999998,513.841483979764
BAT-002479,2025-09,11,PLT-06,APAC,FRM-11,PRD-11,Polymers,0.8013,0.9334,46.34,43.26,43.26,0,687.06,46582.43,74083.23,0,27500.799999999996,318.17154941735
BAT-002480,2025-09,11,PLT-06,APAC,FRM-07,PRD-07,Catalysts,0.8398,0.8887,1.71,1.52,1.52,0,14057.66,34144.4,54500.03,0,20355.629999999997,5909.825380116959
BAT-002481,2025-09,11,PLT-04,EMEA,FRM-07,PRD-07,Catalysts,0.8358,0.8795,2.92,2.57,2.57,0,14057.66,58680.98,90764.15,0,32083.16999999999,6038.566027397261
BAT-002482,2025-09,11,PLT-01,EMEA,FRM-10,PRD-10,Agrochem,0.8175,0.8397,81.75,68.64,0.0,1,543.6,61587.03,0.0,0,-61587.03,209.7581651376147
BAT-002483,2025-09,11,PLT-01,EMEA,FRM-02,PRD-02,Polymers,0.8873,0.8825,20.75,18.31,18.31,0,836.96,24546.64,37471.79,0,12925.150000000001,346.0106024096385
BAT-002484,2025-09,11,PLT-06,APAC,FRM-03,PRD-03,Solvents,0.7885,0.9531,31.81,30.32,30.32,0,521.39,24167.72,38249.47,0,14081.75,238.3622791574977
BAT-002485,2025-09,11,PLT-04,EMEA,FRM-10,PRD-10,Agrochem,0.9028,0.8913,36.99,32.97,32.97,0,543.6,28175.11,38390.92,0,10215.809999999998,218.09532306028655
BAT-002486,2025-09,11,PLT-06,APAC,FRM-10,PRD-10,Agrochem,0.8365,0.8887,41.95,37.28,37.28,0,543.6,31975.43,44970.31,0,12994.879999999997,218.62717520858155
BAT-002487,2025-09,11,PLT-02,AMER,FRM-11,PRD-11,Polymers,0.7827,0.9399,48.72,45.79,45.79,0,687.06,49044.75,72887.92,0,23843.17,319.6056403940887
BAT-002488,2025-09,11,PLT-03,APAC,FRM-04,PRD-04,Agrochem,0.6258,0.8481,74.48,63.17,63.17,0,513.44,57138.0,77378.07,0,20240.070000000007,253.71896885069805
BAT-002489,2025-09,11,PLT-02,AMER,FRM-04,PRD-04,Agrochem,0.8256,0.8694,91.42,79.48,79.48,0,513.44,66524.1,89597.35,0,23073.25,214.2355633340626
BAT-002490,2025-09,11,PLT-05,LATAM,FRM-04,PRD-04,Agrochem,0.8491,0.9149,34.73,31.77,31.77,0,513.44,25690.22,38343.89,0,12653.669999999998,226.27264036855752
BAT-002491,2025-09,11,PLT-02,AMER,FRM-08,PRD-08,Surfactants,0.8386,0.9384,41.4,38.85,38.85,0,985.0,58845.38,91340.23,0,32494.85,436.3859903381642
BAT-002492,2025-09,11,PLT-01,EMEA,FRM-01,PRD-01,Polymers,0.8306,0.9224,66.52,61.36,61.36,0,714.16,65759.85,106607.38,0,40847.53,274.4126097414313
BAT-002493,2025-09,11,PLT-02,AMER,FRM-06,PRD-06,Coatings,0.8623,0.905,22.66,20.51,20.51,0,1348.27,43261.69,70573.39,0,27311.699999999997,560.895489849956
BAT-002494,2025-09,11,PLT-03,APAC,FRM-03,PRD-03,Solvents,0.6382,0.9605,31.87,30.62,30.62,0,521.39,24028.56,40107.58,0,16079.02,232.56544399121435
BAT-002495,2025-09,11,PLT-06,APAC,FRM-02,PRD-02,Polymers,0.8335,0.9336,54.07,50.48,50.48,0,836.96,64606.16,100000.18,0,35394.01999999999,357.9014758646199
BAT-002496,2025-09,11,PLT-05,LATAM,FRM-02,PRD-02,Polymers,0.7683,0.8848,29.91,26.46,26.46,0,836.96,35257.93,54865.62,0,19607.690000000002,341.84073553995313
BAT-002497,2025-09,11,PLT-01,EMEA,FRM-04,PRD-04,Agrochem,0.8692,0.9081,69.14,62.78,62.78,0,513.44,49848.13,71296.0,0,21447.870000000003,207.5338212322822
BAT-002498,2025-09,11,PLT-04,EMEA,FRM-11,PRD-11,Polymers,0.9245,0.9018,77.85,70.21,70.21,0,687.06,72119.53,110056.3,0,37936.770000000004,239.33087989723833
BAT-002499,2025-09,11,PLT-02,AMER,FRM-01,PRD-01,Polymers,0.8181,0.9183,56.61,51.99,51.99,0,714.16,56996.29,94287.27,0,37290.98,292.6637060590002
BAT-002500,2025-09,11,PLT-05,LATAM,FRM-06,PRD-06,Coatings,0.8885,0.8891,28.52,25.36,25.36,0,1348.27,53692.62,84702.56,0,31009.939999999995,534.3604347826088
BAT-002501,2025-09,11,PLT-03,APAC,FRM-08,PRD-08,Surfactants,0.6276,0.9273,34.98,32.44,32.44,0,985.0,50499.6,70522.15,0,20022.549999999996,458.67066895368794
BAT-002502,2025-09,11,PLT-03,APAC,FRM-05,PRD-05,Coatings,0.6285,0.8408,20.24,17.02,17.02,0,1242.08,36762.44,49570.42,0,12807.979999999996,574.246086956522
BAT-002503,2025-09,11,PLT-05,LATAM,FRM-12,PRD-12,Solvents,0.7972,0.9291,64.63,60.05,60.05,0,574.41,52045.86,85438.81,0,33392.95,230.87949404301423
BAT-002504,2025-09,11,PLT-06,APAC,FRM-08,PRD-08,Surfactants,0.7673,0.9379,34.92,32.75,32.75,0,985.0,50204.6,75966.31,0,25761.71,452.7033218785796
BAT-002505,2025-09,11,PLT-06,APAC,FRM-09,PRD-09,Specialty,0.82,0.8359,46.51,38.88,0.0,1,1516.94,98241.62,0.0,0,-98241.62,595.3287594065791
BAT-002506,2025-09,11,PLT-01,EMEA,FRM-08,PRD-08,Surfactants,0.8528,0.9591,24.97,23.95,23.95,0,985.0,34443.97,52341.91,0,17897.940000000002,394.41409691629974
BAT-002507,2025-09,11,PLT-06,APAC,FRM-05,PRD-05,Coatings,0.8096,0.8659,29.87,25.86,25.86,0,1242.08,52662.17,76430.55,0,23768.380000000005,520.9655306327418
BAT-002508,2025-09,11,PLT-04,EMEA,FRM-12,PRD-12,Solvents,0.8483,0.9668,62.14,60.08,60.08,0,574.41,51686.96,83678.62,0,31991.659999999996,257.3724267782427
BAT-002509,2025-09,11,PLT-03,APAC,FRM-01,PRD-01,Polymers,0.6445,0.8992,51.71,46.5,46.5,0,714.16,56079.15,83515.13,0,27435.980000000003,370.33332817636835
BAT-002510,2025-09,11,PLT-01,EMEA,FRM-12,PRD-12,Solvents,0.9133,0.9667,44.16,42.69,42.69,0,574.41,35793.13,62624.69,0,26831.560000000005,236.12283514492754
BAT-002511,2025-09,11,PLT-04,EMEA,FRM-12,PRD-12,Solvents,0.8838,0.939,86.81,81.52,81.52,0,574.41,71275.77,117841.3,0,46565.53,246.64483239258152
BAT-002512,2025-09,11,PLT-05,LATAM,FRM-02,PRD-02,Polymers,0.7521,0.9157,22.13,20.27,20.27,0,836.96,27186.15,39277.86,0,12091.71,391.5149209218257
BAT-002513,2025-09,11,PLT-05,LATAM,FRM-11,PRD-11,Polymers,0.8003,0.8849,58.85,52.08,52.08,0,687.06,57953.56,83399.44,0,25445.880000000005,297.7073746813934
BAT-002514,2025-09,11,PLT-03,APAC,FRM-11,PRD-11,Polymers,0.601,0.9169,45.82,42.02,42.02,0,687.06,48605.55,71126.45,0,22520.899999999994,373.7333216935838
BAT-002515,2025-09,11,PLT-06,APAC,FRM-12,PRD-12,Solvents,0.7773,0.9356,75.65,70.77,70.77,0,574.41,63533.84,105123.84,0,41590.0,265.42925974884326
BAT-002516,2025-09,11,PLT-02,AMER,FRM-11,PRD-11,Polymers,0.8958,0.951,79.91,75.99,0.0,1,687.06,78173.5,0.0,0,-78173.5,291.2093029658366
BAT-002517,2025-09,11,PLT-06,APAC,FRM-03,PRD-03,Solvents,0.8615,0.9632,70.75,68.15,68.15,0,521.39,53132.92,85429.83,0,32296.910000000003,229.6053356890459
BAT-002518,2025-09,11,PLT-04,EMEA,FRM-07,PRD-07,Catalysts,0.9245,0.8409,3.64,3.06,3.06,0,14057.66,72057.29,115819.13,0,43761.84000000001,5738.298791208788
BAT-002519,2025-09,11,PLT-04,EMEA,FRM-02,PRD-02,Polymers,0.9204,0.9381,46.0,43.15,43.15,0,836.96,54552.12,82534.16,0,27982.04,348.955652173913
BAT-002520,2025-09,11,PLT-04,EMEA,FRM-02,PRD-02,Polymers,0.8905,0.9194,28.71,26.4,26.4,0,836.96,33688.36,53541.09,0,19852.729999999996,336.44160222918845
BAT-002521,2025-09,11,PLT-05,LATAM,FRM-12,PRD-12,Solvents,0.7761,0.9343,28.81,26.92,26.92,0,574.41,23330.91,38854.4,0,15523.490000000002,235.40985421728578
BAT-002522,2025-09,11,PLT-06,APAC,FRM-10,PRD-10,Agrochem,0.8251,0.8671,48.11,41.71,41.71,0,543.6,35980.24,51889.66,0,15909.420000000006,204.27445437538972
BAT-002523,2025-09,11,PLT-05,LATAM,FRM-04,PRD-04,Agrochem,0.8071,0.9277,66.13,61.35,61.35,0,513.44,49640.53,74831.99,0,25191.460000000006,237.21068803871162
BAT-002524,2025-09,11,PLT-02,AMER,FRM-09,PRD-09,Specialty,0.8283,0.8155,55.11,44.94,0.0,1,1516.94,117528.2,0.0,0,-117528.2,615.6711413536564
BAT-002525,2025-09,11,PLT-03,APAC,FRM-10,PRD-10,Agrochem,0.6283,0.8547,52.74,45.07,45.07,0,543.6,43804.85,53921.42,0,10116.57,286.98115282518006
BAT-002526,2025-09,11,PLT-02,AMER,FRM-04,PRD-04,Agrochem,0.8322,0.8936,77.63,69.37,69.37,0,513.44,56834.2,78780.36,0,21946.160000000003,218.67644982609806
BAT-002527,2025-09,11,PLT-02,AMER,FRM-12,PRD-12,Solvents,0.8563,0.941,63.72,59.96,59.96,0,574.41,50366.55,88758.24,0,38391.69,216.02549905838055
BAT-002528,2025-09,11,PLT-01,EMEA,FRM-11,PRD-11,Polymers,0.7617,0.9343,27.24,25.45,25.45,0,687.06,26807.97,40312.75,0,13504.779999999999,297.07986784140985
BAT-002529,2025-09,11,PLT-02,AMER,FRM-05,PRD-05,Coatings,0.8102,0.9195,35.15,32.32,32.32,0,1242.08,63192.5,93756.43,0,30563.929999999993,555.7151635846374
BAT-002530,2025-09,11,PLT-04,EMEA,FRM-09,PRD-09,Specialty,0.8215,0.7749,37.56,29.11,29.11,0,1516.94,80133.85,72139.92,0,-7993.930000000008,616.5490841320552
BAT-002531,2025-09,11,PLT-02,AMER,FRM-04,PRD-04,Agrochem,0.86,0.9215,88.81,81.84,81.84,0,513.44,63027.55,100659.72,0,37632.17,196.2497871861276
BAT-002532,2025-09,11,PLT-04,EMEA,FRM-08,PRD-08,Surfactants,0.8953,0.9055,22.53,20.4,20.4,0,985.0,31444.57,45235.67,0,13791.099999999999,410.67554371948495
BAT-002533,2025-09,11,PLT-04,EMEA,FRM-02,PRD-02,Polymers,0.8649,0.9623,28.97,27.88,27.88,0,836.96,34082.5,53447.08,0,19364.58,339.515664480497
BAT-002534,2025-09,11,PLT-02,AMER,FRM-09,PRD-09,Specialty,0.8119,0.8132,38.83,31.58,0.0,1,1516.94,78887.11,0.0,0,-78887.11,514.6621117692507
BAT-002535,2025-09,11,PLT-05,LATAM,FRM-11,PRD-11,Polymers,0.7864,0.9032,22.55,20.37,20.37,0,687.06,22664.92,35008.84,0,12343.919999999998,318.0362305986696
BAT-002536,2025-09,11,PLT-02,AMER,FRM-07,PRD-07,Catalysts,0.8478,0.8944,3.81,3.41,3.41,0,14057.66,73359.72,128209.18,0,54849.45999999999,5196.85968503937
BAT-002537,2025-09,11,PLT-02,AMER,FRM-06,PRD-06,Coatings,0.8519,0.939,26.03,24.44,0.0,1,1348.27,48555.22,0.0,0,-48555.22,517.0861275451402
BAT-002538,2025-09,11,PLT-06,APAC,FRM-07,PRD-07,Catalysts,0.8814,0.8345,1.53,1.28,1.28,0,14057.66,30476.88,45072.18,0,14595.3,5861.8694117647065
BAT-002539,2025-09,11,PLT-06,APAC,FRM-01,PRD-01,Polymers,0.867,0.9083,45.29,41.13,41.13,0,714.16,44363.38,68776.24,0,24412.860000000008,265.38029587105325
BAT-002540,2025-09,11,PLT-05,LATAM,FRM-10,PRD-10,Agrochem,0.7797,0.9191,41.16,37.83,37.83,0,543.6,31541.08,44698.9,0,13157.82,222.704178814383
BAT-002541,2025-09,11,PLT-04,EMEA,FRM-06,PRD-06,Coatings,0.8751,0.8507,29.43,25.04,25.04,0,1348.27,55677.74,85107.7,0,29429.96,543.6002004757049
BAT-002542,2025-09,11,PLT-03,APAC,FRM-04,PRD-04,Agrochem,0.6317,0.8937,84.76,75.74,75.74,0,513.44,63778.96,91065.1,0,27286.140000000007,239.02531382727693
BAT-002543,2025-09,11,PLT-05,LATAM,FRM-09,PRD-09,Specialty,0.7813,0.8737,20.67,18.06,18.06,0,1516.94,44027.65,45253.74,0,1226.0899999999965,613.0866086115143
BAT-002544,2025-09,11,PLT-01,EMEA,FRM-02,PRD-02,Polymers,0.8763,0.8911,55.4,49.37,49.37,0,836.96,64417.12,96114.74,0,31697.620000000003,325.80389891696746
BAT-002545,2025-09,11,PLT-03,APAC,FRM-08,PRD-08,Surfactants,0.6142,0.8702,48.76,42.44,42.44,0,985.0,71824.26,97110.89,0,25286.630000000005,488.01599671862186
BAT-002546,2025-09,11,PLT-02,AMER,FRM-06,PRD-06,Coatings,0.7673,0.8814,28.7,25.3,25.3,0,1348.27,57339.77,88060.7,0,30720.93,649.631393728223
BAT-002547,2025-09,11,PLT-04,EMEA,FRM-06,PRD-06,Coatings,0.911,0.882,24.02,21.18,21.18,0,1348.27,46021.65,73854.47,0,27832.82,567.702106577852
BAT-002548,2025-09,11,PLT-02,AMER,FRM-10,PRD-10,Agrochem,0.7969,0.8894,96.75,86.05,86.05,0,543.6,76131.5,105802.81,0,29671.309999999998,243.2888888888889
BAT-002549,2025-09,11,PLT-04,EMEA,FRM-05,PRD-05,Coatings,0.82,0.8873,40.16,35.64,35.64,0,1242.08,69060.32,101115.81,0,32055.48999999999,477.54948207171356
BAT-002550,2025-09,11,PLT-04,EMEA,FRM-01,PRD-01,Polymers,0.8791,0.9257,72.97,67.55,67.55,0,714.16,70637.34,115726.96,0,45089.62000000001,253.8726161436207
BAT-002551,2025-09,11,PLT-03,APAC,FRM-06,PRD-06,Coatings,0.7097,0.8969,17.09,15.33,15.33,0,1348.27,34181.52,51966.16,0,17784.640000000007,651.8189409011115
BAT-002552,2025-09,11,PLT-05,LATAM,FRM-06,PRD-06,Coatings,0.7884,0.9245,15.02,13.88,13.88,0,1348.27,28740.39,46109.86,0,17369.47,565.2047003994674
BAT-002553,2025-09,11,PLT-06,APAC,FRM-09,PRD-09,Specialty,0.8802,0.8315,37.45,31.13,0.0,1,1516.94,75759.61,0.0,0,-75759.61,506.01353805073404
BAT-002554,2025-09,11,PLT-05,LATAM,FRM-01,PRD-01,Polymers,0.8079,0.9149,20.71,18.95,18.95,0,714.16,21682.26,31580.11,0,9897.850000000002,332.7864027040076
BAT-002555,2025-09,11,PLT-05,LATAM,FRM-05,PRD-05,Coatings,0.7718,0.8528,31.47,26.84,26.84,0,1242.08,55162.82,78632.59,0,23469.769999999997,510.79003495392453
BAT-002556,2025-09,11,PLT-06,APAC,FRM-11,PRD-11,Polymers,0.833,0.9264,37.57,34.8,34.8,0,687.06,36177.56,54677.61,0,18500.050000000003,275.8774500931594
BAT-002557,2025-09,11,PLT-06,APAC,FRM-04,PRD-04,Agrochem,0.8312,0.9508,86.8,82.53,0.0,1,513.44,63108.1,0.0,0,-63108.1,213.61184331797233
BAT-002558,2025-09,11,PLT-02,AMER,FRM-07,PRD-07,Catalysts,0.8158,0.8491,3.11,2.64,2.64,0,14057.66,63204.06,94089.27,0,30885.210000000006,6265.188874598072
BAT-002559,2025-09,11,PLT-01,EMEA,FRM-08,PRD-08,Surfactants,0.8788,0.9512,29.88,28.42,28.42,0,985.0,41489.58,64919.66,0,23430.08,403.5401606425703
BAT-002560,2025-09,11,PLT-06,APAC,FRM-10,PRD-10,Agrochem,0.8528,0.9076,58.1,52.73,52.73,0,543.6,43449.41,62766.76,0,19317.35,204.23838209982796
BAT-002561,2025-09,11,PLT-03,APAC,FRM-10,PRD-10,Agrochem,0.6367,0.9148,29.64,27.12,0.0,1,543.6,24705.34,0.0,0,-24705.34,289.9134952766532
BAT-002562,2025-09,11,PLT-04,EMEA,FRM-07,PRD-07,Catalysts,0.8644,0.8588,3.37,2.89,2.89,0,14057.66,64997.06,107506.87,0,42509.81,5229.301424332341
BAT-002563,2025-09,11,PLT-02,AMER,FRM-09,PRD-09,Specialty,0.7998,0.7727,28.43,21.97,21.97,0,1516.94,60131.31,54111.53,0,-6019.779999999999,598.1254238480478
BAT-002564,2025-09,11,PLT-02,AMER,FRM-07,PRD-07,Catalysts,0.8792,0.8874,2.84,2.52,2.52,0,14057.66,57356.7,88014.99,0,30658.290000000008,6138.361126760563
BAT-002565,2025-09,11,PLT-03,APAC,FRM-12,PRD-12,Solvents,0.6521,0.9013,56.73,51.13,51.13,0,574.41,48317.07,74036.65,0,25719.579999999994,277.2922739291381
BAT-002566,2025-09,11,PLT-03,APAC,FRM-01,PRD-01,Polymers,0.6028,0.9284,61.11,56.74,56.74,0,714.16,66765.66,98094.11,0,31328.449999999997,378.38884634266094
BAT-002567,2025-09,11,PLT-03,APAC,FRM-02,PRD-02,Polymers,0.6275,0.8805,18.84,16.59,16.59,0,836.96,23655.07,32261.2,0,8606.130000000001,418.61696390658176
BAT-002568,2025-09,11,PLT-05,LATAM,FRM-10,PRD-10,Agrochem,0.7878,0.9061,54.17,49.08,49.08,0,543.6,41007.79,57000.95,0,15993.159999999996,213.42030644268038
BAT-002569,2025-09,11,PLT-05,LATAM,FRM-04,PRD-04,Agrochem,0.8131,0.9357,39.65,37.1,37.1,0,513.44,29704.47,44628.34,0,14923.869999999995,235.72696090794454
BAT-002570,2025-09,11,PLT-01,EMEA,FRM-04,PRD-04,Agrochem,0.8942,0.9158,37.03,33.92,33.92,0,513.44,25652.13,39142.33,0,13490.2,179.29913043478257
BAT-002571,2025-09,11,PLT-01,EMEA,FRM-07,PRD-07,Catalysts,0.8463,0.8462,1.85,1.57,1.57,0,14057.66,36721.51,56910.47,0,20188.96,5791.8048648648655
BAT-002572,2025-09,11,PLT-03,APAC,FRM-11,PRD-11,Polymers,0.6615,0.8607,24.34,20.95,20.95,0,687.06,24457.16,33712.23,0,9255.070000000003,317.75347576006584
BAT-002573,2025-09,11,PLT-02,AMER,FRM-05,PRD-05,Coatings,0.8057,0.9183,42.38,38.92,38.92,0,1242.08,76241.76,112033.29,0,35791.53,556.923303445021
BAT-002574,2025-09,11,PLT-01,EMEA,FRM-04,PRD-04,Agrochem,0.8333,0.9579,29.51,28.27,28.27,0,513.44,22042.49,33420.59,0,11378.099999999995,233.5098475093189
BAT-002575,2025-09,11,PLT-03,APAC,FRM-02,PRD-02,Polymers,0.6254,0.8488,38.69,32.84,32.84,0,836.96,49593.04,62742.02,0,13148.979999999996,444.84511760144755
BAT-002576,2025-09,11,PLT-06,APAC,FRM-01,PRD-01,Polymers,0.8346,0.952,44.6,42.46,42.46,0,714.16,44210.18,74862.17,0,30651.989999999998,277.09964125560543
BAT-002577,2025-09,11,PLT-03,APAC,FRM-03,PRD-03,Solvents,0.6614,0.9426,45.53,42.91,42.91,0,521.39,34398.46,56514.26,0,22115.800000000003,234.12197012958484
BAT-002578,2025-09,11,PLT-01,EMEA,FRM-01,PRD-01,Polymers,0.8002,0.9472,50.31,47.66,47.66,0,714.16,50859.3,84960.89,0,34101.59,296.7583064997019
BAT-002579,2025-09,11,PLT-01,EMEA,FRM-09,PRD-09,Specialty,0.8612,0.8181,16.18,13.24,0.0,1,1516.94,33057.91,0.0,0,-33057.91,526.194116192831
BAT-002580,2025-09,11,PLT-06,APAC,FRM-07,PRD-07,Catalysts,0.802,0.8986,3.2,2.88,0.0,1,14057.66,63952.3,0.0,0,-63952.3,5927.43375
BAT-002581,2025-09,11,PLT-02,AMER,FRM-01,PRD-01,Polymers,0.7958,0.9171,42.27,38.77,38.77,0,714.16,42639.84,69122.8,0,26482.960000000006,294.58946770759394
BAT-002582,2025-09,11,PLT-06,APAC,FRM-01,PRD-01,Polymers,0.8621,0.995,25.05,24.93,24.93,0,714.16,24586.03,41712.51,0,17126.480000000003,267.31824351297405
BAT-002583,2025-09,11,PLT-05,LATAM,FRM-05,PRD-05,Coatings,0.811,0.8708,16.63,14.48,14.48,0,1242.08,30048.78,44687.62,0,14638.840000000004,564.8219843656045
BAT-002584,2025-09,11,PLT-05,LATAM,FRM-01,PRD-01,Polymers,0.756,0.9686,51.08,49.48,49.48,0,714.16,52561.36,86489.27,0,33927.91,314.8407830853563
BAT-002585,2025-09,11,PLT-05,LATAM,FRM-04,PRD-04,Agrochem,0.7797,0.8934,62.97,56.26,56.26,0,513.44,45127.03,64072.01,0,18944.980000000003,203.20332221692865
BAT-002586,2025-09,11,PLT-03,APAC,FRM-10,PRD-10,Agrochem,0.671,0.9363,62.52,58.54,0.0,1,543.6,51533.62,0.0,0,-51533.62,280.6741522712732
BAT-002587,2025-09,11,PLT-02,AMER,FRM-07,PRD-07,Catalysts,0.7988,0.8794,2.09,1.84,1.84,0,14057.66,42151.33,63186.17,0,21034.839999999997,6110.440478468903
BAT-002588,2025-09,11,PLT-01,EMEA,FRM-11,PRD-11,Polymers,0.897,0.8691,40.61,35.29,35.29,0,687.06,38362.67,56038.75,0,17676.08,257.6006747106625
BAT-002589,2025-09,11,PLT-04,EMEA,FRM-01,PRD-01,Polymers,0.8992,0.9932,36.68,36.43,36.43,0,714.16,35529.51,60565.96,0,25036.449999999997,254.4744056706653
BAT-002590,2025-09,11,PLT-04,EMEA,FRM-05,PRD-05,Coatings,0.894,0.8845,27.56,24.38,24.38,0,1242.08,48036.31,70491.63,0,22455.320000000007,500.8920609579102
BAT-002591,2025-09,11,PLT-02,AMER,FRM-03,PRD-03,Solvents,0.8488,0.9396,118.37,111.23,111.23,0,521.39,89349.49,139240.94,0,49891.45,233.44222100194304
BAT-002592,2025-09,11,PLT-04,EMEA,FRM-01,PRD-01,Polymers,0.8339,0.8995,31.84,28.64,28.64,0,714.16,31185.42,51265.95,0,20080.53,265.2815829145728
BAT-002593,2025-09,11,PLT-03,APAC,FRM-12,PRD-12,Solvents,0.7163,0.9243,28.55,26.39,26.39,0,574.41,24638.87,36294.73,0,11655.860000000004,288.59770577933443
BAT-002594,2025-09,11,PLT-05,LATAM,FRM-10,PRD-10,Agrochem,0.7535,0.941,27.18,25.58,25.58,0,543.6,21414.18,30122.15,0,8707.970000000001,244.2653421633554
BAT-002595,2025-09,11,PLT-01,EMEA,FRM-07,PRD-07,Catalysts,0.892,0.8271,1.66,1.37,1.37,0,14057.66,32506.01,48008.08,0,15502.070000000003,5524.273734939758
BAT-002596,2025-09,11,PLT-04,EMEA,FRM-04,PRD-04,Agrochem,0.8827,0.9445,102.93,97.22,97.22,0,513.44,72839.44,116151.33,0,43311.89,194.21996308170594
BAT-002597,2025-09,11,PLT-03,APAC,FRM-05,PRD-05,Coatings,0.6612,0.8797,38.92,34.24,34.24,0,1242.08,69615.98,105791.62,0,36175.64,546.6142446043164
BAT-002598,2025-09,11,PLT-03,APAC,FRM-04,PRD-04,Agrochem,0.6407,0.8404,33.46,28.12,28.12,0,513.44,25596.97,34325.83,0,8728.86,251.56209205020912
BAT-002599,2025-09,11,PLT-06,APAC,FRM-10,PRD-10,Agrochem,0.8619,0.9323,90.28,84.16,84.16,0,543.6,67523.04,103102.65,0,35579.61,204.3291094373061
BAT-002600,2025-09,11,PLT-02,AMER,FRM-02,PRD-02,Polymers,0.8684,0.8933,53.22,47.54,47.54,0,836.96,64028.36,96755.2,0,32726.839999999997,366.12831266441185
BAT-002601,2025-09,11,PLT-03,APAC,FRM-09,PRD-09,Specialty,0.7074,0.7724,21.25,16.42,16.42,0,1516.94,46298.39,43716.31,0,-2582.0800000000017,661.8077647058822
BAT-002602,2025-09,11,PLT-03,APAC,FRM-05,PRD-05,Coatings,0.6617,0.9014,32.99,29.73,29.73,0,1242.08,61549.69,88179.44,0,26629.75,623.6274871173084
BAT-002603,2025-09,11,PLT-01,EMEA,FRM-01,PRD-01,Polymers,0.8573,0.9335,61.9,57.78,57.78,0,714.16,60794.35,101311.19,0,40516.840000000004,267.978126009693
BAT-002604,2025-09,11,PLT-03,APAC,FRM-12,PRD-12,Solvents,0.6151,0.9077,32.96,29.92,29.92,0,574.41,29018.89,41388.21,0,12369.32,306.0174878640777
BAT-002605,2025-09,11,PLT-03,APAC,FRM-07,PRD-07,Catalysts,0.6711,0.7915,1.87,1.48,1.48,0,14057.66,39242.51,53672.73,0,14430.220000000001,6927.639465240642
BAT-002606,2025-09,11,PLT-02,AMER,FRM-03,PRD-03,Solvents,0.825,0.9924,105.22,104.42,104.42,0,521.39,78170.85,135869.52,0,57698.669999999984,221.53767534689234
BAT-002607,2025-09,11,PLT-03,APAC,FRM-07,PRD-07,Catalysts,0.6024,0.8222,1.07,0.88,0.88,0,14057.66,22075.17,31704.32,0,9629.150000000001,6573.3399999999965
BAT-002608,2025-09,11,PLT-03,APAC,FRM-10,PRD-10,Agrochem,0.6407,0.8867,58.75,52.09,52.09,0,543.6,46556.23,65131.0,0,18574.769999999997,248.84646808510638
BAT-002609,2025-09,11,PLT-06,APAC,FRM-08,PRD-08,Surfactants,0.889,0.9364,54.02,50.58,50.58,0,985.0,73764.66,115997.72,0,42233.06,380.50647908182145
BAT-002610,2025-09,11,PLT-01,EMEA,FRM-05,PRD-05,Coatings,0.8452,0.9536,13.87,13.22,13.22,0,1242.08,24085.08,38585.01,0,14499.93,494.40738284066356
BAT-002611,2025-09,11,PLT-06,APAC,FRM-10,PRD-10,Agrochem,0.7902,0.8692,69.04,60.01,60.01,0,543.6,54612.75,76027.5,0,21414.75,247.43056199304738
BAT-002612,2025-09,11,PLT-03,APAC,FRM-04,PRD-04,Agrochem,0.5937,0.8777,71.0,62.31,62.31,0,513.44,55727.69,71447.98,0,15720.289999999994,271.4570422535211
BAT-002613,2025-09,11,PLT-03,APAC,FRM-01,PRD-01,Polymers,0.6728,0.9428,35.83,33.78,33.78,0,714.16,37011.75,58532.13,0,21520.379999999997,318.82213787329067
BAT-002614,2025-09,11,PLT-04,EMEA,FRM-05,PRD-05,Coatings,0.862,0.8936,40.6,36.29,36.29,0,1242.08,69431.05,109503.99,0,40072.94,468.0443842364532
BAT-002615,2025-09,11,PLT-06,APAC,FRM-09,PRD-09,Specialty,0.8277,0.8565,46.7,40.0,0.0,1,1516.94,97172.14,0.0,0,-97172.14,563.8338758029977
BAT-002616,2025-09,11,PLT-04,EMEA,FRM-03,PRD-03,Solvents,0.8117,0.9265,75.42,69.88,69.88,0,521.39,55730.59,91367.42,0,35636.83,217.54648899496146
BAT-002617,2025-09,11,PLT-01,EMEA,FRM-05,PRD-05,Coatings,0.8656,0.9136,37.1,33.9,33.9,0,1242.08,63703.32,99389.41,0,35686.090000000004,474.99061994609156
BAT-002618,2025-09,11,PLT-05,LATAM,FRM-07,PRD-07,Catalysts,0.7845,0.8844,2.26,2.0,2.0,0,14057.66,46528.2,68775.59,0,22247.39,6530.039115044248
BAT-002619,2025-09,11,PLT-01,EMEA,FRM-09,PRD-09,Specialty,0.8585,0.8793,41.47,36.47,36.47,0,1516.94,84047.67,95004.8,0,10957.130000000005,509.77015191704845
BAT-002620,2025-09,11,PLT-05,LATAM,FRM-07,PRD-07,Catalysts,0.7841,0.8886,1.35,1.2,1.2,0,14057.66,26850.73,44976.58,0,18125.850000000002,5831.769629629627
BAT-002621,2025-09,11,PLT-04,EMEA,FRM-02,PRD-02,Polymers,0.8688,0.9396,27.83,26.15,26.15,0,836.96,32246.56,49532.8,0,17286.24,321.737808120733
BAT-002622,2025-09,11,PLT-03,APAC,FRM-08,PRD-08,Surfactants,0.6032,0.901,44.97,40.52,40.52,0,985.0,66526.05,89610.8,0,23084.75,494.34289526350904
BAT-002623,2025-09,11,PLT-06,APAC,FRM-04,PRD-04,Agrochem,0.86,0.9784,65.39,63.97,63.97,0,513.44,45927.41,78745.81,0,32818.399999999994,188.92137024009787
BAT-002624,2025-09,11,PLT-04,EMEA,FRM-05,PRD-05,Coatings,0.8962,0.892,31.73,28.3,28.3,0,1242.08,54394.87,87810.28,0,33415.409999999996,472.22412858493544
BAT-002625,2025-09,11,PLT-02,AMER,FRM-11,PRD-11,Polymers,0.8622,0.9163,80.91,74.14,74.14,0,687.06,78470.77,121749.27,0,43278.5,282.7925522185145
BAT-002626,2025-09,11,PLT-04,EMEA,FRM-08,PRD-08,Surfactants,0.8182,0.9557,58.35,55.76,55.76,0,985.0,80375.6,126431.83,0,46056.229999999996,392.4738646101114
BAT-002627,2025-09,11,PLT-02,AMER,FRM-03,PRD-03,Solvents,0.9092,0.9895,113.06,111.87,111.87,0,521.39,83756.21,139919.04,0,56162.83,219.42204670086687
BAT-002628,2025-09,11,PLT-02,AMER,FRM-08,PRD-08,Surfactants,0.8599,0.9104,37.51,34.15,34.15,0,985.0,53050.16,74775.41,0,21725.25,429.2937883231141
BAT-002629,2025-09,11,PLT-02,AMER,FRM-10,PRD-10,Agrochem,0.847,0.9407,108.05,101.65,0.0,1,543.6,84463.3,0.0,0,-84463.3,238.1056918093476
BAT-002630,2025-09,11,PLT-03,APAC,FRM-02,PRD-02,Polymers,0.7082,0.9165,52.11,47.76,47.76,0,836.96,65565.52,93259.48,0,27693.959999999992,421.2537785453849
BAT-002631,2025-09,11,PLT-04,EMEA,FRM-09,PRD-09,Specialty,0.8635,0.8154,16.81,13.71,13.71,0,1516.94,34818.62,36852.87,0,2034.25,554.3639857227845
BAT-002632,2025-09,11,PLT-02,AMER,FRM-09,PRD-09,Specialty,0.8534,0.8276,35.71,29.55,29.55,0,1516.94,74692.94,74717.77,0,24.830000000001746,574.7133183982078
BAT-002633,2025-09,11,PLT-05,LATAM,FRM-09,PRD-09,Specialty,0.801,0.766,15.6,11.95,11.95,0,1516.94,32868.19,29491.11,0,-3377.0800000000017,589.9952564102564
BAT-002634,2025-09,11,PLT-06,APAC,FRM-06,PRD-06,Coatings,0.8732,0.8793,13.74,12.08,0.0,1,1348.27,25483.19,0.0,0,-25483.19,506.4017612809314
BAT-002635,2025-09,11,PLT-04,EMEA,FRM-06,PRD-06,Coatings,0.8555,0.8944,30.25,27.06,27.06,0,1348.27,58321.33,88922.07,0,30600.740000000005,579.7078512396695
BAT-002636,2025-09,11,PLT-06,APAC,FRM-09,PRD-09,Specialty,0.8244,0.8961,31.19,27.95,27.95,0,1516.94,65395.94,74119.07,0,8723.130000000005,579.7557358127606
BAT-002637,2025-09,11,PLT-05,LATAM,FRM-01,PRD-01,Polymers,0.815,0.9175,48.94,44.9,44.9,0,714.16,48805.75,76663.99,0,27858.240000000005,283.09684511646924
BAT-002638,2025-09,11,PLT-02,AMER,FRM-09,PRD-09,Specialty,0.7732,0.8527,36.52,31.14,0.0,1,1516.94,75825.22,0.0,0,-75825.22,559.3256078860895
BAT-002639,2025-09,11,PLT-02,AMER,FRM-09,PRD-09,Specialty,0.8366,0.8224,52.97,43.56,0.0,1,1516.94,112891.27,0.0,0,-112891.27,614.2903190485181
BAT-002640,2025-09,11,PLT-04,EMEA,FRM-09,PRD-09,Specialty,0.8021,0.8601,18.89,16.25,16.25,0,1516.94,39585.87,41300.02,0,1714.1499999999942,578.6592588671256
BAT-002641,2025-10,12,PLT-06,APAC,FRM-10,PRD-10,Agrochem,0.815,0.874,46.49,40.63,40.63,0,595.17,38646.31,47317.87,0,8671.560000000005,236.1122112282211
BAT-002642,2025-10,12,PLT-05,LATAM,FRM-02,PRD-02,Polymers,0.7921,0.8907,33.16,29.54,29.54,0,916.36,43195.74,57579.05,0,14383.310000000005,386.2859589867311
BAT-002643,2025-10,12,PLT-01,EMEA,FRM-04,PRD-04,Agrochem,0.8793,0.9162,77.39,70.9,70.9,0,562.15,59959.28,83054.05,0,23094.770000000004,212.61779945729427
BAT-002644,2025-10,12,PLT-05,LATAM,FRM-08,PRD-08,Surfactants,0.7748,0.9063,22.47,20.37,20.37,0,1078.44,33315.55,46646.77,0,13331.219999999994,404.22800178015154
BAT-002645,2025-10,12,PLT-04,EMEA,FRM-10,PRD-10,Agrochem,0.9242,0.9323,36.4,33.94,33.94,0,595.17,29936.3,41718.23,0,11781.930000000004,227.25582417582427
BAT-002646,2025-10,12,PLT-03,APAC,FRM-06,PRD-06,Coatings,0.6482,0.839,30.81,25.85,25.85,0,1476.17,64959.61,89961.09,0,25001.479999999996,632.2237033430706
BAT-002647,2025-10,12,PLT-01,EMEA,FRM-12,PRD-12,Solvents,0.869,0.9847,32.9,32.39,32.39,0,628.9,28139.54,48463.74,0,20324.199999999997,226.40516717325238
BAT-002648,2025-10,12,PLT-01,EMEA,FRM-04,PRD-04,Agrochem,0.8185,0.9318,46.23,43.08,43.08,0,562.15,36735.58,48900.28,0,12164.699999999997,232.4764330521308
BAT-002649,2025-10,12,PLT-02,AMER,FRM-07,PRD-07,Catalysts,0.8677,0.8808,3.29,2.9,2.9,0,15391.21,70185.55,100027.28,0,29841.729999999996,5941.783920972644
BAT-002650,2025-10,12,PLT-04,EMEA,FRM-02,PRD-02,Polymers,0.8901,0.8861,71.07,62.98,62.98,0,916.36,86190.53,121177.01,0,34986.479999999996,296.39545237090203
BAT-002651,2025-10,12,PLT-02,AMER,FRM-07,PRD-07,Catalysts,0.7992,0.8603,4.08,3.51,3.51,0,15391.21,86575.81,127629.79,0,41053.979999999996,5828.351274509805
BAT-002652,2025-10,12,PLT-05,LATAM,FRM-07,PRD-07,Catalysts,0.7968,0.856,0.94,0.81,0.81,0,15391.21,20356.9,29279.64,0,8922.739999999998,6265.066595744684
BAT-002653,2025-10,12,PLT-04,EMEA,FRM-07,PRD-07,Catalysts,0.8916,0.8514,3.44,2.93,2.93,0,15391.21,69961.51,109892.73,0,39931.22,4946.438255813951
BAT-002654,2025-10,12,PLT-04,EMEA,FRM-08,PRD-08,Surfactants,0.9102,0.9515,39.51,37.59,37.59,0,1078.44,57202.61,85012.73,0,27810.119999999995,369.36080992153893
BAT-002655,2025-10,12,PLT-01,EMEA,FRM-02,PRD-02,Polymers,0.8066,0.9857,38.32,37.77,37.77,0,916.36,48177.96,73684.87,0,25506.909999999996,340.89365344467626
BAT-002656,2025-10,12,PLT-03,APAC,FRM-06,PRD-06,Coatings,0.6058,0.8515,26.64,22.69,22.69,0,1476.17,59022.4,74685.57,0,15663.170000000006,739.3855555555556
BAT-002657,2025-10,12,PLT-05,LATAM,FRM-05,PRD-05,Coatings,0.8437,0.8735,20.48,17.89,17.89,0,1359.91,37712.06,54164.51,0,16452.450000000004,481.4991796874997
BAT-002658,2025-10,12,PLT-03,APAC,FRM-07,PRD-07,Catalysts,0.6708,0.843,3.06,2.58,2.58,0,15391.21,68192.36,89792.93,0,21600.569999999992,6893.874967320262
BAT-002659,2025-10,12,PLT-06,APAC,FRM-12,PRD-12,Solvents,0.8572,0.9623,82.94,79.82,79.82,0,628.9,71681.96,108344.57,0,36662.61,235.36284060766832
BAT-002660,2025-10,12,PLT-03,APAC,FRM-09,PRD-09,Specialty,0.6876,0.7798,23.37,18.22,18.22,0,1660.84,54382.84,48534.92,0,-5847.919999999998,666.1963714163455
BAT-002661,2025-10,12,PLT-05,LATAM,FRM-04,PRD-04,Agrochem,0.8549,0.9507,50.89,48.38,48.38,0,562.15,39185.37,56906.73,0,17721.36,207.85137551581852
BAT-002662,2025-10,12,PLT-01,EMEA,FRM-12,PRD-12,Solvents,0.8853,0.9743,46.77,45.56,45.56,0,628.9,40189.41,68193.43,0,28004.01999999999,230.39890955740862
BAT-002663,2025-10,12,PLT-03,APAC,FRM-08,PRD-08,Surfactants,0.6339,0.847,29.89,25.31,25.31,0,1078.44,45872.79,57646.32,0,11773.529999999999,456.2803077952492
BAT-002664,2025-10,12,PLT-03,APAC,FRM-02,PRD-02,Polymers,0.6161,0.9119,29.39,26.8,0.0,1,916.36,38769.54,0.0,0,-38769.54,402.7805239877508
BAT-002665,2025-10,12,PLT-04,EMEA,FRM-04,PRD-04,Agrochem,0.8832,0.9237,93.81,86.65,86.65,0,562.15,70456.4,102604.24,0,32147.84000000001,188.90425860782432
BAT-002666,2025-10,12,PLT-01,EMEA,FRM-05,PRD-05,Coatings,0.8317,0.8985,27.83,25.0,25.0,0,1359.91,53183.04,72479.34,0,19296.299999999996,551.0867660797701
BAT-002667,2025-10,12,PLT-03,APAC,FRM-11,PRD-11,Polymers,0.6082,0.908,37.0,33.59,0.0,1,752.24,40735.18,0.0,0,-40735.18,348.7108108108107
BAT-002668,2025-10,12,PLT-04,EMEA,FRM-04,PRD-04,Agrochem,0.9072,0.9078,45.97,41.73,41.73,0,562.15,35925.14,49895.89,0,13970.75,219.34097237328695
BAT-002669,2025-10,12,PLT-01,EMEA,FRM-05,PRD-05,Coatings,0.8222,0.9472,29.33,27.78,27.78,0,1359.91,54457.58,86742.34,0,32284.759999999995,496.8093999318105
BAT-002670,2025-10,12,PLT-02,AMER,FRM-04,PRD-04,Agrochem,0.8613,0.9663,105.82,102.25,102.25,0,562.15,80677.74,125399.66,0,44721.92,200.25540540540555
BAT-002671,2025-10,12,PLT-05,LATAM,FRM-09,PRD-09,Specialty,0.7733,0.8381,19.33,16.2,0.0,1,1660.84,44142.25,0.0,0,-44142.25,622.7735540610454
BAT-002672,2025-10,12,PLT-01,EMEA,FRM-05,PRD-05,Coatings,0.875,0.8595,23.03,19.8,19.8,0,1359.91,41760.42,59916.59,0,18156.17,453.3952540165001
BAT-002673,2025-10,12,PLT-06,APAC,FRM-11,PRD-11,Polymers,0.8377,0.9038,23.81,21.52,21.52,0,752.24,24347.1,33988.95,0,9641.849999999999,270.31774884502306
BAT-002674,2025-10,12,PLT-04,EMEA,FRM-08,PRD-08,Surfactants,0.8893,0.911,39.79,36.25,36.25,0,1078.44,56650.16,79545.74,0,22895.58,345.2885750188491
BAT-002675,2025-10,12,PLT-01,EMEA,FRM-05,PRD-05,Coatings,0.9034,0.8434,40.16,33.87,33.87,0,1359.91,71950.36,105251.68,0,33301.31999999999,431.6826294820719
BAT-002676,2025-10,12,PLT-01,EMEA,FRM-04,PRD-04,Agrochem,0.8305,0.9387,68.16,63.99,0.0,1,562.15,54006.25,0.0,0,-54006.25,230.1952171361503
BAT-002677,2025-10,12,PLT-04,EMEA,FRM-05,PRD-05,Coatings,0.9054,0.8934,15.14,13.52,13.52,0,1359.91,28408.81,39838.41,0,11429.600000000002,516.4975297225892
BAT-002678,2025-10,12,PLT-01,EMEA,FRM-12,PRD-12,Solvents,0.8339,0.948,88.26,83.67,0.0,1,628.9,75018.85,0.0,0,-75018.85,221.07564015409025
BAT-002679,2025-10,12,PLT-01,EMEA,FRM-04,PRD-04,Agrochem,0.8239,0.9178,82.19,75.43,0.0,1,562.15,61965.13,0.0,0,-61965.13,191.7754167173622
BAT-002680,2025-10,12,PLT-04,EMEA,FRM-11,PRD-11,Polymers,0.8536,0.995,35.77,35.59,35.59,0,752.24,36109.01,58598.59,0,22489.579999999994,257.23749510763207
BAT-002681,2025-10,12,PLT-02,AMER,FRM-04,PRD-04,Agrochem,0.7664,0.9771,113.31,110.71,110.71,0,562.15,89103.84,135314.47,0,46210.630000000005,224.22225311093462
BAT-002682,2025-10,12,PLT-04,EMEA,FRM-04,PRD-04,Agrochem,0.9131,0.9135,47.27,43.18,0.0,1,562.15,36566.45,0.0,0,-36566.45,211.4156864819123
BAT-002683,2025-10,12,PLT-03,APAC,FRM-05,PRD-05,Coatings,0.6164,0.8827,21.19,18.7,18.7,0,1359.91,42734.9,58249.69,0,15514.79,656.8384662576686
BAT-002684,2025-10,12,PLT-01,EMEA,FRM-03,PRD-03,Solvents,0.7883,0.9633,83.02,79.97,79.97,0,570.85,64478.64,104984.82,0,40506.18000000001,205.8139364008673
BAT-002685,2025-10,12,PLT-06,APAC,FRM-06,PRD-06,Coatings,0.8686,0.9032,19.76,17.84,0.0,1,1476.17,39611.09,0.0,0,-39611.09,528.4398178137649
BAT-002686,2025-10,12,PLT-06,APAC,FRM-08,PRD-08,Surfactants,0.7941,0.9204,38.83,35.74,35.74,0,1078.44,58825.09,81195.28,0,22370.190000000002,436.49922225083697
BAT-002687,2025-10,12,PLT-04,EMEA,FRM-04,PRD-04,Agrochem,0.8316,0.9604,84.6,81.25,81.25,0,562.15,63735.55,95406.45,0,31670.899999999994,191.22529550827437
BAT-002688,2025-10,12,PLT-05,LATAM,FRM-08,PRD-08,Surfactants,0.7579,0.9545,37.21,35.52,35.52,0,1078.44,55845.55,81469.65,0,25624.09999999999,422.3810158559527
BAT-002689,2025-10,12,PLT-02,AMER,FRM-10,PRD-10,Agrochem,0.7906,0.9334,36.89,34.43,34.43,0,595.17,31246.9,42447.29,0,11200.39,251.8590051504474
BAT-002690,2025-10,12,PLT-03,APAC,FRM-10,PRD-10,Agrochem,0.6154,0.9558,27.92,26.68,26.68,0,595.17,23870.49,33798.06,0,9927.569999999996,259.7902435530086
BAT-002691,2025-10,12,PLT-01,EMEA,FRM-06,PRD-06,Coatings,0.8933,0.866,21.86,18.93,18.93,0,1476.17,43685.21,60970.81,0,17285.6,522.2385086916743
BAT-002692,2025-10,12,PLT-01,EMEA,FRM-09,PRD-09,Specialty,0.8396,0.8355,33.41,27.92,27.92,0,1660.84,73680.27,71576.7,0,-2103.570000000007,544.4958275965284
BAT-002693,2025-10,12,PLT-02,AMER,FRM-04,PRD-04,Agrochem,0.7991,0.8819,82.49,72.75,0.0,1,562.15,65574.47,0.0,0,-65574.47,232.78841677779133
BAT-002694,2025-10,12,PLT-02,AMER,FRM-11,PRD-11,Polymers,0.8392,0.9524,61.44,58.52,0.0,1,752.24,64625.93,0.0,0,-64625.93,299.6143294270835
BAT-002695,2025-10,12,PLT-02,AMER,FRM-08,PRD-08,Surfactants,0.7878,0.958,61.03,58.47,58.47,0,1078.44,92708.21,134254.28,0,41546.06999999999,440.61964279862354
BAT-002696,2025-10,12,PLT-01,EMEA,FRM-06,PRD-06,Coatings,0.8192,0.8613,32.29,27.81,27.81,0,1476.17,64725.91,89848.77,0,25122.86,528.3487364509137
BAT-002697,2025-10,12,PLT-05,LATAM,FRM-04,PRD-04,Agrochem,0.7967,0.9363,38.88,36.4,36.4,0,562.15,31231.02,44152.66,0,12921.640000000003,241.11697530864194
BAT-002698,2025-10,12,PLT-04,EMEA,FRM-01,PRD-01,Polymers,0.8971,0.897,33.16,29.74,29.74,0,781.91,35455.09,49237.75,0,13782.660000000003,287.3026055488541
BAT-002699,2025-10,12,PLT-01,EMEA,FRM-05,PRD-05,Coatings,0.8345,0.8719,26.27,22.9,22.9,0,1359.91,50392.15,64927.32,0,14535.169999999998,558.3294366197183
BAT-002700,2025-10,12,PLT-01,EMEA,FRM-10,PRD-10,Agrochem,0.8335,0.9186,34.29,31.49,31.49,0,595.17,28904.12,38419.48,0,9515.360000000004,247.76146689997086
BAT-002701,2025-10,12,PLT-04,EMEA,FRM-11,PRD-11,Polymers,0.7837,0.9219,70.33,64.84,64.84,0,752.24,75426.42,105804.18,0,30377.759999999995,320.22438219820833
BAT-002702,2025-10,12,PLT-03,APAC,FRM-02,PRD-02,Polymers,0.6078,0.8569,49.92,42.78,42.78,0,916.36,65226.58,84856.76,0,19630.179999999993,390.26219551282054
BAT-002703,2025-10,12,PLT-03,APAC,FRM-09,PRD-09,Specialty,0.666,0.8256,32.75,27.04,27.04,0,1660.84,76373.34,72930.11,0,-3443.229999999996,671.1703816793895
BAT-002704,2025-10,12,PLT-02,AMER,FRM-05,PRD-05,Coatings,0.8732,0.8819,20.96,18.49,18.49,0,1359.91,38789.2,53658.66,0,14869.460000000006,490.7197709923662
BAT-002705,2025-10,12,PLT-04,EMEA,FRM-10,PRD-10,Agrochem,0.8677,0.9089,99.42,90.36,0.0,1,595.17,82703.89,0.0,0,-82703.89,236.69370951518806
BAT-002706,2025-10,12,PLT-02,AMER,FRM-01,PRD-01,Polymers,0.8618,0.9544,40.5,38.65,38.65,0,781.91,43196.81,69671.68,0,26474.869999999995,284.6779012345679
BAT-002707,2025-10,12,PLT-03,APAC,FRM-10,PRD-10,Agrochem,0.643,0.8914,82.05,73.14,73.14,0,595.17,71104.35,91274.44,0,20170.089999999997,271.4278062157223
BAT-002708,2025-10,12,PLT-05,LATAM,FRM-04,PRD-04,Agrochem,0.803,0.9136,28.39,25.93,25.93,0,562.15,22702.13,31104.69,0,8402.559999999998,237.5023423740754
BAT-002709,2025-10,12,PLT-01,EMEA,FRM-11,PRD-11,Polymers,0.8639,0.995,72.52,72.16,72.16,0,752.24,74238.82,115402.43,0,41163.609999999986,271.4613237727525
BAT-002710,2025-10,12,PLT-03,APAC,FRM-01,PRD-01,Polymers,0.6731,0.9226,30.55,28.18,28.18,0,781.91,33513.88,49698.33,0,16184.450000000004,315.1073486088379
BAT-002711,2025-10,12,PLT-04,EMEA,FRM-11,PRD-11,Polymers,0.8975,0.9076,36.3,32.95,32.95,0,752.24,36838.63,56315.35,0,19476.72,262.5982920110192
BAT-002712,2025-10,12,PLT-06,APAC,FRM-04,PRD-04,Agrochem,0.803,0.9454,70.19,66.35,66.35,0,562.15,53275.84,76893.84,0,23618.0,196.87322268129367
BAT-002713,2025-10,12,PLT-05,LATAM,FRM-10,PRD-10,Agrochem,0.7198,0.9792,49.54,48.51,48.51,0,595.17,42354.19,61003.63,0,18649.439999999995,259.779333871619
BAT-002714,2025-10,12,PLT-06,APAC,FRM-06,PRD-06,Coatings,0.8414,0.9403,32.16,30.24,30.24,0,1476.17,64212.06,103756.76,0,39544.7,520.473656716418
BAT-002715,2025-10,12,PLT-02,AMER,FRM-06,PRD-06,Coatings,0.8935,0.9196,35.26,32.43,0.0,1,1476.17,72125.14,0.0,0,-72125.14,569.3529722064663
BAT-002716,2025-10,12,PLT-01,EMEA,FRM-11,PRD-11,Polymers,0.8424,0.8775,25.06,21.99,21.99,0,752.24,26245.18,36780.15,0,10534.970000000001,295.053695131684
BAT-002717,2025-10,12,PLT-03,APAC,FRM-01,PRD-01,Polymers,0.6422,0.9107,49.79,45.34,45.34,0,781.91,56361.43,75240.33,0,18878.9,350.07292829885535
BAT-002718,2025-10,12,PLT-02,AMER,FRM-02,PRD-02,Polymers,0.8798,0.9177,27.03,24.81,24.81,0,916.36,33030.24,50645.17,0,17614.93,305.6244617092119
BAT-002719,2025-10,12,PLT-02,AMER,FRM-11,PRD-11,Polymers,0.8091,0.9633,37.54,36.16,36.16,0,752.24,38621.94,56909.44,0,18287.5,276.5809909429943
BAT-002720,2025-10,12,PLT-04,EMEA,FRM-10,PRD-10,Agrochem,0.85,0.8986,93.62,84.13,84.13,0,595.17,78673.52,107678.87,0,29005.34999999999,245.17949797051915
BAT-002721,2025-10,12,PLT-04,EMEA,FRM-10,PRD-10,Agrochem,0.8937,0.9237,39.05,36.07,36.07,0,595.17,31258.71,42896.59,0,11637.879999999997,205.3091293213829
BAT-002722,2025-10,12,PLT-05,LATAM,FRM-09,PRD-09,Specialty,0.8065,0.8057,18.19,14.65,14.65,0,1660.84,41716.17,39443.44,0,-2272.729999999996,632.517339197361
BAT-002723,2025-10,12,PLT-04,EMEA,FRM-01,PRD-01,Polymers,0.8626,0.9368,75.12,70.37,0.0,1,781.91,79789.64,0.0,0,-79789.64,280.25240681576145
BAT-002724,2025-10,12,PLT-03,APAC,FRM-02,PRD-02,Polymers,0.6457,0.8395,33.18,27.86,27.86,0,916.36,45055.86,57766.6,0,12710.739999999998,441.5622423146475
BAT-002725,2025-10,12,PLT-03,APAC,FRM-10,PRD-10,Agrochem,0.6371,0.9033,50.73,45.83,45.83,0,595.17,44837.72,57302.56,0,12464.839999999997,288.68018726591777
BAT-002726,2025-10,12,PLT-01,EMEA,FRM-12,PRD-12,Solvents,0.8072,0.9528,57.88,55.15,55.15,0,628.9,50298.79,81366.56,0,31067.769999999997,240.11848652384242
BAT-002727,2025-10,12,PLT-02,AMER,FRM-05,PRD-05,Coatings,0.8247,0.9062,53.86,48.8,48.8,0,1359.91,104079.67,152019.67,0,47940.000000000015,572.501251392499
BAT-002728,2025-10,12,PLT-04,EMEA,FRM-09,PRD-09,Specialty,0.8916,0.808,17.91,14.47,0.0,1,1660.84,38203.54,0.0,0,-38203.54,472.2443104410943
BAT-002729,2025-10,12,PLT-03,APAC,FRM-03,PRD-03,Solvents,0.6166,0.9397,35.43,33.29,33.29,0,570.85,28538.22,44578.28,0,16040.059999999998,234.63179508890767
BAT-002730,2025-10,12,PLT-01,EMEA,FRM-09,PRD-09,Specialty,0.8612,0.8201,27.9,22.88,22.88,0,1660.84,60697.5,62244.42,0,1546.9199999999983,514.6976344086022
BAT-002731,2025-10,12,PLT-02,AMER,FRM-10,PRD-10,Agrochem,0.859,0.9463,73.65,69.69,69.69,0,595.17,58954.45,81145.95,0,22191.5,205.2977528852681
BAT-002732,2025-10,12,PLT-03,APAC,FRM-01,PRD-01,Polymers,0.6505,0.9112,31.84,29.01,29.01,0,781.91,35350.85,52169.95,0,16819.1,328.35538944723623
BAT-002733,2025-10,12,PLT-01,EMEA,FRM-03,PRD-03,Solvents,0.8735,0.9743,69.84,68.04,68.04,0,570.85,53758.0,89274.65,0,35516.649999999994,198.88081328751423
BAT-002734,2025-10,12,PLT-01,EMEA,FRM-11,PRD-11,Polymers,0.8794,0.9335,76.75,71.65,71.65,0,752.24,79263.11,118111.02,0,38847.91,280.50410423452763
BAT-002735,2025-10,12,PLT-05,LATAM,FRM-09,PRD-09,Specialty,0.7826,0.8328,23.51,19.58,0.0,1,1660.84,52772.23,0.0,0,-52772.23,583.8316290940027
BAT-002736,2025-10,12,PLT-06,APAC,FRM-03,PRD-03,Solvents,0.8706,0.995,71.29,70.93,70.93,0,570.85,55209.57,88853.69,0,33644.12,203.5863865899845
BAT-002737,2025-10,12,PLT-04,EMEA,FRM-07,PRD-07,Catalysts,0.8735,0.8874,2.75,2.44,2.44,0,15391.21,57683.11,89996.11,0,32313.0,5584.466363636366
BAT-002738,2025-10,12,PLT-05,LATAM,FRM-09,PRD-09,Specialty,0.7237,0.8542,13.67,11.68,11.68,0,1660.84,31185.76,30176.46,0,-1009.2999999999993,620.4884564740307
BAT-002739,2025-10,12,PLT-06,APAC,FRM-05,PRD-05,Coatings,0.7811,0.9196,39.02,35.88,0.0,1,1359.91,75085.33,0.0,0,-75085.33,564.3680625320346
BAT-002740,2025-10,12,PLT-03,APAC,FRM-08,PRD-08,Surfactants,0.6761,0.9465,18.0,17.04,0.0,1,1078.44,27414.31,0.0,0,-27414.31,444.5772222222222
BAT-002741,2025-10,12,PLT-04,EMEA,FRM-10,PRD-10,Agrochem,0.9113,0.8513,33.15,28.22,28.22,0,595.17,26521.03,34474.64,0,7953.610000000001,204.86107088989445
BAT-002742,2025-10,12,PLT-06,APAC,FRM-10,PRD-10,Agrochem,0.7969,0.9472,43.78,41.47,0.0,1,595.17,35222.45,0.0,0,-35222.45,209.36289173138414
BAT-002743,2025-10,12,PLT-04,EMEA,FRM-10,PRD-10,Agrochem,0.8677,0.9455,81.82,77.37,77.37,0,595.17,66012.83,91570.18,0,25557.34999999999,211.63554876558317
BAT-002744,2025-10,12,PLT-01,EMEA,FRM-07,PRD-07,Catalysts,0.918,0.8961,2.84,2.54,2.54,0,15391.21,58433.2,90119.08,0,31685.880000000005,5183.860422535214
BAT-002745,2025-10,12,PLT-05,LATAM,FRM-07,PRD-07,Catalysts,0.8109,0.9295,0.89,0.83,0.83,0,15391.21,19386.25,31331.53,0,11945.279999999999,6391.093370786519
BAT-002746,2025-10,12,PLT-05,LATAM,FRM-01,PRD-01,Polymers,0.7749,0.9308,45.76,42.59,42.59,0,781.91,49875.66,74940.41,0,25064.75,308.03012237762243
BAT-002747,2025-10,12,PLT-02,AMER,FRM-08,PRD-08,Surfactants,0.8724,0.8814,50.52,44.53,44.53,0,1078.44,73927.96,101213.51,0,27285.54999999999,384.90045922406966
BAT-002748,2025-10,12,PLT-02,AMER,FRM-07,PRD-07,Catalysts,0.8816,0.8942,1.41,1.26,0.0,1,15391.21,29122.29,0.0,0,-29122.29,5262.896382978724
BAT-002749,2025-10,12,PLT-06,APAC,FRM-10,PRD-10,Agrochem,0.8585,0.8707,63.21,55.03,55.03,0,595.17,51857.5,65094.81,0,13237.309999999998,225.23025312450568
BAT-002750,2025-10,12,PLT-03,APAC,FRM-11,PRD-11,Polymers,0.6958,0.897,63.09,56.59,56.59,0,752.24,68984.81,90176.55,0,21191.740000000005,341.1949342209541
BAT-002751,2025-10,12,PLT-03,APAC,FRM-06,PRD-06,Coatings,0.584,0.8171,16.94,13.84,0.0,1,1476.17,36620.94,0.0,0,-36620.94,685.6328335301064
BAT-002752,2025-10,12,PLT-06,APAC,FRM-03,PRD-03,Solvents,0.8102,0.9347,76.24,71.27,71.27,0,570.85,60086.21,95273.16,0,35186.950000000004,217.26922875131163
BAT-002753,2025-10,12,PLT-03,APAC,FRM-05,PRD-05,Coatings,0.7049,0.8383,11.92,9.99,9.99,0,1359.91,22629.19,29542.82,0,6913.630000000001,538.5119798657715
BAT-002754,2025-10,12,PLT-03,APAC,FRM-01,PRD-01,Polymers,0.6432,0.8435,55.11,46.49,46.49,0,781.91,61016.25,81035.9,0,20019.649999999994,325.26201959716934
BAT-002755,2025-10,12,PLT-04,EMEA,FRM-01,PRD-01,Polymers,0.8972,0.9327,50.14,46.77,46.77,0,781.91,53926.01,78298.54,0,24372.52999999999,293.5987754287995
BAT-002756,2025-10,12,PLT-01,EMEA,FRM-06,PRD-06,Coatings,0.8099,0.8823,23.15,20.42,20.42,0,1476.17,47540.55,67233.89,0,19693.339999999997,577.41747300216
BAT-002757,2025-10,12,PLT-02,AMER,FRM-06,PRD-06,Coatings,0.8854,0.893,29.67,26.5,26.5,0,1476.17,61290.54,90577.68,0,29287.139999999992,589.5711526794739
BAT-002758,2025-10,12,PLT-05,LATAM,FRM-11,PRD-11,Polymers,0.7676,0.9027,27.48,24.8,24.8,0,752.24,28227.39,41004.75,0,12777.36,274.95759825327514
BAT-002759,2025-10,12,PLT-05,LATAM,FRM-05,PRD-05,Coatings,0.7632,0.8823,28.1,24.79,24.79,0,1359.91,55089.95,76561.48,0,21471.53,600.5864412811386
BAT-002760,2025-10,12,PLT-04,EMEA,FRM-08,PRD-08,Surfactants,0.8816,0.8968,43.52,39.02,39.02,0,1078.44,62057.63,87147.27,0,25089.640000000007,347.5165716911763
BAT-002761,2025-10,12,PLT-01,EMEA,FRM-02,PRD-02,Polymers,0.8764,0.9422,42.33,39.88,39.88,0,916.36,51900.66,81243.13,0,29342.47,309.7363855421687
BAT-002762,2025-10,12,PLT-06,APAC,FRM-02,PRD-02,Polymers,0.8142,0.9301,52.79,49.1,49.1,0,916.36,66653.61,93612.99,0,26959.380000000005,346.25810949043387
BAT-002763,2025-10,12,PLT-01,EMEA,FRM-06,PRD-06,Coatings,0.8843,0.9267,34.72,32.18,32.18,0,1476.17,69000.46,103689.48,0,34689.01999999999,511.1704377880187
BAT-002764,2025-10,12,PLT-04,EMEA,FRM-06,PRD-06,Coatings,0.9437,0.9036,21.63,19.55,19.55,0,1476.17,43450.53,64278.51,0,20827.980000000003,532.6385991678223
BAT-002765,2025-10,12,PLT-04,EMEA,FRM-06,PRD-06,Coatings,0.8904,0.8717,25.66,22.37,22.37,0,1476.17,51086.31,73174.89,0,22088.58,514.7228293063131
BAT-002766,2025-10,12,PLT-04,EMEA,FRM-09,PRD-09,Specialty,0.8327,0.8183,20.07,16.42,16.42,0,1660.84,45555.97,42932.65,0,-2623.3199999999997,609.0140109616343
BAT-002767,2025-10,12,PLT-04,EMEA,FRM-11,PRD-11,Polymers,0.8136,0.8879,83.06,73.75,73.75,0,752.24,87763.2,122259.14,0,34495.94,304.3841271370093
BAT-002768,2025-10,12,PLT-02,AMER,FRM-03,PRD-03,Solvents,0.8297,0.9487,93.84,89.03,89.03,0,570.85,75933.49,120525.04,0,44591.54999999999,238.33041346973573
BAT-002769,2025-10,12,PLT-05,LATAM,FRM-01,PRD-01,Polymers,0.7852,0.9319,35.6,33.18,33.18,0,781.91,39530.99,55365.98,0,15834.990000000005,328.5110674157303
BAT-002770,2025-10,12,PLT-06,APAC,FRM-01,PRD-01,Polymers,0.8267,0.9571,29.51,28.25,28.25,0,781.91,32648.55,51129.81,0,18481.26,324.4454727211115
BAT-002771,2025-10,12,PLT-04,EMEA,FRM-06,PRD-06,Coatings,0.9509,0.9149,40.51,37.06,37.06,0,1476.17,79864.09,118004.95,0,38140.86,495.29605776351514
BAT-002772,2025-10,12,PLT-06,APAC,FRM-08,PRD-08,Surfactants,0.7687,0.944,46.08,43.5,0.0,1,1078.44,69003.46,0.0,0,-69003.46,419.0309201388891
BAT-002773,2025-10,12,PLT-02,AMER,FRM-05,PRD-05,Coatings,0.8124,0.8732,24.89,21.73,0.0,1,1359.91,46546.23,0.0,0,-46546.23,510.1675411811973
BAT-002774,2025-10,12,PLT-04,EMEA,FRM-12,PRD-12,Solvents,0.8662,0.9255,97.07,89.83,89.83,0,628.9,82190.36,122451.81,0,40261.45,217.81226949623988
BAT-002775,2025-10,12,PLT-05,LATAM,FRM-11,PRD-11,Polymers,0.7628,0.9226,31.46,29.02,29.02,0,752.24,32880.65,48982.82,0,16102.169999999998,292.9173426573427
BAT-002776,2025-10,12,PLT-03,APAC,FRM-09,PRD-09,Specialty,0.6119,0.7958,44.81,35.67,35.67,0,1660.84,107213.93,95686.75,0,-11527.179999999993,731.7940102655655
BAT-002777,2025-10,12,PLT-03,APAC,FRM-10,PRD-10,Agrochem,0.669,0.8646,42.22,36.5,36.5,0,595.17,36954.74,46057.36,0,9102.620000000003,280.1199099952629
BAT-002778,2025-10,12,PLT-05,LATAM,FRM-11,PRD-11,Polymers,0.7794,0.8996,36.67,32.98,32.98,0,752.24,39520.26,55401.98,0,15881.720000000001,325.48729751840733
BAT-002779,2025-10,12,PLT-06,APAC,FRM-10,PRD-10,Agrochem,0.8034,0.9328,90.11,84.05,84.05,0,595.17,76587.53,98168.9,0,21581.369999999995,254.76374764177115
BAT-002780,2025-10,12,PLT-02,AMER,FRM-06,PRD-06,Coatings,0.7979,0.8783,26.74,23.49,23.49,0,1476.17,53369.03,81276.7,0,27907.67,519.6800373971578
BAT-002781,2025-10,12,PLT-03,APAC,FRM-08,PRD-08,Surfactants,0.6571,0.8858,41.12,36.43,36.43,0,1078.44,65761.55,86094.89,0,20333.339999999997,520.8194844357977
BAT-002782,2025-10,12,PLT-04,EMEA,FRM-05,PRD-05,Coatings,0.9245,0.9066,26.93,24.42,24.42,0,1359.91,48846.52,75678.71,0,26832.19000000001,453.9229001113997
BAT-002783,2025-10,12,PLT-04,EMEA,FRM-05,PRD-05,Coatings,0.8652,0.886,44.84,39.73,39.73,0,1359.91,85170.72,114045.85,0,28875.130000000005,539.526217662801
BAT-002784,2025-10,12,PLT-06,APAC,FRM-01,PRD-01,Polymers,0.7842,0.9349,58.08,54.3,54.3,0,781.91,64420.55,97743.55,0,33323.0,327.25924931129487
BAT-002785,2025-10,12,PLT-02,AMER,FRM-09,PRD-09,Specialty,0.8456,0.8479,20.04,16.99,16.99,0,1660.84,45007.27,45129.23,0,121.9600000000064,585.0317564870259
BAT-002786,2025-10,12,PLT-02,AMER,FRM-05,PRD-05,Coatings,0.7944,0.9368,39.87,37.35,37.35,0,1359.91,77384.25,114157.78,0,36773.53,581.0042212189617
BAT-002787,2025-10,12,PLT-01,EMEA,FRM-03,PRD-03,Solvents,0.9408,0.9377,48.03,45.04,45.04,0,570.85,35837.63,61720.9,0,25883.270000000004,175.30094732458872
BAT-002788,2025-10,12,PLT-06,APAC,FRM-05,PRD-05,Coatings,0.8091,0.8871,39.88,35.38,0.0,1,1359.91,75683.93,0.0,0,-75683.93,537.8816248746234
BAT-002789,2025-10,12,PLT-03,APAC,FRM-01,PRD-01,Polymers,0.6325,0.9396,27.36,25.71,25.71,0,781.91,31776.82,46122.16,0,14345.340000000004,379.52347953216383
BAT-002790,2025-10,12,PLT-02,AMER,FRM-06,PRD-06,Coatings,0.8477,0.895,41.74,37.36,37.36,0,1476.17,84325.89,121576.05,0,37250.16,544.0956923814085
BAT-002791,2025-10,12,PLT-06,APAC,FRM-04,PRD-04,Agrochem,0.8662,0.9162,76.44,70.03,70.03,0,562.15,59033.77,85581.01,0,26547.239999999998,210.13898482469915
BAT-002792,2025-10,12,PLT-03,APAC,FRM-11,PRD-11,Polymers,0.6274,0.8933,28.26,25.24,0.0,1,752.24,30119.56,0.0,0,-30119.56,313.56184005661703
BAT-002793,2025-10,12,PLT-02,AMER,FRM-05,PRD-05,Coatings,0.8469,0.8828,52.52,46.36,46.36,0,1359.91,97992.69,136244.01,0,38251.32000000001,505.9066412795123
BAT-002794,2025-10,12,PLT-01,EMEA,FRM-05,PRD-05,Coatings,0.8734,0.9177,15.25,14.0,14.0,0,1359.91,28163.84,42979.95,0,14816.109999999997,486.89918032786886
BAT-002795,2025-10,12,PLT-02,AMER,FRM-07,PRD-07,Catalysts,0.8851,0.8306,3.53,2.93,2.93,0,15391.21,75588.72,110064.98,0,34476.259999999995,6022.025127478755
BAT-002796,2025-10,12,PLT-01,EMEA,FRM-02,PRD-02,Polymers,0.8677,0.9123,64.18,58.55,58.55,0,916.36,82519.86,111235.96,0,28716.100000000006,369.3966220006231
BAT-002797,2025-10,12,PLT-04,EMEA,FRM-08,PRD-08,Surfactants,0.9284,0.9766,34.9,34.08,34.08,0,1078.44,51461.9,78240.23,0,26778.329999999994,396.1130085959885
BAT-002798,2025-10,12,PLT-05,LATAM,FRM-10,PRD-10,Agrochem,0.7961,0.9305,21.73,20.22,20.22,0,595.17,17621.01,24938.74,0,7317.730000000003,215.737040957202
BAT-002799,2025-10,12,PLT-05,LATAM,FRM-06,PRD-06,Coatings,0.8331,0.8868,23.66,20.98,20.98,0,1476.17,48283.79,68262.42,0,19978.629999999997,564.5649957734572
BAT-002800,2025-10,12,PLT-04,EMEA,FRM-08,PRD-08,Surfactants,0.8955,0.9064,31.03,28.12,28.12,0,1078.44,45258.12,62075.68,0,16817.559999999998,380.0878762487914
BAT-002801,2025-10,12,PLT-04,EMEA,FRM-02,PRD-02,Polymers,0.8774,0.8654,59.63,51.61,51.61,0,916.36,72950.06,103414.59,0,30464.53,307.0185007546537
BAT-002802,2025-10,12,PLT-06,APAC,FRM-06,PRD-06,Coatings,0.8046,0.8973,17.34,15.56,15.56,0,1476.17,36543.84,50800.3,0,14256.460000000006,631.3178892733563
BAT-002803,2025-10,12,PLT-05,LATAM,FRM-07,PRD-07,Catalysts,0.8037,0.9133,2.05,1.87,1.87,0,15391.21,43046.49,65941.7,0,22895.21,5607.077804878052
BAT-002804,2025-10,12,PLT-05,LATAM,FRM-12,PRD-12,Solvents,0.8275,0.9261,33.61,31.13,31.13,0,628.9,29906.31,46369.74,0,16463.429999999997,260.9039274025588
BAT-002805,2025-10,12,PLT-03,APAC,FRM-02,PRD-02,Polymers,0.6222,0.8775,31.79,27.9,27.9,0,916.36,42849.97,55299.32,0,12449.349999999999,431.54720352312063
BAT-002806,2025-10,12,PLT-03,APAC,FRM-04,PRD-04,Agrochem,0.72,0.8675,70.7,61.33,61.33,0,562.15,57448.12,75011.8,0,17563.68,250.41181046676104
BAT-002807,2025-10,12,PLT-06,APAC,FRM-10,PRD-10,Agrochem,0.8258,0.9243,36.4,33.64,33.64,0,595.17,30064.82,40983.33,0,10918.510000000002,230.7865934065935
BAT-002808,2025-10,12,PLT-04,EMEA,FRM-12,PRD-12,Solvents,0.7957,0.995,31.47,31.31,31.31,0,628.9,27107.73,45501.95,0,18394.219999999998,232.48322211630125
BAT-002809,2025-10,12,PLT-02,AMER,FRM-10,PRD-10,Agrochem,0.872,0.9182,80.19,73.63,73.63,0,595.17,64158.31,90472.45,0,26314.14,204.90868811572523
BAT-002810,2025-10,12,PLT-01,EMEA,FRM-02,PRD-02,Polymers,0.8834,0.9413,46.55,43.82,43.82,0,916.36,57829.2,83228.28,0,25399.08,325.94290010741145
BAT-002811,2025-10,12,PLT-05,LATAM,FRM-11,PRD-11,Polymers,0.8154,0.9116,55.76,50.83,50.83,0,752.24,57441.68,81556.98,0,24115.299999999996,277.9192539454807
BAT-002812,2025-10,12,PLT-06,APAC,FRM-10,PRD-10,Agrochem,0.8016,0.9802,82.62,80.99,80.99,0,595.17,68788.92,99657.63,0,30868.710000000006,237.4240450254175
BAT-002813,2025-10,12,PLT-05,LATAM,FRM-09,PRD-09,Specialty,0.8442,0.8235,27.94,23.01,23.01,0,1660.84,63072.88,62419.25,0,-653.6299999999974,596.6002290622762
BAT-002814,2025-10,12,PLT-05,LATAM,FRM-10,PRD-10,Agrochem,0.8468,0.93,67.01,62.32,62.32,0,595.17,55228.12,73171.48,0,17943.359999999993,229.00728697209377
BAT-002815,2025-10,12,PLT-04,EMEA,FRM-12,PRD-12,Solvents,0.832,0.9907,89.66,88.83,88.83,0,628.9,77711.26,124980.95,0,47269.69,237.8327682355565
BAT-002816,2025-10,12,PLT-02,AMER,FRM-02,PRD-02,Polymers,0.8232,0.9455,25.99,24.57,24.57,0,916.36,33275.97,47287.7,0,14011.729999999996,363.97743747595234
BAT-002817,2025-10,12,PLT-06,APAC,FRM-12,PRD-12,Solvents,0.8567,0.9787,65.61,64.22,64.22,0,628.9,57360.49,91917.01,0,34556.52,245.36444139612865
BAT-002818,2025-10,12,PLT-03,APAC,FRM-02,PRD-02,Polymers,0.5559,0.8973,41.58,37.31,37.31,0,916.36,55610.14,74613.71,0,19003.570000000007,421.06520442520434
BAT-002819,2025-10,12,PLT-01,EMEA,FRM-09,PRD-09,Specialty,0.8161,0.8206,33.62,27.59,27.59,0,1660.84,74257.78,71983.63,0,-2274.149999999994,547.8982510410472
BAT-002820,2025-10,12,PLT-06,APAC,FRM-06,PRD-06,Coatings,0.8536,0.9012,28.75,25.91,25.91,0,1476.17,59875.96,84722.28,0,24846.32,606.4720869565217
BAT-002821,2025-10,12,PLT-03,APAC,FRM-07,PRD-07,Catalysts,0.5992,0.8319,1.69,1.41,1.41,0,15391.21,38931.39,51638.73,0,12707.340000000004,7645.1154437869845
BAT-002822,2025-10,12,PLT-05,LATAM,FRM-03,PRD-03,Solvents,0.7812,0.9942,59.84,59.5,59.5,0,570.85,48448.68,77521.44,0,29072.760000000002,238.78703208556146
BAT-002823,2025-10,12,PLT-05,LATAM,FRM-11,PRD-11,Polymers,0.8162,0.9108,36.45,33.2,33.2,0,752.24,38243.54,52177.57,0,13934.029999999999,296.9654869684498
BAT-002824,2025-10,12,PLT-02,AMER,FRM-01,PRD-01,Polymers,0.89,0.974,74.67,72.74,72.74,0,781.91,79774.45,132782.04,0,53007.59000000001,286.4501178518816
BAT-002825,2025-10,12,PLT-03,APAC,FRM-03,PRD-03,Solvents,0.5515,0.9181,43.68,40.11,40.11,0,570.85,36454.23,54268.26,0,17814.03,263.72486263736266
BAT-002826,2025-10,12,PLT-05,LATAM,FRM-05,PRD-05,Coatings,0.8191,0.9355,23.94,22.4,22.4,0,1359.91,43771.37,63549.01,0,19777.64,468.46802840434407
BAT-002827,2025-10,12,PLT-02,AMER,FRM-11,PRD-11,Polymers,0.8384,0.9237,57.06,52.71,52.71,0,752.24,58808.52,83891.1,0,25082.58000000001,278.4035331230282
BAT-002828,2025-10,12,PLT-05,LATAM,FRM-02,PRD-02,Polymers,0.7646,0.9553,41.67,39.81,39.81,0,916.36,54444.75,77954.02,0,23509.270000000004,390.20947444204455
BAT-002829,2025-10,12,PLT-05,LATAM,FRM-07,PRD-07,Catalysts,0.827,0.8225,1.3,1.07,1.07,0,15391.21,27146.59,39881.13,0,12734.539999999997,5490.782307692309
BAT-002830,2025-10,12,PLT-03,APAC,FRM-09,PRD-09,Specialty,0.6512,0.8335,17.66,14.72,14.72,0,1660.84,40144.53,39895.91,0,-248.61999999999534,612.3496942242357
BAT-002831,2025-10,12,PLT-06,APAC,FRM-07,PRD-07,Catalysts,0.8101,0.8727,2.9,2.54,2.54,0,15391.21,63260.35,89070.03,0,25809.68,6422.70379310345
BAT-002832,2025-10,12,PLT-02,AMER,FRM-10,PRD-10,Agrochem,0.8896,0.9286,36.0,33.43,0.0,1,595.17,29658.38,0.0,0,-29658.38,228.673888888889
BAT-002833,2025-10,12,PLT-01,EMEA,FRM-09,PRD-09,Specialty,0.8345,0.827,29.02,24.0,24.0,0,1660.84,66118.23,59976.8,0,-6141.429999999993,617.527677463818
BAT-002834,2025-10,12,PLT-01,EMEA,FRM-06,PRD-06,Coatings,0.9088,0.9115,23.68,21.58,21.58,0,1476.17,47310.8,73364.54,0,26053.73999999999,521.7522972972974
BAT-002835,2025-10,12,PLT-03,APAC,FRM-09,PRD-09,Specialty,0.6799,0.7899,37.8,29.86,0.0,1,1660.84,84335.74,0.0,0,-84335.74,570.2642328042332
BAT-002836,2025-10,12,PLT-03,APAC,FRM-06,PRD-06,Coatings,0.582,0.8858,16.32,14.45,14.45,0,1476.17,36038.72,48253.24,0,12214.519999999997,732.0849019607845
BAT-002837,2025-10,12,PLT-01,EMEA,FRM-11,PRD-11,Polymers,0.814,0.9617,52.16,50.16,50.16,0,752.24,55867.61,81720.89,0,25853.28,318.8414800613498
BAT-002838,2025-10,12,PLT-04,EMEA,FRM-09,PRD-09,Specialty,0.8932,0.8142,24.19,19.69,19.69,0,1660.84,53084.35,51719.26,0,-1365.0899999999965,533.6349896651507
BAT-002839,2025-10,12,PLT-06,APAC,FRM-02,PRD-02,Polymers,0.851,0.9137,35.47,32.41,32.41,0,916.36,45078.94,63882.17,0,18803.229999999996,354.5432985621652
BAT-002840,2025-10,12,PLT-02,AMER,FRM-02,PRD-02,Polymers,0.8168,0.9196,69.04,63.5,63.5,0,916.36,85603.95,129394.79,0,43790.84,323.55816338354555
BAT-002841,2025-10,12,PLT-05,LATAM,FRM-05,PRD-05,Coatings,0.8263,0.9038,18.03,16.3,16.3,0,1359.91,34076.11,50720.53,0,16644.42,530.0572767609538
BAT-002842,2025-10,12,PLT-04,EMEA,FRM-07,PRD-07,Catalysts,0.8809,0.859,3.51,3.02,3.02,0,15391.21,71540.36,107485.62,0,35945.259999999995,4990.658945868949
BAT-002843,2025-10,12,PLT-02,AMER,FRM-11,PRD-11,Polymers,0.8062,0.9435,77.17,72.81,0.0,1,752.24,81944.37,0.0,0,-81944.37,309.62821303615397
BAT-002844,2025-10,12,PLT-04,EMEA,FRM-12,PRD-12,Solvents,0.8053,0.9615,36.83,35.42,35.42,0,628.9,33068.48,48505.39,0,15436.909999999996,268.9680423567745
BAT-002845,2025-10,12,PLT-05,LATAM,FRM-04,PRD-04,Agrochem,0.8264,0.9393,30.76,28.89,28.89,0,562.15,23674.62,35231.86,0,11557.240000000002,207.5060468140441
BAT-002846,2025-10,12,PLT-03,APAC,FRM-12,PRD-12,Solvents,0.6208,0.8932,43.26,38.64,38.64,0,628.9,39689.28,57871.56,0,18182.28,288.55908460471574
BAT-002847,2025-10,12,PLT-02,AMER,FRM-11,PRD-11,Polymers,0.8072,0.9005,65.28,58.79,58.79,0,752.24,70030.63,100294.55,0,30263.92,320.53313112745104
BAT-002848,2025-10,12,PLT-04,EMEA,FRM-11,PRD-11,Polymers,0.8456,0.8792,37.53,33.0,33.0,0,752.24,38642.1,56915.51,0,18273.410000000003,277.3922941646681
BAT-002849,2025-10,12,PLT-02,AMER,FRM-05,PRD-05,Coatings,0.8644,0.8381,22.04,18.47,18.47,0,1359.91,41082.6,56439.58,0,15356.980000000003,504.0918148820326
BAT-002850,2025-10,12,PLT-02,AMER,FRM-03,PRD-03,Solvents,0.8322,0.952,68.81,65.51,65.51,0,570.85,54338.68,83798.58,0,29459.9,218.8416145909024
BAT-002851,2025-10,12,PLT-01,EMEA,FRM-04,PRD-04,Agrochem,0.8635,0.8813,84.73,74.68,74.68,0,562.15,63685.22,90302.88,0,26617.660000000003,189.47539832408825
BAT-002852,2025-10,12,PLT-03,APAC,FRM-04,PRD-04,Agrochem,0.6242,0.8697,28.3,24.61,24.61,0,562.15,22792.74,29849.65,0,7056.91,243.24717314487634
BAT-002853,2025-10,12,PLT-03,APAC,FRM-05,PRD-05,Coatings,0.6444,0.8482,35.35,29.98,0.0,1,1359.91,70395.28,0.0,0,-70395.28,631.4699151343705
BAT-002854,2025-10,12,PLT-04,EMEA,FRM-02,PRD-02,Polymers,0.9142,0.912,42.6,38.85,38.85,0,916.36,53178.24,73151.59,0,19973.35,331.9554929577463
BAT-002855,2025-10,12,PLT-06,APAC,FRM-07,PRD-07,Catalysts,0.7582,0.9148,2.86,2.61,2.61,0,15391.21,60312.76,95725.44,0,35412.68,5697.167622377627
BAT-002856,2025-10,12,PLT-04,EMEA,FRM-07,PRD-07,Catalysts,0.9079,0.8714,1.2,1.04,1.04,0,15391.21,24230.76,37003.4,0,12772.640000000003,4801.09
BAT-002857,2025-10,12,PLT-02,AMER,FRM-03,PRD-03,Solvents,0.8436,0.9389,90.53,84.99,84.99,0,570.85,72709.84,113164.64,0,40454.8,232.30740638462385
BAT-002858,2025-10,12,PLT-01,EMEA,FRM-06,PRD-06,Coatings,0.9251,0.8978,37.95,34.07,34.07,0,1476.17,77393.43,117814.29,0,40420.86,563.1825691699601
BAT-002859,2025-10,12,PLT-03,APAC,FRM-02,PRD-02,Polymers,0.684,0.8316,19.04,15.84,15.84,0,916.36,24956.0,32601.05,0,7645.049999999999,394.35428571428577
BAT-002860,2025-10,12,PLT-02,AMER,FRM-10,PRD-10,Agrochem,0.8614,0.8988,44.73,40.2,0.0,1,595.17,36462.59,0.0,0,-36462.59,220.00080259333788
BAT-002861,2025-11,13,PLT-05,LATAM,FRM-06,PRD-06,Coatings,0.7497,0.895,23.18,20.74,20.74,0,1457.68,47621.07,71781.63,0,24160.560000000005,596.7233649698017
BAT-002862,2025-11,13,PLT-04,EMEA,FRM-11,PRD-11,Polymers,0.8823,0.8939,28.16,25.17,25.17,0,742.82,28875.44,41246.36,0,12370.920000000002,282.58624999999995
BAT-002863,2025-11,13,PLT-04,EMEA,FRM-11,PRD-11,Polymers,0.8475,0.9296,43.69,40.61,40.61,0,742.82,43853.82,67247.22,0,23393.4,260.92959945067525
BAT-002864,2025-11,13,PLT-02,AMER,FRM-12,PRD-12,Solvents,0.8723,0.9022,70.37,63.49,63.49,0,621.02,60915.14,88575.81,0,27660.67,244.62075600397895
BAT-002865,2025-11,13,PLT-02,AMER,FRM-05,PRD-05,Coatings,0.8504,0.8638,25.98,22.44,0.0,1,1342.87,47676.48,0.0,0,-47676.48,492.25240184757536
BAT-002866,2025-11,13,PLT-06,APAC,FRM-02,PRD-02,Polymers,0.7991,0.8859,34.37,30.45,30.45,0,904.88,43281.63,61690.39,0,18408.760000000002,354.405132382892
BAT-002867,2025-11,13,PLT-01,EMEA,FRM-12,PRD-12,Solvents,0.8696,0.9058,43.45,39.36,39.36,0,621.02,36835.78,56666.63,0,19830.85,226.753993095512
BAT-002868,2025-11,13,PLT-02,AMER,FRM-07,PRD-07,Catalysts,0.8917,0.8573,3.08,2.64,2.64,0,15198.4,65210.1,96251.37,0,31041.269999999997,5973.710389610389
BAT-002869,2025-11,13,PLT-01,EMEA,FRM-03,PRD-03,Solvents,0.8276,0.9806,52.15,51.14,51.14,0,563.69,39696.88,67622.33,0,27925.450000000004,197.51575263662505
BAT-002870,2025-11,13,PLT-01,EMEA,FRM-02,PRD-02,Polymers,0.8525,0.9231,24.06,22.21,22.21,0,904.88,29422.87,44257.55,0,14834.680000000004,318.0156774729843
BAT-002871,2025-11,13,PLT-02,AMER,FRM-03,PRD-03,Solvents,0.8117,0.924,71.26,65.84,65.84,0,563.69,54614.47,89115.48,0,34501.009999999995,202.72131069323598
BAT-002872,2025-11,13,PLT-03,APAC,FRM-03,PRD-03,Solvents,0.6339,0.959,57.08,54.74,54.74,0,563.69,46861.02,74945.7,0,28084.68,257.28091800981076
BAT-002873,2025-11,13,PLT-01,EMEA,FRM-12,PRD-12,Solvents,0.8499,0.9657,69.09,66.72,66.72,0,621.02,60411.73,92946.12,0,32534.389999999992,253.3718077869446
BAT-002874,2025-11,13,PLT-05,LATAM,FRM-04,PRD-04,Agrochem,0.7651,0.8866,42.35,37.55,37.55,0,555.11,33095.34,42612.11,0,9516.770000000004,226.3620188902006
BAT-002875,2025-11,13,PLT-04,EMEA,FRM-09,PRD-09,Specialty,0.8317,0.8261,17.69,14.62,14.62,0,1640.03,37745.25,38194.47,0,449.22000000000116,493.67548332391175
BAT-002876,2025-11,13,PLT-02,AMER,FRM-09,PRD-09,Specialty,0.8479,0.8641,31.77,27.45,27.45,0,1640.03,70561.41,73066.57,0,2505.1600000000035,580.9775542965065
BAT-002877,2025-11,13,PLT-03,APAC,FRM-04,PRD-04,Agrochem,0.658,0.8992,61.27,55.1,55.1,0,555.11,50459.59,65447.28,0,14987.690000000002,268.4511228986453
BAT-002878,2025-11,13,PLT-03,APAC,FRM-05,PRD-05,Coatings,0.6127,0.8792,15.86,13.95,13.95,0,1342.87,31115.33,41477.51,0,10362.18,619.0045271122324
BAT-002879,2025-11,13,PLT-04,EMEA,FRM-01,PRD-01,Polymers,0.9306,0.9556,78.83,75.33,75.33,0,772.11,83575.58,133264.26,0,49688.68000000001,288.0901775973615
BAT-002880,2025-11,13,PLT-04,EMEA,FRM-01,PRD-01,Polymers,0.8005,0.9181,54.64,50.17,50.17,0,772.11,57274.52,83942.19,0,26667.670000000006,276.1059590043923
BAT-002881,2025-11,13,PLT-05,LATAM,FRM-03,PRD-03,Solvents,0.8114,0.995,58.98,58.68,58.68,0,563.69,47117.98,80320.78,0,33202.799999999996,235.1906375042388
BAT-002882,2025-11,13,PLT-05,LATAM,FRM-09,PRD-09,Specialty,0.7901,0.8539,13.75,11.74,0.0,1,1640.03,30055.42,0.0,0,-30055.42,545.8187272727271
BAT-002883,2025-11,13,PLT-04,EMEA,FRM-08,PRD-08,Surfactants,0.9158,0.933,57.54,53.69,53.69,0,1064.93,85102.54,128732.9,0,43630.36,414.0852937087243
BAT-002884,2025-11,13,PLT-02,AMER,FRM-09,PRD-09,Specialty,0.8368,0.782,34.45,26.94,26.94,0,1640.03,76911.68,67858.52,0,-9053.159999999989,592.5296516690853
BAT-002885,2025-11,13,PLT-06,APAC,FRM-08,PRD-08,Surfactants,0.8823,0.8926,32.53,29.04,29.04,0,1064.93,45903.83,63191.82,0,17287.989999999998,346.192963418383
BAT-002886,2025-11,13,PLT-05,LATAM,FRM-09,PRD-09,Specialty,0.7731,0.8669,31.58,27.37,27.37,0,1640.03,70310.13,69568.11,0,-742.0200000000041,586.3832362254595
BAT-002887,2025-11,13,PLT-04,EMEA,FRM-10,PRD-10,Agrochem,0.921,0.8995,64.11,57.67,57.67,0,587.71,50792.35,71989.92,0,21197.57,204.55875682420833
BAT-002888,2025-11,13,PLT-05,LATAM,FRM-10,PRD-10,Agrochem,0.8106,0.9076,50.78,46.09,46.09,0,587.71,42100.63,55869.66,0,13769.030000000006,241.3689680976761
BAT-002889,2025-11,13,PLT-02,AMER,FRM-03,PRD-03,Solvents,0.8821,0.8927,100.12,89.38,89.38,0,563.69,76348.02,114936.83,0,38588.81,198.87512185377545
BAT-002890,2025-11,13,PLT-06,APAC,FRM-12,PRD-12,Solvents,0.7274,0.9185,52.58,48.3,48.3,0,621.02,45902.88,65983.63,0,20080.750000000007,251.99027006466338
BAT-002891,2025-11,13,PLT-01,EMEA,FRM-03,PRD-03,Solvents,0.9079,0.945,60.8,57.46,57.46,0,563.69,45807.36,78829.63,0,33022.270000000004,189.72052631578947
BAT-002892,2025-11,13,PLT-03,APAC,FRM-08,PRD-08,Surfactants,0.5648,0.8671,49.1,42.57,42.57,0,1064.93,78344.01,99902.43,0,21558.42,530.6710183299388
BAT-002893,2025-11,13,PLT-02,AMER,FRM-09,PRD-09,Specialty,0.8178,0.8289,51.61,42.78,0.0,1,1640.03,114185.73,0.0,0,-114185.73,572.4429703545823
BAT-002894,2025-11,13,PLT-06,APAC,FRM-10,PRD-10,Agrochem,0.8536,0.9102,81.75,74.4,74.4,0,587.71,66709.08,86591.87,0,19882.789999999994,228.30321100917433
BAT-002895,2025-11,13,PLT-02,AMER,FRM-08,PRD-08,Surfactants,0.8667,0.8926,65.81,58.74,58.74,0,1064.93,97765.2,136278.0,0,38512.8,420.6375429266068
BAT-002896,2025-11,13,PLT-04,EMEA,FRM-07,PRD-07,Catalysts,0.8982,0.858,2.08,1.79,1.79,0,15198.4,42304.05,66679.64,0,24375.589999999997,5140.085576923078
BAT-002897,2025-11,13,PLT-06,APAC,FRM-06,PRD-06,Coatings,0.8594,0.9216,15.79,14.55,14.55,0,1457.68,31956.16,47029.81,0,15073.649999999998,566.1426725775807
BAT-002898,2025-11,13,PLT-03,APAC,FRM-01,PRD-01,Polymers,0.6646,0.9103,47.32,43.07,43.07,0,772.11,51660.34,74957.63,0,23297.290000000008,319.6131614539305
BAT-002899,2025-11,13,PLT-05,LATAM,FRM-05,PRD-05,Coatings,0.8486,0.919,14.21,13.06,13.06,0,1342.87,26425.09,38736.09,0,12310.999999999996,516.7422448979592
BAT-002900,2025-11,13,PLT-06,APAC,FRM-05,PRD-05,Coatings,0.8643,0.8638,27.2,23.5,23.5,0,1342.87,48810.76,72679.48,0,23868.719999999994,451.64323529411786
BAT-002901,2025-11,13,PLT-04,EMEA,FRM-12,PRD-12,Solvents,0.873,0.9587,54.9,52.64,52.64,0,621.02,46874.5,72672.67,0,25798.17,232.79602914389807
BAT-002902,2025-11,13,PLT-05,LATAM,FRM-11,PRD-11,Polymers,0.7606,0.9491,52.25,49.59,49.59,0,742.82,55372.56,81263.19,0,25890.630000000005,316.94191387559806
BAT-002903,2025-11,13,PLT-06,APAC,FRM-02,PRD-02,Polymers,0.8113,0.8878,30.36,26.96,26.96,0,904.88,37391.12,52041.57,0,14650.449999999997,326.7115678524375
BAT-002904,2025-11,13,PLT-05,LATAM,FRM-05,PRD-05,Coatings,0.776,0.9056,12.75,11.55,11.55,0,1342.87,23721.15,35542.13,0,11820.979999999996,517.6123529411766
BAT-002905,2025-11,13,PLT-06,APAC,FRM-06,PRD-06,Coatings,0.8382,0.889,34.35,30.54,30.54,0,1457.68,67648.84,103520.13,0,35871.29000000001,511.718544395924
BAT-002906,2025-11,13,PLT-06,APAC,FRM-03,PRD-03,Solvents,0.8493,0.9781,48.62,47.56,47.56,0,563.69,37365.06,60802.85,0,23437.79,204.8221349238995
BAT-002907,2025-11,13,PLT-03,APAC,FRM-09,PRD-09,Specialty,0.641,0.8288,42.17,34.95,0.0,1,1640.03,94869.64,0.0,0,-94869.64,609.6650438700497
BAT-002908,2025-11,13,PLT-06,APAC,FRM-04,PRD-04,Agrochem,0.807,0.8971,76.03,68.2,68.2,0,555.11,58396.46,82826.46,0,24430.000000000007,212.9612876496119
BAT-002909,2025-11,13,PLT-06,APAC,FRM-11,PRD-11,Polymers,0.8506,0.9412,24.37,22.94,22.94,0,742.82,24524.27,36958.5,0,12434.23,263.51032416906025
BAT-002910,2025-11,13,PLT-02,AMER,FRM-09,PRD-09,Specialty,0.8735,0.8232,59.59,49.06,49.06,0,1640.03,133109.84,132010.77,0,-1099.070000000007,593.7313693572744
BAT-002911,2025-11,13,PLT-01,EMEA,FRM-05,PRD-05,Coatings,0.7841,0.9134,22.97,20.98,20.98,0,1342.87,44099.22,61842.27,0,17743.049999999996,576.9915585546366
BAT-002912,2025-11,13,PLT-06,APAC,FRM-11,PRD-11,Polymers,0.8399,0.9376,75.14,70.45,70.45,0,742.82,74975.38,114876.13,0,39900.75,254.98915624168217
BAT-002913,2025-11,13,PLT-05,LATAM,FRM-02,PRD-02,Polymers,0.7474,0.8936,33.77,30.18,30.18,0,904.88,42110.21,57902.76,0,15792.550000000003,342.09098015990514
BAT-002914,2025-11,13,PLT-03,APAC,FRM-12,PRD-12,Solvents,0.6611,0.9697,31.52,30.57,30.57,0,621.02,27533.97,44111.12,0,16577.15,252.5196573604062
BAT-002915,2025-11,13,PLT-01,EMEA,FRM-05,PRD-05,Coatings,0.8531,0.9166,22.45,20.58,20.58,0,1342.87,42021.84,59274.74,0,17252.9,528.9268819599108
BAT-002916,2025-11,13,PLT-01,EMEA,FRM-04,PRD-04,Agrochem,0.8372,0.9058,90.7,82.16,82.16,0,555.11,70933.38,98010.53,0,27077.149999999994,226.9559316427784
BAT-002917,2025-11,13,PLT-06,APAC,FRM-04,PRD-04,Agrochem,0.806,0.8927,59.47,53.08,53.08,0,555.11,46362.61,65372.33,0,19009.72,224.48660332940983
BAT-002918,2025-11,13,PLT-01,EMEA,FRM-06,PRD-06,Coatings,0.8972,0.8871,19.66,17.44,17.44,0,1457.68,39820.79,56764.19,0,16943.4,567.7925330620549
BAT-002919,2025-11,13,PLT-03,APAC,FRM-10,PRD-10,Agrochem,0.618,0.9238,63.75,58.9,58.9,0,587.71,53203.64,73440.7,0,20237.059999999998,246.85690196078428
BAT-002920,2025-11,13,PLT-03,APAC,FRM-02,PRD-02,Polymers,0.6427,0.846,32.58,27.56,0.0,1,904.88,43096.84,0.0,0,-43096.84,417.9204910988336
BAT-002921,2025-11,13,PLT-05,LATAM,FRM-11,PRD-11,Polymers,0.7818,0.9575,23.51,22.51,22.51,0,742.82,24255.15,36825.05,0,12569.900000000001,288.87502339430023
BAT-002922,2025-11,13,PLT-03,APAC,FRM-11,PRD-11,Polymers,0.6234,0.8742,49.34,43.14,43.14,0,742.82,54647.37,73258.05,0,18610.68,364.74728820429675
BAT-002923,2025-11,13,PLT-01,EMEA,FRM-09,PRD-09,Specialty,0.8681,0.8349,21.81,18.21,18.21,0,1640.03,48042.31,47492.82,0,-549.489999999998,562.7352453003211
BAT-002924,2025-11,13,PLT-02,AMER,FRM-07,PRD-07,Catalysts,0.8258,0.8847,1.85,1.63,1.63,0,15198.4,38779.68,59944.54,0,21164.86,5763.58918918919
BAT-002925,2025-11,13,PLT-01,EMEA,FRM-07,PRD-07,Catalysts,0.8154,0.8951,1.55,1.39,1.39,0,15198.4,33723.44,50318.02,0,16594.579999999994,6558.658064516132
BAT-002926,2025-11,13,PLT-01,EMEA,FRM-04,PRD-04,Agrochem,0.8878,0.9211,45.82,42.21,42.21,0,555.11,35125.75,49773.96,0,14648.21,211.4930117852466
BAT-002927,2025-11,13,PLT-05,LATAM,FRM-04,PRD-04,Agrochem,0.863,0.8969,24.74,22.19,22.19,0,555.11,19360.04,25844.69,0,6484.649999999998,227.43001616814877
BAT-002928,2025-11,13,PLT-06,APAC,FRM-02,PRD-02,Polymers,0.8464,0.8949,31.87,28.52,28.52,0,904.88,39217.79,59106.35,0,19888.559999999998,325.67506746156266
BAT-002929,2025-11,13,PLT-04,EMEA,FRM-09,PRD-09,Specialty,0.8668,0.8015,41.97,33.64,33.64,0,1640.03,90738.84,83291.78,0,-7447.059999999998,521.9628520371696
BAT-002930,2025-11,13,PLT-05,LATAM,FRM-01,PRD-01,Polymers,0.7573,0.9671,48.39,46.8,46.8,0,772.11,52776.58,81017.0,0,28240.42,318.5405476338086
BAT-002931,2025-11,13,PLT-04,EMEA,FRM-01,PRD-01,Polymers,0.8322,0.9801,60.3,59.1,59.1,0,772.11,66309.45,107414.83,0,41105.380000000005,327.5492039800996
BAT-002932,2025-11,13,PLT-03,APAC,FRM-07,PRD-07,Catalysts,0.6461,0.8097,2.67,2.16,2.16,0,15198.4,57090.28,80374.93,0,23284.649999999994,6183.727340823969
BAT-002933,2025-11,13,PLT-02,AMER,FRM-06,PRD-06,Coatings,0.8044,0.9292,20.93,19.45,19.45,0,1457.68,43507.3,67044.36,0,23537.059999999998,621.0252078356427
BAT-002934,2025-11,13,PLT-01,EMEA,FRM-03,PRD-03,Solvents,0.8632,0.9911,48.33,47.9,47.9,0,563.69,38195.31,61003.49,0,22808.18,226.6122967101179
BAT-002935,2025-11,13,PLT-06,APAC,FRM-06,PRD-06,Coatings,0.8101,0.9217,22.19,20.45,20.45,0,1457.68,46060.06,67625.32,0,21565.26000000001,618.0324831004953
BAT-002936,2025-11,13,PLT-04,EMEA,FRM-08,PRD-08,Surfactants,0.9444,0.9166,50.46,46.25,46.25,0,1064.93,71313.58,108337.77,0,37024.19,348.33952041220755
BAT-002937,2025-11,13,PLT-04,EMEA,FRM-06,PRD-06,Coatings,0.852,0.9315,32.42,30.2,30.2,0,1457.68,66042.98,103920.21,0,37877.23000000001,579.4261073411471
BAT-002938,2025-11,13,PLT-04,EMEA,FRM-07,PRD-07,Catalysts,0.9075,0.8792,2.57,2.26,2.26,0,15198.4,52976.02,84455.5,0,31479.480000000003,5414.837354085603
BAT-002939,2025-11,13,PLT-04,EMEA,FRM-06,PRD-06,Coatings,0.8474,0.8947,32.96,29.49,29.49,0,1457.68,65188.67,99185.84,0,33997.17,520.1315898058251
BAT-002940,2025-11,13,PLT-03,APAC,FRM-02,PRD-02,Polymers,0.6316,0.9219,47.85,44.11,44.11,0,904.88,61886.82,86966.07,0,25079.250000000007,388.4704702194357
BAT-002941,2025-11,13,PLT-01,EMEA,FRM-05,PRD-05,Coatings,0.8481,0.8526,18.73,15.97,15.97,0,1342.87,34643.27,46596.71,0,11953.440000000002,506.74398825413755
BAT-002942,2025-11,13,PLT-01,EMEA,FRM-12,PRD-12,Solvents,0.903,0.9359,57.92,54.2,54.2,0,621.02,48839.79,75784.26,0,26944.469999999994,222.2084185082873
BAT-002943,2025-11,13,PLT-01,EMEA,FRM-08,PRD-08,Surfactants,0.8183,0.9519,35.76,34.04,0.0,1,1064.93,53649.1,0.0,0,-53649.1,435.32447427293073
BAT-002944,2025-11,13,PLT-02,AMER,FRM-10,PRD-10,Agrochem,0.8872,0.9618,100.34,96.51,96.51,0,587.71,81230.3,122898.3,0,41668.0,221.84052820410602
BAT-002945,2025-11,13,PLT-04,EMEA,FRM-10,PRD-10,Agrochem,0.912,0.9442,102.06,96.36,0.0,1,587.71,81763.18,0.0,0,-81763.18,213.4185518322554
BAT-002946,2025-11,13,PLT-06,APAC,FRM-03,PRD-03,Solvents,0.8225,0.9614,34.23,32.91,0.0,1,563.69,27402.86,0.0,0,-27402.86,236.86097867367812
BAT-002947,2025-11,13,PLT-01,EMEA,FRM-08,PRD-08,Surfactants,0.8354,0.938,38.98,36.57,36.57,0,1064.93,57337.35,84717.64,0,27380.29,406.01279117496165
BAT-002948,2025-11,13,PLT-02,AMER,FRM-06,PRD-06,Coatings,0.8867,0.9066,15.79,14.31,14.31,0,1457.68,31990.27,47895.68,0,15905.41,568.3029005699811
BAT-002949,2025-11,13,PLT-06,APAC,FRM-12,PRD-12,Solvents,0.8248,0.9585,49.18,47.13,47.13,0,621.02,42845.02,67460.05,0,24615.030000000006,250.16788125254163
BAT-002950,2025-11,13,PLT-04,EMEA,FRM-11,PRD-11,Polymers,0.8871,0.9194,69.93,64.29,64.29,0,742.82,70776.65,108833.82,0,38057.17000000001,269.28710710710686
BAT-002951,2025-11,13,PLT-04,EMEA,FRM-07,PRD-07,Catalysts,0.901,0.8755,3.23,2.83,2.83,0,15198.4,64909.61,106107.58,0,41197.97,4897.454489164089
BAT-002952,2025-11,13,PLT-02,AMER,FRM-08,PRD-08,Surfactants,0.7953,0.9587,70.48,67.57,67.57,0,1064.93,105092.4,156643.42,0,51551.02000000002,426.1653461975027
BAT-002953,2025-11,13,PLT-03,APAC,FRM-12,PRD-12,Solvents,0.5866,0.888,25.39,22.55,22.55,0,621.02,23389.4,32435.47,0,9046.07,300.1851988972037
BAT-002954,2025-11,13,PLT-02,AMER,FRM-12,PRD-12,Solvents,0.8157,0.9603,47.03,45.16,45.16,0,621.02,41263.03,63437.39,0,22174.36,256.3567807782266
BAT-002955,2025-11,13,PLT-04,EMEA,FRM-05,PRD-05,Coatings,0.9113,0.8872,36.08,32.01,32.01,0,1342.87,67571.05,92394.36,0,24823.309999999998,529.9418070953438
BAT-002956,2025-11,13,PLT-02,AMER,FRM-01,PRD-01,Polymers,0.8249,0.9175,57.78,53.01,53.01,0,772.11,61979.13,92581.81,0,30602.68,300.56445482866036
BAT-002957,2025-11,13,PLT-06,APAC,FRM-02,PRD-02,Polymers,0.8556,0.9571,45.38,43.43,43.43,0,904.88,58079.14,88625.93,0,30546.789999999994,374.96001762891126
BAT-002958,2025-11,13,PLT-01,EMEA,FRM-10,PRD-10,Agrochem,0.9068,0.9071,72.08,65.39,65.39,0,587.71,58324.66,82615.02,0,24290.36,221.45564927857936
BAT-002959,2025-11,13,PLT-03,APAC,FRM-11,PRD-11,Polymers,0.6841,0.9314,52.15,48.57,48.57,0,742.82,55802.93,77730.42,0,21927.489999999998,327.22659635666344
BAT-002960,2025-11,13,PLT-06,APAC,FRM-09,PRD-09,Specialty,0.8412,0.8438,44.77,37.78,37.78,0,1640.03,99671.21,98253.0,0,-1418.2100000000064,586.2646169309808
BAT-002961,2025-11,13,PLT-06,APAC,FRM-05,PRD-05,Coatings,0.7806,0.8514,25.15,21.41,21.41,0,1342.87,47854.43,66711.38,0,18856.950000000004,559.8906361829029
BAT-002962,2025-11,13,PLT-01,EMEA,FRM-09,PRD-09,Specialty,0.915,0.8151,27.38,22.32,0.0,1,1640.03,57424.68,0.0,0,-57424.68,457.2921329437547
BAT-002963,2025-11,13,PLT-06,APAC,FRM-09,PRD-09,Specialty,0.8053,0.8106,38.24,31.0,31.0,0,1640.03,83046.75,78769.1,0,-4277.649999999994,531.6946338912132
BAT-002964,2025-11,13,PLT-04,EMEA,FRM-08,PRD-08,Surfactants,0.9028,0.8893,25.04,22.27,22.27,0,1064.93,36823.41,51622.09,0,14798.679999999993,405.65346645367435
BAT-002965,2025-11,13,PLT-06,APAC,FRM-02,PRD-02,Polymers,0.8584,0.9416,32.26,30.38,30.38,0,904.88,39009.98,60903.43,0,21893.449999999997,304.3568257904527
BAT-002966,2025-11,13,PLT-02,AMER,FRM-03,PRD-03,Solvents,0.9075,0.9643,107.66,103.82,103.82,0,563.69,83425.33,140955.5,0,57530.17,211.20624744566226
BAT-002967,2025-11,13,PLT-05,LATAM,FRM-06,PRD-06,Coatings,0.7985,0.8825,26.6,23.48,23.48,0,1457.68,53696.87,77140.69,0,23443.82,560.9993233082705
BAT-002968,2025-11,13,PLT-02,AMER,FRM-11,PRD-11,Polymers,0.8863,0.9614,79.99,76.9,76.9,0,742.82,78778.16,126157.79,0,47379.62999999999,242.03010626328296
BAT-002969,2025-11,13,PLT-01,EMEA,FRM-12,PRD-12,Solvents,0.7913,0.9874,63.87,63.06,63.06,0,621.02,54062.52,86579.36,0,32516.840000000004,225.4262188821043
BAT-002970,2025-11,13,PLT-01,EMEA,FRM-03,PRD-03,Solvents,0.9047,0.9682,31.3,30.3,30.3,0,563.69,24313.09,40645.62,0,16332.530000000002,213.0860383386581
BAT-002971,2025-11,13,PLT-02,AMER,FRM-06,PRD-06,Coatings,0.8513,0.9075,27.34,24.81,24.81,0,1457.68,56481.75,79501.86,0,23020.11,608.22160936357
BAT-002972,2025-11,13,PLT-06,APAC,FRM-01,PRD-01,Polymers,0.8412,0.9296,40.38,37.53,37.53,0,772.11,42046.64,67876.0,0,25829.36,269.1638979692917
BAT-002973,2025-11,13,PLT-04,EMEA,FRM-06,PRD-06,Coatings,0.8422,0.925,30.24,27.97,27.97,0,1457.68,61078.51,90258.11,0,29179.6,562.1119973544974
BAT-002974,2025-11,13,PLT-04,EMEA,FRM-09,PRD-09,Specialty,0.9271,0.8679,34.81,30.21,0.0,1,1640.03,76593.87,0.0,0,-76593.87,560.3109939672506
BAT-002975,2025-11,13,PLT-01,EMEA,FRM-05,PRD-05,Coatings,0.8484,0.8931,26.65,23.8,23.8,0,1342.87,48291.54,71684.71,0,23393.170000000006,469.19529080675443
BAT-002976,2025-11,13,PLT-02,AMER,FRM-09,PRD-09,Specialty,0.8986,0.8502,26.68,22.68,22.68,0,1640.03,57870.46,59170.76,0,1300.300000000003,529.0277211394302
BAT-002977,2025-11,13,PLT-01,EMEA,FRM-04,PRD-04,Agrochem,0.8824,0.9243,71.99,66.54,66.54,0,555.11,53143.3,74421.53,0,21278.229999999996,183.09391721072382
BAT-002978,2025-11,13,PLT-04,EMEA,FRM-07,PRD-07,Catalysts,0.9051,0.9124,2.52,2.3,2.3,0,15198.4,53401.48,82493.96,0,29092.480000000003,5992.663492063495
BAT-002979,2025-11,13,PLT-06,APAC,FRM-08,PRD-08,Surfactants,0.8535,0.8999,29.79,26.81,0.0,1,1064.93,42643.97,0.0,0,-42643.97,366.55606915072167
BAT-002980,2025-11,13,PLT-06,APAC,FRM-07,PRD-07,Catalysts,0.8031,0.874,1.34,1.17,1.17,0,15198.4,27597.38,41413.88,0,13816.499999999996,5396.659701492537
BAT-002981,2025-11,13,PLT-04,EMEA,FRM-04,PRD-04,Agrochem,0.8833,0.8915,67.31,60.01,60.01,0,555.11,50242.36,67571.75,0,17329.39,191.32232803446732
BAT-002982,2025-11,13,PLT-04,EMEA,FRM-08,PRD-08,Surfactants,0.8537,0.9625,46.84,45.08,45.08,0,1064.93,67160.51,105856.56,0,38696.05,368.89813834329607
BAT-002983,2025-11,13,PLT-06,APAC,FRM-09,PRD-09,Specialty,0.8365,0.7828,45.77,35.83,35.83,0,1640.03,99742.93,94292.51,0,-5450.419999999998,539.1906685601919
BAT-002984,2025-11,13,PLT-02,AMER,FRM-12,PRD-12,Solvents,0.8029,0.9223,103.56,95.52,95.52,0,621.02,89453.87,138660.07,0,49206.20000000001,242.76785245268434
BAT-002985,2025-11,13,PLT-01,EMEA,FRM-10,PRD-10,Agrochem,0.8546,0.9095,56.46,51.35,51.35,0,587.71,44869.99,60390.51,0,15520.520000000004,207.0117499114416
BAT-002986,2025-11,13,PLT-05,LATAM,FRM-03,PRD-03,Solvents,0.7993,0.9494,40.32,38.28,38.28,0,563.69,32618.98,49467.52,0,16848.539999999997,245.31248015873007
BAT-002987,2025-11,13,PLT-06,APAC,FRM-07,PRD-07,Catalysts,0.8416,0.8798,2.55,2.24,2.24,0,15198.4,53006.26,81888.16,0,28881.9,5588.368627450984
BAT-002988,2025-11,13,PLT-01,EMEA,FRM-11,PRD-11,Polymers,0.9008,0.9012,31.32,28.23,28.23,0,742.82,31245.95,48020.83,0,16774.88,254.81569604086837
BAT-002989,2025-11,13,PLT-02,AMER,FRM-05,PRD-05,Coatings,0.7724,0.9497,52.97,50.31,50.31,0,1342.87,102394.41,142766.2,0,40371.79000000001,590.1941872758168
BAT-002990,2025-11,13,PLT-06,APAC,FRM-12,PRD-12,Solvents,0.8325,0.9455,42.55,40.23,40.23,0,621.02,35540.83,58345.8,0,22804.97,214.25215041128092
BAT-002991,2025-11,13,PLT-04,EMEA,FRM-12,PRD-12,Solvents,0.9356,0.9169,32.49,29.79,29.79,0,621.02,26424.15,40510.68,0,14086.529999999999,192.2810156971376
BAT-002992,2025-11,13,PLT-04,EMEA,FRM-09,PRD-09,Specialty,0.8826,0.8258,27.68,22.86,0.0,1,1640.03,60659.34,0.0,0,-60659.34,551.4201445086703
BAT-002993,2025-11,13,PLT-04,EMEA,FRM-08,PRD-08,Surfactants,0.8657,0.9229,41.45,38.25,38.25,0,1064.93,60059.89,90763.42,0,30703.53,384.04201447527134
BAT-002994,2025-11,13,PLT-06,APAC,FRM-01,PRD-01,Polymers,0.8,0.9432,29.27,27.61,27.61,0,772.11,32201.25,48605.23,0,16403.980000000003,328.0351998633413
BAT-002995,2025-11,13,PLT-05,LATAM,FRM-12,PRD-12,Solvents,0.8378,0.9196,43.98,40.44,40.44,0,621.02,37971.84,56728.46,0,18756.620000000003,242.36881309686225
BAT-002996,2025-11,13,PLT-01,EMEA,FRM-10,PRD-10,Agrochem,0.8742,0.9231,38.7,35.73,35.73,0,587.71,30330.88,41680.89,0,11350.009999999998,196.03366925064597
BAT-002997,2025-11,13,PLT-05,LATAM,FRM-05,PRD-05,Coatings,0.7871,0.8759,14.2,12.44,12.44,0,1342.87,27298.71,37882.48,0,10583.770000000004,579.5743661971833
BAT-002998,2025-11,13,PLT-03,APAC,FRM-04,PRD-04,Agrochem,0.6321,0.8398,79.57,66.82,66.82,0,555.11,63079.23,79184.29,0,16105.05999999999,237.64141384944082
BAT-002999,2025-11,13,PLT-04,EMEA,FRM-05,PRD-05,Coatings,0.8589,0.8999,33.5,30.15,30.15,0,1342.87,63547.39,87082.73,0,23535.339999999997,554.0670149253733
BAT-003000,2025-11,13,PLT-04,EMEA,FRM-03,PRD-03,Solvents,0.9316,0.9536,82.15,78.34,78.34,0,563.69,61190.3,107745.47,0,46555.17,181.17062081558117
BAT-003001,2025-11,13,PLT-06,APAC,FRM-08,PRD-08,Surfactants,0.8136,0.9566,46.1,44.1,44.1,0,1064.93,69171.43,101290.66,0,32119.23000000001,435.534859002169
BAT-003002,2025-11,13,PLT-05,LATAM,FRM-04,PRD-04,Agrochem,0.779,0.9128,30.39,27.74,27.74,0,555.11,24348.0,33251.74,0,8903.739999999998,246.07460019743337
BAT-003003,2025-11,13,PLT-02,AMER,FRM-01,PRD-01,Polymers,0.8372,0.9378,84.35,79.11,79.11,0,772.11,91319.76,132111.81,0,40792.05,310.5190456431536
BAT-003004,2025-11,13,PLT-01,EMEA,FRM-06,PRD-06,Coatings,0.8215,0.9027,26.24,23.69,23.69,0,1457.68,51733.43,77047.97,0,25314.54,513.8683993902439
BAT-003005,2025-11,13,PLT-03,APAC,FRM-04,PRD-04,Agrochem,0.6466,0.8942,31.06,27.77,27.77,0,555.11,24773.95,33969.18,0,9195.23,242.50590470057955
BAT-003006,2025-11,13,PLT-02,AMER,FRM-07,PRD-07,Catalysts,0.786,0.8477,2.71,2.3,2.3,0,15198.4,57646.0,83673.28,0,26027.28,6073.186715867158
BAT-003007,2025-11,13,PLT-05,LATAM,FRM-10,PRD-10,Agrochem,0.7789,0.9166,26.6,24.38,24.38,0,587.71,21765.88,31020.44,0,9254.559999999998,230.5561654135338
BAT-003008,2025-11,13,PLT-02,AMER,FRM-01,PRD-01,Polymers,0.8078,0.938,62.81,58.92,58.92,0,772.11,68951.63,98271.65,0,29320.01999999999,325.6710858143607
BAT-003009,2025-11,13,PLT-05,LATAM,FRM-08,PRD-08,Surfactants,0.7913,0.995,23.12,23.0,23.0,0,1064.93,34198.74,53553.67,0,19354.93,414.25425605536316
BAT-003010,2025-11,13,PLT-04,EMEA,FRM-07,PRD-07,Catalysts,0.8541,0.8526,2.11,1.8,1.8,0,15198.4,44595.14,65073.97,0,20478.83,5936.737440758296
BAT-003011,2025-11,13,PLT-02,AMER,FRM-01,PRD-01,Polymers,0.8186,0.9467,77.87,73.72,73.72,0,772.11,80974.89,134324.99,0,53350.09999999999,267.76273661230255
BAT-003012,2025-11,13,PLT-01,EMEA,FRM-08,PRD-08,Surfactants,0.9233,0.995,19.8,19.7,19.7,0,1064.93,28727.48,46237.76,0,17510.280000000002,385.95282828282825
BAT-003013,2025-11,13,PLT-05,LATAM,FRM-06,PRD-06,Coatings,0.8072,0.8801,29.09,25.61,25.61,0,1457.68,59543.45,85959.67,0,26416.22,589.1900584393261
BAT-003014,2025-11,13,PLT-02,AMER,FRM-09,PRD-09,Specialty,0.9096,0.8397,46.37,38.94,38.94,0,1640.03,100524.9,98757.61,0,-1767.2899999999936,527.8565645891742
BAT-003015,2025-11,13,PLT-01,EMEA,FRM-01,PRD-01,Polymers,0.9059,0.9315,41.39,38.55,38.55,0,772.11,43778.28,66927.53,0,23149.25,285.5918603527422
BAT-003016,2025-11,13,PLT-03,APAC,FRM-10,PRD-10,Agrochem,0.5531,0.8578,34.37,29.48,29.48,0,587.71,30038.41,35193.61,0,5155.200000000001,286.2617777131219
BAT-003017,2025-11,13,PLT-02,AMER,FRM-09,PRD-09,Specialty,0.8278,0.8057,55.46,44.68,44.68,0,1640.03,120468.46,119662.68,0,-805.7800000000134,532.1384096646232
BAT-003018,2025-11,13,PLT-01,EMEA,FRM-10,PRD-10,Agrochem,0.9678,0.9295,59.18,55.01,55.01,0,587.71,47547.57,63907.9,0,16360.330000000002,215.72984454207494
BAT-003019,2025-11,13,PLT-05,LATAM,FRM-08,PRD-08,Surfactants,0.7785,0.8961,32.29,28.94,28.94,0,1064.93,47489.75,65934.02,0,18444.270000000004,405.7962310312789
BAT-003020,2025-11,13,PLT-06,APAC,FRM-03,PRD-03,Solvents,0.8551,0.9518,44.16,42.03,42.03,0,563.69,34382.14,57729.57,0,23347.43,214.8910688405797
BAT-003021,2025-11,13,PLT-03,APAC,FRM-01,PRD-01,Polymers,0.5872,0.9383,28.53,26.77,26.77,0,772.11,32455.71,45250.95,0,12795.239999999998,365.4893690851735
BAT-003022,2025-11,13,PLT-05,LATAM,FRM-10,PRD-10,Agrochem,0.7917,0.9275,46.86,43.46,43.46,0,587.71,37732.97,53000.9,0,15267.93,217.51769953051644
BAT-003023,2025-11,13,PLT-06,APAC,FRM-06,PRD-06,Coatings,0.8598,0.9023,36.8,33.2,33.2,0,1457.68,74379.22,107998.12,0,33618.899999999994,563.4944565217393
BAT-003024,2025-11,13,PLT-05,LATAM,FRM-11,PRD-11,Polymers,0.7824,0.923,24.19,22.33,22.33,0,742.82,25829.67,36244.82,0,10415.150000000001,324.9629681686646
BAT-003025,2025-11,13,PLT-02,AMER,FRM-03,PRD-03,Solvents,0.8173,0.9752,76.38,74.49,74.49,0,563.69,58519.63,94252.98,0,35733.35,202.4743100288033
BAT-003026,2025-11,13,PLT-02,AMER,FRM-08,PRD-08,Surfactants,0.8376,0.9049,22.76,20.6,20.6,0,1064.93,33752.75,49089.53,0,15336.779999999999,418.0555008787344
BAT-003027,2025-11,13,PLT-05,LATAM,FRM-02,PRD-02,Polymers,0.7782,0.8967,16.22,14.54,14.54,0,904.88,20250.84,27354.84,0,7104.0,343.63048088779294
BAT-003028,2025-11,13,PLT-04,EMEA,FRM-03,PRD-03,Solvents,0.8093,0.9555,53.77,51.37,51.37,0,563.69,43343.63,70870.81,0,27527.18,242.4031746326947
BAT-003029,2025-11,13,PLT-04,EMEA,FRM-12,PRD-12,Solvents,0.9241,0.9562,88.13,84.27,84.27,0,621.02,75735.08,122275.17,0,46540.09,238.3364053103371
BAT-003030,2025-11,13,PLT-04,EMEA,FRM-08,PRD-08,Surfactants,0.8736,0.9373,40.04,37.53,37.53,0,1064.93,58798.58,84184.56,0,25385.979999999996,403.56600399600393
BAT-003031,2025-11,13,PLT-05,LATAM,FRM-03,PRD-03,Solvents,0.7753,0.9419,49.93,47.03,47.03,0,563.69,38486.93,63785.94,0,25299.010000000002,207.12774484277986
BAT-003032,2025-11,13,PLT-05,LATAM,FRM-11,PRD-11,Polymers,0.7925,0.9269,25.36,23.51,23.51,0,742.82,26829.42,39427.93,0,12598.510000000002,315.122429022082
BAT-003033,2025-11,13,PLT-04,EMEA,FRM-01,PRD-01,Polymers,0.8138,0.9329,32.29,30.12,30.12,0,772.11,35452.71,52686.56,0,17233.85,325.8370424279964
BAT-003034,2025-11,13,PLT-03,APAC,FRM-08,PRD-08,Surfactants,0.6068,0.8867,50.13,44.45,44.45,0,1064.93,76817.3,102268.99,0,25451.690000000002,467.4318591661679
BAT-003035,2025-11,13,PLT-03,APAC,FRM-07,PRD-07,Catalysts,0.6484,0.8726,1.72,1.5,1.5,0,15198.4,38198.3,53416.3,0,15218.0,7009.913953488374
BAT-003036,2025-11,13,PLT-05,LATAM,FRM-01,PRD-01,Polymers,0.7666,0.9281,18.59,17.25,17.25,0,772.11,19924.24,29587.67,0,9663.429999999997,299.66192038730503
BAT-003037,2025-11,13,PLT-05,LATAM,FRM-01,PRD-01,Polymers,0.7513,0.94,54.13,50.88,50.88,0,772.11,59119.21,84659.96,0,25540.750000000007,320.06088490670606
BAT-003038,2025-11,13,PLT-01,EMEA,FRM-08,PRD-08,Surfactants,0.86,0.9384,30.08,28.23,28.23,0,1064.93,43899.86,61729.03,0,17829.17,394.50683510638305
BAT-003039,2025-11,13,PLT-04,EMEA,FRM-10,PRD-10,Agrochem,0.9136,0.944,102.79,97.03,97.03,0,587.71,82952.77,113871.64,0,30918.869999999995,219.30206343029477
BAT-003040,2025-11,13,PLT-03,APAC,FRM-10,PRD-10,Agrochem,0.6231,0.8705,41.03,35.71,35.71,0,587.71,35738.17,44631.38,0,8893.21,283.3153473068486
BAT-003041,2025-11,13,PLT-06,APAC,FRM-04,PRD-04,Agrochem,0.8693,0.9301,74.35,69.16,69.16,0,555.11,56391.27,77534.61,0,21143.340000000004,203.346893073302
BAT-003042,2025-11,13,PLT-02,AMER,FRM-10,PRD-10,Agrochem,0.8566,0.8828,73.2,64.61,0.0,1,587.71,60399.94,0.0,0,-60399.94,237.42579234972675
BAT-003043,2025-11,13,PLT-06,APAC,FRM-08,PRD-08,Surfactants,0.8444,0.9589,39.78,38.14,38.14,0,1064.93,56824.2,87752.99,0,30928.790000000008,363.5315384615383
BAT-003044,2025-11,13,PLT-02,AMER,FRM-02,PRD-02,Polymers,0.8481,0.9239,67.22,62.1,0.0,1,904.88,82972.65,0.0,0,-82972.65,329.4646890806306
BAT-003045,2025-11,13,PLT-03,APAC,FRM-05,PRD-05,Coatings,0.602,0.8751,32.84,28.74,0.0,1,1342.87,62718.4,0.0,0,-62718.4,566.9472959805116
BAT-003046,2025-11,13,PLT-06,APAC,FRM-11,PRD-11,Polymers,0.7978,0.9654,66.58,64.28,64.28,0,742.82,67640.58,110591.11,0,42950.53,273.10940823069996
BAT-003047,2025-11,13,PLT-03,APAC,FRM-03,PRD-03,Solvents,0.6359,0.9476,58.59,55.52,0.0,1,563.69,48503.28,0.0,0,-48503.28,264.15229390680986
BAT-003048,2025-11,13,PLT-01,EMEA,FRM-05,PRD-05,Coatings,0.8434,0.8979,29.59,26.57,26.57,0,1342.87,53242.3,76633.32,0,23391.020000000004,456.4642345386958
BAT-003049,2025-11,13,PLT-06,APAC,FRM-02,PRD-02,Polymers,0.7967,0.9038,21.19,19.15,19.15,0,904.88,27363.7,39560.82,0,12197.119999999999,386.4696932515336
BAT-003050,2025-11,13,PLT-02,AMER,FRM-08,PRD-08,Surfactants,0.8309,0.9205,45.37,41.77,41.77,0,1064.93,68658.46,95094.5,0,26436.039999999994,448.37085959885394
BAT-003051,2025-11,13,PLT-06,APAC,FRM-11,PRD-11,Polymers,0.8361,0.995,60.17,59.87,59.87,0,742.82,60787.15,101278.43,0,40491.27999999999,267.43677247797905
BAT-003052,2025-11,13,PLT-01,EMEA,FRM-06,PRD-06,Coatings,0.8741,0.926,14.35,13.28,13.28,0,1457.68,29319.55,44930.45,0,15610.899999999998,585.4942160278745
BAT-003053,2025-11,13,PLT-03,APAC,FRM-11,PRD-11,Polymers,0.7039,0.8878,63.19,56.1,56.1,0,742.82,67232.89,91577.06,0,24344.17,321.1599018832093
BAT-003054,2025-11,13,PLT-02,AMER,FRM-01,PRD-01,Polymers,0.8288,0.9337,40.23,37.56,37.56,0,772.11,43058.74,64890.68,0,21831.940000000002,298.204193388019
BAT-003055,2025-11,13,PLT-01,EMEA,FRM-07,PRD-07,Catalysts,0.838,0.887,1.28,1.13,1.13,0,15198.4,27056.91,41404.21,0,14347.3,5939.8109375
BAT-003056,2025-11,13,PLT-04,EMEA,FRM-12,PRD-12,Solvents,0.8333,0.9372,51.68,48.43,48.43,0,621.02,44446.66,67272.42,0,22825.759999999995,239.01599071207443
BAT-003057,2025-11,13,PLT-05,LATAM,FRM-06,PRD-06,Coatings,0.8071,0.9019,15.9,14.34,14.34,0,1457.68,32575.1,45710.91,0,13135.810000000005,591.068427672956
BAT-003058,2025-11,13,PLT-05,LATAM,FRM-02,PRD-02,Polymers,0.779,0.9504,17.47,16.61,16.61,0,904.88,22651.5,31605.79,0,8954.29,391.7141614195765
BAT-003059,2025-11,13,PLT-01,EMEA,FRM-08,PRD-08,Surfactants,0.9077,0.9186,41.44,38.06,38.06,0,1064.93,58562.74,86951.67,0,28388.93,348.2635328185329
BAT-003060,2025-11,13,PLT-02,AMER,FRM-04,PRD-04,Agrochem,0.9008,0.9098,85.38,77.68,77.68,0,555.11,66048.95,92417.89,0,26368.940000000002,218.47807683298197
BAT-003061,2025-11,13,PLT-01,EMEA,FRM-01,PRD-01,Polymers,0.8719,0.9087,42.91,38.99,38.99,0,772.11,45622.72,65119.97,0,19497.25,291.1088301095316
BAT-003062,2025-11,13,PLT-06,APAC,FRM-04,PRD-04,Agrochem,0.7882,0.8618,66.28,57.12,57.12,0,555.11,50333.41,66297.86,0,15964.449999999997,204.2957030778516
BAT-003063,2025-11,13,PLT-05,LATAM,FRM-03,PRD-03,Solvents,0.761,0.9788,53.0,51.87,51.87,0,563.69,42548.01,71725.74,0,29177.730000000003,239.10264150943397
BAT-003064,2025-11,13,PLT-01,EMEA,FRM-02,PRD-02,Polymers,0.9069,0.9039,45.04,40.71,40.71,0,904.88,56528.78,83998.77,0,27469.990000000005,350.1994849023091
BAT-003065,2025-11,13,PLT-03,APAC,FRM-08,PRD-08,Surfactants,0.5573,0.8862,23.97,21.24,21.24,0,1064.93,38151.25,48952.13,0,10800.879999999997,526.694947851481
BAT-003066,2025-11,13,PLT-03,APAC,FRM-01,PRD-01,Polymers,0.6603,0.8986,43.78,39.34,39.34,0,772.11,49011.98,68996.83,0,19984.85,347.39616719963453
BAT-003067,2025-11,13,PLT-06,APAC,FRM-01,PRD-01,Polymers,0.7533,0.9119,50.07,45.66,45.66,0,772.11,53009.3,76419.45,0,23410.149999999994,286.59381465947683
BAT-003068,2025-11,13,PLT-06,APAC,FRM-01,PRD-01,Polymers,0.8433,0.9677,46.47,44.97,44.97,0,772.11,48116.08,76481.47,0,28365.39,263.3124230686466
BAT-003069,2025-11,13,PLT-04,EMEA,FRM-05,PRD-05,Coatings,0.8811,0.8888,37.48,33.31,0.0,1,1342.87,67980.03,0.0,0,-67980.03,470.8981430096053
BAT-003070,2025-11,13,PLT-01,EMEA,FRM-04,PRD-04,Agrochem,0.889,0.8956,46.32,41.48,41.48,0,555.11,34840.56,49386.7,0,14546.14,197.06098445595853
BAT-003071,2025-11,13,PLT-02,AMER,FRM-08,PRD-08,Surfactants,0.8908,0.8912,38.68,34.47,34.47,0,1064.93,55836.72,78438.59,0,22601.869999999995,378.6253257497415
BAT-003072,2025-11,13,PLT-02,AMER,FRM-05,PRD-05,Coatings,0.845,0.9454,35.96,34.0,34.0,0,1342.87,65498.14,101908.21,0,36410.07000000001,478.54657397107894
BAT-003073,2025-11,13,PLT-03,APAC,FRM-02,PRD-02,Polymers,0.5889,0.904,47.78,43.19,0.0,1,904.88,61682.0,0.0,0,-61682.0,386.07856006697364
BAT-003074,2025-11,13,PLT-01,EMEA,FRM-10,PRD-10,Agrochem,0.846,0.888,45.49,40.39,40.39,0,587.71,36751.4,47393.57,0,10642.169999999998,220.1906375027478
BAT-003075,2025-11,13,PLT-03,APAC,FRM-03,PRD-03,Solvents,0.6026,0.9523,35.61,33.91,33.91,0,563.69,28592.61,43562.44,0,14969.830000000002,239.24765796124677
BAT-003076,2025-11,13,PLT-04,EMEA,FRM-07,PRD-07,Catalysts,0.9327,0.8988,2.36,2.13,2.13,0,15198.4,47729.86,76702.1,0,28972.240000000005,5026.116949152545
BAT-003077,2025-11,13,PLT-02,AMER,FRM-12,PRD-12,Solvents,0.8287,0.957,84.25,80.63,80.63,0,621.02,73503.48,113441.19,0,39937.71000000001,251.42486646884265
BAT-003078,2025-11,13,PLT-02,AMER,FRM-09,PRD-09,Specialty,0.8383,0.8115,54.7,44.39,44.39,0,1640.03,122131.72,112648.24,0,-9483.479999999996,592.7253930530162
BAT-003079,2025-11,13,PLT-04,EMEA,FRM-08,PRD-08,Surfactants,0.904,0.9539,61.27,58.44,58.44,0,1064.93,89073.37,132353.21,0,43279.84,388.854396931614
BAT-003080,2025-11,13,PLT-03,APAC,FRM-08,PRD-08,Surfactants,0.6125,0.936,47.44,44.4,44.4,0,1064.93,75175.15,102071.37,0,26896.22,519.7063827993254
BAT-003081,2025-12,14,PLT-06,APAC,FRM-12,PRD-12,Solvents,0.8514,0.995,48.65,48.41,48.41,0,615.85,42506.22,68522.25,0,26016.03,257.8646968139774
BAT-003082,2025-12,14,PLT-01,EMEA,FRM-05,PRD-05,Coatings,0.814,0.8857,42.5,37.64,37.64,0,1331.69,77912.63,113098.36,0,35185.729999999996,501.5483529411765
BAT-003083,2025-12,14,PLT-06,APAC,FRM-01,PRD-01,Polymers,0.8566,0.9181,24.3,22.31,22.31,0,765.68,25644.27,37763.43,0,12119.16,289.6397530864198
BAT-003084,2025-12,14,PLT-01,EMEA,FRM-07,PRD-07,Catalysts,0.8229,0.9014,3.06,2.76,2.76,0,15071.8,63328.31,98219.93,0,34891.619999999995,5623.726143790849
BAT-003085,2025-12,14,PLT-05,LATAM,FRM-06,PRD-06,Coatings,0.7461,0.933,14.79,13.8,13.8,0,1445.54,30816.84,45771.13,0,14954.289999999997,638.0867748478704
BAT-003086,2025-12,14,PLT-04,EMEA,FRM-06,PRD-06,Coatings,0.8852,0.8536,24.29,20.74,20.74,0,1445.54,48775.44,69480.0,0,20704.559999999998,562.5061095100866
BAT-003087,2025-12,14,PLT-05,LATAM,FRM-03,PRD-03,Solvents,0.8005,0.9375,65.04,60.97,60.97,0,559.0,51595.31,84312.66,0,32717.350000000006,234.28582410824094
BAT-003088,2025-12,14,PLT-05,LATAM,FRM-04,PRD-04,Agrochem,0.7637,0.8978,29.51,26.5,26.5,0,550.48,23157.16,30346.19,0,7189.029999999999,234.24246696035232
BAT-003089,2025-12,14,PLT-03,APAC,FRM-03,PRD-03,Solvents,0.6995,0.9095,40.56,36.89,36.89,0,559.0,31638.06,48093.34,0,16455.279999999995,221.03106508875737
BAT-003090,2025-12,14,PLT-06,APAC,FRM-07,PRD-07,Catalysts,0.7641,0.8387,1.56,1.3,1.3,0,15071.8,33599.17,45418.23,0,11819.060000000005,6466.129487179485
BAT-003091,2025-12,14,PLT-06,APAC,FRM-08,PRD-08,Surfactants,0.7836,0.9602,30.16,28.96,28.96,0,1056.06,44111.17,65140.21,0,21029.04,406.51194960212206
BAT-003092,2025-12,14,PLT-06,APAC,FRM-01,PRD-01,Polymers,0.8125,0.9422,23.51,22.15,22.15,0,765.68,25250.64,38342.38,0,13091.739999999998,308.35828158230527
BAT-003093,2025-12,14,PLT-04,EMEA,FRM-10,PRD-10,Agrochem,0.8275,0.9226,92.15,85.02,85.02,0,582.82,72931.44,100986.04,0,28054.59999999999,208.62264785675518
BAT-003094,2025-12,14,PLT-06,APAC,FRM-01,PRD-01,Polymers,0.9207,0.9648,28.67,27.66,27.66,0,765.68,29201.1,49004.21,0,19803.11,252.8445901639344
BAT-003095,2025-12,14,PLT-02,AMER,FRM-08,PRD-08,Surfactants,0.8561,0.9839,55.55,54.65,54.65,0,1056.06,80018.2,120720.8,0,40702.600000000006,384.41164716471644
BAT-003096,2025-12,14,PLT-04,EMEA,FRM-03,PRD-03,Solvents,0.8408,0.9577,55.98,53.62,53.62,0,559.0,44564.91,71460.35,0,26895.440000000002,237.08628081457675
BAT-003097,2025-12,14,PLT-06,APAC,FRM-07,PRD-07,Catalysts,0.8924,0.8715,2.74,2.39,2.39,0,15071.8,56588.15,85876.64,0,29288.489999999998,5580.809489051095
BAT-003098,2025-12,14,PLT-04,EMEA,FRM-03,PRD-03,Solvents,0.8725,0.9785,37.75,36.94,36.94,0,559.0,28103.92,49842.76,0,21738.840000000004,185.4747019867549
BAT-003099,2025-12,14,PLT-04,EMEA,FRM-05,PRD-05,Coatings,0.9148,0.8861,18.21,16.13,16.13,0,1331.69,31900.5,47525.63,0,15625.129999999997,420.12219110378896
BAT-003100,2025-12,14,PLT-01,EMEA,FRM-01,PRD-01,Polymers,0.8957,0.9761,27.47,26.81,26.81,0,765.68,29121.72,47587.22,0,18465.5,294.44813978886066
BAT-003101,2025-12,14,PLT-06,APAC,FRM-10,PRD-10,Agrochem,0.7967,0.9403,42.03,39.52,39.52,0,582.82,33433.72,47721.95,0,14288.229999999996,212.65275755412802
BAT-003102,2025-12,14,PLT-06,APAC,FRM-07,PRD-07,Catalysts,0.8127,0.8763,1.26,1.1,1.1,0,15071.8,25834.29,38725.93,0,12891.64,5431.604761904764
BAT-003103,2025-12,14,PLT-04,EMEA,FRM-02,PRD-02,Polymers,0.9091,0.9256,65.33,60.47,60.47,0,897.34,80213.86,117138.31,0,36924.45,330.4858074391551
BAT-003104,2025-12,14,PLT-05,LATAM,FRM-02,PRD-02,Polymers,0.8381,0.9389,36.39,34.17,34.17,0,897.34,45450.41,70887.5,0,25437.089999999997,351.64076394613915
BAT-003105,2025-12,14,PLT-05,LATAM,FRM-01,PRD-01,Polymers,0.8092,0.8863,45.9,40.68,40.68,0,765.68,50269.31,71177.58,0,20908.270000000004,329.5119389978214
BAT-003106,2025-12,14,PLT-06,APAC,FRM-04,PRD-04,Agrochem,0.8739,0.9416,73.93,69.61,69.61,0,550.48,55320.19,77901.62,0,22581.429999999993,197.79796564317587
BAT-003107,2025-12,14,PLT-02,AMER,FRM-09,PRD-09,Specialty,0.8636,0.7982,42.92,34.26,34.26,0,1626.37,92167.93,90682.1,0,-1485.8299999999872,521.0654613233924
BAT-003108,2025-12,14,PLT-02,AMER,FRM-04,PRD-04,Agrochem,0.8198,0.8868,64.07,56.82,56.82,0,550.48,50465.59,67787.51,0,17321.92,237.18333697518335
BAT-003109,2025-12,14,PLT-06,APAC,FRM-11,PRD-11,Polymers,0.8381,0.9056,25.78,23.34,23.34,0,736.63,25819.8,40371.06,0,14551.259999999998,264.91383242823883
BAT-003110,2025-12,14,PLT-01,EMEA,FRM-01,PRD-01,Polymers,0.8903,0.9414,54.66,51.45,51.45,0,765.68,58172.39,92916.24,0,34743.850000000006,298.5788730332969
BAT-003111,2025-12,14,PLT-04,EMEA,FRM-12,PRD-12,Solvents,0.8709,0.9262,33.38,30.91,30.91,0,615.85,27806.74,43235.57,0,15428.829999999998,217.18594967046135
BAT-003112,2025-12,14,PLT-06,APAC,FRM-08,PRD-08,Surfactants,0.8492,0.9457,19.13,18.09,18.09,0,1056.06,27867.04,41444.42,0,13577.379999999997,400.65928907475177
BAT-003113,2025-12,14,PLT-02,AMER,FRM-06,PRD-06,Coatings,0.8046,0.8306,22.08,18.34,18.34,0,1445.54,43785.68,58971.96,0,15186.279999999999,537.5071014492755
BAT-003114,2025-12,14,PLT-02,AMER,FRM-11,PRD-11,Polymers,0.8268,0.9344,90.97,85.0,85.0,0,736.63,92343.1,140960.82,0,48617.72,278.4639870286909
BAT-003115,2025-12,14,PLT-05,LATAM,FRM-02,PRD-02,Polymers,0.829,0.9373,27.73,26.0,26.0,0,897.34,34096.73,50853.69,0,16756.96,332.2571871619185
BAT-003116,2025-12,14,PLT-01,EMEA,FRM-07,PRD-07,Catalysts,0.8507,0.8789,1.14,1.0,1.0,0,15071.8,23614.33,36184.27,0,12569.939999999995,5642.524561403512
BAT-003117,2025-12,14,PLT-03,APAC,FRM-10,PRD-10,Agrochem,0.6151,0.8957,26.12,23.4,23.4,0,582.82,22788.6,29167.42,0,6378.82,289.63788667687584
BAT-003118,2025-12,14,PLT-05,LATAM,FRM-10,PRD-10,Agrochem,0.8078,0.8916,56.73,50.58,50.58,0,582.82,46216.44,63560.05,0,17343.61,231.85371760973032
BAT-003119,2025-12,14,PLT-06,APAC,FRM-03,PRD-03,Solvents,0.8701,0.9541,38.26,36.51,36.51,0,559.0,29082.67,49665.95,0,20583.28,201.13251437532665
BAT-003120,2025-12,14,PLT-03,APAC,FRM-12,PRD-12,Solvents,0.6701,0.9128,65.46,59.76,59.76,0,615.85,58993.9,81566.12,0,22572.219999999994,285.3705927283838
BAT-003121,2025-12,14,PLT-01,EMEA,FRM-06,PRD-06,Coatings,0.8499,0.9314,31.43,29.28,29.28,0,1445.54,63726.76,94881.49,0,31154.730000000003,582.0374737511931
BAT-003122,2025-12,14,PLT-02,AMER,FRM-11,PRD-11,Polymers,0.8114,0.9442,84.9,80.16,80.16,0,736.63,88406.11,130406.1,0,41999.990000000005,304.6669375736159
BAT-003123,2025-12,14,PLT-02,AMER,FRM-02,PRD-02,Polymers,0.83,0.89,50.13,44.62,44.62,0,897.34,63614.19,84069.34,0,20455.149999999994,371.6444404548175
BAT-003124,2025-12,14,PLT-06,APAC,FRM-03,PRD-03,Solvents,0.8243,0.988,43.85,43.33,43.33,0,559.0,33528.87,56583.12,0,23054.25,205.62645381984044
BAT-003125,2025-12,14,PLT-02,AMER,FRM-01,PRD-01,Polymers,0.8538,0.9474,67.68,64.13,64.13,0,765.68,72507.61,117315.13,0,44807.520000000004,305.64993498817955
BAT-003126,2025-12,14,PLT-05,LATAM,FRM-03,PRD-03,Solvents,0.7218,0.9209,23.29,21.45,21.45,0,559.0,18763.21,29063.56,0,10300.350000000002,246.63374838986692
BAT-003127,2025-12,14,PLT-06,APAC,FRM-06,PRD-06,Coatings,0.7844,0.9101,25.57,23.27,23.27,0,1445.54,53334.38,78426.52,0,25092.140000000007,640.2785373484553
BAT-003128,2025-12,14,PLT-04,EMEA,FRM-05,PRD-05,Coatings,0.81,0.8894,48.24,42.9,42.9,0,1331.69,89938.91,124280.04,0,34341.12999999999,532.7152653399667
BAT-003129,2025-12,14,PLT-03,APAC,FRM-09,PRD-09,Specialty,0.6296,0.7814,25.52,19.94,19.94,0,1626.37,59250.67,50520.75,0,-8729.919999999998,695.3647178683386
BAT-003130,2025-12,14,PLT-01,EMEA,FRM-07,PRD-07,Catalysts,0.8379,0.8974,1.3,1.17,1.17,0,15071.8,27568.8,42433.38,0,14864.579999999998,6134.969230769231
BAT-003131,2025-12,14,PLT-05,LATAM,FRM-07,PRD-07,Catalysts,0.7967,0.8819,2.52,2.22,2.22,0,15071.8,52186.1,80728.66,0,28542.560000000005,5636.969841269842
BAT-003132,2025-12,14,PLT-02,AMER,FRM-03,PRD-03,Solvents,0.7832,0.9937,112.16,111.45,111.45,0,559.0,86964.85,147739.91,0,60775.06,216.36421184022834
BAT-003133,2025-12,14,PLT-02,AMER,FRM-01,PRD-01,Polymers,0.8787,0.9122,66.32,60.5,60.5,0,765.68,68690.46,100622.27,0,31931.809999999998,270.0627623642946
BAT-003134,2025-12,14,PLT-02,AMER,FRM-06,PRD-06,Coatings,0.8771,0.9197,33.07,30.42,30.42,0,1445.54,66970.8,101576.9,0,34606.09999999999,579.5824674931964
BAT-003135,2025-12,14,PLT-04,EMEA,FRM-08,PRD-08,Surfactants,0.9113,0.9333,56.42,52.66,52.66,0,1056.06,82016.45,115340.82,0,33324.37000000001,397.61688762850054
BAT-003136,2025-12,14,PLT-05,LATAM,FRM-11,PRD-11,Polymers,0.8011,0.9368,46.19,43.27,43.27,0,736.63,46891.1,72352.06,0,25460.96,278.5486100887638
BAT-003137,2025-12,14,PLT-05,LATAM,FRM-11,PRD-11,Polymers,0.7963,0.9758,39.62,38.66,38.66,0,736.63,40280.19,61531.04,0,21250.85,280.0330489651692
BAT-003138,2025-12,14,PLT-06,APAC,FRM-03,PRD-03,Solvents,0.8629,0.9603,77.44,74.36,74.36,0,559.0,58239.35,97769.23,0,39529.88,193.05772210743805
BAT-003139,2025-12,14,PLT-05,LATAM,FRM-09,PRD-09,Specialty,0.8032,0.8303,26.38,21.9,21.9,0,1626.37,56924.94,57450.19,0,525.25,531.5124867323734
BAT-003140,2025-12,14,PLT-04,EMEA,FRM-03,PRD-03,Solvents,0.8373,0.9709,80.29,77.95,77.95,0,559.0,62390.55,100151.45,0,37760.899999999994,218.0650143230788
BAT-003141,2025-12,14,PLT-03,APAC,FRM-07,PRD-07,Catalysts,0.6308,0.8655,3.03,2.63,2.63,0,15071.8,67345.2,91475.49,0,24130.290000000008,7154.338613861386
BAT-003142,2025-12,14,PLT-03,APAC,FRM-02,PRD-02,Polymers,0.6792,0.8611,35.64,30.69,30.69,0,897.34,47416.61,62638.78,0,15222.169999999998,433.0923793490459
BAT-003143,2025-12,14,PLT-06,APAC,FRM-06,PRD-06,Coatings,0.7951,0.8981,28.3,25.42,25.42,0,1445.54,56868.93,86956.78,0,30087.85,563.9628268551237
BAT-003144,2025-12,14,PLT-06,APAC,FRM-05,PRD-05,Coatings,0.8227,0.9325,27.41,25.56,25.56,0,1331.69,50693.8,76893.27,0,26199.47,517.7736993797885
BAT-003145,2025-12,14,PLT-03,APAC,FRM-09,PRD-09,Specialty,0.6391,0.7663,16.74,12.83,12.83,0,1626.37,37097.15,32204.11,0,-4893.040000000001,589.7082556750302
BAT-003146,2025-12,14,PLT-02,AMER,FRM-10,PRD-10,Agrochem,0.8464,0.9507,88.08,83.73,83.73,0,582.82,72845.63,104290.87,0,31445.23999999999,244.21939600363305
BAT-003147,2025-12,14,PLT-06,APAC,FRM-02,PRD-02,Polymers,0.8259,0.9511,33.65,32.0,32.0,0,897.34,40852.14,61233.42,0,20381.28,316.69090638930163
BAT-003148,2025-12,14,PLT-03,APAC,FRM-05,PRD-05,Coatings,0.5825,0.8397,33.44,28.08,28.08,0,1331.69,65124.09,84145.16,0,19021.070000000007,615.8007296650717
BAT-003149,2025-12,14,PLT-04,EMEA,FRM-09,PRD-09,Specialty,0.889,0.8394,40.05,33.62,33.62,0,1626.37,85878.35,82945.19,0,-2933.1600000000035,517.9084019975035
BAT-003150,2025-12,14,PLT-02,AMER,FRM-07,PRD-07,Catalysts,0.8346,0.8276,3.12,2.58,2.58,0,15071.8,64841.55,89752.47,0,24910.92,5710.748076923079
BAT-003151,2025-12,14,PLT-02,AMER,FRM-01,PRD-01,Polymers,0.8242,0.9262,50.52,46.79,46.79,0,765.68,53736.33,79090.36,0,25354.03,297.9844893111639
BAT-003152,2025-12,14,PLT-05,LATAM,FRM-01,PRD-01,Polymers,0.7897,0.8741,42.18,36.87,36.87,0,765.68,45996.79,64383.69,0,18386.9,324.8081460407776
BAT-003153,2025-12,14,PLT-05,LATAM,FRM-10,PRD-10,Agrochem,0.8021,0.8729,64.25,56.08,56.08,0,582.82,51128.14,65875.84,0,14747.699999999997,212.94871595330733
BAT-003154,2025-12,14,PLT-02,AMER,FRM-06,PRD-06,Coatings,0.7971,0.9333,43.76,40.84,40.84,0,1445.54,86288.92,138876.75,0,52587.83,526.3274588665449
BAT-003155,2025-12,14,PLT-01,EMEA,FRM-12,PRD-12,Solvents,0.8799,0.9265,31.49,29.18,29.18,0,615.85,26777.78,41396.0,0,14618.220000000001,234.50820895522384
BAT-003156,2025-12,14,PLT-02,AMER,FRM-03,PRD-03,Solvents,0.7972,0.9534,46.65,44.47,44.47,0,559.0,37127.03,56563.72,0,19436.690000000002,236.8634512325831
BAT-003157,2025-12,14,PLT-02,AMER,FRM-05,PRD-05,Coatings,0.8832,0.8692,27.69,24.07,24.07,0,1331.69,50044.83,74269.94,0,24225.11,475.6350270855903
BAT-003158,2025-12,14,PLT-01,EMEA,FRM-06,PRD-06,Coatings,0.9185,0.8696,36.22,31.5,31.5,0,1445.54,70195.53,108300.07,0,38104.54000000001,492.4923025952512
BAT-003159,2025-12,14,PLT-02,AMER,FRM-09,PRD-09,Specialty,0.9019,0.8109,33.07,26.82,0.0,1,1626.37,71037.72,0.0,0,-71037.72,521.7316026610224
BAT-003160,2025-12,14,PLT-01,EMEA,FRM-05,PRD-05,Coatings,0.8697,0.8601,21.39,18.39,18.39,0,1331.69,39144.79,53343.4,0,14198.61,498.3609583917719
BAT-003161,2025-12,14,PLT-04,EMEA,FRM-10,PRD-10,Agrochem,0.8411,0.8999,47.79,43.01,43.01,0,582.82,38325.6,50324.6,0,11999.0,219.13856873822965
BAT-003162,2025-12,14,PLT-03,APAC,FRM-02,PRD-02,Polymers,0.6197,0.8667,47.23,40.94,40.94,0,897.34,62962.62,76891.85,0,13929.230000000003,435.766500105865
BAT-003163,2025-12,14,PLT-05,LATAM,FRM-07,PRD-07,Catalysts,0.7841,0.8392,1.12,0.94,0.94,0,15071.8,23695.4,32833.94,0,9138.54,6084.807142857142
BAT-003164,2025-12,14,PLT-04,EMEA,FRM-05,PRD-05,Coatings,0.8249,0.9265,44.95,41.65,41.65,0,1331.69,85419.38,122606.18,0,37186.79999999999,568.6299110122357
BAT-003165,2025-12,14,PLT-03,APAC,FRM-02,PRD-02,Polymers,0.6176,0.8164,24.83,20.27,20.27,0,897.34,32222.73,39340.14,0,7117.41,400.39378977043896
BAT-003166,2025-12,14,PLT-04,EMEA,FRM-09,PRD-09,Specialty,0.8246,0.808,34.2,27.63,27.63,0,1626.37,74611.8,74291.9,0,-319.90000000000873,555.2615789473684
BAT-003167,2025-12,14,PLT-05,LATAM,FRM-09,PRD-09,Specialty,0.8091,0.8155,28.1,22.92,0.0,1,1626.37,61699.86,0.0,0,-61699.86,569.3545551601424
BAT-003168,2025-12,14,PLT-05,LATAM,FRM-02,PRD-02,Polymers,0.7723,0.9143,45.75,41.83,41.83,0,897.34,57188.08,85223.73,0,28035.649999999994,352.67267759562844
BAT-003169,2025-12,14,PLT-06,APAC,FRM-08,PRD-08,Surfactants,0.873,0.8546,27.29,23.33,23.33,0,1056.06,40263.5,55507.09,0,15243.589999999997,419.3339171857824
BAT-003170,2025-12,14,PLT-05,LATAM,FRM-10,PRD-10,Agrochem,0.7737,0.9207,57.77,53.18,53.18,0,582.82,47197.68,63711.47,0,16513.79,234.17290289077368
BAT-003171,2025-12,14,PLT-01,EMEA,FRM-12,PRD-12,Solvents,0.8699,0.9639,89.2,85.98,85.98,0,615.85,74573.58,123850.13,0,49276.55,220.17668161434972
BAT-003172,2025-12,14,PLT-05,LATAM,FRM-09,PRD-09,Specialty,0.8041,0.7782,13.56,10.56,10.56,0,1626.37,30258.08,28202.23,0,-2055.850000000002,605.0518289085549
BAT-003173,2025-12,14,PLT-01,EMEA,FRM-11,PRD-11,Polymers,0.9157,0.8812,73.3,64.59,64.59,0,736.63,72827.76,108756.27,0,35928.51000000001,256.9274351978172
BAT-003174,2025-12,14,PLT-06,APAC,FRM-12,PRD-12,Solvents,0.8204,0.9602,37.79,36.28,36.28,0,615.85,31540.53,51474.37,0,19933.840000000004,218.77635617888325
BAT-003175,2025-12,14,PLT-02,AMER,FRM-11,PRD-11,Polymers,0.8304,0.8741,34.44,30.11,30.11,0,736.63,35722.11,51233.14,0,15511.029999999999,300.5973519163764
BAT-003176,2025-12,14,PLT-04,EMEA,FRM-08,PRD-08,Surfactants,0.823,0.9517,32.24,30.68,30.68,0,1056.06,48391.04,68851.38,0,20460.340000000004,444.9027791563276
BAT-003177,2025-12,14,PLT-01,EMEA,FRM-08,PRD-08,Surfactants,0.8119,0.9221,21.24,19.58,19.58,0,1056.06,31413.09,43901.26,0,12488.170000000002,422.89903954802276
BAT-003178,2025-12,14,PLT-02,AMER,FRM-01,PRD-01,Polymers,0.8732,0.8979,81.18,72.9,72.9,0,765.68,86509.78,130009.12,0,43499.34,299.9738556294652
BAT-003179,2025-12,14,PLT-02,AMER,FRM-12,PRD-12,Solvents,0.8454,0.9136,96.74,88.38,88.38,0,615.85,84197.77,126216.15,0,42018.37999999999,254.50114740541665
BAT-003180,2025-12,14,PLT-06,APAC,FRM-03,PRD-03,Solvents,0.7684,0.9355,52.0,48.65,48.65,0,559.0,41937.3,66889.62,0,24952.319999999992,247.48653846153854
BAT-003181,2025-12,14,PLT-06,APAC,FRM-10,PRD-10,Agrochem,0.8292,0.9034,79.64,71.95,0.0,1,582.82,62693.4,0.0,0,-62693.4,204.38994475138122
BAT-003182,2025-12,14,PLT-02,AMER,FRM-12,PRD-12,Solvents,0.8539,0.9483,62.59,59.36,59.36,0,615.85,51863.51,85227.43,0,33363.91999999999,212.7729429621345
BAT-003183,2025-12,14,PLT-06,APAC,FRM-11,PRD-11,Polymers,0.8987,0.9224,71.22,65.69,65.69,0,736.63,70512.0,104590.37,0,34078.369999999995,253.4289721988206
BAT-003184,2025-12,14,PLT-06,APAC,FRM-10,PRD-10,Agrochem,0.8785,0.9267,87.26,80.86,80.86,0,582.82,70609.62,101913.95,0,31304.33,226.36656887462743
BAT-003185,2025-12,14,PLT-06,APAC,FRM-03,PRD-03,Solvents,0.8753,0.9367,30.28,28.36,28.36,0,559.0,23585.38,36016.31,0,12430.929999999997,219.9095112285337
BAT-003186,2025-12,14,PLT-02,AMER,FRM-09,PRD-09,Specialty,0.8319,0.866,29.48,25.53,25.53,0,1626.37,65833.2,69017.93,0,3184.729999999996,606.77789687924
BAT-003187,2025-12,14,PLT-01,EMEA,FRM-07,PRD-07,Catalysts,0.9253,0.8758,2.29,2.0,2.0,0,15071.8,45723.14,73538.07,0,27814.930000000008,4894.636681222706
BAT-003188,2025-12,14,PLT-05,LATAM,FRM-10,PRD-10,Agrochem,0.8195,0.9031,62.05,56.04,56.04,0,582.82,50484.91,68345.35,0,17860.440000000002,230.796599516519
BAT-003189,2025-12,14,PLT-05,LATAM,FRM-09,PRD-09,Specialty,0.8061,0.8472,31.88,27.01,27.01,0,1626.37,71066.98,67510.37,0,-3556.6100000000006,602.8326348808032
BAT-003190,2025-12,14,PLT-02,AMER,FRM-05,PRD-05,Coatings,0.8149,0.8687,27.6,23.98,23.98,0,1331.69,50178.0,73308.18,0,23130.179999999993,486.35347826086945
BAT-003191,2025-12,14,PLT-06,APAC,FRM-12,PRD-12,Solvents,0.8613,0.8967,49.32,44.23,44.23,0,615.85,40841.81,62998.42,0,22156.61,212.24833738848326
BAT-003192,2025-12,14,PLT-01,EMEA,FRM-02,PRD-02,Polymers,0.893,0.9312,50.69,47.2,47.2,0,897.34,63307.33,92201.09,0,28893.759999999995,351.57161964884597
BAT-003193,2025-12,14,PLT-02,AMER,FRM-09,PRD-09,Specialty,0.9458,0.7975,26.73,21.32,21.32,0,1626.37,57769.18,54449.21,0,-3319.970000000001,534.8413729891508
BAT-003194,2025-12,14,PLT-04,EMEA,FRM-04,PRD-04,Agrochem,0.9044,0.939,77.14,72.43,72.43,0,550.48,59226.67,83274.04,0,24047.369999999995,217.30156598392523
BAT-003195,2025-12,14,PLT-06,APAC,FRM-05,PRD-05,Coatings,0.8476,0.8614,34.52,29.74,29.74,0,1331.69,64328.4,89943.24,0,25614.840000000004,531.8210081112397
BAT-003196,2025-12,14,PLT-06,APAC,FRM-09,PRD-09,Specialty,0.8371,0.8158,27.47,22.41,22.41,0,1626.37,59803.21,61029.89,0,1226.6800000000003,550.6671314160903
BAT-003197,2025-12,14,PLT-03,APAC,FRM-05,PRD-05,Coatings,0.646,0.8744,22.18,19.4,19.4,0,1331.69,41832.37,56646.29,0,14813.919999999998,554.3501262398559
BAT-003198,2025-12,14,PLT-05,LATAM,FRM-01,PRD-01,Polymers,0.8046,0.9467,41.38,39.18,39.18,0,765.68,45442.04,70147.28,0,24705.239999999998,332.4843305944902
BAT-003199,2025-12,14,PLT-04,EMEA,FRM-01,PRD-01,Polymers,0.8973,0.9452,45.57,43.07,43.07,0,765.68,46573.47,78353.07,0,31779.600000000006,256.34040816326535
BAT-003200,2025-12,14,PLT-01,EMEA,FRM-11,PRD-11,Polymers,0.8728,0.9218,35.01,32.27,32.27,0,736.63,36031.46,53047.44,0,17015.980000000003,292.54623536132533
BAT-003201,2025-12,14,PLT-03,APAC,FRM-07,PRD-07,Catalysts,0.6455,0.7969,1.75,1.39,1.39,0,15071.8,37180.62,51501.32,0,14320.699999999997,6174.268571428573
BAT-003202,2025-12,14,PLT-01,EMEA,FRM-08,PRD-08,Surfactants,0.8692,0.9407,32.65,30.71,30.71,0,1056.06,47757.14,69006.24,0,21249.100000000006,406.6395405819296
BAT-003203,2025-12,14,PLT-05,LATAM,FRM-09,PRD-09,Specialty,0.8068,0.7761,23.45,18.2,18.2,0,1626.37,52213.66,47949.12,0,-4264.540000000001,600.2253091684438
BAT-003204,2025-12,14,PLT-04,EMEA,FRM-10,PRD-10,Agrochem,0.8548,0.9342,61.1,57.08,57.08,0,582.82,49540.22,71817.77,0,22277.550000000003,227.98556464811782
BAT-003205,2025-12,14,PLT-04,EMEA,FRM-05,PRD-05,Coatings,0.8807,0.9362,45.41,42.51,42.51,0,1331.69,84665.44,121773.77,0,37108.33,532.7768575203702
BAT-003206,2025-12,14,PLT-05,LATAM,FRM-08,PRD-08,Surfactants,0.8133,0.9706,13.35,12.96,12.96,0,1056.06,19594.77,28547.53,0,8952.759999999998,411.7130337078654
BAT-003207,2025-12,14,PLT-03,APAC,FRM-07,PRD-07,Catalysts,0.5676,0.8412,2.9,2.44,2.44,0,15071.8,62962.13,86823.82,0,23861.69000000001,6639.2793103448275
BAT-003208,2025-12,14,PLT-06,APAC,FRM-03,PRD-03,Solvents,0.8753,0.91,65.57,59.67,59.67,0,559.0,51034.12,75021.59,0,23987.469999999994,219.3150831172794
BAT-003209,2025-12,14,PLT-05,LATAM,FRM-06,PRD-06,Coatings,0.7727,0.8895,22.92,20.39,20.39,0,1445.54,45736.82,70050.61,0,24313.79,549.9582547993018
BAT-003210,2025-12,14,PLT-06,APAC,FRM-06,PRD-06,Coatings,0.8173,0.9167,15.15,13.89,13.89,0,1445.54,30394.83,44154.78,0,13759.949999999997,560.7194059405942
BAT-003211,2025-12,14,PLT-02,AMER,FRM-05,PRD-05,Coatings,0.8294,0.9252,43.89,40.6,40.6,0,1331.69,82869.56,119838.09,0,36968.53,556.4293893825472
BAT-003212,2025-12,14,PLT-06,APAC,FRM-06,PRD-06,Coatings,0.799,0.8962,13.37,11.99,11.99,0,1445.54,26608.59,40407.59,0,13798.999999999996,544.6312789827975
BAT-003213,2025-12,14,PLT-01,EMEA,FRM-12,PRD-12,Solvents,0.8434,0.9503,50.92,48.39,48.39,0,615.85,43805.97,70956.98,0,27151.009999999995,244.4400628436763
BAT-003214,2025-12,14,PLT-05,LATAM,FRM-01,PRD-01,Polymers,0.819,0.9349,38.35,35.86,35.86,0,765.68,40121.94,62940.27,0,22818.329999999994,280.52443285528045
BAT-003215,2025-12,14,PLT-01,EMEA,FRM-03,PRD-03,Solvents,0.8092,0.9517,93.55,89.03,89.03,0,559.0,71853.04,114136.6,0,42283.56000000001,209.07097808658466
BAT-003216,2025-12,14,PLT-05,LATAM,FRM-03,PRD-03,Solvents,0.7976,0.918,41.32,37.93,37.93,0,559.0,32920.85,49938.06,0,17017.21,237.72918683446267
BAT-003217,2025-12,14,PLT-01,EMEA,FRM-01,PRD-01,Polymers,0.8248,0.9034,56.79,51.3,51.3,0,765.68,59217.04,85648.68,0,26431.639999999992,277.05710160239494
BAT-003218,2025-12,14,PLT-02,AMER,FRM-07,PRD-07,Catalysts,0.9186,0.8474,1.48,1.25,1.25,0,15071.8,30038.51,45651.11,0,15612.600000000002,5224.490540540541
BAT-003219,2025-12,14,PLT-01,EMEA,FRM-11,PRD-11,Polymers,0.9466,0.9494,38.02,36.1,36.1,0,736.63,37234.43,57782.24,0,20547.809999999998,242.7079800105207
BAT-003220,2025-12,14,PLT-01,EMEA,FRM-09,PRD-09,Specialty,0.8481,0.8285,39.86,33.03,33.03,0,1626.37,85613.91,84538.25,0,-1075.6600000000035,521.4952784746615
BAT-003221,2025-12,14,PLT-06,APAC,FRM-02,PRD-02,Polymers,0.8695,0.9561,38.35,36.66,36.66,0,897.34,47305.02,74291.03,0,26986.010000000002,336.16769230769216
BAT-003222,2025-12,14,PLT-04,EMEA,FRM-04,PRD-04,Agrochem,0.8725,0.8843,38.77,34.29,34.29,0,550.48,29633.32,41174.07,0,11540.75,213.85634253288617
BAT-003223,2025-12,14,PLT-04,EMEA,FRM-05,PRD-05,Coatings,0.9267,0.913,20.28,18.52,0.0,1,1331.69,35544.53,0.0,0,-35544.53,420.998856015779
BAT-003224,2025-12,14,PLT-02,AMER,FRM-03,PRD-03,Solvents,0.7736,0.9349,117.01,109.39,109.39,0,559.0,90140.13,144384.56,0,54244.42999999999,211.36261857960858
BAT-003225,2025-12,14,PLT-01,EMEA,FRM-07,PRD-07,Catalysts,0.8475,0.8998,1.3,1.17,1.17,0,15071.8,26400.23,44061.15,0,17660.920000000002,5236.06923076923
BAT-003226,2025-12,14,PLT-03,APAC,FRM-10,PRD-10,Agrochem,0.6652,0.8814,71.55,63.06,63.06,0,582.82,60063.93,76526.61,0,16462.68,256.6479245283019
BAT-003227,2025-12,14,PLT-03,APAC,FRM-05,PRD-05,Coatings,0.6744,0.8393,15.27,12.82,12.82,0,1331.69,30143.21,37548.89,0,7405.68,642.3250622134904
BAT-003228,2025-12,14,PLT-05,LATAM,FRM-02,PRD-02,Polymers,0.7703,0.9748,45.49,44.34,44.34,0,897.34,57458.19,85570.61,0,28112.42,365.75496592657726
BAT-003229,2025-12,14,PLT-04,EMEA,FRM-10,PRD-10,Agrochem,0.8751,0.8835,65.83,58.16,58.16,0,582.82,53940.42,69850.58,0,15910.160000000003,236.56963998177116
BAT-003230,2025-12,14,PLT-04,EMEA,FRM-11,PRD-11,Polymers,0.8966,0.8837,28.74,25.4,25.4,0,736.63,29166.72,42962.75,0,13796.029999999999,278.21759916492704
BAT-003231,2025-12,14,PLT-02,AMER,FRM-03,PRD-03,Solvents,0.8181,0.995,63.06,62.74,62.74,0,559.0,50499.31,80434.12,0,29934.809999999998,241.81366952109101
BAT-003232,2025-12,14,PLT-06,APAC,FRM-12,PRD-12,Solvents,0.8034,0.9055,75.21,68.11,68.11,0,615.85,66032.31,100594.32,0,34562.01000000001,262.1224770642202
BAT-003233,2025-12,14,PLT-06,APAC,FRM-06,PRD-06,Coatings,0.824,0.8717,34.67,30.22,30.22,0,1445.54,71115.75,101947.63,0,30831.880000000005,605.6786328237667
BAT-003234,2025-12,14,PLT-01,EMEA,FRM-04,PRD-04,Agrochem,0.8803,0.9487,74.85,71.01,71.01,0,550.48,57140.46,84367.01,0,27226.549999999996,212.91959919839678
BAT-003235,2025-12,14,PLT-01,EMEA,FRM-02,PRD-02,Polymers,0.872,0.9048,31.84,28.81,28.81,0,897.34,38677.3,54321.82,0,15644.519999999997,317.39932160804017
BAT-003236,2025-12,14,PLT-02,AMER,FRM-02,PRD-02,Polymers,0.9041,0.9211,60.07,55.33,55.33,0,897.34,71370.41,108792.82,0,37422.41,290.78069252538705
BAT-003237,2025-12,14,PLT-01,EMEA,FRM-02,PRD-02,Polymers,0.8196,0.9356,44.0,41.17,41.17,0,897.34,53588.91,82843.76,0,29254.84999999999,320.5897727272728
BAT-003238,2025-12,14,PLT-03,APAC,FRM-07,PRD-07,Catalysts,0.5628,0.7799,1.52,1.19,1.19,0,15071.8,33627.21,42989.1,0,9361.89,7051.364473684211
BAT-003239,2025-12,14,PLT-02,AMER,FRM-03,PRD-03,Solvents,0.7872,0.9473,77.57,73.48,73.48,0,559.0,62362.43,99483.8,0,37121.37,244.9503674100813
BAT-003240,2025-12,14,PLT-01,EMEA,FRM-04,PRD-04,Agrochem,0.8507,0.9122,91.33,83.31,83.31,0,550.48,68660.3,95264.77,0,26604.47,201.30254680827773
BAT-003241,2025-12,14,PLT-06,APAC,FRM-03,PRD-03,Solvents,0.7729,0.9518,65.89,62.71,62.71,0,559.0,53158.94,80410.5,0,27251.559999999998,247.783123387464
BAT-003242,2025-12,14,PLT-06,APAC,FRM-09,PRD-09,Specialty,0.8832,0.7983,24.71,19.73,0.0,1,1626.37,52258.91,0.0,0,-52258.91,488.5191137191423
BAT-003243,2025-12,14,PLT-05,LATAM,FRM-04,PRD-04,Agrochem,0.7723,0.8943,30.72,27.47,27.47,0,550.48,23955.37,31046.87,0,7091.5,229.31720052083335
BAT-003244,2025-12,14,PLT-06,APAC,FRM-06,PRD-06,Coatings,0.8435,0.9012,27.9,25.14,0.0,1,1445.54,56539.13,0.0,0,-56539.13,580.9521146953405
BAT-003245,2025-12,14,PLT-06,APAC,FRM-08,PRD-08,Surfactants,0.8378,0.9111,37.96,34.58,34.58,0,1056.06,56120.42,75737.49,0,19617.070000000007,422.34937829293995
BAT-003246,2025-12,14,PLT-05,LATAM,FRM-08,PRD-08,Surfactants,0.8907,0.9242,41.99,38.81,38.81,0,1056.06,60383.37,88387.84,0,28004.469999999994,381.9816765896642
BAT-003247,2025-12,14,PLT-06,APAC,FRM-05,PRD-05,Coatings,0.8566,0.961,19.2,18.45,18.45,0,1331.69,35295.6,54697.98,0,19402.380000000005,506.62249999999995
BAT-003248,2025-12,14,PLT-02,AMER,FRM-03,PRD-03,Solvents,0.8609,0.9587,46.42,44.5,44.5,0,559.0,34970.97,56944.74,0,21973.769999999997,194.35997414907365
BAT-003249,2025-12,14,PLT-01,EMEA,FRM-07,PRD-07,Catalysts,0.8309,0.8847,3.53,3.12,3.12,0,15071.8,75690.18,111517.73,0,35827.55,6370.177337110483
BAT-003250,2025-12,14,PLT-03,APAC,FRM-10,PRD-10,Agrochem,0.6171,0.8505,38.49,32.74,32.74,0,582.82,33590.64,38666.1,0,5075.459999999999,289.89083398285254
BAT-003251,2025-12,14,PLT-06,APAC,FRM-07,PRD-07,Catalysts,0.769,0.8538,1.21,1.03,1.03,0,15071.8,25244.95,38664.2,0,13419.249999999996,5791.795041322315
BAT-003252,2025-12,14,PLT-02,AMER,FRM-03,PRD-03,Solvents,0.8685,0.9464,107.87,102.09,102.09,0,559.0,80835.82,130073.47,0,49237.649999999994,190.3818485213684
BAT-003253,2025-12,14,PLT-04,EMEA,FRM-01,PRD-01,Polymers,0.8819,0.9166,79.68,73.03,73.03,0,765.68,85288.83,126547.46,0,41258.630000000005,304.7119427710844
BAT-003254,2025-12,14,PLT-01,EMEA,FRM-06,PRD-06,Coatings,0.8601,0.9294,28.31,26.31,26.31,0,1445.54,55222.01,90530.69,0,35308.68,505.07850936065006
BAT-003255,2025-12,14,PLT-04,EMEA,FRM-05,PRD-05,Coatings,0.8405,0.9037,24.74,22.36,22.36,0,1331.69,45858.17,67638.26,0,21780.089999999997,521.9142845594179
BAT-003256,2025-12,14,PLT-03,APAC,FRM-11,PRD-11,Polymers,0.6256,0.8875,46.31,41.1,41.1,0,736.63,49586.97,66286.71,0,16699.740000000005,334.131606564457
BAT-003257,2025-12,14,PLT-03,APAC,FRM-07,PRD-07,Catalysts,0.6173,0.801,2.17,1.74,1.74,0,15071.8,48384.2,61432.47,0,13048.270000000004,7225.066359447006
BAT-003258,2025-12,14,PLT-06,APAC,FRM-01,PRD-01,Polymers,0.8298,0.9477,64.77,61.38,61.38,0,765.68,67958.7,111745.55,0,43786.850000000006,283.5511255210746
BAT-003259,2025-12,14,PLT-05,LATAM,FRM-08,PRD-08,Surfactants,0.8031,0.9762,35.88,35.03,35.03,0,1056.06,51957.05,77174.88,0,25217.83,392.01831661092524
BAT-003260,2025-12,14,PLT-06,APAC,FRM-06,PRD-06,Coatings,0.8548,0.8811,20.82,18.35,18.35,0,1445.54,40321.28,59596.92,0,19275.64,491.12090297790587
BAT-003261,2025-12,14,PLT-03,APAC,FRM-02,PRD-02,Polymers,0.6855,0.86,34.23,29.43,29.43,0,897.34,44430.84,59516.25,0,15085.410000000003,400.668764241893
BAT-003262,2025-12,14,PLT-03,APAC,FRM-12,PRD-12,Solvents,0.6234,0.8985,54.75,49.19,49.19,0,615.85,49550.19,67956.34,0,18406.149999999994,289.17630136986304
BAT-003263,2025-12,14,PLT-02,AMER,FRM-07,PRD-07,Catalysts,0.8186,0.8657,3.88,3.35,3.35,0,15071.8,80493.88,125458.8,0,44964.92,5674.045360824744
BAT-003264,2025-12,14,PLT-06,APAC,FRM-07,PRD-07,Catalysts,0.8648,0.8998,2.97,2.67,2.67,0,15071.8,60498.93,100416.93,0,39917.99999999999,5298.2101010101
BAT-003265,2025-12,14,PLT-03,APAC,FRM-08,PRD-08,Surfactants,0.6282,0.8701,45.78,39.84,39.84,0,1056.06,71000.87,90535.43,0,19534.559999999998,494.8545915246832
BAT-003266,2025-12,14,PLT-03,APAC,FRM-03,PRD-03,Solvents,0.664,0.9159,80.86,74.05,74.05,0,559.0,63782.12,94621.85,0,30839.730000000003,229.79693297056644
BAT-003267,2025-12,14,PLT-01,EMEA,FRM-02,PRD-02,Polymers,0.8574,0.9222,55.79,51.45,51.45,0,897.34,70734.01,106314.2,0,35580.19,370.52180319053593
BAT-003268,2025-12,14,PLT-03,APAC,FRM-04,PRD-04,Agrochem,0.5636,0.8924,54.65,48.77,0.0,1,550.48,44100.33,0.0,0,-44100.33,256.47937785910347
BAT-003269,2025-12,14,PLT-02,AMER,FRM-06,PRD-06,Coatings,0.8237,0.8504,26.66,22.67,0.0,1,1445.54,53033.57,0.0,0,-53033.57,543.7161890472619
BAT-003270,2025-12,14,PLT-06,APAC,FRM-03,PRD-03,Solvents,0.8581,0.9705,32.43,31.47,31.47,0,559.0,25476.63,41966.28,0,16489.649999999998,226.5883441258095
BAT-003271,2025-12,14,PLT-02,AMER,FRM-01,PRD-01,Polymers,0.8425,0.9148,49.27,45.08,45.08,0,765.68,52544.89,82121.71,0,29576.820000000007,300.7882362492388
BAT-003272,2025-12,14,PLT-01,EMEA,FRM-03,PRD-03,Solvents,0.9173,0.9313,41.08,38.26,38.26,0,559.0,30817.19,50010.48,0,19193.290000000005,191.17502434274581
BAT-003273,2025-12,14,PLT-05,LATAM,FRM-06,PRD-06,Coatings,0.8471,0.8696,25.27,21.98,21.98,0,1445.54,48951.28,73449.97,0,24498.690000000002,491.59019390581716
BAT-003274,2025-12,14,PLT-06,APAC,FRM-05,PRD-05,Coatings,0.854,0.8904,35.31,31.44,31.44,0,1331.69,66125.77,96852.14,0,30726.369999999995,541.030758991787
BAT-003275,2025-12,14,PLT-05,LATAM,FRM-08,PRD-08,Surfactants,0.7846,0.9322,22.52,21.0,21.0,0,1056.06,32563.25,50198.47,0,17635.22,389.91024866785096
BAT-003276,2025-12,14,PLT-01,EMEA,FRM-01,PRD-01,Polymers,0.9048,0.9568,23.6,22.58,22.58,0,765.68,24784.53,40060.05,0,15275.520000000004,284.51194915254234
BAT-003277,2025-12,14,PLT-06,APAC,FRM-08,PRD-08,Surfactants,0.7788,0.9183,29.38,26.98,26.98,0,1056.06,43213.45,61099.47,0,17886.020000000004,414.78581347855675
BAT-003278,2025-12,14,PLT-01,EMEA,FRM-04,PRD-04,Agrochem,0.8429,0.9199,57.78,53.15,53.15,0,550.48,45266.17,63256.63,0,17990.46,232.9428106611283
BAT-003279,2025-12,14,PLT-03,APAC,FRM-06,PRD-06,Coatings,0.5839,0.8935,20.73,18.52,0.0,1,1445.54,44241.89,0.0,0,-44241.89,688.6563338157262
BAT-003280,2025-12,14,PLT-05,LATAM,FRM-07,PRD-07,Catalysts,0.7454,0.8444,1.5,1.27,1.27,0,15071.8,31344.6,44538.82,0,13194.220000000001,5824.5999999999985
BAT-003281,2025-12,14,PLT-02,AMER,FRM-12,PRD-12,Solvents,0.7829,0.9025,47.0,42.42,42.42,0,615.85,41760.98,60679.4,0,18918.42,272.6814893617021
BAT-003282,2025-12,14,PLT-01,EMEA,FRM-01,PRD-01,Polymers,0.8934,0.9309,26.15,24.35,24.35,0,765.68,26722.28,44247.31,0,17525.03,256.20451242829836
BAT-003283,2025-12,14,PLT-02,AMER,FRM-07,PRD-07,Catalysts,0.7956,0.8471,3.09,2.62,2.62,0,15071.8,65143.65,97976.6,0,32832.950000000004,6010.28737864078
BAT-003284,2025-12,14,PLT-02,AMER,FRM-09,PRD-09,Specialty,0.7771,0.8158,34.16,27.86,27.86,0,1626.37,73756.54,70952.53,0,-2804.0099999999948,532.7792974238878
BAT-003285,2025-12,14,PLT-02,AMER,FRM-12,PRD-12,Solvents,0.8986,0.9611,36.21,34.8,34.8,0,615.85,30567.01,51038.16,0,20471.150000000005,228.30934824634073
BAT-003286,2025-12,14,PLT-03,APAC,FRM-01,PRD-01,Polymers,0.6141,0.9027,33.5,30.24,30.24,0,765.68,37058.67,50536.07,0,13477.400000000001,340.5489552238806
BAT-003287,2025-12,14,PLT-02,AMER,FRM-09,PRD-09,Specialty,0.8501,0.818,42.79,35.0,35.0,0,1626.37,92145.66,89702.29,0,-2443.37000000001,527.0691212900215
BAT-003288,2025-12,14,PLT-03,APAC,FRM-07,PRD-07,Catalysts,0.6419,0.8457,2.27,1.92,1.92,0,15071.8,50241.22,69168.22,0,18927.0,7060.896035242291
BAT-003289,2025-12,14,PLT-04,EMEA,FRM-11,PRD-11,Polymers,0.8188,0.9744,42.12,41.04,41.04,0,736.63,43543.17,67598.17,0,24055.0,297.15846153846167
BAT-003290,2025-12,14,PLT-01,EMEA,FRM-07,PRD-07,Catalysts,0.8215,0.8648,1.8,1.56,1.56,0,15071.8,38459.96,56415.85,0,17955.89,6294.844444444443
BAT-003291,2025-12,14,PLT-05,LATAM,FRM-11,PRD-11,Polymers,0.7839,0.8746,31.84,27.85,27.85,0,736.63,33181.18,44156.39,0,10975.21,305.492487437186
BAT-003292,2025-12,14,PLT-04,EMEA,FRM-06,PRD-06,Coatings,0.8424,0.9419,16.41,15.46,15.46,0,1445.54,32467.82,49187.49,0,16719.67,532.9986959171238
BAT-003293,2025-12,14,PLT-05,LATAM,FRM-07,PRD-07,Catalysts,0.8461,0.868,2.14,1.86,1.86,0,15071.8,45345.71,66646.2,0,21300.489999999998,6117.784112149533
BAT-003294,2025-12,14,PLT-03,APAC,FRM-07,PRD-07,Catalysts,0.5539,0.8541,1.57,1.34,1.34,0,15071.8,34408.31,48375.01,0,13966.700000000004,6844.32101910828
BAT-003295,2025-12,14,PLT-01,EMEA,FRM-01,PRD-01,Polymers,0.8902,0.9067,67.63,61.32,0.0,1,765.68,71944.93,0.0,0,-71944.93,298.1220109418897
BAT-003296,2025-12,14,PLT-06,APAC,FRM-04,PRD-04,Agrochem,0.8667,0.8935,67.81,60.59,60.59,0,550.48,52367.14,73503.97,0,21136.83,221.78279309836307
BAT-003297,2025-12,14,PLT-03,APAC,FRM-08,PRD-08,Surfactants,0.6864,0.9255,30.61,28.33,0.0,1,1056.06,45455.83,0.0,0,-45455.83,428.9393466187521
BAT-003298,2025-12,14,PLT-04,EMEA,FRM-08,PRD-08,Surfactants,0.9,0.935,25.2,23.56,23.56,0,1056.06,35932.83,51977.96,0,16045.129999999997,369.84595238095244
BAT-003299,2025-12,14,PLT-04,EMEA,FRM-01,PRD-01,Polymers,0.8561,0.9159,54.51,49.92,49.92,0,765.68,57040.14,89531.83,0,32491.690000000002,280.7360704457898
BAT-003300,2025-12,14,PLT-06,APAC,FRM-03,PRD-03,Solvents,0.7409,0.9605,88.7,85.2,85.2,0,559.0,72418.2,108303.46,0,35885.26000000001,257.4396843291995
BAT-003301,2026-01,15,PLT-06,APAC,FRM-04,PRD-04,Agrochem,0.8447,0.8804,40.88,35.99,35.99,0,548.72,31467.07,43001.38,0,11534.309999999998,221.02241682974557
BAT-003302,2026-01,15,PLT-04,EMEA,FRM-11,PRD-11,Polymers,0.875,0.919,32.99,30.32,30.32,0,734.28,33992.25,49629.34,0,15637.089999999997,296.10041830857836
BAT-003303,2026-01,15,PLT-05,LATAM,FRM-03,PRD-03,Solvents,0.7888,0.9281,38.11,35.37,35.37,0,557.21,29132.7,47666.67,0,18533.969999999998,207.2271556022041
BAT-003304,2026-01,15,PLT-02,AMER,FRM-12,PRD-12,Solvents,0.874,0.995,47.01,46.78,46.78,0,613.88,38733.43,66181.75,0,27448.32,210.0602254839397
BAT-003305,2026-01,15,PLT-03,APAC,FRM-02,PRD-02,Polymers,0.5718,0.9163,36.14,33.11,33.11,0,894.47,48185.43,64791.31,0,16605.879999999997,438.82911455451017
BAT-003306,2026-01,15,PLT-01,EMEA,FRM-07,PRD-07,Catalysts,0.8174,0.8387,2.12,1.78,1.78,0,15023.67,44202.43,65327.09,0,21124.659999999996,5826.532830188678
BAT-003307,2026-01,15,PLT-02,AMER,FRM-05,PRD-05,Coatings,0.8533,0.8277,39.86,32.99,32.99,0,1327.43,72738.71,98126.81,0,25388.09999999999,497.4247415955847
BAT-003308,2026-01,15,PLT-03,APAC,FRM-09,PRD-09,Specialty,0.713,0.7587,28.74,21.8,21.8,0,1621.18,63155.95,57050.88,0,-6105.07,576.3130410577594
BAT-003309,2026-01,15,PLT-01,EMEA,FRM-06,PRD-06,Coatings,0.8065,0.8912,28.77,25.64,25.64,0,1440.92,58294.4,85175.77,0,26881.370000000003,585.3017587765032
BAT-003310,2026-01,15,PLT-05,LATAM,FRM-01,PRD-01,Polymers,0.8013,0.9598,29.59,28.4,28.4,0,763.24,32369.48,47165.29,0,14795.810000000001,330.6930855018586
BAT-003311,2026-01,15,PLT-03,APAC,FRM-05,PRD-05,Coatings,0.604,0.8671,14.43,12.51,12.51,0,1327.43,28511.65,37947.85,0,9436.199999999997,648.429320859321
BAT-003312,2026-01,15,PLT-06,APAC,FRM-09,PRD-09,Specialty,0.8293,0.8117,16.41,13.32,13.32,0,1621.18,36202.67,35746.13,0,-456.5400000000009,584.9546739792806
BAT-003313,2026-01,15,PLT-05,LATAM,FRM-03,PRD-03,Solvents,0.8301,0.9804,29.57,28.99,28.99,0,557.21,22497.69,39247.19,0,16749.500000000004,203.61820426107533
BAT-003314,2026-01,15,PLT-05,LATAM,FRM-09,PRD-09,Specialty,0.8339,0.8063,27.62,22.27,22.27,0,1621.18,61412.54,55991.29,0,-5421.25,602.3008110065168
BAT-003315,2026-01,15,PLT-01,EMEA,FRM-01,PRD-01,Polymers,0.8674,0.9413,57.31,53.94,53.94,0,763.24,60424.77,90980.65,0,30555.879999999997,291.109502704589
BAT-003316,2026-01,15,PLT-05,LATAM,FRM-09,PRD-09,Specialty,0.8477,0.8072,26.15,21.11,21.11,0,1621.18,56639.47,52764.51,0,-3874.959999999999,544.7653154875718
BAT-003317,2026-01,15,PLT-05,LATAM,FRM-01,PRD-01,Polymers,0.8003,0.9376,19.22,18.02,18.02,0,763.24,20352.38,30420.41,0,10068.029999999999,295.67675338189406
BAT-003318,2026-01,15,PLT-05,LATAM,FRM-10,PRD-10,Agrochem,0.8389,0.8909,32.25,28.73,28.73,0,580.95,26493.86,36368.87,0,9875.010000000002,240.56503875968986
BAT-003319,2026-01,15,PLT-02,AMER,FRM-01,PRD-01,Polymers,0.8553,0.9145,72.52,66.32,66.32,0,763.24,75106.24,114760.13,0,39653.89,272.42243794815226
BAT-003320,2026-01,15,PLT-01,EMEA,FRM-08,PRD-08,Surfactants,0.8007,0.9575,45.6,43.66,43.66,0,1052.69,65820.65,98186.28,0,32365.630000000005,390.7453070175436
BAT-003321,2026-01,15,PLT-06,APAC,FRM-02,PRD-02,Polymers,0.778,0.9399,37.85,35.57,35.57,0,894.47,46286.61,69768.91,0,23482.300000000003,328.4259048877145
BAT-003322,2026-01,15,PLT-05,LATAM,FRM-09,PRD-09,Specialty,0.8019,0.8657,15.7,13.59,13.59,0,1621.18,33606.9,33540.74,0,-66.16000000000349,519.3868789808919
BAT-003323,2026-01,15,PLT-04,EMEA,FRM-09,PRD-09,Specialty,0.8903,0.8226,41.02,33.74,33.74,0,1621.18,88949.09,85966.4,0,-2982.6900000000023,547.2522281813747
BAT-003324,2026-01,15,PLT-01,EMEA,FRM-06,PRD-06,Coatings,0.9088,0.952,32.3,30.75,30.75,0,1440.92,61786.4,104079.04,0,42292.63999999999,471.97164086687326
BAT-003325,2026-01,15,PLT-06,APAC,FRM-04,PRD-04,Agrochem,0.8022,0.9376,79.22,74.28,74.28,0,548.72,60437.11,84655.1,0,24217.990000000005,214.18217116889673
BAT-003326,2026-01,15,PLT-02,AMER,FRM-10,PRD-10,Agrochem,0.816,0.9331,66.1,61.68,61.68,0,580.95,52171.06,72214.23,0,20043.17,208.32473524962177
BAT-003327,2026-01,15,PLT-02,AMER,FRM-08,PRD-08,Surfactants,0.8571,0.923,31.43,29.01,29.01,0,1052.69,45277.09,63158.18,0,17881.090000000004,387.87920139993616
BAT-003328,2026-01,15,PLT-04,EMEA,FRM-02,PRD-02,Polymers,0.8898,0.9234,59.0,54.48,54.48,0,894.47,72429.87,112698.86,0,40268.990000000005,333.15491525423727
BAT-003329,2026-01,15,PLT-03,APAC,FRM-02,PRD-02,Polymers,0.6319,0.8975,21.38,19.19,19.19,0,894.47,28069.75,37255.43,0,9185.68,418.4275678203928
BAT-003330,2026-01,15,PLT-04,EMEA,FRM-11,PRD-11,Polymers,0.8676,0.931,53.26,49.58,49.58,0,734.28,53495.4,81554.65,0,28059.249999999993,270.13982726248605
BAT-003331,2026-01,15,PLT-06,APAC,FRM-11,PRD-11,Polymers,0.806,0.9228,72.04,66.47,66.47,0,734.28,75607.15,104398.6,0,28791.45000000001,315.23624097723473
BAT-003332,2026-01,15,PLT-04,EMEA,FRM-12,PRD-12,Solvents,0.9219,0.978,47.44,46.39,46.39,0,613.88,39038.03,69062.78,0,30024.75,209.01270657672853
BAT-003333,2026-01,15,PLT-06,APAC,FRM-02,PRD-02,Polymers,0.8639,0.9208,48.87,45.0,45.0,0,894.47,59393.8,90672.34,0,31278.539999999994,320.8727460609782
BAT-003334,2026-01,15,PLT-01,EMEA,FRM-09,PRD-09,Specialty,0.8648,0.8371,43.68,36.56,36.56,0,1621.18,91929.64,98502.15,0,6572.509999999995,483.43630036630043
BAT-003335,2026-01,15,PLT-03,APAC,FRM-05,PRD-05,Coatings,0.6383,0.8614,31.02,26.72,26.72,0,1327.43,60893.12,81898.4,0,21005.27999999999,635.5977240490006
BAT-003336,2026-01,15,PLT-03,APAC,FRM-06,PRD-06,Coatings,0.6785,0.9145,17.21,15.74,15.74,0,1440.92,35544.15,51740.25,0,16196.099999999999,624.3995816385823
BAT-003337,2026-01,15,PLT-01,EMEA,FRM-04,PRD-04,Agrochem,0.8881,0.9194,56.76,52.18,52.18,0,548.72,43259.88,62605.62,0,19345.740000000005,213.43433403805489
BAT-003338,2026-01,15,PLT-02,AMER,FRM-01,PRD-01,Polymers,0.8944,0.9656,46.21,44.62,44.62,0,763.24,47595.99,79927.14,0,32331.15,266.7532914953472
BAT-003339,2026-01,15,PLT-04,EMEA,FRM-04,PRD-04,Agrochem,0.911,0.9067,37.87,34.34,34.34,0,548.72,28102.22,41431.77,0,13329.549999999996,193.3507684182731
BAT-003340,2026-01,15,PLT-03,APAC,FRM-04,PRD-04,Agrochem,0.5831,0.9111,29.97,27.31,27.31,0,548.72,23951.86,33328.36,0,9376.5,250.4745278611946
BAT-003341,2026-01,15,PLT-02,AMER,FRM-11,PRD-11,Polymers,0.8204,0.9457,61.91,58.54,58.54,0,734.28,62951.03,98348.51,0,35397.479999999996,282.53521563560014
BAT-003342,2026-01,15,PLT-03,APAC,FRM-02,PRD-02,Polymers,0.6456,0.8637,54.5,47.07,47.07,0,894.47,72187.4,91782.63,0,19595.23000000001,430.06944954128426
BAT-003343,2026-01,15,PLT-06,APAC,FRM-04,PRD-04,Agrochem,0.8357,0.9758,62.07,60.57,60.57,0,548.72,46325.2,72459.02,0,26133.820000000007,197.61800547768644
BAT-003344,2026-01,15,PLT-02,AMER,FRM-09,PRD-09,Specialty,0.7429,0.7883,40.55,31.97,31.97,0,1621.18,91029.3,85837.98,0,-5191.320000000007,623.6855980271273
BAT-003345,2026-01,15,PLT-01,EMEA,FRM-04,PRD-04,Agrochem,0.8809,0.9226,31.96,29.49,29.49,0,548.72,23437.63,33705.0,0,10267.369999999999,184.62261576971207
BAT-003346,2026-01,15,PLT-06,APAC,FRM-06,PRD-06,Coatings,0.8678,0.9505,13.63,12.95,12.95,0,1440.92,27204.04,45152.92,0,17948.879999999997,554.9743506969919
BAT-003347,2026-01,15,PLT-06,APAC,FRM-06,PRD-06,Coatings,0.7958,0.965,23.46,22.64,22.64,0,1440.92,47684.82,79114.91,0,31430.090000000004,591.6810230179026
BAT-003348,2026-01,15,PLT-03,APAC,FRM-04,PRD-04,Agrochem,0.6403,0.8437,56.62,47.77,47.77,0,548.72,46090.4,55242.04,0,9151.64,265.31037795831867
BAT-003349,2026-01,15,PLT-05,LATAM,FRM-10,PRD-10,Agrochem,0.8321,0.9277,42.83,39.73,39.73,0,580.95,35391.81,47151.92,0,11760.11,245.38224375437767
BAT-003350,2026-01,15,PLT-06,APAC,FRM-01,PRD-01,Polymers,0.8097,0.9209,65.45,60.27,60.27,0,763.24,70183.2,104854.57,0,34671.37000000001,309.0777998472115
BAT-003351,2026-01,15,PLT-02,AMER,FRM-04,PRD-04,Agrochem,0.8698,0.9585,95.37,91.42,91.42,0,548.72,72218.34,112409.73,0,40191.39,208.52378735451384
BAT-003352,2026-01,15,PLT-04,EMEA,FRM-10,PRD-10,Agrochem,0.9116,0.9792,64.95,63.6,63.6,0,580.95,52148.99,78074.12,0,25925.129999999997,221.95977675134702
BAT-003353,2026-01,15,PLT-02,AMER,FRM-08,PRD-08,Surfactants,0.7972,0.9293,39.48,36.69,36.69,0,1052.69,57962.11,83589.62,0,25627.509999999995,415.4485511651469
BAT-003354,2026-01,15,PLT-01,EMEA,FRM-05,PRD-05,Coatings,0.8902,0.886,43.28,38.34,38.34,0,1327.43,78186.43,115253.52,0,37067.09000000001,479.09564695009226
BAT-003355,2026-01,15,PLT-04,EMEA,FRM-07,PRD-07,Catalysts,0.8764,0.8452,2.45,2.07,2.07,0,15023.67,51049.68,77254.69,0,26205.010000000002,5812.934081632653
BAT-003356,2026-01,15,PLT-04,EMEA,FRM-12,PRD-12,Solvents,0.9038,0.9204,39.6,36.45,36.45,0,613.88,33742.86,51556.08,0,17813.22,238.21242424242428
BAT-003357,2026-01,15,PLT-03,APAC,FRM-11,PRD-11,Polymers,0.6285,0.8938,57.1,51.03,0.0,1,734.28,62001.39,0.0,0,-62001.39,351.5587040280211
BAT-003358,2026-01,15,PLT-02,AMER,FRM-12,PRD-12,Solvents,0.8042,0.9746,85.06,82.89,82.89,0,613.88,72787.47,120358.87,0,47571.399999999994,241.83913943098992
BAT-003359,2026-01,15,PLT-02,AMER,FRM-05,PRD-05,Coatings,0.7985,0.8713,17.19,14.97,14.97,0,1327.43,32416.38,43397.06,0,10980.679999999997,558.3396335078533
BAT-003360,2026-01,15,PLT-03,APAC,FRM-10,PRD-10,Agrochem,0.665,0.8643,51.14,44.2,44.2,0,580.95,42084.43,54588.25,0,12503.82,241.9758897145091
BAT-003361,2026-01,15,PLT-06,APAC,FRM-04,PRD-04,Agrochem,0.7608,0.9525,40.28,38.37,38.37,0,548.72,31992.82,45355.66,0,13362.840000000004,245.54067527308837
BAT-003362,2026-01,15,PLT-06,APAC,FRM-02,PRD-02,Polymers,0.8421,0.9417,54.27,51.11,51.11,0,894.47,66924.28,99743.29,0,32819.009999999995,338.70265524230695
BAT-003363,2026-01,15,PLT-06,APAC,FRM-01,PRD-01,Polymers,0.8407,0.9795,47.04,46.08,46.08,0,763.24,51168.95,78955.69,0,27786.740000000005,324.53529761904747
BAT-003364,2026-01,15,PLT-06,APAC,FRM-03,PRD-03,Solvents,0.7539,0.9471,51.45,48.73,48.73,0,557.21,41008.88,63323.16,0,22314.280000000006,239.8527793974731
BAT-003365,2026-01,15,PLT-01,EMEA,FRM-11,PRD-11,Polymers,0.8418,0.9249,36.85,34.08,34.08,0,734.28,38182.46,57252.12,0,19069.660000000003,301.8790230664856
BAT-003366,2026-01,15,PLT-03,APAC,FRM-12,PRD-12,Solvents,0.6298,0.9463,47.32,44.78,44.78,0,613.88,41864.55,63599.82,0,21735.269999999997,270.83153846153857
BAT-003367,2026-01,15,PLT-03,APAC,FRM-01,PRD-01,Polymers,0.6082,0.9355,51.37,48.05,48.05,0,763.24,57418.37,81802.62,0,24384.249999999993,354.5012886898969
BAT-003368,2026-01,15,PLT-03,APAC,FRM-07,PRD-07,Catalysts,0.6413,0.8357,1.97,1.65,1.65,0,15023.67,44013.04,61420.24,0,17407.199999999997,7317.974670050762
BAT-003369,2026-01,15,PLT-01,EMEA,FRM-05,PRD-05,Coatings,0.8041,0.8841,18.72,16.55,16.55,0,1327.43,35090.23,49084.26,0,13994.029999999999,547.0480982905985
BAT-003370,2026-01,15,PLT-05,LATAM,FRM-04,PRD-04,Agrochem,0.754,0.9446,67.33,63.6,63.6,0,548.72,52394.72,75919.87,0,23525.149999999994,229.45792960047527
BAT-003371,2026-01,15,PLT-03,APAC,FRM-12,PRD-12,Solvents,0.632,0.9252,27.05,25.02,25.02,0,613.88,24691.98,33900.84,0,9208.859999999997,298.9473567467652
BAT-003372,2026-01,15,PLT-04,EMEA,FRM-01,PRD-01,Polymers,0.8533,0.9036,60.72,54.86,54.86,0,763.24,63119.94,92488.15,0,29368.209999999992,276.28470355731224
BAT-003373,2026-01,15,PLT-04,EMEA,FRM-08,PRD-08,Surfactants,0.9056,0.9223,59.68,55.04,55.04,0,1052.69,85150.74,122839.77,0,37689.03,374.0985388739946
BAT-003374,2026-01,15,PLT-02,AMER,FRM-05,PRD-05,Coatings,0.8297,0.8901,20.7,18.42,18.42,0,1327.43,37109.06,53262.38,0,16153.32,465.27821256038646
BAT-003375,2026-01,15,PLT-05,LATAM,FRM-08,PRD-08,Surfactants,0.784,0.9892,33.55,33.19,33.19,0,1052.69,49357.31,72369.76,0,23012.449999999997,418.46678092399407
BAT-003376,2026-01,15,PLT-05,LATAM,FRM-07,PRD-07,Catalysts,0.7892,0.8901,2.31,2.05,2.05,0,15023.67,49422.21,71858.67,0,22436.46,6371.226103896102
BAT-003377,2026-01,15,PLT-05,LATAM,FRM-09,PRD-09,Specialty,0.8274,0.8457,23.2,19.62,19.62,0,1621.18,50413.76,51859.64,0,1445.8799999999974,551.8268965517243
BAT-003378,2026-01,15,PLT-05,LATAM,FRM-06,PRD-06,Coatings,0.7795,0.9423,22.3,21.02,21.02,0,1440.92,44518.88,68361.97,0,23843.090000000004,555.4423318385648
BAT-003379,2026-01,15,PLT-06,APAC,FRM-04,PRD-04,Agrochem,0.8293,0.8612,90.89,78.27,78.27,0,548.72,67696.01,87739.68,0,20043.67,196.09252062933206
BAT-003380,2026-01,15,PLT-02,AMER,FRM-03,PRD-03,Solvents,0.8099,0.9682,107.11,103.7,103.7,0,557.21,83247.06,143043.86,0,59796.79999999999,220.0009046774344
BAT-003381,2026-01,15,PLT-06,APAC,FRM-08,PRD-08,Surfactants,0.8862,0.9427,20.79,19.6,19.6,0,1052.69,29824.71,46957.64,0,17132.93,381.8799855699856
BAT-003382,2026-01,15,PLT-02,AMER,FRM-11,PRD-11,Polymers,0.8652,0.8968,68.34,61.29,61.29,0,734.28,67879.18,99933.97,0,32054.790000000008,258.9769505414105
BAT-003383,2026-01,15,PLT-03,APAC,FRM-09,PRD-09,Specialty,0.6228,0.7739,40.92,31.67,0.0,1,1621.18,92631.89,0.0,0,-92631.89,642.5514271749755
BAT-003384,2026-01,15,PLT-02,AMER,FRM-08,PRD-08,Surfactants,0.8378,0.9527,21.58,20.56,20.56,0,1052.69,31060.43,47037.32,0,15976.89,386.62556997219644
BAT-003385,2026-01,15,PLT-01,EMEA,FRM-03,PRD-03,Solvents,0.8337,0.9508,76.05,72.31,72.31,0,557.21,58086.82,92243.44,0,34156.62,206.58776462853382
BAT-003386,2026-01,15,PLT-04,EMEA,FRM-12,PRD-12,Solvents,0.8362,0.9241,56.94,52.62,52.62,0,613.88,49864.94,73715.1,0,23850.160000000003,261.86534597822276
BAT-003387,2026-01,15,PLT-02,AMER,FRM-09,PRD-09,Specialty,0.8739,0.8348,54.93,45.85,45.85,0,1621.18,121640.06,122734.78,0,1094.7200000000012,593.2758529036953
BAT-003388,2026-01,15,PLT-05,LATAM,FRM-08,PRD-08,Surfactants,0.815,0.995,31.35,31.19,31.19,0,1052.69,46554.31,70165.83,0,23611.520000000004,432.2959649122804
BAT-003389,2026-01,15,PLT-05,LATAM,FRM-05,PRD-05,Coatings,0.8336,0.881,20.84,18.36,18.36,0,1327.43,39095.08,54573.47,0,15478.39,548.5335316698656
BAT-003390,2026-01,15,PLT-02,AMER,FRM-03,PRD-03,Solvents,0.836,0.9602,83.69,80.36,80.36,0,557.21,62956.88,109332.69,0,46375.810000000005,195.05287489544742
BAT-003391,2026-01,15,PLT-01,EMEA,FRM-02,PRD-02,Polymers,0.8143,0.9038,43.53,39.34,39.34,0,894.47,53692.46,79600.75,0,25908.29,338.9887640707557
BAT-003392,2026-01,15,PLT-05,LATAM,FRM-10,PRD-10,Agrochem,0.8113,0.9145,49.55,45.32,45.32,0,580.95,39175.57,53612.49,0,14436.919999999998,209.67704339051465
BAT-003393,2026-01,15,PLT-05,LATAM,FRM-10,PRD-10,Agrochem,0.8036,0.9193,42.12,38.72,38.72,0,580.95,33702.32,48294.34,0,14592.019999999997,219.20004748338079
BAT-003394,2026-01,15,PLT-05,LATAM,FRM-03,PRD-03,Solvents,0.8345,0.9431,21.99,20.74,20.74,0,557.21,17086.2,26109.86,0,9023.66,219.78863574351988
BAT-003395,2026-01,15,PLT-06,APAC,FRM-08,PRD-08,Surfactants,0.8603,0.9604,23.3,22.37,22.37,0,1052.69,34179.51,51264.91,0,17085.4,414.24175965665245
BAT-003396,2026-01,15,PLT-04,EMEA,FRM-02,PRD-02,Polymers,0.9017,0.9105,38.1,34.69,34.69,0,894.47,46764.12,66777.32,0,20013.200000000004,332.9347244094488
BAT-003397,2026-01,15,PLT-04,EMEA,FRM-02,PRD-02,Polymers,0.8996,0.9199,40.85,37.58,37.58,0,894.47,51065.4,77899.72,0,26834.32,355.60099143206844
BAT-003398,2026-01,15,PLT-04,EMEA,FRM-01,PRD-01,Polymers,0.8923,0.9214,35.73,32.92,32.92,0,763.24,38346.99,57220.19,0,18873.200000000004,310.0034928631403
BAT-003399,2026-01,15,PLT-06,APAC,FRM-05,PRD-05,Coatings,0.8311,0.8741,25.81,22.56,22.56,0,1327.43,48108.83,69866.37,0,21757.539999999994,536.5308678806664
BAT-003400,2026-01,15,PLT-03,APAC,FRM-03,PRD-03,Solvents,0.6744,0.9735,72.36,70.44,70.44,0,557.21,57126.74,90561.58,0,33434.840000000004,232.26954671088993
BAT-003401,2026-01,15,PLT-02,AMER,FRM-06,PRD-06,Coatings,0.8636,0.9051,16.71,15.12,15.12,0,1440.92,33699.93,52710.4,0,19010.47,575.8322441651703
BAT-003402,2026-01,15,PLT-03,APAC,FRM-08,PRD-08,Surfactants,0.6719,0.9024,18.45,16.65,16.65,0,1052.69,28736.14,38442.7,0,9706.559999999998,504.82436314363144
BAT-003403,2026-01,15,PLT-02,AMER,FRM-09,PRD-09,Specialty,0.8486,0.8512,28.63,24.37,24.37,0,1621.18,61406.66,62796.5,0,1389.8399999999965,523.656185819071
BAT-003404,2026-01,15,PLT-03,APAC,FRM-05,PRD-05,Coatings,0.6058,0.9082,36.3,32.97,32.97,0,1327.43,71783.66,101472.87,0,29689.209999999992,650.0812947658403
BAT-003405,2026-01,15,PLT-06,APAC,FRM-10,PRD-10,Agrochem,0.8121,0.9227,82.62,76.23,76.23,0,580.95,65532.19,90154.25,0,24622.059999999998,212.22586540789155
BAT-003406,2026-01,15,PLT-04,EMEA,FRM-10,PRD-10,Agrochem,0.9226,0.9377,34.27,32.14,32.14,0,580.95,27318.69,37558.64,0,10239.95,216.21049022468617
BAT-003407,2026-01,15,PLT-04,EMEA,FRM-06,PRD-06,Coatings,0.8571,0.9365,37.42,35.04,35.04,0,1440.92,75870.27,121306.63,0,45436.36,586.612602886157
BAT-003408,2026-01,15,PLT-06,APAC,FRM-11,PRD-11,Polymers,0.8723,0.9833,48.95,48.13,48.13,0,734.28,50254.31,81391.32,0,31137.01000000001,292.3657609805923
BAT-003409,2026-01,15,PLT-04,EMEA,FRM-07,PRD-07,Catalysts,0.9075,0.9382,3.49,3.28,3.28,0,15023.67,73459.23,121508.28,0,48049.05,6024.819971346702
BAT-003410,2026-01,15,PLT-02,AMER,FRM-01,PRD-01,Polymers,0.8583,0.9274,88.78,82.34,82.34,0,763.24,90849.11,137870.87,0,47021.759999999995,260.0660373958099
BAT-003411,2026-01,15,PLT-06,APAC,FRM-03,PRD-03,Solvents,0.8206,0.9871,55.89,55.17,55.17,0,557.21,42265.49,69731.06,0,27465.57,199.01633744855963
BAT-003412,2026-01,15,PLT-01,EMEA,FRM-02,PRD-02,Polymers,0.8236,0.8848,46.11,40.8,40.8,0,894.47,58888.69,81249.66,0,22360.97,382.6648948167426
BAT-003413,2026-01,15,PLT-03,APAC,FRM-12,PRD-12,Solvents,0.6357,0.8849,69.24,61.27,61.27,0,613.88,61269.34,85566.44,0,24297.100000000006,271.00359329867126
BAT-003414,2026-01,15,PLT-05,LATAM,FRM-09,PRD-09,Specialty,0.8131,0.8097,18.94,15.34,15.34,0,1621.18,41307.37,38047.74,0,-3259.6300000000047,559.7793453009501
BAT-003415,2026-01,15,PLT-06,APAC,FRM-06,PRD-06,Coatings,0.8144,0.8895,31.24,27.79,27.79,0,1440.92,64280.88,88475.33,0,24194.450000000004,616.7266069142124
BAT-003416,2026-01,15,PLT-04,EMEA,FRM-01,PRD-01,Polymers,0.8848,0.947,46.85,44.37,44.37,0,763.24,48814.93,74447.95,0,25633.019999999997,278.70087513340445
BAT-003417,2026-01,15,PLT-02,AMER,FRM-12,PRD-12,Solvents,0.8115,0.9676,79.48,76.9,76.9,0,613.88,68558.46,109886.52,0,41328.06,248.70756919979874
BAT-003418,2026-01,15,PLT-01,EMEA,FRM-09,PRD-09,Specialty,0.9113,0.8174,16.85,13.77,13.77,0,1621.18,36820.05,34769.11,0,-2050.9400000000023,563.9861721068248
BAT-003419,2026-01,15,PLT-02,AMER,FRM-03,PRD-03,Solvents,0.7732,0.961,40.9,39.3,39.3,0,557.21,32053.42,51198.32,0,19144.9,226.49220048899747
BAT-003420,2026-01,15,PLT-03,APAC,FRM-04,PRD-04,Agrochem,0.6682,0.9,71.64,64.48,0.0,1,548.72,57807.15,0.0,0,-57807.15,258.1916415410385
BAT-003421,2026-01,15,PLT-05,LATAM,FRM-03,PRD-03,Solvents,0.7533,0.9658,25.76,24.88,24.88,0,557.21,20085.47,33176.45,0,13090.979999999996,222.505450310559
BAT-003422,2026-01,15,PLT-04,EMEA,FRM-05,PRD-05,Coatings,0.8726,0.8845,45.35,40.11,40.11,0,1327.43,81500.69,122127.57,0,40626.880000000005,469.7186218302095
BAT-003423,2026-01,15,PLT-02,AMER,FRM-04,PRD-04,Agrochem,0.8895,0.9212,68.65,63.24,63.24,0,548.72,51067.5,74129.59,0,23062.089999999997,195.1620101966496
BAT-003424,2026-01,15,PLT-01,EMEA,FRM-05,PRD-05,Coatings,0.9108,0.8498,29.94,25.44,25.44,0,1327.43,52458.88,78359.84,0,25900.96,424.70360053440186
BAT-003425,2026-01,15,PLT-03,APAC,FRM-05,PRD-05,Coatings,0.6807,0.8609,12.92,11.12,0.0,1,1327.43,24694.48,0.0,0,-24694.48,583.9074613003095
BAT-003426,2026-01,15,PLT-04,EMEA,FRM-09,PRD-09,Specialty,0.9505,0.8148,46.52,37.91,37.91,0,1621.18,100597.75,94060.63,0,-6537.119999999995,541.2823817712808
BAT-003427,2026-01,15,PLT-03,APAC,FRM-11,PRD-11,Polymers,0.6458,0.8707,29.06,25.3,25.3,0,734.28,31877.01,41400.39,0,9523.380000000001,362.6577150722644
BAT-003428,2026-01,15,PLT-05,LATAM,FRM-11,PRD-11,Polymers,0.8088,0.9294,47.44,44.09,44.09,0,734.28,48411.14,73789.35,0,25378.210000000006,286.19091062394614
BAT-003429,2026-01,15,PLT-06,APAC,FRM-01,PRD-01,Polymers,0.8674,0.9174,31.52,28.92,28.92,0,763.24,33755.25,52460.68,0,18705.43,307.67529187817263
BAT-003430,2026-01,15,PLT-04,EMEA,FRM-02,PRD-02,Polymers,0.9054,0.9169,66.75,61.2,61.2,0,894.47,82968.32,121625.14,0,38656.81999999999,348.50108614232227
BAT-003431,2026-01,15,PLT-06,APAC,FRM-12,PRD-12,Solvents,0.8931,0.9632,69.53,66.97,66.97,0,613.88,59135.8,91591.83,0,32456.03,236.62769452035093
BAT-003432,2026-01,15,PLT-04,EMEA,FRM-10,PRD-10,Agrochem,0.8418,0.978,99.73,97.54,97.54,0,580.95,77822.0,124711.43,0,46889.42999999999,199.37688258297396
BAT-003433,2026-01,15,PLT-02,AMER,FRM-01,PRD-01,Polymers,0.8538,0.903,80.31,72.52,72.52,0,763.24,83638.88,127036.96,0,43398.08,278.21037977835886
BAT-003434,2026-01,15,PLT-04,EMEA,FRM-10,PRD-10,Agrochem,0.8982,0.9403,80.53,75.72,75.72,0,580.95,65421.34,94744.91,0,29323.570000000007,231.43470135353277
BAT-003435,2026-01,15,PLT-06,APAC,FRM-11,PRD-11,Polymers,0.8447,0.8754,70.06,61.33,61.33,0,734.28,71809.03,96566.76,0,24757.729999999996,290.6847445047101
BAT-003436,2026-01,15,PLT-06,APAC,FRM-03,PRD-03,Solvents,0.7654,0.995,48.82,48.58,48.58,0,557.21,37436.3,66392.74,0,28956.440000000002,209.61302335108564
BAT-003437,2026-01,15,PLT-05,LATAM,FRM-06,PRD-06,Coatings,0.76,0.8759,11.27,9.87,9.87,0,1440.92,23133.94,31874.41,0,8740.470000000001,611.7809760425907
BAT-003438,2026-01,15,PLT-02,AMER,FRM-11,PRD-11,Polymers,0.8614,0.947,66.31,62.8,62.8,0,734.28,67499.03,103715.56,0,36216.53,283.651382898507
BAT-003439,2026-01,15,PLT-01,EMEA,FRM-10,PRD-10,Agrochem,0.8539,0.9104,37.78,34.4,34.4,0,580.95,30165.29,43102.67,0,12937.379999999997,217.4960031762837
BAT-003440,2026-01,15,PLT-05,LATAM,FRM-02,PRD-02,Polymers,0.7573,0.8863,49.17,43.58,43.58,0,894.47,61353.78,89192.94,0,27839.160000000003,353.31889566809014
BAT-003441,2026-01,15,PLT-02,AMER,FRM-11,PRD-11,Polymers,0.8686,0.9286,48.22,44.78,44.78,0,734.28,47878.36,73232.13,0,25353.770000000004,258.63497304023235
BAT-003442,2026-01,15,PLT-03,APAC,FRM-11,PRD-11,Polymers,0.6804,0.9162,52.22,47.84,47.84,0,734.28,53760.85,75031.77,0,21270.920000000006,295.2268939103792
BAT-003443,2026-01,15,PLT-02,AMER,FRM-05,PRD-05,Coatings,0.8634,0.9316,23.25,21.66,21.66,0,1327.43,41867.97,66012.43,0,24144.459999999992,473.34290322580637
BAT-003444,2026-01,15,PLT-05,LATAM,FRM-09,PRD-09,Specialty,0.7834,0.808,24.74,19.99,19.99,0,1621.18,53749.93,52870.53,0,-879.4000000000015,551.4121584478578
BAT-003445,2026-01,15,PLT-04,EMEA,FRM-04,PRD-04,Agrochem,0.8362,0.8895,92.95,82.68,82.68,0,548.72,72765.07,101832.2,0,29067.12999999999,234.1209897794513
BAT-003446,2026-01,15,PLT-04,EMEA,FRM-05,PRD-05,Coatings,0.9232,0.838,32.79,27.48,27.48,0,1327.43,57327.09,83893.1,0,26566.01000000001,420.88015553522405
BAT-003447,2026-01,15,PLT-05,LATAM,FRM-08,PRD-08,Surfactants,0.8794,0.9092,29.52,26.84,26.84,0,1052.69,41785.9,61515.51,0,19729.61,362.82151761517616
BAT-003448,2026-01,15,PLT-01,EMEA,FRM-02,PRD-02,Polymers,0.8886,0.9137,42.25,38.61,38.61,0,894.47,50182.83,79216.39,0,29033.559999999998,293.28928994082844
BAT-003449,2026-01,15,PLT-04,EMEA,FRM-09,PRD-09,Specialty,0.9404,0.7849,18.61,14.61,14.61,0,1621.18,38743.14,36569.26,0,-2173.8799999999974,460.66524449220856
BAT-003450,2026-01,15,PLT-02,AMER,FRM-02,PRD-02,Polymers,0.8322,0.8956,45.35,40.62,40.62,0,894.47,55845.3,81201.48,0,25356.179999999993,336.95888643880926
BAT-003451,2026-01,15,PLT-05,LATAM,FRM-12,PRD-12,Solvents,0.7954,0.9364,62.1,58.15,58.15,0,613.88,52742.13,81762.59,0,29020.46,235.4296618357488
BAT-003452,2026-01,15,PLT-06,APAC,FRM-09,PRD-09,Specialty,0.8429,0.8395,18.4,15.45,15.45,0,1621.18,41078.69,38393.3,0,-2685.3899999999994,611.3575000000003
BAT-003453,2026-01,15,PLT-04,EMEA,FRM-10,PRD-10,Agrochem,0.8822,0.964,69.27,66.77,66.77,0,580.95,55487.75,85085.85,0,29598.100000000006,220.08580193445937
BAT-003454,2026-01,15,PLT-05,LATAM,FRM-05,PRD-05,Coatings,0.7693,0.8512,25.31,21.54,21.54,0,1327.43,45958.84,67091.0,0,21132.160000000003,488.40721849071497
BAT-003455,2026-01,15,PLT-06,APAC,FRM-07,PRD-07,Catalysts,0.8721,0.8565,2.24,1.92,1.92,0,15023.67,47176.36,69910.92,0,22734.559999999998,6037.205
BAT-003456,2026-01,15,PLT-02,AMER,FRM-08,PRD-08,Surfactants,0.8251,0.8987,59.82,53.75,53.75,0,1052.69,86018.76,119562.92,0,33544.16,385.26987963891656
BAT-003457,2026-01,15,PLT-05,LATAM,FRM-07,PRD-07,Catalysts,0.7833,0.8692,1.73,1.5,1.5,0,15023.67,37182.94,51922.21,0,14739.269999999997,6469.3589017341055
BAT-003458,2026-01,15,PLT-04,EMEA,FRM-08,PRD-08,Surfactants,0.8947,0.9141,53.28,48.7,48.7,0,1052.69,75873.02,110484.53,0,34611.509999999995,371.35316816816817
BAT-003459,2026-01,15,PLT-02,AMER,FRM-11,PRD-11,Polymers,0.8498,0.9925,63.94,63.46,63.46,0,734.28,63972.74,105523.44,0,41550.700000000004,266.23204253988115
BAT-003460,2026-01,15,PLT-06,APAC,FRM-01,PRD-01,Polymers,0.789,0.9688,28.42,27.54,27.54,0,763.24,30950.58,49299.99,0,18349.409999999996,325.8022237860662
BAT-003461,2026-01,15,PLT-03,APAC,FRM-09,PRD-09,Specialty,0.6866,0.7769,24.85,19.31,19.31,0,1621.18,57595.37,51716.66,0,-5878.709999999999,696.5411267605634
BAT-003462,2026-01,15,PLT-06,APAC,FRM-05,PRD-05,Coatings,0.8164,0.8858,28.99,25.68,25.68,0,1327.43,53347.89,79564.68,0,26216.789999999994,512.7869713694377
BAT-003463,2026-01,15,PLT-06,APAC,FRM-10,PRD-10,Agrochem,0.8184,0.928,36.4,33.78,33.78,0,580.95,29672.82,40113.23,0,10440.410000000003,234.2373626373626
BAT-003464,2026-01,15,PLT-03,APAC,FRM-03,PRD-03,Solvents,0.5746,0.9262,68.58,63.52,63.52,0,557.21,54939.08,83243.18,0,28304.09999999999,243.88477981918925
BAT-003465,2026-01,15,PLT-01,EMEA,FRM-11,PRD-11,Polymers,0.8394,0.9532,35.7,34.03,34.03,0,734.28,35797.12,54731.22,0,18934.1,268.4404481792717
BAT-003466,2026-01,15,PLT-05,LATAM,FRM-05,PRD-05,Coatings,0.8654,0.8199,25.84,21.19,21.19,0,1327.43,46598.83,61137.86,0,14539.029999999999,475.930294117647
BAT-003467,2026-01,15,PLT-02,AMER,FRM-02,PRD-02,Polymers,0.804,0.8941,34.52,30.87,30.87,0,894.47,42293.62,60523.83,0,18230.21,330.7217728852838
BAT-003468,2026-01,15,PLT-05,LATAM,FRM-09,PRD-09,Specialty,0.807,0.8001,21.43,17.15,17.15,0,1621.18,45893.85,43492.45,0,-2401.4000000000015,520.3902286514233
BAT-003469,2026-01,15,PLT-05,LATAM,FRM-01,PRD-01,Polymers,0.7903,0.9373,25.32,23.73,23.73,0,763.24,26823.11,42920.52,0,16097.409999999996,296.12453396524484
BAT-003470,2026-01,15,PLT-04,EMEA,FRM-09,PRD-09,Specialty,0.8684,0.8148,43.45,35.41,35.41,0,1621.18,95153.39,91812.5,0,-3340.8899999999994,568.7714384349827
BAT-003471,2026-01,15,PLT-02,AMER,FRM-07,PRD-07,Catalysts,0.8417,0.864,4.09,3.53,3.53,0,15023.67,85286.09,121522.7,0,36236.61,5828.674743276284
BAT-003472,2026-01,15,PLT-05,LATAM,FRM-02,PRD-02,Polymers,0.8026,0.89,37.34,33.23,33.23,0,894.47,47554.68,66601.85,0,19047.170000000006,379.0886502410283
BAT-003473,2026-01,15,PLT-06,APAC,FRM-09,PRD-09,Specialty,0.852,0.8279,20.03,16.58,16.58,0,1621.18,42739.37,42696.19,0,-43.18000000000029,512.5878482276582
BAT-003474,2026-01,15,PLT-01,EMEA,FRM-05,PRD-05,Coatings,0.8962,0.8432,36.74,30.98,30.98,0,1327.43,67836.12,91292.88,0,23456.76000000001,518.9532335329338
BAT-003475,2026-01,15,PLT-05,LATAM,FRM-02,PRD-02,Polymers,0.7795,0.9103,39.84,36.27,36.27,0,894.47,50438.24,73455.36,0,23017.120000000003,371.5500803212849
BAT-003476,2026-01,15,PLT-05,LATAM,FRM-03,PRD-03,Solvents,0.803,0.9268,57.7,53.47,0.0,1,557.21,43669.57,0.0,0,-43669.57,199.6283015597919
BAT-003477,2026-01,15,PLT-02,AMER,FRM-06,PRD-06,Coatings,0.8131,0.9125,19.77,18.04,18.04,0,1440.92,40215.77,58123.46,0,17907.690000000002,593.2615882650477
BAT-003478,2026-01,15,PLT-05,LATAM,FRM-06,PRD-06,Coatings,0.82,0.9024,23.72,21.41,21.41,0,1440.92,47285.94,71755.02,0,24469.08,552.5850590219225
BAT-003479,2026-01,15,PLT-02,AMER,FRM-06,PRD-06,Coatings,0.7731,0.9253,35.72,33.05,33.05,0,1440.92,74174.94,113540.75,0,39365.81,635.6460694288912
BAT-003480,2026-01,15,PLT-06,APAC,FRM-08,PRD-08,Surfactants,0.8568,0.9439,31.14,29.39,0.0,1,1052.69,45365.27,0.0,0,-45365.27,404.1266345536285
BAT-003481,2026-01,15,PLT-03,APAC,FRM-01,PRD-01,Polymers,0.637,0.8951,66.38,59.42,59.42,0,763.24,74008.43,100988.17,0,26979.740000000005,351.6806086170534
BAT-003482,2026-01,15,PLT-01,EMEA,FRM-06,PRD-06,Coatings,0.8619,0.9145,29.39,26.88,26.88,0,1440.92,59536.66,86544.06,0,27007.399999999994,584.8254916638311
BAT-003483,2026-01,15,PLT-04,EMEA,FRM-04,PRD-04,Agrochem,0.8925,0.898,48.43,43.49,43.49,0,548.72,35257.6,48481.16,0,13223.560000000005,179.29156308073505
BAT-003484,2026-01,15,PLT-05,LATAM,FRM-07,PRD-07,Catalysts,0.8097,0.8762,2.28,2.0,2.0,0,15023.67,49207.48,72704.42,0,23496.939999999995,6558.5580701754425
BAT-003485,2026-01,15,PLT-02,AMER,FRM-04,PRD-04,Agrochem,0.8401,0.8852,108.27,95.83,95.83,0,548.72,82154.66,114839.83,0,32685.17,210.0743105199963
BAT-003486,2026-01,15,PLT-04,EMEA,FRM-03,PRD-03,Solvents,0.8897,0.9537,32.71,31.2,31.2,0,557.21,24252.51,42002.22,0,17749.710000000003,184.23023234484856
BAT-003487,2026-01,15,PLT-04,EMEA,FRM-04,PRD-04,Agrochem,0.8682,0.9129,103.96,94.91,94.91,0,548.72,78869.76,112985.7,0,34115.94,209.93486725663718
BAT-003488,2026-01,15,PLT-04,EMEA,FRM-01,PRD-01,Polymers,0.8687,0.9458,77.14,72.96,72.96,0,763.24,81933.29,123968.0,0,42034.71000000001,298.89754213119
BAT-003489,2026-01,15,PLT-01,EMEA,FRM-01,PRD-01,Polymers,0.8924,0.9502,30.34,28.83,0.0,1,763.24,31428.81,0.0,0,-31428.81,272.6469479235334
BAT-003490,2026-01,15,PLT-03,APAC,FRM-05,PRD-05,Coatings,0.6162,0.8507,29.16,24.81,24.81,0,1327.43,56344.65,71936.19,0,15591.54,604.8282304526749
BAT-003491,2026-01,15,PLT-02,AMER,FRM-01,PRD-01,Polymers,0.7837,0.9342,37.36,34.9,34.9,0,763.24,39974.36,57957.39,0,17983.03,306.7375160599572
BAT-003492,2026-01,15,PLT-03,APAC,FRM-04,PRD-04,Agrochem,0.6481,0.8955,34.15,30.58,30.58,0,548.72,27837.92,34067.95,0,6230.029999999999,266.44603221083446
BAT-003493,2026-01,15,PLT-04,EMEA,FRM-03,PRD-03,Solvents,0.8665,0.9684,73.55,71.23,71.23,0,557.21,55392.12,96363.74,0,40971.62,195.9119578518015
BAT-003494,2026-01,15,PLT-04,EMEA,FRM-03,PRD-03,Solvents,0.8546,0.9431,53.82,50.76,50.76,0,557.21,41305.79,66519.57,0,25213.780000000006,210.2703047194351
BAT-003495,2026-01,15,PLT-06,APAC,FRM-02,PRD-02,Polymers,0.8011,0.9452,61.35,57.99,57.99,0,894.47,76377.54,111060.92,0,34683.380000000005,350.4776772616135
BAT-003496,2026-01,15,PLT-03,APAC,FRM-06,PRD-06,Coatings,0.642,0.8825,33.97,29.98,29.98,0,1440.92,72096.0,98452.31,0,26356.309999999998,681.4232440388578
BAT-003497,2026-01,15,PLT-02,AMER,FRM-05,PRD-05,Coatings,0.8645,0.9003,27.1,24.4,24.4,0,1327.43,48897.18,72370.05,0,23472.870000000003,476.8939852398523
BAT-003498,2026-01,15,PLT-03,APAC,FRM-02,PRD-02,Polymers,0.6149,0.852,20.05,17.08,0.0,1,894.47,26164.6,0.0,0,-26164.6,410.49758104738135
BAT-003499,2026-01,15,PLT-05,LATAM,FRM-12,PRD-12,Solvents,0.8406,0.9236,46.38,42.84,42.84,0,613.88,39352.47,61918.81,0,22566.339999999997,234.5993014230271
BAT-003500,2026-01,15,PLT-01,EMEA,FRM-04,PRD-04,Agrochem,0.8675,0.8946,33.82,30.25,30.25,0,548.72,25521.09,35350.21,0,9829.119999999999,205.89531638083974
BAT-003501,2026-01,15,PLT-02,AMER,FRM-11,PRD-11,Polymers,0.8784,0.9462,76.22,72.12,72.12,0,734.28,76921.09,114359.08,0,37437.990000000005,274.9182419312516
BAT-003502,2026-01,15,PLT-06,APAC,FRM-02,PRD-02,Polymers,0.8484,0.906,48.31,43.77,43.77,0,894.47,59614.54,90076.95,0,30462.409999999996,339.53
BAT-003503,2026-01,15,PLT-03,APAC,FRM-08,PRD-08,Surfactants,0.6645,0.8415,39.46,33.21,33.21,0,1052.69,59892.18,76526.39,0,16634.21,465.10472883933085
BAT-003504,2026-01,15,PLT-01,EMEA,FRM-05,PRD-05,Coatings,0.8717,0.8999,25.75,23.17,23.17,0,1327.43,48033.32,67677.36,0,19644.04,537.9416504854369
BAT-003505,2026-01,15,PLT-02,AMER,FRM-06,PRD-06,Coatings,0.8423,0.8875,44.15,39.18,39.18,0,1440.92,87203.33,129307.05,0,42103.72,534.240362400906
BAT-003506,2026-01,15,PLT-03,APAC,FRM-11,PRD-11,Polymers,0.6066,0.8898,59.34,52.8,52.8,0,734.28,62465.75,84263.54,0,21797.789999999994,318.39526120660594
BAT-003507,2026-01,15,PLT-04,EMEA,FRM-03,PRD-03,Solvents,0.8892,0.995,90.97,90.52,90.52,0,557.21,69566.75,122780.6,0,53213.850000000006,207.5118863361547
BAT-003508,2026-01,15,PLT-02,AMER,FRM-01,PRD-01,Polymers,0.8708,0.9128,69.26,63.22,63.22,0,763.24,70515.09,106056.66,0,35541.57000000001,254.8814265088073
BAT-003509,2026-01,15,PLT-04,EMEA,FRM-01,PRD-01,Polymers,0.8228,0.9664,28.05,27.1,27.1,0,763.24,29934.41,48742.4,0,18807.99,303.9403921568628
BAT-003510,2026-01,15,PLT-03,APAC,FRM-05,PRD-05,Coatings,0.579,0.7815,38.96,30.45,30.45,0,1327.43,78440.63,94247.99,0,15807.36,685.9331930184806
BAT-003511,2026-01,15,PLT-04,EMEA,FRM-12,PRD-12,Solvents,0.9143,0.9628,31.48,30.31,30.31,0,613.88,26582.58,41958.49,0,15375.909999999996,230.5475730622618
BAT-003512,2026-01,15,PLT-05,LATAM,FRM-11,PRD-11,Polymers,0.7701,0.9304,23.87,22.21,22.21,0,734.28,24409.02,38282.72,0,13873.7,288.3014830330959
BAT-003513,2026-01,15,PLT-01,EMEA,FRM-08,PRD-08,Surfactants,0.8263,0.942,33.52,31.58,31.58,0,1052.69,48297.62,69660.34,0,21362.719999999994,388.16978520286375
BAT-003514,2026-01,15,PLT-02,AMER,FRM-08,PRD-08,Surfactants,0.8459,0.9464,22.98,21.75,21.75,0,1052.69,32713.43,50412.86,0,17699.43,370.8709225413402
BAT-003515,2026-01,15,PLT-03,APAC,FRM-11,PRD-11,Polymers,0.6349,0.8629,49.56,42.77,42.77,0,734.28,53253.67,69242.75,0,15989.080000000002,340.24925746569807
BAT-003516,2026-01,15,PLT-05,LATAM,FRM-04,PRD-04,Agrochem,0.7651,0.8944,50.8,45.44,45.44,0,548.72,39161.21,54772.55,0,15611.340000000004,222.1699606299212
BAT-003517,2026-01,15,PLT-03,APAC,FRM-08,PRD-08,Surfactants,0.7216,0.8848,27.38,24.23,24.23,0,1052.69,40538.73,56989.36,0,16450.629999999997,427.90642074506945
BAT-003518,2026-01,15,PLT-06,APAC,FRM-07,PRD-07,Catalysts,0.8496,0.8626,2.62,2.26,2.26,0,15023.67,54489.93,83135.2,0,28645.269999999997,5774.013206106871
BAT-003519,2026-01,15,PLT-05,LATAM,FRM-03,PRD-03,Solvents,0.7897,0.9474,29.56,28.0,28.0,0,557.21,23070.03,36646.03,0,13576.0,223.23756427604872
BAT-003520,2026-01,15,PLT-04,EMEA,FRM-07,PRD-07,Catalysts,0.9204,0.9103,2.27,2.07,2.07,0,15023.67,46723.6,72254.43,0,25530.829999999994,5559.413700440529
BAT-003521,2026-02,16,PLT-01,EMEA,FRM-07,PRD-07,Catalysts,0.8677,0.8608,1.96,1.69,1.69,0,15058.66,41384.39,59559.8,0,18175.410000000003,6055.824693877552
BAT-003522,2026-02,16,PLT-03,APAC,FRM-09,PRD-09,Specialty,0.5928,0.7867,15.41,12.12,12.12,0,1624.96,35024.75,32100.19,0,-2924.5600000000013,647.8985334198574
BAT-003523,2026-02,16,PLT-03,APAC,FRM-03,PRD-03,Solvents,0.6157,0.9482,58.63,55.59,55.59,0,558.51,47436.72,75259.59,0,27822.869999999995,250.57613337881628
BAT-003524,2026-02,16,PLT-04,EMEA,FRM-10,PRD-10,Agrochem,0.8624,0.9316,104.81,97.64,97.64,0,582.31,83338.62,118672.93,0,35334.31,212.8299675603473
BAT-003525,2026-02,16,PLT-05,LATAM,FRM-02,PRD-02,Polymers,0.7705,0.9428,26.4,24.89,24.89,0,896.56,33473.49,51079.62,0,17606.130000000005,371.3752272727272
BAT-003526,2026-02,16,PLT-01,EMEA,FRM-05,PRD-05,Coatings,0.9062,0.9247,33.25,30.74,30.74,0,1330.53,59641.06,87747.13,0,28106.070000000007,463.18609022556393
BAT-003527,2026-02,16,PLT-02,AMER,FRM-10,PRD-10,Agrochem,0.9017,0.898,91.9,82.53,82.53,0,582.31,74330.92,98084.36,0,23753.440000000002,226.51393906420026
BAT-003528,2026-02,16,PLT-04,EMEA,FRM-04,PRD-04,Agrochem,0.8621,0.9209,85.44,78.69,78.69,0,550.0,65115.5,90841.78,0,25726.28,212.1196161048689
BAT-003529,2026-02,16,PLT-04,EMEA,FRM-03,PRD-03,Solvents,0.9133,0.9739,93.17,90.74,0.0,1,558.51,70125.37,0.0,0,-70125.37,194.15040570999247
BAT-003530,2026-02,16,PLT-05,LATAM,FRM-09,PRD-09,Specialty,0.782,0.8649,26.89,23.26,23.26,0,1624.96,59457.67,62994.38,0,3536.709999999999,586.1842915582001
BAT-003531,2026-02,16,PLT-05,LATAM,FRM-10,PRD-10,Agrochem,0.7762,0.9204,42.52,39.13,39.13,0,582.31,35295.1,47801.74,0,12506.64,247.77231420507997
BAT-003532,2026-02,16,PLT-05,LATAM,FRM-09,PRD-09,Specialty,0.8142,0.8309,34.87,28.97,28.97,0,1624.96,78456.04,74508.92,0,-3947.1199999999953,624.9981301978778
BAT-003533,2026-02,16,PLT-06,APAC,FRM-07,PRD-07,Catalysts,0.7904,0.9092,3.01,2.74,2.74,0,15058.66,62047.35,98511.23,0,36463.88,5555.0775415282405
BAT-003534,2026-02,16,PLT-04,EMEA,FRM-01,PRD-01,Polymers,0.8898,0.9356,31.8,29.75,29.75,0,765.02,32521.89,53865.02,0,21343.129999999997,257.68094339622644
BAT-003535,2026-02,16,PLT-03,APAC,FRM-01,PRD-01,Polymers,0.5826,0.8722,51.39,44.82,44.82,0,765.02,58182.74,82016.32,0,23833.58000000001,367.1601906985795
BAT-003536,2026-02,16,PLT-01,EMEA,FRM-10,PRD-10,Agrochem,0.867,0.9271,39.31,36.45,36.45,0,582.31,31496.89,43757.1,0,12260.21,218.93370389213942
BAT-003537,2026-02,16,PLT-05,LATAM,FRM-06,PRD-06,Coatings,0.7977,0.8998,26.04,23.43,23.43,0,1444.28,51607.65,79384.88,0,27777.230000000003,537.5805990783413
BAT-003538,2026-02,16,PLT-04,EMEA,FRM-11,PRD-11,Polymers,0.8374,0.9123,58.75,53.6,53.6,0,735.99,60190.64,89774.43,0,29583.789999999994,288.53153191489355
BAT-003539,2026-02,16,PLT-01,EMEA,FRM-03,PRD-03,Solvents,0.865,0.9902,67.38,66.72,66.72,0,558.51,51204.68,86170.62,0,34965.939999999995,201.42885425942427
BAT-003540,2026-02,16,PLT-03,APAC,FRM-11,PRD-11,Polymers,0.5639,0.8878,59.56,52.88,52.88,0,735.99,64161.84,84673.45,0,20511.61,341.27393552719946
BAT-003541,2026-02,16,PLT-04,EMEA,FRM-03,PRD-03,Solvents,0.8868,0.9356,51.45,48.13,48.13,0,558.51,38175.56,63258.45,0,25082.89,183.4833916423712
BAT-003542,2026-02,16,PLT-02,AMER,FRM-07,PRD-07,Catalysts,0.8925,0.8737,4.32,3.78,3.78,0,15058.66,88504.74,131293.08,0,42788.33999999998,5428.548333333332
BAT-003543,2026-02,16,PLT-02,AMER,FRM-08,PRD-08,Surfactants,0.8799,0.896,46.4,41.57,41.57,0,1055.14,66905.69,96383.77,0,29478.08,386.79297413793097
BAT-003544,2026-02,16,PLT-06,APAC,FRM-12,PRD-12,Solvents,0.8491,0.9144,36.07,32.98,32.98,0,615.31,30367.12,47424.93,0,17057.81,226.58409481563626
BAT-003545,2026-02,16,PLT-03,APAC,FRM-08,PRD-08,Surfactants,0.6033,0.8721,42.67,37.21,37.21,0,1055.14,65699.61,85495.0,0,19795.39,484.5743191938129
BAT-003546,2026-02,16,PLT-02,AMER,FRM-10,PRD-10,Agrochem,0.9042,0.907,60.46,54.84,54.84,0,582.31,48682.96,67615.23,0,18932.269999999997,222.899394641085
BAT-003547,2026-02,16,PLT-02,AMER,FRM-11,PRD-11,Polymers,0.8361,0.9666,61.79,59.73,59.73,0,735.99,62084.05,96942.91,0,34858.86,268.76886065706435
BAT-003548,2026-02,16,PLT-06,APAC,FRM-09,PRD-09,Specialty,0.9061,0.836,18.66,15.6,15.6,0,1624.96,40663.15,39588.94,0,-1074.2099999999991,554.2013076098606
BAT-003549,2026-02,16,PLT-06,APAC,FRM-06,PRD-06,Coatings,0.7964,0.8696,31.39,27.29,27.29,0,1444.28,64794.99,94542.57,0,29747.58000000001,619.9120993947115
BAT-003550,2026-02,16,PLT-01,EMEA,FRM-01,PRD-01,Polymers,0.8736,0.9506,74.83,71.14,71.14,0,765.02,79611.11,127418.6,0,47807.490000000005,298.8729573700389
BAT-003551,2026-02,16,PLT-03,APAC,FRM-01,PRD-01,Polymers,0.5999,0.8849,50.28,44.49,44.49,0,765.02,55711.93,76754.51,0,21042.579999999994,343.01361177406534
BAT-003552,2026-02,16,PLT-06,APAC,FRM-11,PRD-11,Polymers,0.8085,0.9286,68.52,63.63,0.0,1,735.99,72410.6,0.0,0,-72410.6,320.79050204319924
BAT-003553,2026-02,16,PLT-06,APAC,FRM-10,PRD-10,Agrochem,0.7452,0.9438,88.76,83.78,83.78,0,582.31,74214.36,104918.14,0,30703.78,253.81392969806222
BAT-003554,2026-02,16,PLT-06,APAC,FRM-01,PRD-01,Polymers,0.888,0.8902,53.33,47.47,47.47,0,765.02,54370.33,86795.55,0,32425.22,254.48740671291966
BAT-003555,2026-02,16,PLT-01,EMEA,FRM-02,PRD-02,Polymers,0.8295,0.9181,64.14,58.89,58.89,0,896.56,80598.62,117782.71,0,37184.09000000001,360.0446149048955
BAT-003556,2026-02,16,PLT-03,APAC,FRM-08,PRD-08,Surfactants,0.6271,0.9088,15.71,14.27,14.27,0,1055.14,24096.06,30996.32,0,6900.259999999998,478.66394653087195
BAT-003557,2026-02,16,PLT-01,EMEA,FRM-05,PRD-05,Coatings,0.821,0.8973,14.93,13.4,13.4,0,1330.53,26957.68,41718.13,0,14760.449999999997,475.0748225050236
BAT-003558,2026-02,16,PLT-06,APAC,FRM-12,PRD-12,Solvents,0.8521,0.9669,35.08,33.92,33.92,0,615.31,30255.48,49357.45,0,19101.969999999998,247.16092360319283
BAT-003559,2026-02,16,PLT-06,APAC,FRM-07,PRD-07,Catalysts,0.8453,0.8598,1.23,1.05,1.05,0,15058.66,24900.73,36525.36,0,11624.630000000001,5185.835934959348
BAT-003560,2026-02,16,PLT-04,EMEA,FRM-12,PRD-12,Solvents,0.8077,0.9783,41.43,40.53,40.53,0,615.31,35625.35,55723.34,0,20097.989999999998,244.58258991069272
BAT-003561,2026-02,16,PLT-03,APAC,FRM-11,PRD-11,Polymers,0.5662,0.9025,23.77,21.45,21.45,0,735.99,26396.59,34628.46,0,8231.869999999999,374.5102103491797
BAT-003562,2026-02,16,PLT-06,APAC,FRM-11,PRD-11,Polymers,0.8359,0.9459,36.89,34.89,34.89,0,735.99,36897.28,57111.19,0,20213.910000000003,264.20734345351036
BAT-003563,2026-02,16,PLT-02,AMER,FRM-05,PRD-05,Coatings,0.8221,0.9449,40.18,37.97,37.97,0,1330.53,75736.54,109700.69,0,33964.15000000001,554.4013091090094
BAT-003564,2026-02,16,PLT-05,LATAM,FRM-06,PRD-06,Coatings,0.7263,0.8986,13.44,12.08,12.08,0,1444.28,27768.24,39687.3,0,11919.060000000001,621.8092857142858
BAT-003565,2026-02,16,PLT-02,AMER,FRM-03,PRD-03,Solvents,0.7911,0.9891,74.65,73.84,73.84,0,558.51,58517.81,97618.86,0,39101.05,225.38564634963154
BAT-003566,2026-02,16,PLT-05,LATAM,FRM-11,PRD-11,Polymers,0.8086,0.9296,50.86,47.28,47.28,0,735.99,51293.7,75016.99,0,23723.290000000008,272.537329925285
BAT-003567,2026-02,16,PLT-04,EMEA,FRM-02,PRD-02,Polymers,0.9145,0.951,28.08,26.7,26.7,0,896.56,33837.74,50607.58,0,16769.840000000004,308.48772079772084
BAT-003568,2026-02,16,PLT-06,APAC,FRM-07,PRD-07,Catalysts,0.8178,0.9042,3.13,2.83,2.83,0,15058.66,65875.88,105436.63,0,39560.75,5987.947028753995
BAT-003569,2026-02,16,PLT-02,AMER,FRM-09,PRD-09,Specialty,0.8532,0.8044,51.03,41.05,0.0,1,1624.96,111334.56,0.0,0,-111334.56,556.7872075249852
BAT-003570,2026-02,16,PLT-04,EMEA,FRM-09,PRD-09,Specialty,0.919,0.852,45.93,39.13,39.13,0,1624.96,95912.81,98105.87,0,2193.0599999999977,463.2788417156544
BAT-003571,2026-02,16,PLT-01,EMEA,FRM-05,PRD-05,Coatings,0.8266,0.8763,24.8,21.73,21.73,0,1330.53,45265.81,65181.03,0,19915.22,494.7042741935484
BAT-003572,2026-02,16,PLT-03,APAC,FRM-10,PRD-10,Agrochem,0.63,0.8458,37.43,31.66,31.66,0,582.31,31762.11,37431.64,0,5669.529999999999,266.26360406091374
BAT-003573,2026-02,16,PLT-04,EMEA,FRM-05,PRD-05,Coatings,0.8847,0.9059,15.24,13.81,13.81,0,1330.53,28472.11,42752.25,0,14280.14,537.7186876640421
BAT-003574,2026-02,16,PLT-01,EMEA,FRM-01,PRD-01,Polymers,0.8374,0.8886,25.64,22.79,22.79,0,765.02,26403.23,39176.92,0,12773.689999999999,264.7471606864274
BAT-003575,2026-02,16,PLT-01,EMEA,FRM-01,PRD-01,Polymers,0.9034,0.9192,54.46,50.06,50.06,0,765.02,57215.09,83325.6,0,26110.51000000001,285.5692398090341
BAT-003576,2026-02,16,PLT-06,APAC,FRM-01,PRD-01,Polymers,0.8525,0.8999,61.61,55.44,55.44,0,765.02,64910.67,100871.29,0,35960.619999999995,288.5536081804901
BAT-003577,2026-02,16,PLT-03,APAC,FRM-09,PRD-09,Specialty,0.6013,0.7737,16.51,12.78,12.78,0,1624.96,38770.11,33901.06,0,-4869.050000000003,723.3204360993336
BAT-003578,2026-02,16,PLT-06,APAC,FRM-12,PRD-12,Solvents,0.7684,0.9085,82.56,75.0,75.0,0,615.31,73016.8,104967.68,0,31950.87999999999,269.0989147286822
BAT-003579,2026-02,16,PLT-01,EMEA,FRM-03,PRD-03,Solvents,0.9057,0.9498,44.92,42.66,42.66,0,558.51,34300.26,55130.21,0,20829.949999999997,205.07548530721283
BAT-003580,2026-02,16,PLT-05,LATAM,FRM-03,PRD-03,Solvents,0.7507,0.9179,63.14,57.96,57.96,0,558.51,49955.86,78944.02,0,28988.160000000003,232.6819543870763
BAT-003581,2026-02,16,PLT-03,APAC,FRM-07,PRD-07,Catalysts,0.6422,0.8499,1.31,1.12,1.12,0,15058.66,28645.21,41506.6,0,12861.39,6807.9125190839695
BAT-003582,2026-02,16,PLT-01,EMEA,FRM-11,PRD-11,Polymers,0.8588,0.9303,34.47,32.06,32.06,0,735.99,34580.91,53225.81,0,18644.899999999994,267.22758050478694
BAT-003583,2026-02,16,PLT-03,APAC,FRM-01,PRD-01,Polymers,0.6265,0.8986,35.85,32.22,32.22,0,765.02,39230.41,55558.02,0,16327.609999999993,329.2731659693168
BAT-003584,2026-02,16,PLT-06,APAC,FRM-10,PRD-10,Agrochem,0.7761,0.9623,85.95,82.71,82.71,0,582.31,70698.77,97690.18,0,26991.40999999999,240.24695171611404
BAT-003585,2026-02,16,PLT-02,AMER,FRM-01,PRD-01,Polymers,0.836,0.9612,40.27,38.71,38.71,0,765.02,43379.62,68319.35,0,24939.730000000003,312.19926992798605
BAT-003586,2026-02,16,PLT-04,EMEA,FRM-12,PRD-12,Solvents,0.8976,0.9583,69.23,66.34,66.34,0,615.31,56503.38,90242.2,0,33738.82,200.85900187779862
BAT-003587,2026-02,16,PLT-06,APAC,FRM-10,PRD-10,Agrochem,0.7369,0.9227,61.18,56.45,56.45,0,582.31,49986.62,67168.41,0,17181.79,234.73184373978438
BAT-003588,2026-02,16,PLT-04,EMEA,FRM-01,PRD-01,Polymers,0.9468,0.9615,48.26,46.4,46.4,0,765.02,49666.4,78446.27,0,28779.870000000003,264.12214670534604
BAT-003589,2026-02,16,PLT-02,AMER,FRM-03,PRD-03,Solvents,0.8236,0.932,47.07,43.87,43.87,0,558.51,36750.97,57475.0,0,20724.03,222.26267898874016
BAT-003590,2026-02,16,PLT-06,APAC,FRM-03,PRD-03,Solvents,0.8023,0.9699,66.78,64.78,64.78,0,558.51,50733.26,87238.23,0,36504.969999999994,201.19739742437855
BAT-003591,2026-02,16,PLT-04,EMEA,FRM-01,PRD-01,Polymers,0.9078,0.892,62.34,55.61,55.61,0,765.02,65138.41,93425.23,0,28286.819999999992,279.86947706127694
BAT-003592,2026-02,16,PLT-01,EMEA,FRM-03,PRD-03,Solvents,0.8407,0.9167,33.57,30.77,30.77,0,558.51,25940.62,40725.73,0,14785.110000000004,214.22220137027102
BAT-003593,2026-02,16,PLT-03,APAC,FRM-09,PRD-09,Specialty,0.644,0.7878,42.26,33.29,33.29,0,1624.96,95824.18,88097.45,0,-7726.729999999996,642.5312446758162
BAT-003594,2026-02,16,PLT-05,LATAM,FRM-07,PRD-07,Catalysts,0.7836,0.9461,2.68,2.54,2.54,0,15058.66,56742.59,95037.68,0,38295.09,6113.948208955222
BAT-003595,2026-02,16,PLT-04,EMEA,FRM-12,PRD-12,Solvents,0.9144,0.904,53.42,48.29,48.29,0,615.31,44333.06,71880.91,0,27547.850000000006,214.58629352302512
BAT-003596,2026-02,16,PLT-06,APAC,FRM-10,PRD-10,Agrochem,0.7841,0.8559,87.12,74.56,0.0,1,582.31,70372.82,0.0,0,-70372.82,225.45882460973382
BAT-003597,2026-02,16,PLT-06,APAC,FRM-10,PRD-10,Agrochem,0.8427,0.9422,44.34,41.78,41.78,0,582.31,35855.97,49883.33,0,14027.36,226.34967523680655
BAT-003598,2026-02,16,PLT-03,APAC,FRM-04,PRD-04,Agrochem,0.6442,0.9101,64.86,59.04,59.04,0,550.0,51740.31,68876.73,0,17136.42,247.72294172062902
BAT-003599,2026-02,16,PLT-04,EMEA,FRM-09,PRD-09,Specialty,0.835,0.8343,55.4,46.22,0.0,1,1624.96,123340.86,0.0,0,-123340.86,601.4093140794225
BAT-003600,2026-02,16,PLT-04,EMEA,FRM-09,PRD-09,Specialty,0.8326,0.797,19.06,15.19,15.19,0,1624.96,40427.08,38051.88,0,-2375.2000000000044,496.083022035677
BAT-003601,2026-02,16,PLT-05,LATAM,FRM-12,PRD-12,Solvents,0.8101,0.9515,62.65,59.61,59.61,0,615.31,54631.04,82000.85,0,27369.810000000005,256.69383080606553
BAT-003602,2026-02,16,PLT-01,EMEA,FRM-11,PRD-11,Polymers,0.7919,0.9133,48.95,44.71,44.71,0,735.99,50914.19,71632.16,0,20717.97,304.13645556690494
BAT-003603,2026-02,16,PLT-05,LATAM,FRM-09,PRD-09,Specialty,0.8446,0.7569,27.17,20.56,20.56,0,1624.96,58830.1,55743.99,0,-3086.1100000000006,540.2994773647401
BAT-003604,2026-02,16,PLT-02,AMER,FRM-10,PRD-10,Agrochem,0.8561,0.9005,103.67,93.36,93.36,0,582.31,81375.98,109975.13,0,28599.15000000001,202.6420594193113
BAT-003605,2026-02,16,PLT-02,AMER,FRM-07,PRD-07,Catalysts,0.8239,0.8672,3.43,2.97,2.97,0,15058.66,72152.46,106556.83,0,34404.369999999995,5977.042623906706
BAT-003606,2026-02,16,PLT-02,AMER,FRM-03,PRD-03,Solvents,0.857,0.9886,82.36,81.42,81.42,0,558.51,65240.04,108536.45,0,43296.409999999996,233.62258863525983
BAT-003607,2026-02,16,PLT-01,EMEA,FRM-06,PRD-06,Coatings,0.9141,0.8709,21.34,18.58,18.58,0,1444.28,42935.97,64126.8,0,21190.83,567.7148453608249
BAT-003608,2026-02,16,PLT-05,LATAM,FRM-02,PRD-02,Polymers,0.8445,0.8874,34.26,30.4,30.4,0,896.56,43530.24,57800.54,0,14270.300000000003,374.02493870402805
BAT-003609,2026-02,16,PLT-05,LATAM,FRM-02,PRD-02,Polymers,0.8023,0.9517,47.22,44.94,44.94,0,896.56,59143.61,86671.52,0,27527.910000000003,355.9518593816181
BAT-003610,2026-02,16,PLT-03,APAC,FRM-11,PRD-11,Polymers,0.6231,0.9004,66.74,60.09,60.09,0,735.99,72353.04,98962.74,0,26609.70000000001,348.1130866047347
BAT-003611,2026-02,16,PLT-02,AMER,FRM-03,PRD-03,Solvents,0.8144,0.9764,67.56,65.97,65.97,0,558.51,52317.54,83143.31,0,30825.769999999997,215.87632326820608
BAT-003612,2026-02,16,PLT-04,EMEA,FRM-06,PRD-06,Coatings,0.8874,0.8956,16.95,15.18,15.18,0,1444.28,33651.44,50258.63,0,16607.189999999995,541.0556932153395
BAT-003613,2026-02,16,PLT-06,APAC,FRM-10,PRD-10,Agrochem,0.8524,0.9097,42.21,38.4,38.4,0,582.31,34501.93,48498.55,0,13996.620000000003,235.07758588012325
BAT-003614,2026-02,16,PLT-01,EMEA,FRM-09,PRD-09,Specialty,0.9159,0.8243,36.58,30.15,0.0,1,1624.96,80402.95,0.0,0,-80402.95,573.043007107709
BAT-003615,2026-02,16,PLT-03,APAC,FRM-04,PRD-04,Agrochem,0.5752,0.8532,42.13,35.94,35.94,0,550.0,34162.08,43283.4,0,9121.32,260.87301210538806
BAT-003616,2026-02,16,PLT-06,APAC,FRM-06,PRD-06,Coatings,0.8071,0.9236,21.57,19.92,19.92,0,1444.28,44262.66,66178.44,0,21915.78,607.7672878998612
BAT-003617,2026-02,16,PLT-02,AMER,FRM-11,PRD-11,Polymers,0.7994,0.9087,38.23,34.74,34.74,0,735.99,40423.24,55515.43,0,15092.190000000002,321.3796050222338
BAT-003618,2026-02,16,PLT-04,EMEA,FRM-12,PRD-12,Solvents,0.8578,0.9503,32.25,30.65,30.65,0,615.31,27069.09,45566.77,0,18497.679999999997,224.04162790697683
BAT-003619,2026-02,16,PLT-05,LATAM,FRM-02,PRD-02,Polymers,0.7718,0.932,21.3,19.85,19.85,0,896.56,27137.43,37374.73,0,10237.300000000003,377.4977464788733
BAT-003620,2026-02,16,PLT-02,AMER,FRM-01,PRD-01,Polymers,0.8799,0.9444,81.44,76.91,76.91,0,765.02,84611.14,127908.42,0,43297.28,273.9183595284874
BAT-003621,2026-02,16,PLT-06,APAC,FRM-12,PRD-12,Solvents,0.8902,0.9592,45.67,43.8,43.8,0,615.31,37746.37,59862.47,0,22116.1,211.1925180643749
BAT-003622,2026-02,16,PLT-04,EMEA,FRM-04,PRD-04,Agrochem,0.9545,0.8888,76.5,67.99,67.99,0,550.0,56612.37,79846.39,0,23234.019999999997,190.03098039215695
BAT-003623,2026-02,16,PLT-04,EMEA,FRM-02,PRD-02,Polymers,0.8651,0.9318,34.33,31.99,31.99,0,896.56,43418.79,63791.41,0,20372.620000000003,368.18774249927196
BAT-003624,2026-02,16,PLT-04,EMEA,FRM-04,PRD-04,Agrochem,0.9002,0.8772,62.34,54.69,54.69,0,550.0,47909.31,61076.8,0,13167.490000000005,218.5163618864292
BAT-003625,2026-02,16,PLT-03,APAC,FRM-11,PRD-11,Polymers,0.6407,0.8985,32.38,29.1,29.1,0,735.99,35393.89,47471.69,0,12077.800000000003,357.0887523162444
BAT-003626,2026-02,16,PLT-03,APAC,FRM-08,PRD-08,Surfactants,0.693,0.8601,21.67,18.64,18.64,0,1055.14,33144.93,41056.26,0,7911.330000000002,474.390687586525
BAT-003627,2026-02,16,PLT-01,EMEA,FRM-10,PRD-10,Agrochem,0.8244,0.9088,90.37,82.13,82.13,0,582.31,72513.19,103352.07,0,30838.880000000005,220.09334181697466
BAT-003628,2026-02,16,PLT-06,APAC,FRM-02,PRD-02,Polymers,0.783,0.9093,19.09,17.36,17.36,0,896.56,24376.85,35641.35,0,11264.5,380.3834258774227
BAT-003629,2026-02,16,PLT-03,APAC,FRM-05,PRD-05,Coatings,0.6259,0.8214,18.42,15.13,15.13,0,1330.53,35787.73,47360.84,0,11573.109999999993,612.3435070575463
BAT-003630,2026-02,16,PLT-06,APAC,FRM-11,PRD-11,Polymers,0.8595,0.9703,40.27,39.08,39.08,0,735.99,41719.51,63692.5,0,21972.989999999998,300.00478519990065
BAT-003631,2026-02,16,PLT-02,AMER,FRM-10,PRD-10,Agrochem,0.8657,0.8822,59.02,52.07,52.07,0,582.31,46216.34,63903.32,0,17686.980000000003,200.75235174517104
BAT-003632,2026-02,16,PLT-02,AMER,FRM-02,PRD-02,Polymers,0.7975,0.9341,70.84,66.17,66.17,0,896.56,88428.86,134775.89,0,46347.03000000001,351.72994918125346
BAT-003633,2026-02,16,PLT-06,APAC,FRM-05,PRD-05,Coatings,0.8354,0.9055,17.9,16.21,16.21,0,1330.53,33612.17,46303.13,0,12690.96,547.2448603351957
BAT-003634,2026-02,16,PLT-02,AMER,FRM-12,PRD-12,Solvents,0.7972,0.9366,89.36,83.69,0.0,1,615.31,75735.59,0.0,0,-75735.59,232.2234601611459
BAT-003635,2026-02,16,PLT-02,AMER,FRM-10,PRD-10,Agrochem,0.7831,0.9355,115.71,108.25,108.25,0,582.31,96261.92,130188.23,0,33926.31,249.61394780053593
BAT-003636,2026-02,16,PLT-01,EMEA,FRM-12,PRD-12,Solvents,0.86,0.9072,80.8,73.31,73.31,0,615.31,67329.91,100657.61,0,33327.7,217.98096534653473
BAT-003637,2026-02,16,PLT-03,APAC,FRM-11,PRD-11,Polymers,0.5815,0.9534,49.09,46.8,46.8,0,735.99,52551.47,74442.45,0,21890.979999999996,334.5227317172539
BAT-003638,2026-02,16,PLT-05,LATAM,FRM-10,PRD-10,Agrochem,0.7654,0.9054,54.72,49.54,0.0,1,582.31,44512.65,0.0,0,-44512.65,231.15217105263173
BAT-003639,2026-02,16,PLT-06,APAC,FRM-12,PRD-12,Solvents,0.8085,0.995,75.52,75.14,75.14,0,615.31,65090.17,109748.12,0,44657.95,246.5831408898306
BAT-003640,2026-02,16,PLT-05,LATAM,FRM-01,PRD-01,Polymers,0.7959,0.8959,17.01,15.24,15.24,0,765.02,17761.31,26349.21,0,8587.899999999998,279.1487242798353
BAT-003641,2026-02,16,PLT-05,LATAM,FRM-01,PRD-01,Polymers,0.8366,0.9453,18.69,17.67,17.67,0,765.02,19834.97,29505.02,0,9670.05,296.2411021936864
BAT-003642,2026-02,16,PLT-04,EMEA,FRM-12,PRD-12,Solvents,0.8948,0.9607,59.72,57.37,57.37,0,615.31,49132.04,78367.46,0,29235.420000000006,207.39663094440732
BAT-003643,2026-02,16,PLT-03,APAC,FRM-06,PRD-06,Coatings,0.6234,0.8816,18.02,15.89,15.89,0,1444.28,37472.07,55416.35,0,17944.28,635.1911431742508
BAT-003644,2026-02,16,PLT-05,LATAM,FRM-02,PRD-02,Polymers,0.7917,0.9631,38.38,36.96,36.96,0,896.56,49035.39,71019.3,0,21983.910000000003,381.06871287128706
BAT-003645,2026-02,16,PLT-02,AMER,FRM-08,PRD-08,Surfactants,0.7689,0.9414,30.02,28.26,28.26,0,1055.14,43917.98,64646.09,0,20728.109999999993,407.8173617588275
BAT-003646,2026-02,16,PLT-04,EMEA,FRM-01,PRD-01,Polymers,0.9564,0.9675,33.39,32.31,32.31,0,765.02,33774.91,56769.81,0,22994.899999999994,246.50770290506148
BAT-003647,2026-02,16,PLT-02,AMER,FRM-05,PRD-05,Coatings,0.8315,0.9046,52.13,47.16,47.16,0,1330.53,95608.02,140467.75,0,44859.729999999996,503.5006924995205
BAT-003648,2026-02,16,PLT-03,APAC,FRM-01,PRD-01,Polymers,0.6329,0.9284,60.31,55.99,55.99,0,765.02,67180.47,97512.25,0,30331.78,348.89925053888237
BAT-003649,2026-02,16,PLT-04,EMEA,FRM-11,PRD-11,Polymers,0.9113,0.9172,65.17,59.77,59.77,0,735.99,64961.68,102403.74,0,37442.060000000005,260.81343716433935
BAT-003650,2026-02,16,PLT-04,EMEA,FRM-01,PRD-01,Polymers,0.8853,0.936,55.7,52.13,52.13,0,765.02,59662.52,94786.21,0,35123.69000000001,306.12039497307
BAT-003651,2026-02,16,PLT-05,LATAM,FRM-02,PRD-02,Polymers,0.7279,0.8963,23.4,20.97,20.97,0,896.56,30322.58,42504.36,0,12181.779999999999,399.2767521367523
BAT-003652,2026-02,16,PLT-06,APAC,FRM-11,PRD-11,Polymers,0.8386,0.886,74.63,66.12,66.12,0,735.99,75213.95,113077.51,0,37863.56,271.8346013667426
BAT-003653,2026-02,16,PLT-03,APAC,FRM-04,PRD-04,Agrochem,0.707,0.9127,52.66,48.07,48.07,0,550.0,40842.02,56988.71,0,16146.690000000002,225.5795670338017
BAT-003654,2026-02,16,PLT-02,AMER,FRM-04,PRD-04,Agrochem,0.8394,0.9403,73.17,68.8,68.8,0,550.0,54492.57,79581.85,0,25089.280000000006,194.73923739237387
BAT-003655,2026-02,16,PLT-04,EMEA,FRM-06,PRD-06,Coatings,0.8478,0.8744,28.69,25.09,25.09,0,1444.28,55659.3,82208.39,0,26549.089999999997,495.7443987452075
BAT-003656,2026-02,16,PLT-01,EMEA,FRM-06,PRD-06,Coatings,0.8743,0.8702,36.61,31.85,31.85,0,1444.28,70562.58,105805.93,0,35243.34999999999,483.1327287626332
BAT-003657,2026-02,16,PLT-06,APAC,FRM-12,PRD-12,Solvents,0.8648,0.9719,79.79,77.55,77.55,0,615.31,67326.68,113221.3,0,45894.62000000001,228.48847098633905
BAT-003658,2026-02,16,PLT-01,EMEA,FRM-08,PRD-08,Surfactants,0.854,0.8794,30.49,26.81,26.81,0,1055.14,43341.97,61471.51,0,18129.54,366.37426697277806
BAT-003659,2026-02,16,PLT-01,EMEA,FRM-04,PRD-04,Agrochem,0.7992,0.957,41.79,39.99,39.99,0,550.0,32271.86,47603.57,0,15331.71,222.23881311318496
BAT-003660,2026-02,16,PLT-05,LATAM,FRM-05,PRD-05,Coatings,0.7404,0.8925,32.37,28.89,28.89,0,1330.53,61563.91,84846.82,0,23282.910000000003,571.3516805684278
BAT-003661,2026-02,16,PLT-03,APAC,FRM-12,PRD-12,Solvents,0.6099,0.9603,59.19,56.84,56.84,0,615.31,54242.19,84328.13,0,30085.940000000002,301.0980081094781
BAT-003662,2026-02,16,PLT-05,LATAM,FRM-06,PRD-06,Coatings,0.8016,0.9456,24.62,23.29,23.29,0,1444.28,51118.65,77794.91,0,26676.260000000002,632.0258489033306
BAT-003663,2026-02,16,PLT-01,EMEA,FRM-12,PRD-12,Solvents,0.8917,0.9667,86.84,83.95,83.95,0,615.31,71535.79,125641.78,0,54105.990000000005,208.4554306771073
BAT-003664,2026-02,16,PLT-02,AMER,FRM-01,PRD-01,Polymers,0.8472,0.995,34.28,34.11,34.11,0,765.02,36735.97,59754.76,0,23018.79,306.62439906651116
BAT-003665,2026-02,16,PLT-03,APAC,FRM-07,PRD-07,Catalysts,0.6388,0.8003,1.74,1.39,0.0,1,15058.66,37714.27,0.0,0,-37714.27,6616.207816091952
BAT-003666,2026-02,16,PLT-03,APAC,FRM-07,PRD-07,Catalysts,0.6324,0.7929,2.92,2.31,2.31,0,15058.66,63290.87,81458.05,0,18167.18,6616.295479452056
BAT-003667,2026-02,16,PLT-06,APAC,FRM-11,PRD-11,Polymers,0.8235,0.9333,49.33,46.04,46.04,0,735.99,49203.49,78449.01,0,29245.519999999997,261.44543482667746
BAT-003668,2026-02,16,PLT-03,APAC,FRM-01,PRD-01,Polymers,0.6193,0.8851,29.14,25.79,25.79,0,765.02,33039.1,45484.68,0,12445.580000000002,368.785765271105
BAT-003669,2026-02,16,PLT-02,AMER,FRM-09,PRD-09,Specialty,0.757,0.7923,58.13,46.05,46.05,0,1624.96,127553.19,121578.06,0,-5975.130000000005,569.3147290555648
BAT-003670,2026-02,16,PLT-01,EMEA,FRM-07,PRD-07,Catalysts,0.8448,0.8996,2.26,2.03,2.03,0,15058.66,46040.3,76431.35,0,30391.050000000003,5313.15415929204
BAT-003671,2026-02,16,PLT-05,LATAM,FRM-02,PRD-02,Polymers,0.8034,0.9158,30.71,28.12,28.12,0,896.56,37436.84,55857.8,0,18420.960000000006,322.4839596222728
BAT-003672,2026-02,16,PLT-04,EMEA,FRM-05,PRD-05,Coatings,0.9059,0.9153,41.16,37.68,37.68,0,1330.53,73546.22,108461.43,0,34915.20999999999,456.30722060252697
BAT-003673,2026-02,16,PLT-04,EMEA,FRM-11,PRD-11,Polymers,0.9196,0.9349,59.85,55.96,55.96,0,735.99,59672.65,96824.87,0,37152.219999999994,261.0467585630744
BAT-003674,2026-02,16,PLT-05,LATAM,FRM-08,PRD-08,Surfactants,0.7317,0.9042,18.64,16.85,16.85,0,1055.14,27268.76,37725.24,0,10456.48,407.77630901287534
BAT-003675,2026-02,16,PLT-04,EMEA,FRM-09,PRD-09,Specialty,0.9277,0.8058,36.98,29.8,29.8,0,1624.96,79520.23,73512.42,0,-6007.809999999998,525.3977609518661
BAT-003676,2026-02,16,PLT-05,LATAM,FRM-10,PRD-10,Agrochem,0.815,0.9745,60.47,58.93,0.0,1,582.31,50476.13,0.0,0,-50476.13,252.4201141061684
BAT-003677,2026-02,16,PLT-03,APAC,FRM-10,PRD-10,Agrochem,0.5089,0.8782,81.35,71.44,71.44,0,582.31,71246.86,91342.48,0,20095.619999999995,293.49651505838983
BAT-003678,2026-02,16,PLT-04,EMEA,FRM-06,PRD-06,Coatings,0.87,0.9214,27.39,25.24,25.24,0,1444.28,53730.31,88273.44,0,34543.130000000005,517.3961591821833
BAT-003679,2026-02,16,PLT-03,APAC,FRM-02,PRD-02,Polymers,0.6678,0.8543,57.49,49.12,0.0,1,896.56,73878.33,0.0,0,-73878.33,388.5040111323708
BAT-003680,2026-02,16,PLT-06,APAC,FRM-05,PRD-05,Coatings,0.8732,0.9126,35.53,32.42,32.42,0,1330.53,66644.64,92457.62,0,25812.979999999996,545.1986799887418
BAT-003681,2026-02,16,PLT-04,EMEA,FRM-04,PRD-04,Agrochem,0.8944,0.9187,56.19,51.62,0.0,1,550.0,43210.57,0.0,0,-43210.57,219.00818651005522
BAT-003682,2026-02,16,PLT-03,APAC,FRM-11,PRD-11,Polymers,0.5936,0.8689,58.51,50.84,50.84,0,735.99,61540.31,87977.12,0,26436.809999999998,315.8013177234661
BAT-003683,2026-02,16,PLT-04,EMEA,FRM-03,PRD-03,Solvents,0.8917,0.9458,104.47,98.81,98.81,0,558.51,79108.06,130283.68,0,51175.619999999995,198.7223154972719
BAT-003684,2026-02,16,PLT-01,EMEA,FRM-11,PRD-11,Polymers,0.8298,0.8916,42.45,37.85,37.85,0,735.99,43770.88,59438.42,0,15667.54,295.12613663133084
BAT-003685,2026-02,16,PLT-06,APAC,FRM-12,PRD-12,Solvents,0.8439,0.8991,65.37,58.77,58.77,0,615.31,54416.17,84311.81,0,29895.64,217.12337922594463
BAT-003686,2026-02,16,PLT-04,EMEA,FRM-08,PRD-08,Surfactants,0.9273,0.917,25.71,23.57,23.57,0,1055.14,35914.93,53372.97,0,17458.04,341.7845429793854
BAT-003687,2026-02,16,PLT-05,LATAM,FRM-07,PRD-07,Catalysts,0.7687,0.8664,2.56,2.21,2.21,0,15058.66,53758.1,83453.24,0,29695.140000000007,5940.5978125
BAT-003688,2026-02,16,PLT-02,AMER,FRM-03,PRD-03,Solvents,0.8465,0.946,91.38,86.44,86.44,0,558.51,69080.33,117804.62,0,48724.28999999999,197.4577172247757
BAT-003689,2026-02,16,PLT-03,APAC,FRM-07,PRD-07,Catalysts,0.6046,0.8346,1.23,1.02,1.02,0,15058.66,27117.81,38300.41,0,11182.600000000002,6988.34
BAT-003690,2026-02,16,PLT-02,AMER,FRM-08,PRD-08,Surfactants,0.8747,0.9113,50.69,46.2,46.2,0,1055.14,75520.72,110359.41,0,34838.69,434.7144091536793
BAT-003691,2026-02,16,PLT-05,LATAM,FRM-05,PRD-05,Coatings,0.8426,0.8663,27.21,23.57,23.57,0,1330.53,51411.35,70238.89,0,18827.54,558.8985189268651
BAT-003692,2026-02,16,PLT-05,LATAM,FRM-07,PRD-07,Catalysts,0.7574,0.8698,1.62,1.41,1.41,0,15058.66,33979.13,50831.57,0,16852.440000000002,5916.111604938269
BAT-003693,2026-02,16,PLT-06,APAC,FRM-03,PRD-03,Solvents,0.8047,0.9866,60.28,59.47,59.47,0,558.51,47942.36,80689.13,0,32746.770000000004,236.81780358327808
BAT-003694,2026-02,16,PLT-02,AMER,FRM-02,PRD-02,Polymers,0.8522,0.9576,80.63,77.21,77.21,0,896.56,97844.65,158820.03,0,60975.380000000005,316.94179833808766
BAT-003695,2026-02,16,PLT-01,EMEA,FRM-01,PRD-01,Polymers,0.8701,0.995,35.52,35.34,35.34,0,765.02,36783.74,59685.24,0,22901.5,270.55826576576555
BAT-003696,2026-02,16,PLT-03,APAC,FRM-05,PRD-05,Coatings,0.6591,0.815,27.87,22.72,22.72,0,1330.53,52831.69,67889.46,0,15057.770000000004,565.1172909939003
BAT-003697,2026-02,16,PLT-05,LATAM,FRM-09,PRD-09,Specialty,0.763,0.8479,35.46,30.06,30.06,0,1624.96,77110.71,78961.54,0,1850.8299999999872,549.6229103214891
BAT-003698,2026-02,16,PLT-02,AMER,FRM-05,PRD-05,Coatings,0.8202,0.9216,52.04,47.96,47.96,0,1330.53,93851.74,146333.26,0,52481.520000000004,472.923881629516
BAT-003699,2026-02,16,PLT-04,EMEA,FRM-08,PRD-08,Surfactants,0.8319,0.9226,23.6,21.78,21.78,0,1055.14,34161.6,47768.23,0,13606.630000000005,392.3854237288133
BAT-003700,2026-02,16,PLT-06,APAC,FRM-05,PRD-05,Coatings,0.9335,0.8996,21.18,19.05,19.05,0,1330.53,39014.09,54142.18,0,15128.090000000004,511.49502360717656
BAT-003701,2026-02,16,PLT-05,LATAM,FRM-10,PRD-10,Agrochem,0.7871,0.9577,56.76,54.36,54.36,0,582.31,45485.38,63496.96,0,18011.58,219.05328400281894
BAT-003702,2026-02,16,PLT-03,APAC,FRM-03,PRD-03,Solvents,0.5568,0.9347,83.08,77.66,77.66,0,558.51,70572.94,106168.56,0,35595.619999999995,290.94763119884453
BAT-003703,2026-02,16,PLT-01,EMEA,FRM-07,PRD-07,Catalysts,0.7643,0.921,1.64,1.51,1.51,0,15058.66,35528.54,52846.92,0,17318.379999999997,6605.083902439026
BAT-003704,2026-02,16,PLT-06,APAC,FRM-11,PRD-11,Polymers,0.8544,0.8713,67.96,59.21,59.21,0,735.99,67129.92,101569.06,0,34439.14,251.7957563272514
BAT-003705,2026-02,16,PLT-05,LATAM,FRM-09,PRD-09,Specialty,0.8658,0.8106,18.0,14.59,14.59,0,1624.96,38390.23,38972.14,0,581.9099999999962,507.83055555555575
BAT-003706,2026-02,16,PLT-05,LATAM,FRM-01,PRD-01,Polymers,0.7898,0.9372,38.41,36.0,36.0,0,765.02,40397.62,64340.43,0,23942.809999999998,286.7274615985423
BAT-003707,2026-02,16,PLT-04,EMEA,FRM-11,PRD-11,Polymers,0.871,0.9378,81.31,76.25,76.25,0,735.99,81691.95,124758.06,0,43066.11,268.7074541876767
BAT-003708,2026-02,16,PLT-03,APAC,FRM-12,PRD-12,Solvents,0.6,0.8892,36.17,32.16,32.16,0,615.31,32742.44,45613.78,0,12871.34,289.9274896322919
BAT-003709,2026-02,16,PLT-04,EMEA,FRM-12,PRD-12,Solvents,0.8746,0.9776,95.34,93.21,93.21,0,615.31,81317.61,127915.56,0,46597.95,237.61227816236635
BAT-003710,2026-02,16,PLT-01,EMEA,FRM-05,PRD-05,Coatings,0.904,0.9384,20.5,19.24,19.24,0,1330.53,36110.9,55609.95,0,19499.049999999996,430.97731707317075
BAT-003711,2026-02,16,PLT-04,EMEA,FRM-08,PRD-08,Surfactants,0.8801,0.9144,51.09,46.71,46.71,0,1055.14,73541.8,105102.94,0,31561.14,384.31586220395366
BAT-003712,2026-02,16,PLT-03,APAC,FRM-01,PRD-01,Polymers,0.6417,0.8586,51.89,44.56,44.56,0,765.02,58789.56,76910.89,0,18121.33,367.94511851994594
BAT-003713,2026-02,16,PLT-01,EMEA,FRM-03,PRD-03,Solvents,0.8702,0.9566,89.71,85.82,85.82,0,558.51,70626.15,115717.34,0,45091.19,228.76176457474082
BAT-003714,2026-02,16,PLT-03,APAC,FRM-02,PRD-02,Polymers,0.5976,0.8779,59.39,52.14,52.14,0,896.56,79320.2,106771.25,0,27451.050000000003,439.0217477689846
BAT-003715,2026-02,16,PLT-01,EMEA,FRM-09,PRD-09,Specialty,0.8655,0.8008,18.1,14.49,14.49,0,1624.96,40028.31,38725.75,0,-1302.5599999999977,586.548839779005
BAT-003716,2026-02,16,PLT-04,EMEA,FRM-03,PRD-03,Solvents,0.9016,0.9565,99.64,95.3,95.3,0,558.51,76217.58,126458.76,0,50241.17999999999,206.41954636692094
BAT-003717,2026-02,16,PLT-04,EMEA,FRM-05,PRD-05,Coatings,0.9165,0.8999,47.56,42.8,42.8,0,1330.53,86933.95,127012.79,0,40078.84,497.34952060555065
BAT-003718,2026-02,16,PLT-04,EMEA,FRM-05,PRD-05,Coatings,0.8768,0.8943,17.9,16.01,16.01,0,1330.53,33066.26,49747.55,0,16681.29,516.7470949720673
BAT-003719,2026-02,16,PLT-06,APAC,FRM-08,PRD-08,Surfactants,0.7932,0.8666,41.85,36.27,36.27,0,1055.14,63205.61,83080.89,0,19875.28,455.14936678614094
BAT-003720,2026-02,16,PLT-06,APAC,FRM-05,PRD-05,Coatings,0.7851,0.9513,15.34,14.59,14.59,0,1330.53,29432.7,42261.13,0,12828.429999999997,588.1597001303783
BAT-003721,2026-02,16,PLT-05,LATAM,FRM-05,PRD-05,Coatings,0.7831,0.8939,26.02,23.26,23.26,0,1330.53,49937.61,69983.63,0,20046.020000000004,588.6709992313606
BAT-003722,2026-02,16,PLT-01,EMEA,FRM-08,PRD-08,Surfactants,0.8827,0.9047,24.14,21.84,21.84,0,1055.14,35464.15,51624.71,0,16160.559999999998,413.96314830157417
BAT-003723,2026-02,16,PLT-06,APAC,FRM-10,PRD-10,Agrochem,0.8393,0.9438,42.41,40.03,40.03,0,582.31,34715.5,47172.34,0,12456.839999999997,236.25873378920073
BAT-003724,2026-02,16,PLT-03,APAC,FRM-02,PRD-02,Polymers,0.6234,0.8808,31.78,27.99,27.99,0,896.56,40678.07,55462.78,0,14784.71,383.4296161107616
BAT-003725,2026-02,16,PLT-03,APAC,FRM-10,PRD-10,Agrochem,0.6547,0.8995,29.53,26.56,26.56,0,582.31,25362.91,34087.35,0,8724.439999999999,276.5762174060278
BAT-003726,2026-02,16,PLT-06,APAC,FRM-03,PRD-03,Solvents,0.872,0.963,29.67,28.58,28.58,0,558.51,22325.79,38651.39,0,16325.599999999999,193.96017189079873
BAT-003727,2026-02,16,PLT-04,EMEA,FRM-07,PRD-07,Catalysts,0.871,0.842,3.87,3.26,3.26,0,15058.66,80966.28,118184.4,0,37218.119999999995,5862.859379844962
BAT-003728,2026-02,16,PLT-02,AMER,FRM-01,PRD-01,Polymers,0.8609,0.9428,90.89,85.69,85.69,0,765.02,95696.38,145047.96,0,49351.57999999999,287.86128506986483
BAT-003729,2026-02,16,PLT-06,APAC,FRM-01,PRD-01,Polymers,0.8118,0.934,45.12,42.14,42.14,0,765.02,46974.98,76357.49,0,29382.510000000002,276.092145390071
BAT-003730,2026-02,16,PLT-06,APAC,FRM-02,PRD-02,Polymers,0.8627,0.916,55.77,51.08,51.08,0,896.56,67699.51,105195.38,0,37495.87000000001,317.3455047516584
BAT-003731,2026-02,16,PLT-02,AMER,FRM-05,PRD-05,Coatings,0.7827,0.9214,54.36,50.09,50.09,0,1330.53,103162.65,146916.53,0,43753.880000000005,567.2376600441501
BAT-003732,2026-02,16,PLT-03,APAC,FRM-11,PRD-11,Polymers,0.5519,0.8584,52.17,44.78,44.78,0,735.99,57630.61,77224.74,0,19594.130000000005,368.67954188230783
BAT-003733,2026-02,16,PLT-05,LATAM,FRM-07,PRD-07,Catalysts,0.8269,0.8462,2.29,1.94,1.94,0,15058.66,47785.64,71123.42,0,23337.78,5808.431703056769
BAT-003734,2026-02,16,PLT-03,APAC,FRM-05,PRD-05,Coatings,0.5173,0.8478,34.64,29.37,29.37,0,1330.53,69848.98,83535.66,0,13686.680000000008,685.8955196304848
BAT-003735,2026-02,16,PLT-02,AMER,FRM-04,PRD-04,Agrochem,0.8576,0.8932,46.13,41.21,41.21,0,550.0,34993.45,46380.06,0,11386.61,208.58335139822236
BAT-003736,2026-02,16,PLT-05,LATAM,FRM-10,PRD-10,Agrochem,0.8149,0.9678,64.56,62.48,62.48,0,582.31,51396.74,73932.09,0,22535.35,213.79811648079306
BAT-003737,2026-02,16,PLT-02,AMER,FRM-06,PRD-06,Coatings,0.8439,0.8919,48.21,43.0,43.0,0,1444.28,94103.25,144317.77,0,50214.51999999999,507.6646172993155
BAT-003738,2026-02,16,PLT-02,AMER,FRM-12,PRD-12,Solvents,0.871,0.987,101.94,100.62,100.62,0,615.31,86548.54,144318.22,0,57769.68000000001,233.70451834412404
BAT-003739,2026-02,16,PLT-01,EMEA,FRM-12,PRD-12,Solvents,0.8775,0.995,82.43,82.01,82.01,0,615.31,71255.85,114106.51,0,42850.65999999999,249.1307375955356
BAT-003740,2026-02,16,PLT-01,EMEA,FRM-01,PRD-01,Polymers,0.9055,0.9162,51.35,47.04,47.04,0,765.02,52552.8,81306.72,0,28753.92,258.40356377799424
BAT-003741,2026-03,17,PLT-02,AMER,FRM-08,PRD-08,Surfactants,0.8276,0.9206,25.73,23.68,23.68,0,1050.92,36467.64,52889.33,0,16421.690000000002,366.3998600855032
BAT-003742,2026-03,17,PLT-02,AMER,FRM-04,PRD-04,Agrochem,0.8443,0.9029,103.98,93.89,93.89,0,547.81,77431.5,106341.5,0,28910.0,196.86686093479523
BAT-003743,2026-03,17,PLT-01,EMEA,FRM-02,PRD-02,Polymers,0.8551,0.9412,33.51,31.53,31.53,0,892.98,42173.19,59188.63,0,17015.439999999995,365.54551477171003
BAT-003744,2026-03,17,PLT-03,APAC,FRM-11,PRD-11,Polymers,0.6116,0.8935,53.45,47.76,47.76,0,733.05,55883.28,78619.1,0,22735.820000000007,312.4744153414406
BAT-003745,2026-03,17,PLT-03,APAC,FRM-01,PRD-01,Polymers,0.6387,0.9105,49.77,45.31,45.31,0,761.96,54473.24,80036.65,0,25563.409999999996,332.53949768937105
BAT-003746,2026-03,17,PLT-05,LATAM,FRM-06,PRD-06,Coatings,0.8064,0.875,21.04,18.41,18.41,0,1438.51,41737.97,63224.89,0,21486.92,545.2338212927757
BAT-003747,2026-03,17,PLT-05,LATAM,FRM-06,PRD-06,Coatings,0.7561,0.8996,26.01,23.39,23.39,0,1438.51,52756.14,77355.42,0,24599.28,589.7921914648211
BAT-003748,2026-03,17,PLT-02,AMER,FRM-06,PRD-06,Coatings,0.8496,0.8477,18.4,15.6,15.6,0,1438.51,36273.38,54065.37,0,17791.990000000005,532.869347826087
BAT-003749,2026-03,17,PLT-03,APAC,FRM-09,PRD-09,Specialty,0.5981,0.7468,36.42,27.2,27.2,0,1618.47,82727.32,67153.08,0,-15574.240000000005,653.010505216914
BAT-003750,2026-03,17,PLT-06,APAC,FRM-05,PRD-05,Coatings,0.8732,0.8408,14.64,12.31,12.31,0,1325.21,27014.54,37573.38,0,10558.839999999997,520.0454644808742
BAT-003751,2026-03,17,PLT-01,EMEA,FRM-07,PRD-07,Catalysts,0.8822,0.8471,1.25,1.06,1.06,0,14998.52,26003.57,36528.9,0,10525.330000000002,5804.335999999999
BAT-003752,2026-03,17,PLT-06,APAC,FRM-03,PRD-03,Solvents,0.7531,0.9519,39.58,37.68,37.68,0,556.28,30381.4,51879.92,0,21498.519999999997,211.31474482061662
BAT-003753,2026-03,17,PLT-06,APAC,FRM-03,PRD-03,Solvents,0.8334,0.9396,37.28,35.03,35.03,0,556.28,29504.03,43800.48,0,14296.450000000004,235.1371137339056
BAT-003754,2026-03,17,PLT-06,APAC,FRM-11,PRD-11,Polymers,0.8303,0.9063,74.78,67.77,67.77,0,733.05,75357.49,114530.83,0,39173.34,274.6725193902114
BAT-003755,2026-03,17,PLT-02,AMER,FRM-06,PRD-06,Coatings,0.8405,0.9378,37.56,35.23,35.23,0,1438.51,75505.5,113393.16,0,37887.66,571.7535782747602
BAT-003756,2026-03,17,PLT-04,EMEA,FRM-02,PRD-02,Polymers,0.97,0.9772,61.81,60.41,60.41,0,892.98,75321.91,114453.24,0,39131.33,325.62394758129744
BAT-003757,2026-03,17,PLT-04,EMEA,FRM-12,PRD-12,Solvents,0.8738,0.945,39.81,37.62,37.62,0,612.86,33214.0,51374.01,0,18160.010000000002,221.45298668676207
BAT-003758,2026-03,17,PLT-05,LATAM,FRM-08,PRD-08,Surfactants,0.7518,0.9431,14.3,13.49,13.49,0,1050.92,21716.91,30884.59,0,9167.68,467.74503496503485
BAT-003759,2026-03,17,PLT-06,APAC,FRM-09,PRD-09,Specialty,0.8305,0.8123,17.78,14.45,0.0,1,1618.47,39357.34,0.0,0,-39357.34,595.1036782902136
BAT-003760,2026-03,17,PLT-02,AMER,FRM-11,PRD-11,Polymers,0.753,0.8986,84.15,75.61,75.61,0,733.05,89934.66,120384.33,0,30449.67,335.69224598930487
BAT-003761,2026-03,17,PLT-04,EMEA,FRM-10,PRD-10,Agrochem,0.8657,0.9599,72.23,69.34,69.34,0,579.98,57894.7,85147.84,0,27253.14,221.5526041810881
BAT-003762,2026-03,17,PLT-02,AMER,FRM-08,PRD-08,Surfactants,0.7876,0.9202,37.2,34.23,34.23,0,1050.92,55458.9,77614.29,0,22155.389999999992,439.9106451612902
BAT-003763,2026-03,17,PLT-01,EMEA,FRM-08,PRD-08,Surfactants,0.8446,0.9278,25.63,23.78,23.78,0,1050.92,37107.18,56067.65,0,18960.47,396.88257510729613
BAT-003764,2026-03,17,PLT-06,APAC,FRM-02,PRD-02,Polymers,0.8378,0.9421,46.3,43.61,43.61,0,892.98,58161.44,82448.16,0,24286.72,363.20660907127444
BAT-003765,2026-03,17,PLT-01,EMEA,FRM-06,PRD-06,Coatings,0.8784,0.8844,29.06,25.7,25.7,0,1438.51,56872.0,85238.12,0,28366.119999999995,518.5443702684104
BAT-003766,2026-03,17,PLT-04,EMEA,FRM-05,PRD-05,Coatings,0.9387,0.8973,14.75,13.23,13.23,0,1325.21,26570.94,41111.04,0,14540.100000000002,476.209661016949
BAT-003767,2026-03,17,PLT-04,EMEA,FRM-09,PRD-09,Specialty,0.8215,0.8159,36.7,29.94,29.94,0,1618.47,78829.31,80419.33,0,1590.020000000004,529.4676021798361
BAT-003768,2026-03,17,PLT-05,LATAM,FRM-01,PRD-01,Polymers,0.7979,0.9143,47.03,43.01,43.01,0,761.96,50506.26,71264.81,0,20758.549999999996,311.95579842653615
BAT-003769,2026-03,17,PLT-03,APAC,FRM-07,PRD-07,Catalysts,0.6519,0.8401,3.06,2.57,2.57,0,14998.52,65797.19,97179.26,0,31382.069999999992,6503.829673202614
BAT-003770,2026-03,17,PLT-04,EMEA,FRM-03,PRD-03,Solvents,0.8143,0.9943,95.77,95.22,95.22,0,556.28,75273.14,125878.66,0,50605.520000000004,229.6982812989454
BAT-003771,2026-03,17,PLT-02,AMER,FRM-10,PRD-10,Agrochem,0.8468,0.9209,95.28,87.74,87.74,0,579.98,75848.45,104716.67,0,28868.22,216.07845927791766
BAT-003772,2026-03,17,PLT-03,APAC,FRM-01,PRD-01,Polymers,0.6218,0.8919,29.93,26.7,26.7,0,761.96,32458.78,47598.24,0,15139.46,322.52980955562975
BAT-003773,2026-03,17,PLT-06,APAC,FRM-03,PRD-03,Solvents,0.8174,0.995,55.6,55.32,55.32,0,556.28,44295.86,71402.07,0,27106.210000000006,240.40812949640292
BAT-003774,2026-03,17,PLT-04,EMEA,FRM-01,PRD-01,Polymers,0.8361,0.9303,41.77,38.86,38.86,0,761.96,44694.73,67048.48,0,22353.749999999993,308.05987072061293
BAT-003775,2026-03,17,PLT-05,LATAM,FRM-06,PRD-06,Coatings,0.8266,0.8869,9.41,8.35,8.35,0,1438.51,18545.27,26540.04,0,7994.77,532.2944633368757
BAT-003776,2026-03,17,PLT-06,APAC,FRM-07,PRD-07,Catalysts,0.8365,0.8918,2.57,2.29,2.29,0,14998.52,54892.59,86606.95,0,31714.36,6360.464435797665
BAT-003777,2026-03,17,PLT-05,LATAM,FRM-09,PRD-09,Specialty,0.7667,0.834,15.11,12.6,12.6,0,1618.47,32950.95,31597.8,0,-1353.1499999999978,562.2679219060221
BAT-003778,2026-03,17,PLT-03,APAC,FRM-08,PRD-08,Surfactants,0.6405,0.8871,47.18,41.86,0.0,1,1050.92,73446.34,0.0,0,-73446.34,505.80615515048726
BAT-003779,2026-03,17,PLT-06,APAC,FRM-10,PRD-10,Agrochem,0.8278,0.9082,73.13,66.42,66.42,0,579.98,60425.82,79417.69,0,18991.870000000003,246.299502256256
BAT-003780,2026-03,17,PLT-03,APAC,FRM-10,PRD-10,Agrochem,0.6182,0.8504,46.95,39.92,39.92,0,579.98,40267.31,47115.26,0,6847.950000000004,277.68368477103286
BAT-003781,2026-03,17,PLT-01,EMEA,FRM-04,PRD-04,Agrochem,0.8872,0.9351,32.5,30.39,30.39,0,547.81,24648.87,36186.26,0,11537.390000000003,210.61676923076925
BAT-003782,2026-03,17,PLT-01,EMEA,FRM-08,PRD-08,Surfactants,0.9306,0.8912,56.49,50.35,50.35,0,1050.92,79214.85,118714.18,0,39499.32999999999,351.3609346787041
BAT-003783,2026-03,17,PLT-02,AMER,FRM-06,PRD-06,Coatings,0.8072,0.8676,48.82,42.35,42.35,0,1438.51,96145.18,145024.36,0,48879.17999999999,530.8709913969683
BAT-003784,2026-03,17,PLT-02,AMER,FRM-07,PRD-07,Catalysts,0.8281,0.8893,1.61,1.43,1.43,0,14998.52,33643.34,54105.48,0,20462.140000000007,5897.964472049687
BAT-003785,2026-03,17,PLT-03,APAC,FRM-09,PRD-09,Specialty,0.5504,0.7637,26.17,19.99,19.99,0,1618.47,59537.15,49612.05,0,-9925.099999999999,656.5452846771111
BAT-003786,2026-03,17,PLT-04,EMEA,FRM-08,PRD-08,Surfactants,0.8216,0.958,25.07,24.02,24.02,0,1050.92,36865.31,53503.63,0,16638.32,419.57501396090925
BAT-003787,2026-03,17,PLT-06,APAC,FRM-07,PRD-07,Catalysts,0.8036,0.8102,2.22,1.8,1.8,0,14998.52,45925.22,67118.26,0,21193.039999999994,5688.516036036035
BAT-003788,2026-03,17,PLT-02,AMER,FRM-06,PRD-06,Coatings,0.8118,0.8959,37.64,33.73,33.73,0,1438.51,73744.82,109429.53,0,35684.70999999999,520.7041339001064
BAT-003789,2026-03,17,PLT-05,LATAM,FRM-02,PRD-02,Polymers,0.8229,0.9375,36.81,34.51,34.51,0,892.98,44929.61,70793.19,0,25863.58,327.601635425156
BAT-003790,2026-03,17,PLT-06,APAC,FRM-08,PRD-08,Surfactants,0.8603,0.9527,33.01,31.45,31.45,0,1050.92,46592.35,70846.98,0,24254.629999999997,360.5416782793093
BAT-003791,2026-03,17,PLT-04,EMEA,FRM-01,PRD-01,Polymers,0.9535,0.9721,49.41,48.03,48.03,0,761.96,49633.06,85901.36,0,36268.3,242.55447075490792
BAT-003792,2026-03,17,PLT-06,APAC,FRM-01,PRD-01,Polymers,0.8239,0.9631,55.16,53.12,53.12,0,761.96,59395.66,94055.93,0,34660.26999999999,314.82861493836117
BAT-003793,2026-03,17,PLT-01,EMEA,FRM-11,PRD-11,Polymers,0.8754,0.9179,52.98,48.63,48.63,0,733.05,52887.97,78579.2,0,25691.229999999996,265.2129294073236
BAT-003794,2026-03,17,PLT-06,APAC,FRM-07,PRD-07,Catalysts,0.8208,0.8835,1.21,1.07,1.07,0,14998.52,25435.25,40202.48,0,14767.230000000003,6022.347768595042
BAT-003795,2026-03,17,PLT-06,APAC,FRM-11,PRD-11,Polymers,0.8209,0.9039,56.87,51.4,51.4,0,733.05,58376.23,80643.32,0,22267.090000000004,293.4354932301742
BAT-003796,2026-03,17,PLT-04,EMEA,FRM-04,PRD-04,Agrochem,0.8638,0.8946,94.54,84.58,84.58,0,547.81,70053.56,96204.52,0,26150.960000000006,193.18386503067484
BAT-003797,2026-03,17,PLT-06,APAC,FRM-08,PRD-08,Surfactants,0.7881,0.963,16.28,15.68,15.68,0,1050.92,23972.27,36135.41,0,12163.140000000003,421.57815724815714
BAT-003798,2026-03,17,PLT-01,EMEA,FRM-04,PRD-04,Agrochem,0.8226,0.9014,91.82,82.77,82.77,0,547.81,71622.88,100042.39,0,28419.509999999995,232.22572206490975
BAT-003799,2026-03,17,PLT-01,EMEA,FRM-07,PRD-07,Catalysts,0.8241,0.8774,2.74,2.4,2.4,0,14998.52,57528.68,83237.51,0,25708.829999999994,5997.348613138685
BAT-003800,2026-03,17,PLT-06,APAC,FRM-11,PRD-11,Polymers,0.8672,0.9141,68.43,62.55,62.55,0,733.05,70618.49,103869.42,0,33250.92999999999,298.9314408884993
BAT-003801,2026-03,17,PLT-06,APAC,FRM-10,PRD-10,Agrochem,0.8561,0.9119,38.89,35.46,35.46,0,579.98,31949.53,43072.38,0,11122.849999999999,241.55587040370267
BAT-003802,2026-03,17,PLT-02,AMER,FRM-08,PRD-08,Surfactants,0.7341,0.9429,51.72,48.77,48.77,0,1050.92,78721.34,109504.04,0,30782.699999999997,471.14767208043304
BAT-003803,2026-03,17,PLT-04,EMEA,FRM-11,PRD-11,Polymers,0.8734,0.9166,73.38,67.26,67.26,0,733.05,74422.71,111770.26,0,37347.54999999999,281.15973017170916
BAT-003804,2026-03,17,PLT-05,LATAM,FRM-06,PRD-06,Coatings,0.7956,0.938,24.44,22.93,22.93,0,1438.51,49443.59,75499.13,0,26055.540000000008,584.5501472995088
BAT-003805,2026-03,17,PLT-05,LATAM,FRM-02,PRD-02,Polymers,0.8483,0.9152,15.43,14.12,14.12,0,892.98,19109.26,28005.94,0,8896.68,345.4684769928708
BAT-003806,2026-03,17,PLT-03,APAC,FRM-05,PRD-05,Coatings,0.6168,0.8978,24.25,21.77,21.77,0,1325.21,46165.88,64172.48,0,18006.600000000006,578.5376288659793
BAT-003807,2026-03,17,PLT-06,APAC,FRM-04,PRD-04,Agrochem,0.8788,0.9344,58.59,54.75,54.75,0,547.81,44851.35,64075.75,0,19224.4,217.70203277009728
BAT-003808,2026-03,17,PLT-04,EMEA,FRM-01,PRD-01,Polymers,0.8834,0.9344,29.44,27.51,27.51,0,761.96,29895.64,46919.6,0,17023.96,253.51690217391297
BAT-003809,2026-03,17,PLT-01,EMEA,FRM-09,PRD-09,Specialty,0.8437,0.8352,23.48,19.61,19.61,0,1618.47,50008.65,53242.49,0,3233.8399999999965,511.370289608177
BAT-003810,2026-03,17,PLT-05,LATAM,FRM-03,PRD-03,Solvents,0.7176,0.9376,25.91,24.29,24.29,0,556.28,20936.03,32582.86,0,11646.830000000002,251.7489463527595
BAT-003811,2026-03,17,PLT-04,EMEA,FRM-08,PRD-08,Surfactants,0.8278,0.8681,38.55,33.47,33.47,0,1050.92,56199.47,73832.37,0,17632.899999999994,406.9132036316473
BAT-003812,2026-03,17,PLT-01,EMEA,FRM-06,PRD-06,Coatings,0.8804,0.933,20.19,18.84,18.84,0,1438.51,40964.81,65674.18,0,24709.369999999995,590.4553293709755
BAT-003813,2026-03,17,PLT-02,AMER,FRM-06,PRD-06,Coatings,0.9015,0.8684,17.47,15.17,15.17,0,1438.51,33885.01,49705.14,0,15820.129999999997,501.1013337149402
BAT-003814,2026-03,17,PLT-03,APAC,FRM-09,PRD-09,Specialty,0.5919,0.7441,19.02,14.16,14.16,0,1618.47,43596.37,37599.25,0,-5997.120000000003,673.6630178759203
BAT-003815,2026-03,17,PLT-03,APAC,FRM-03,PRD-03,Solvents,0.6503,0.935,50.01,46.76,46.76,0,556.28,40698.19,59478.1,0,18779.909999999996,257.52103979204173
BAT-003816,2026-03,17,PLT-02,AMER,FRM-01,PRD-01,Polymers,0.8229,0.924,69.73,64.44,64.44,0,761.96,72234.54,107514.4,0,35279.86,273.9576824896026
BAT-003817,2026-03,17,PLT-06,APAC,FRM-01,PRD-01,Polymers,0.8351,0.9251,21.81,20.18,20.18,0,761.96,23260.74,36801.81,0,13541.069999999996,304.5571939477304
BAT-003818,2026-03,17,PLT-02,AMER,FRM-05,PRD-05,Coatings,0.8196,0.9129,18.12,16.54,16.54,0,1325.21,34026.3,48711.0,0,14684.699999999997,552.6211258278147
BAT-003819,2026-03,17,PLT-02,AMER,FRM-09,PRD-09,Specialty,0.8165,0.8183,26.64,21.8,21.8,0,1618.47,57752.45,57493.49,0,-258.9599999999991,549.4147597597596
BAT-003820,2026-03,17,PLT-01,EMEA,FRM-04,PRD-04,Agrochem,0.8088,0.9362,68.32,63.96,63.96,0,547.81,52179.31,72904.82,0,20725.51000000001,215.93868266978927
BAT-003821,2026-03,17,PLT-05,LATAM,FRM-06,PRD-06,Coatings,0.7774,0.8593,24.58,21.12,21.12,0,1438.51,49726.58,67217.5,0,17490.92,584.5404475183077
BAT-003822,2026-03,17,PLT-05,LATAM,FRM-08,PRD-08,Surfactants,0.824,0.9077,32.82,29.79,29.79,0,1050.92,49308.74,66960.09,0,17651.35,451.4791468616695
BAT-003823,2026-03,17,PLT-05,LATAM,FRM-07,PRD-07,Catalysts,0.8158,0.808,2.34,1.89,1.89,0,14998.52,48597.77,66957.26,0,18359.489999999998,5769.757777777777
BAT-003824,2026-03,17,PLT-06,APAC,FRM-11,PRD-11,Polymers,0.7987,0.9279,64.97,60.28,60.28,0,733.05,66625.8,99607.94,0,32982.14,292.4356087424967
BAT-003825,2026-03,17,PLT-06,APAC,FRM-02,PRD-02,Polymers,0.829,0.9284,31.22,28.98,28.98,0,892.98,39536.56,55475.68,0,15939.120000000003,373.40565022421515
BAT-003826,2026-03,17,PLT-01,EMEA,FRM-02,PRD-02,Polymers,0.8755,0.9011,23.27,20.97,20.97,0,892.98,29183.8,43210.36,0,14026.560000000001,361.1583755908896
BAT-003827,2026-03,17,PLT-02,AMER,FRM-02,PRD-02,Polymers,0.8419,0.912,47.02,42.89,42.89,0,892.98,58494.79,85696.88,0,27202.090000000004,351.0606210123351
BAT-003828,2026-03,17,PLT-04,EMEA,FRM-04,PRD-04,Agrochem,0.8984,0.896,95.11,85.22,85.22,0,547.81,72735.22,97031.09,0,24295.869999999995,216.93839659341825
BAT-003829,2026-03,17,PLT-05,LATAM,FRM-11,PRD-11,Polymers,0.8299,0.9193,33.94,31.2,31.2,0,733.05,33671.1,52076.48,0,18405.380000000005,259.0271950500885
BAT-003830,2026-03,17,PLT-05,LATAM,FRM-03,PRD-03,Solvents,0.8713,0.9496,49.17,46.69,46.69,0,556.28,36841.75,61247.82,0,24406.07,192.99293064876963
BAT-003831,2026-03,17,PLT-01,EMEA,FRM-02,PRD-02,Polymers,0.8455,0.9112,56.62,51.59,51.59,0,892.98,70005.98,103833.24,0,33827.26000000001,343.4378735429177
BAT-003832,2026-03,17,PLT-05,LATAM,FRM-11,PRD-11,Polymers,0.855,0.9521,29.79,28.36,28.36,0,733.05,29808.86,46591.72,0,16782.86,267.58309835515286
BAT-003833,2026-03,17,PLT-04,EMEA,FRM-06,PRD-06,Coatings,0.9068,0.8885,39.52,35.11,35.11,0,1438.51,76590.51,116174.97,0,39584.46000000001,499.50897773279326
BAT-003834,2026-03,17,PLT-06,APAC,FRM-11,PRD-11,Polymers,0.7266,0.8679,55.79,48.42,48.42,0,733.05,56598.72,83656.14,0,27057.42,281.44578777558706
BAT-003835,2026-03,17,PLT-05,LATAM,FRM-07,PRD-07,Catalysts,0.8018,0.9227,2.38,2.2,2.2,0,14998.52,49629.06,80787.86,0,31158.800000000003,5854.026218487394
BAT-003836,2026-03,17,PLT-02,AMER,FRM-02,PRD-02,Polymers,0.8606,0.9206,37.15,34.2,34.2,0,892.98,44763.19,70047.87,0,25284.679999999993,311.95109017496634
BAT-003837,2026-03,17,PLT-04,EMEA,FRM-07,PRD-07,Catalysts,0.9072,0.8802,1.67,1.47,1.47,0,14998.52,34002.79,50572.06,0,16569.269999999997,5362.4320958083845
BAT-003838,2026-03,17,PLT-02,AMER,FRM-07,PRD-07,Catalysts,0.8887,0.8443,3.47,2.93,2.93,0,14998.52,71328.59,103446.4,0,32117.809999999998,5557.269625360226
BAT-003839,2026-03,17,PLT-05,LATAM,FRM-10,PRD-10,Agrochem,0.7673,0.9283,60.28,55.96,55.96,0,579.98,48412.03,67124.21,0,18712.180000000008,223.1392767086927
BAT-003840,2026-03,17,PLT-05,LATAM,FRM-03,PRD-03,Solvents,0.8471,0.9656,23.23,22.43,22.43,0,556.28,18039.59,29818.1,0,11778.509999999998,220.28435643564353
BAT-003841,2026-03,17,PLT-02,AMER,FRM-03,PRD-03,Solvents,0.7411,0.9907,55.83,55.32,55.32,0,556.28,44391.37,69267.59,0,24876.219999999994,238.836783091528
BAT-003842,2026-03,17,PLT-05,LATAM,FRM-12,PRD-12,Solvents,0.8659,0.948,53.72,50.93,50.93,0,612.86,45425.67,69918.45,0,24492.78,232.74070737155614
BAT-003843,2026-03,17,PLT-03,APAC,FRM-08,PRD-08,Surfactants,0.6538,0.8883,28.9,25.67,25.67,0,1050.92,43075.72,56483.54,0,13407.82,439.58934256055363
BAT-003844,2026-03,17,PLT-05,LATAM,FRM-03,PRD-03,Solvents,0.8045,0.995,38.05,37.86,0.0,1,556.28,28861.18,0.0,0,-28861.18,202.2267017082787
BAT-003845,2026-03,17,PLT-06,APAC,FRM-06,PRD-06,Coatings,0.8657,0.9294,16.37,15.22,15.22,0,1438.51,31528.45,48537.85,0,17009.399999999998,487.4796151496639
BAT-003846,2026-03,17,PLT-03,APAC,FRM-09,PRD-09,Specialty,0.613,0.79,28.62,22.61,22.61,0,1618.47,64411.59,60822.54,0,-3589.0499999999956,632.1096645702303
BAT-003847,2026-03,17,PLT-04,EMEA,FRM-06,PRD-06,Coatings,0.8498,0.8808,32.18,28.34,28.34,0,1438.51,63945.72,98897.09,0,34951.369999999995,548.6161653200747
BAT-003848,2026-03,17,PLT-03,APAC,FRM-01,PRD-01,Polymers,0.6171,0.9417,28.09,26.45,26.45,0,761.96,31490.79,48172.67,0,16681.879999999997,359.1076397294412
BAT-003849,2026-03,17,PLT-06,APAC,FRM-08,PRD-08,Surfactants,0.8209,0.8988,50.85,45.7,45.7,0,1050.92,74023.48,103700.95,0,29677.47,404.802320550639
BAT-003850,2026-03,17,PLT-05,LATAM,FRM-01,PRD-01,Polymers,0.8209,0.9221,22.98,21.2,21.2,0,761.96,24725.11,38484.95,0,13759.839999999997,313.9803829416885
BAT-003851,2026-03,17,PLT-03,APAC,FRM-05,PRD-05,Coatings,0.6552,0.8166,20.73,16.93,16.93,0,1325.21,40138.04,52297.09,0,12159.049999999996,611.0196189097926
BAT-003852,2026-03,17,PLT-06,APAC,FRM-04,PRD-04,Agrochem,0.8478,0.8949,33.36,29.86,29.86,0,547.81,25907.03,35165.06,0,9258.029999999999,228.77962829736214
BAT-003853,2026-03,17,PLT-02,AMER,FRM-04,PRD-04,Agrochem,0.8923,0.8987,110.51,99.32,99.32,0,547.81,82499.48,112792.3,0,30292.820000000007,198.72406931499415
BAT-003854,2026-03,17,PLT-02,AMER,FRM-08,PRD-08,Surfactants,0.8219,0.9223,53.15,49.02,49.02,0,1050.92,79914.24,113750.61,0,33836.369999999995,452.64048918156163
BAT-003855,2026-03,17,PLT-03,APAC,FRM-01,PRD-01,Polymers,0.6199,0.9123,33.48,30.55,30.55,0,761.96,37875.29,51623.88,0,13748.589999999997,369.32106332138596
BAT-003856,2026-03,17,PLT-03,APAC,FRM-05,PRD-05,Coatings,0.6183,0.8437,38.16,32.2,32.2,0,1325.21,74665.48,96060.84,0,21395.36,631.4325576519916
BAT-003857,2026-03,17,PLT-05,LATAM,FRM-10,PRD-10,Agrochem,0.8274,0.9273,60.98,56.55,56.55,0,579.98,50206.28,66842.34,0,16636.059999999998,243.34371269268615
BAT-003858,2026-03,17,PLT-04,EMEA,FRM-04,PRD-04,Agrochem,0.9168,0.904,70.94,64.13,64.13,0,547.81,51304.97,74549.57,0,23244.600000000006,175.40638003947004
BAT-003859,2026-03,17,PLT-03,APAC,FRM-03,PRD-03,Solvents,0.6148,0.9753,28.34,27.64,27.64,0,556.28,23374.27,34585.95,0,11211.679999999997,268.50016937191253
BAT-003860,2026-03,17,PLT-05,LATAM,FRM-09,PRD-09,Specialty,0.8241,0.81,26.63,21.57,21.57,0,1618.47,59629.9,53288.44,0,-6341.459999999999,620.7301502065341
BAT-003861,2026-03,17,PLT-01,EMEA,FRM-09,PRD-09,Specialty,0.8877,0.8243,37.13,30.6,30.6,0,1618.47,80800.3,81798.27,0,997.9700000000012,557.6759736062484
BAT-003862,2026-03,17,PLT-02,AMER,FRM-10,PRD-10,Agrochem,0.884,0.9348,47.3,44.21,44.21,0,579.98,38185.13,52326.39,0,14141.260000000002,227.31661733615215
BAT-003863,2026-03,17,PLT-01,EMEA,FRM-07,PRD-07,Catalysts,0.9133,0.8677,1.2,1.04,1.04,0,14998.52,24386.69,35953.34,0,11566.649999999998,5323.7216666666645
BAT-003864,2026-03,17,PLT-01,EMEA,FRM-06,PRD-06,Coatings,0.8526,0.9115,27.61,25.17,25.17,0,1438.51,53287.46,84880.15,0,31592.689999999995,491.49579500181085
BAT-003865,2026-03,17,PLT-02,AMER,FRM-11,PRD-11,Polymers,0.8334,0.953,58.97,56.19,56.19,0,733.05,60091.05,92874.35,0,32783.3,285.9605138205868
BAT-003866,2026-03,17,PLT-03,APAC,FRM-07,PRD-07,Catalysts,0.6332,0.8537,1.41,1.2,1.2,0,14998.52,31115.84,44225.0,0,13109.16,7069.451631205673
BAT-003867,2026-03,17,PLT-02,AMER,FRM-03,PRD-03,Solvents,0.8008,0.9664,88.48,85.52,85.52,0,556.28,69151.75,115361.25,0,46209.5,225.27232820976496
BAT-003868,2026-03,17,PLT-03,APAC,FRM-11,PRD-11,Polymers,0.636,0.8882,59.32,52.68,52.68,0,733.05,62931.67,88314.45,0,25382.78,327.8345246122724
BAT-003869,2026-03,17,PLT-03,APAC,FRM-06,PRD-06,Coatings,0.5789,0.8413,28.45,23.94,0.0,1,1438.51,59960.78,0.0,0,-59960.78,669.0745342706502
BAT-003870,2026-03,17,PLT-01,EMEA,FRM-06,PRD-06,Coatings,0.8772,0.9022,21.51,19.41,19.41,0,1438.51,42615.93,64691.47,0,22075.54,542.7047838214783
BAT-003871,2026-03,17,PLT-05,LATAM,FRM-11,PRD-11,Polymers,0.7914,0.9425,21.22,20.0,20.0,0,733.05,22345.27,33634.11,0,11288.84,319.97874646559853
BAT-003872,2026-03,17,PLT-01,EMEA,FRM-12,PRD-12,Solvents,0.8235,0.9378,37.66,35.32,35.32,0,612.86,32295.23,49200.75,0,16905.52,244.6872650026554
BAT-003873,2026-03,17,PLT-03,APAC,FRM-05,PRD-05,Coatings,0.6623,0.8578,16.08,13.8,13.8,0,1325.21,30248.09,41498.65,0,11250.560000000001,555.8901243781097
BAT-003874,2026-03,17,PLT-04,EMEA,FRM-07,PRD-07,Catalysts,0.9211,0.89,3.53,3.14,3.14,0,14998.52,72153.54,114414.62,0,42261.08,5441.576317280451
BAT-003875,2026-03,17,PLT-05,LATAM,FRM-07,PRD-07,Catalysts,0.7703,0.8308,1.17,0.98,0.98,0,14998.52,24561.28,35604.57,0,11043.29,5994.027008547007
BAT-003876,2026-03,17,PLT-01,EMEA,FRM-07,PRD-07,Catalysts,0.8659,0.8472,2.02,1.71,1.71,0,14998.52,41696.58,62578.07,0,20881.489999999998,5643.351287128713
BAT-003877,2026-03,17,PLT-06,APAC,FRM-02,PRD-02,Polymers,0.8115,0.9408,45.15,42.48,42.48,0,892.98,55363.26,85630.3,0,30267.04,333.2273089700998
BAT-003878,2026-03,17,PLT-04,EMEA,FRM-10,PRD-10,Agrochem,0.8136,0.9416,99.2,93.4,93.4,0,579.98,81209.5,109705.67,0,28496.17,238.66415322580644
BAT-003879,2026-03,17,PLT-06,APAC,FRM-03,PRD-03,Solvents,0.9001,0.9449,86.96,82.17,82.17,0,556.28,65262.41,104751.56,0,39489.149999999994,194.2076954921804
BAT-003880,2026-03,17,PLT-04,EMEA,FRM-03,PRD-03,Solvents,0.9695,0.9579,85.37,81.78,0.0,1,556.28,62597.11,0.0,0,-62597.11,176.96481668033266
BAT-003881,2026-03,17,PLT-03,APAC,FRM-08,PRD-08,Surfactants,0.595,0.9034,47.21,42.65,42.65,0,1050.92,73636.09,93869.98,0,20233.89,508.8361957212453
BAT-003882,2026-03,17,PLT-04,EMEA,FRM-10,PRD-10,Agrochem,0.898,0.9137,89.85,82.1,82.1,0,579.98,73095.05,96981.77,0,23886.72,233.54309404563162
BAT-003883,2026-03,17,PLT-03,APAC,FRM-06,PRD-06,Coatings,0.6136,0.8868,25.7,22.79,22.79,0,1438.51,54455.66,76974.97,0,22519.309999999998,680.3872762645917
BAT-003884,2026-03,17,PLT-05,LATAM,FRM-03,PRD-03,Solvents,0.8321,0.9522,65.04,61.94,61.94,0,556.28,50934.07,80185.13,0,29251.060000000005,226.83915744157434
BAT-003885,2026-03,17,PLT-06,APAC,FRM-05,PRD-05,Coatings,0.8323,0.8963,38.83,34.8,34.8,0,1325.21,72861.93,104803.29,0,31941.36,551.2239428277103
BAT-003886,2026-03,17,PLT-03,APAC,FRM-12,PRD-12,Solvents,0.6171,0.8585,56.77,48.74,48.74,0,612.86,51257.12,71535.42,0,20278.299999999996,290.0309635370794
BAT-003887,2026-03,17,PLT-06,APAC,FRM-02,PRD-02,Polymers,0.8557,0.8976,50.04,44.92,44.92,0,892.98,62045.42,87464.88,0,25419.460000000006,346.93646682653866
BAT-003888,2026-03,17,PLT-05,LATAM,FRM-02,PRD-02,Polymers,0.9158,0.9292,19.2,17.84,17.84,0,892.98,22892.76,35222.55,0,12329.790000000005,299.35124999999994
BAT-003889,2026-03,17,PLT-05,LATAM,FRM-03,PRD-03,Solvents,0.7651,0.9572,49.64,47.52,0.0,1,556.28,40145.47,0.0,0,-40145.47,252.45227236099925
BAT-003890,2026-03,17,PLT-06,APAC,FRM-08,PRD-08,Surfactants,0.7778,0.9069,32.16,29.17,29.17,0,1050.92,47531.18,68194.29,0,20663.109999999993,427.03957711442786
BAT-003891,2026-03,17,PLT-01,EMEA,FRM-11,PRD-11,Polymers,0.8419,0.9721,65.19,63.38,63.38,0,733.05,65118.33,109145.4,0,44027.06999999999,265.85059825126564
BAT-003892,2026-03,17,PLT-03,APAC,FRM-03,PRD-03,Solvents,0.6158,0.955,82.3,78.59,78.59,0,556.28,66046.35,107582.23,0,41535.87999999999,246.22729040097215
BAT-003893,2026-03,17,PLT-06,APAC,FRM-04,PRD-04,Agrochem,0.8264,0.9078,77.01,69.91,0.0,1,547.81,58196.78,0.0,0,-58196.78,207.89419426048562
BAT-003894,2026-03,17,PLT-04,EMEA,FRM-04,PRD-04,Agrochem,0.8864,0.9039,92.24,83.37,83.37,0,547.81,70494.99,100547.96,0,30052.97,216.44617953165675
BAT-003895,2026-03,17,PLT-03,APAC,FRM-06,PRD-06,Coatings,0.5539,0.8739,26.94,23.55,23.55,0,1438.51,56573.16,82463.1,0,25889.940000000002,661.4588195991093
BAT-003896,2026-03,17,PLT-02,AMER,FRM-03,PRD-03,Solvents,0.8056,0.9888,112.86,111.6,111.6,0,556.28,88283.2,147910.55,0,59627.34999999999,225.95639907850432
BAT-003897,2026-03,17,PLT-03,APAC,FRM-10,PRD-10,Agrochem,0.5796,0.8721,71.81,62.63,62.63,0,579.98,59789.97,78068.23,0,18278.259999999995,252.6334243141623
BAT-003898,2026-03,17,PLT-06,APAC,FRM-11,PRD-11,Polymers,0.8507,0.9154,32.36,29.62,29.62,0,733.05,32737.83,48701.65,0,15963.82,278.62583436341174
BAT-003899,2026-03,17,PLT-01,EMEA,FRM-05,PRD-05,Coatings,0.8658,0.8909,32.09,28.59,28.59,0,1325.21,59039.09,86772.77,0,27733.680000000008,514.5871330632592
BAT-003900,2026-03,17,PLT-02,AMER,FRM-11,PRD-11,Polymers,0.8701,0.9746,61.6,60.04,60.04,0,733.05,62349.59,103095.85,0,40746.26000000001,279.11866883116875
BAT-003901,2026-03,17,PLT-03,APAC,FRM-11,PRD-11,Polymers,0.6321,0.9177,60.67,55.68,55.68,0,733.05,65209.97,95218.03,0,30008.059999999998,341.7805587605078
BAT-003902,2026-03,17,PLT-02,AMER,FRM-05,PRD-05,Coatings,0.8212,0.9131,41.89,38.25,38.25,0,1325.21,78996.88,111711.74,0,32714.86,560.6071401289091
BAT-003903,2026-03,17,PLT-01,EMEA,FRM-07,PRD-07,Catalysts,0.8377,0.8866,1.23,1.09,1.09,0,14998.52,25718.98,40573.28,0,14854.3,5911.219837398374
BAT-003904,2026-03,17,PLT-06,APAC,FRM-06,PRD-06,Coatings,0.7995,0.8798,23.51,20.68,20.68,0,1438.51,46854.56,70438.57,0,23584.01000000001,554.452994470438
BAT-003905,2026-03,17,PLT-06,APAC,FRM-01,PRD-01,Polymers,0.8319,0.9254,47.35,43.82,43.82,0,761.96,49778.08,79715.29,0,29937.209999999992,289.31940865892284
BAT-003906,2026-03,17,PLT-03,APAC,FRM-11,PRD-11,Polymers,0.5302,0.9114,37.14,33.85,33.85,0,733.05,40711.46,55706.51,0,14995.050000000003,363.11208939149174
BAT-003907,2026-03,17,PLT-04,EMEA,FRM-10,PRD-10,Agrochem,0.8943,0.9164,73.32,67.19,67.19,0,579.98,58742.54,84209.19,0,25466.65,221.2003055100928
BAT-003908,2026-03,17,PLT-06,APAC,FRM-09,PRD-09,Specialty,0.8843,0.7723,26.15,20.2,20.2,0,1618.47,57012.42,53134.34,0,-3878.0800000000017,561.7372657743788
BAT-003909,2026-03,17,PLT-02,AMER,FRM-09,PRD-09,Specialty,0.7408,0.8533,23.57,20.12,20.12,0,1618.47,53348.89,50122.81,0,-3226.0800000000017,644.953419601188
BAT-003910,2026-03,17,PLT-06,APAC,FRM-03,PRD-03,Solvents,0.8167,0.9329,71.17,66.4,66.4,0,556.28,55186.2,86460.63,0,31274.430000000008,219.13379794857383
BAT-003911,2026-03,17,PLT-01,EMEA,FRM-08,PRD-08,Surfactants,0.8117,0.9267,33.79,31.31,31.31,0,1050.92,48106.74,75069.19,0,26962.450000000004,372.777543651968
BAT-003912,2026-03,17,PLT-03,APAC,FRM-03,PRD-03,Solvents,0.5923,0.9555,82.76,79.07,0.0,1,556.28,67313.41,0.0,0,-67313.41,257.07681488641856
BAT-003913,2026-03,17,PLT-04,EMEA,FRM-05,PRD-05,Coatings,0.8622,0.8757,23.76,20.81,20.81,0,1325.21,43973.48,59416.44,0,15442.96,525.5256902356903
BAT-003914,2026-03,17,PLT-03,APAC,FRM-11,PRD-11,Polymers,0.5769,0.8848,25.03,22.14,22.14,0,733.05,26370.61,36426.22,0,10055.61,320.51012784658406
BAT-003915,2026-03,17,PLT-04,EMEA,FRM-07,PRD-07,Catalysts,0.862,0.8171,2.85,2.33,2.33,0,14998.52,58517.1,87745.7,0,29228.6,5533.795789473683
BAT-003916,2026-03,17,PLT-02,AMER,FRM-01,PRD-01,Polymers,0.8217,0.914,52.16,47.67,47.67,0,761.96,56606.83,79777.27,0,23170.440000000002,323.2936426380368
BAT-003917,2026-03,17,PLT-06,APAC,FRM-11,PRD-11,Polymers,0.8544,0.9275,57.68,53.5,53.5,0,733.05,59519.51,86419.17,0,26899.659999999996,298.8416435506242
BAT-003918,2026-03,17,PLT-01,EMEA,FRM-02,PRD-02,Polymers,0.8575,0.894,59.45,53.15,53.15,0,892.98,71385.88,102352.59,0,30966.709999999992,307.791740958789
BAT-003919,2026-03,17,PLT-06,APAC,FRM-07,PRD-07,Catalysts,0.8398,0.8708,1.6,1.4,1.4,0,14998.52,33825.8,48726.18,0,14900.379999999997,6142.605
BAT-003920,2026-03,17,PLT-04,EMEA,FRM-12,PRD-12,Solvents,0.8279,0.995,40.9,40.7,40.7,0,612.86,34279.69,58815.93,0,24536.239999999998,225.27422982885093
BAT-003921,2026-03,17,PLT-01,EMEA,FRM-09,PRD-09,Specialty,0.8426,0.85,34.31,29.16,29.16,0,1618.47,74546.3,75757.99,0,1211.6900000000023,554.2580676187702
BAT-003922,2026-03,17,PLT-06,APAC,FRM-08,PRD-08,Surfactants,0.8546,0.9361,37.58,35.18,35.18,0,1050.92,55027.85,78821.24,0,23793.390000000007,413.365524215008
BAT-003923,2026-03,17,PLT-04,EMEA,FRM-07,PRD-07,Catalysts,0.8878,0.9059,2.98,2.7,2.7,0,14998.52,62231.98,100991.26,0,38759.27999999999,5884.69476510067
BAT-003924,2026-03,17,PLT-02,AMER,FRM-02,PRD-02,Polymers,0.8437,0.8979,77.61,69.68,69.68,0,892.98,96711.67,136307.93,0,39596.259999999995,353.14382424945234
BAT-003925,2026-03,17,PLT-04,EMEA,FRM-05,PRD-05,Coatings,0.8845,0.9193,26.19,24.07,24.07,0,1325.21,47443.67,68853.07,0,21409.40000000001,486.30851851851844
BAT-003926,2026-03,17,PLT-05,LATAM,FRM-01,PRD-01,Polymers,0.8547,0.9036,25.72,23.24,23.24,0,761.96,27819.37,41323.07,0,13503.7,319.6640279937792
BAT-003927,2026-03,17,PLT-06,APAC,FRM-10,PRD-10,Agrochem,0.814,0.9135,56.01,51.17,51.17,0,579.98,46319.95,61726.41,0,15406.460000000006,247.01428673451164
BAT-003928,2026-03,17,PLT-03,APAC,FRM-12,PRD-12,Solvents,0.6054,0.9309,42.19,39.28,39.28,0,612.86,38352.92,53258.57,0,14905.650000000001,296.19238208106185
BAT-003929,2026-03,17,PLT-01,EMEA,FRM-06,PRD-06,Coatings,0.8464,0.8592,33.57,28.84,28.84,0,1438.51,65082.22,96396.77,0,31314.550000000003,500.19181709860004
BAT-003930,2026-03,17,PLT-03,APAC,FRM-07,PRD-07,Catalysts,0.5868,0.8225,1.92,1.58,1.58,0,14998.52,42698.01,55465.51,0,12767.5,7240.026875000003
BAT-003931,2026-03,17,PLT-04,EMEA,FRM-08,PRD-08,Surfactants,0.8458,0.9517,30.16,28.7,28.7,0,1050.92,42951.41,66271.68,0,23320.26999999999,373.1983687002653
BAT-003932,2026-03,17,PLT-05,LATAM,FRM-10,PRD-10,Agrochem,0.8044,0.9279,58.05,53.87,53.87,0,579.98,47825.19,67812.09,0,19986.899999999994,243.882015503876
BAT-003933,2026-03,17,PLT-02,AMER,FRM-02,PRD-02,Polymers,0.8533,0.8995,32.8,29.51,29.51,0,892.98,39281.87,56294.78,0,17012.909999999996,304.6379878048783
BAT-003934,2026-03,17,PLT-05,LATAM,FRM-09,PRD-09,Specialty,0.7901,0.8183,21.75,17.8,0.0,1,1618.47,46343.5,0.0,0,-46343.5,512.2656321839079
BAT-003935,2026-03,17,PLT-04,EMEA,FRM-02,PRD-02,Polymers,0.8871,0.8969,23.79,21.34,21.34,0,892.98,28711.13,43163.22,0,14452.09,313.8770828079025
BAT-003936,2026-03,17,PLT-06,APAC,FRM-04,PRD-04,Agrochem,0.8335,0.8925,59.17,52.81,52.81,0,547.81,45760.23,61332.09,0,15571.859999999993,225.55876795673487
BAT-003937,2026-03,17,PLT-01,EMEA,FRM-09,PRD-09,Specialty,0.846,0.7921,22.92,18.16,18.16,0,1618.47,50318.51,46880.02,0,-3438.4900000000052,576.9274694589878
BAT-003938,2026-03,17,PLT-01,EMEA,FRM-10,PRD-10,Agrochem,0.7992,0.9678,49.68,48.08,48.08,0,579.98,39275.08,57540.29,0,18265.21,210.581191626409
BAT-003939,2026-03,17,PLT-06,APAC,FRM-09,PRD-09,Specialty,0.8084,0.8311,18.65,15.5,15.5,0,1618.47,41696.09,38830.12,0,-2865.969999999994,617.2452815013405
BAT-003940,2026-03,17,PLT-01,EMEA,FRM-11,PRD-11,Polymers,0.8702,0.9414,75.65,71.22,71.22,0,733.05,77595.39,112104.02,0,34508.630000000005,292.66566424322536
BAT-003941,2026-03,17,PLT-01,EMEA,FRM-05,PRD-05,Coatings,0.8166,0.8888,23.41,20.81,20.81,0,1325.21,43177.93,60852.59,0,17674.659999999996,519.212469030329
BAT-003942,2026-03,17,PLT-06,APAC,FRM-02,PRD-02,Polymers,0.8752,0.933,36.61,34.16,34.16,0,892.98,46112.53,64437.49,0,18324.96,366.58104889374476
BAT-003943,2026-03,17,PLT-01,EMEA,FRM-03,PRD-03,Solvents,0.8446,0.9422,80.78,76.11,76.11,0,556.28,63142.08,95479.04,0,32336.959999999992,225.37486506561038
BAT-003944,2026-03,17,PLT-06,APAC,FRM-07,PRD-07,Catalysts,0.8235,0.9327,1.6,1.5,1.5,0,14998.52,33778.47,55715.84,0,21937.369999999995,6113.02375
BAT-003945,2026-03,17,PLT-06,APAC,FRM-01,PRD-01,Polymers,0.8266,0.8987,53.98,48.51,48.51,0,761.96,56378.58,86350.09,0,29971.509999999995,282.47460540941097
BAT-003946,2026-03,17,PLT-04,EMEA,FRM-09,PRD-09,Specialty,0.8763,0.8177,46.49,38.02,38.02,0,1618.47,97038.49,96671.86,0,-366.63000000000466,468.8281286298127
BAT-003947,2026-03,17,PLT-04,EMEA,FRM-08,PRD-08,Surfactants,0.8944,0.9245,35.31,32.64,32.64,0,1050.92,49942.54,75255.73,0,25313.189999999995,363.48215236476904
BAT-003948,2026-03,17,PLT-03,APAC,FRM-08,PRD-08,Surfactants,0.6324,0.9534,36.72,35.01,35.01,0,1050.92,56328.44,79347.74,0,23019.300000000003,483.0789106753814
BAT-003949,2026-03,17,PLT-03,APAC,FRM-02,PRD-02,Polymers,0.618,0.8761,46.31,40.57,40.57,0,892.98,60707.59,80720.98,0,20013.39,417.91591880803276
BAT-003950,2026-03,17,PLT-06,APAC,FRM-03,PRD-03,Solvents,0.8043,0.964,73.23,70.59,70.59,0,556.28,56555.57,92220.22,0,35664.65,216.02055987983067
BAT-003951,2026-03,17,PLT-05,LATAM,FRM-03,PRD-03,Solvents,0.7862,0.9496,40.22,38.19,38.19,0,556.28,31531.09,52197.12,0,20666.030000000002,227.68544007956245
BAT-003952,2026-03,17,PLT-04,EMEA,FRM-04,PRD-04,Agrochem,0.8396,0.8925,92.47,82.54,82.54,0,547.81,70773.14,96678.51,0,25905.369999999995,217.5532529469018
BAT-003953,2026-03,17,PLT-03,APAC,FRM-02,PRD-02,Polymers,0.6592,0.8788,38.45,33.79,33.79,0,892.98,49920.8,65428.05,0,15507.25,405.35029908972683
BAT-003954,2026-03,17,PLT-06,APAC,FRM-05,PRD-05,Coatings,0.8491,0.8805,27.57,24.27,24.27,0,1325.21,49455.23,71356.91,0,21901.68,468.5959484947407
BAT-003955,2026-03,17,PLT-03,APAC,FRM-09,PRD-09,Specialty,0.6173,0.769,27.56,21.19,21.19,0,1618.47,62354.98,54070.89,0,-8284.090000000004,644.0474165457188
BAT-003956,2026-03,17,PLT-02,AMER,FRM-08,PRD-08,Surfactants,0.8622,0.933,25.93,24.19,24.19,0,1050.92,37000.24,56780.75,0,19780.510000000002,376.00788276128014
BAT-003957,2026-03,17,PLT-05,LATAM,FRM-10,PRD-10,Agrochem,0.7495,0.9197,37.15,34.16,34.16,0,579.98,30857.45,40997.4,0,10139.95,250.63776581426657
BAT-003958,2026-03,17,PLT-05,LATAM,FRM-02,PRD-02,Polymers,0.7599,0.8948,49.55,44.34,44.34,0,892.98,62856.03,90423.25,0,27567.22,375.5574369323915
BAT-003959,2026-03,17,PLT-03,APAC,FRM-03,PRD-03,Solvents,0.649,0.8938,83.49,74.62,74.62,0,556.28,67911.44,94718.56,0,26807.119999999995,257.1280728230927
BAT-003960,2026-03,17,PLT-06,APAC,FRM-05,PRD-05,Coatings,0.8057,0.8642,33.72,29.14,29.14,0,1325.21,64221.45,88161.36,0,23939.910000000003,579.3407117437721
BAT-003961,2026-04,18,PLT-05,LATAM,FRM-03,PRD-03,Solvents,0.7799,0.9781,70.73,69.19,69.19,0,556.6,57020.73,94813.79,1,37793.05999999999,249.57460766294355
BAT-003962,2026-04,18,PLT-03,APAC,FRM-05,PRD-05,Coatings,0.6528,0.8956,31.17,27.91,27.91,0,1325.96,59514.44,86887.65,1,27373.209999999992,583.3900160410651
BAT-003963,2026-04,18,PLT-02,AMER,FRM-01,PRD-01,Polymers,0.8815,0.995,86.1,85.67,85.67,0,762.39,88262.79,156254.48,1,67991.69000000002,262.72951219512186
BAT-003964,2026-04,18,PLT-05,LATAM,FRM-03,PRD-03,Solvents,0.7738,0.9778,69.11,67.57,67.57,0,556.6,54580.76,90855.69,1,36274.93,233.16645926783394
BAT-003965,2026-04,18,PLT-04,EMEA,FRM-03,PRD-03,Solvents,0.9105,0.995,76.42,76.04,76.04,0,556.6,56525.31,98846.07,1,42320.76000000001,183.06644857367178
BAT-003966,2026-04,18,PLT-01,EMEA,FRM-01,PRD-01,Polymers,0.9111,0.9496,54.82,52.05,52.05,0,762.39,55529.6,87657.6,1,32128.000000000007,250.5541809558555
BAT-003967,2026-04,18,PLT-03,APAC,FRM-07,PRD-07,Catalysts,0.5262,0.8393,3.14,2.64,2.64,0,15007.01,71719.57,99871.52,1,28151.949999999997,7833.6173885350345
BAT-003968,2026-04,18,PLT-05,LATAM,FRM-01,PRD-01,Polymers,0.8247,0.9429,18.08,17.05,17.05,0,762.39,18799.03,31007.89,1,12208.86,277.3793584070796
BAT-003969,2026-04,18,PLT-03,APAC,FRM-06,PRD-06,Coatings,0.6289,0.8994,14.55,13.09,13.09,0,1439.32,29918.38,45643.63,1,15725.249999999996,616.9260481099657
BAT-003970,2026-04,18,PLT-04,EMEA,FRM-07,PRD-07,Catalysts,0.8925,0.966,1.37,1.33,1.33,0,15007.01,27828.42,46810.78,1,18982.36,5305.705328467151
BAT-003971,2026-04,18,PLT-06,APAC,FRM-04,PRD-04,Agrochem,0.8592,0.9777,73.9,72.25,72.25,0,548.12,55615.21,85325.23,1,29710.019999999997,204.45388362652227
BAT-003972,2026-04,18,PLT-01,EMEA,FRM-04,PRD-04,Agrochem,0.9067,0.9587,39.58,37.95,37.95,0,548.12,30194.09,42517.6,1,12323.509999999998,214.7423041940374
BAT-003973,2026-04,18,PLT-04,EMEA,FRM-10,PRD-10,Agrochem,0.8972,0.8802,80.93,71.23,71.23,0,580.31,65685.11,87468.2,1,21783.089999999997,231.3186914617571
BAT-003974,2026-04,18,PLT-01,EMEA,FRM-02,PRD-02,Polymers,0.8836,0.911,63.76,58.09,58.09,0,893.48,78257.36,112746.27,1,34488.91,333.89390213299885
BAT-003975,2026-04,18,PLT-02,AMER,FRM-03,PRD-03,Solvents,0.8191,0.9726,53.44,51.98,51.98,0,556.6,41060.75,65997.3,1,24936.550000000003,211.75235778443118
BAT-003976,2026-04,18,PLT-06,APAC,FRM-05,PRD-05,Coatings,0.862,0.907,33.09,30.01,30.01,0,1325.96,59953.02,93908.38,1,33955.36000000001,485.8568631006342
BAT-003977,2026-04,18,PLT-06,APAC,FRM-02,PRD-02,Polymers,0.8492,0.8943,46.6,41.68,41.68,0,893.48,59235.48,84065.59,1,24830.109999999993,377.6676394849785
BAT-003978,2026-04,18,PLT-05,LATAM,FRM-10,PRD-10,Agrochem,0.843,0.94,29.19,27.44,27.44,0,580.31,23970.38,33963.96,1,9993.579999999998,240.87465227817756
BAT-003979,2026-04,18,PLT-03,APAC,FRM-11,PRD-11,Polymers,0.6481,0.9362,36.06,33.76,33.76,0,733.46,39176.14,58446.8,1,19270.660000000003,352.9554187465335
BAT-003980,2026-04,18,PLT-01,EMEA,FRM-06,PRD-06,Coatings,0.8117,0.9325,16.14,15.05,15.05,0,1439.32,31847.35,52073.35,1,20226.0,533.8739281288722
BAT-003981,2026-04,18,PLT-05,LATAM,FRM-07,PRD-07,Catalysts,0.7618,0.931,2.6,2.42,2.42,0,15007.01,56701.21,86091.74,1,29390.530000000006,6801.14769230769
BAT-003982,2026-04,18,PLT-05,LATAM,FRM-01,PRD-01,Polymers,0.8285,0.9251,18.69,17.29,17.29,0,762.39,20174.6,28948.37,1,8773.77,317.0428517924023
BAT-003983,2026-04,18,PLT-01,EMEA,FRM-11,PRD-11,Polymers,0.8587,0.995,70.85,70.49,70.49,0,733.46,70601.08,113161.32,1,42560.240000000005,263.02666196189136
BAT-003984,2026-04,18,PLT-02,AMER,FRM-05,PRD-05,Coatings,0.8545,0.9033,50.37,45.5,0.0,1,1325.96,91437.89,0.0,1,-91437.89,489.3643994441136
BAT-003985,2026-04,18,PLT-01,EMEA,FRM-11,PRD-11,Polymers,0.8749,0.9392,35.86,33.68,33.68,0,733.46,36787.27,53526.4,1,16739.130000000005,292.3980591187951
BAT-003986,2026-04,18,PLT-02,AMER,FRM-03,PRD-03,Solvents,0.8594,0.946,99.55,94.18,94.18,0,556.6,78602.75,119909.51,1,41306.759999999995,232.98061275740838
BAT-003987,2026-04,18,PLT-01,EMEA,FRM-11,PRD-11,Polymers,0.8811,0.9638,68.92,66.42,66.42,0,733.46,68507.71,112738.94,1,44231.229999999996,260.55784677887414
BAT-003988,2026-04,18,PLT-01,EMEA,FRM-01,PRD-01,Polymers,0.8957,0.9501,28.13,26.73,26.73,0,762.39,29761.34,48377.1,1,18615.76,295.60289015286173
BAT-003989,2026-04,18,PLT-04,EMEA,FRM-11,PRD-11,Polymers,0.8581,0.9591,27.58,26.45,26.45,0,733.46,27116.88,43240.92,1,16124.039999999997,249.74812182741118
BAT-003990,2026-04,18,PLT-06,APAC,FRM-09,PRD-09,Specialty,0.7412,0.8562,30.14,25.8,25.8,0,1619.38,65405.05,63897.5,1,-1507.550000000003,550.6614731254149
BAT-003991,2026-04,18,PLT-03,APAC,FRM-02,PRD-02,Polymers,0.5804,0.9236,31.36,28.96,28.96,0,893.48,42280.69,55397.06,1,13116.369999999995,454.75628826530624
BAT-003992,2026-04,18,PLT-03,APAC,FRM-10,PRD-10,Agrochem,0.6397,0.8846,68.92,60.97,0.0,1,580.31,57226.31,0.0,1,-57226.31,250.01951247823558
BAT-003993,2026-04,18,PLT-05,LATAM,FRM-05,PRD-05,Coatings,0.8094,0.912,21.09,19.23,19.23,0,1325.96,39747.59,55296.62,1,15549.030000000006,558.7052441915598
BAT-003994,2026-04,18,PLT-05,LATAM,FRM-09,PRD-09,Specialty,0.7508,0.8087,19.59,15.84,15.84,0,1619.38,44368.34,40749.6,1,-3618.739999999998,645.4663501786622
BAT-003995,2026-04,18,PLT-05,LATAM,FRM-01,PRD-01,Polymers,0.8622,0.933,46.76,43.63,43.63,0,762.39,48721.15,79481.8,1,30760.65,279.55076133447403
BAT-003996,2026-04,18,PLT-05,LATAM,FRM-05,PRD-05,Coatings,0.8282,0.8752,32.09,28.09,28.09,0,1325.96,57940.01,84799.74,1,26859.730000000003,479.58721096914906
BAT-003997,2026-04,18,PLT-06,APAC,FRM-06,PRD-06,Coatings,0.8284,0.8696,11.88,10.33,10.33,0,1439.32,23710.74,35635.06,1,11924.319999999996,556.5335353535354
BAT-003998,2026-04,18,PLT-04,EMEA,FRM-05,PRD-05,Coatings,0.8691,0.9072,38.95,35.34,35.34,0,1325.96,70870.52,110136.41,1,39265.89,493.56554557124514
BAT-003999,2026-04,18,PLT-01,EMEA,FRM-06,PRD-06,Coatings,0.9275,0.8596,30.57,26.28,26.28,0,1439.32,58289.86,83837.33,1,25547.47,467.44676480209364
BAT-004000,2026-04,18,PLT-02,AMER,FRM-01,PRD-01,Polymers,0.8446,0.9695,67.13,65.08,65.08,0,762.39,71582.65,112881.88,1,41299.23000000001,303.93876508267533
BAT-004001,2026-04,18,PLT-05,LATAM,FRM-08,PRD-08,Surfactants,0.8429,0.9734,37.42,36.42,36.42,0,1051.52,53512.27,82366.52,1,28854.250000000007,378.5246285408871
BAT-004002,2026-04,18,PLT-01,EMEA,FRM-12,PRD-12,Solvents,0.8924,0.9894,28.39,28.09,28.09,0,613.2,23274.28,41641.73,1,18367.450000000004,206.60556533990837
BAT-004003,2026-04,18,PLT-03,APAC,FRM-08,PRD-08,Surfactants,0.5833,0.8988,18.1,16.27,16.27,0,1051.52,28242.03,37784.42,1,9542.39,508.81314917127065
BAT-004004,2026-04,18,PLT-05,LATAM,FRM-08,PRD-08,Surfactants,0.7903,0.921,33.39,30.76,30.76,0,1051.52,48348.34,67668.62,1,19320.28,396.4686193471098
BAT-004005,2026-04,18,PLT-02,AMER,FRM-01,PRD-01,Polymers,0.8264,0.985,47.4,46.69,46.69,0,762.39,51726.88,81475.6,1,29748.72000000001,328.89438818565407
BAT-004006,2026-04,18,PLT-06,APAC,FRM-09,PRD-09,Specialty,0.8718,0.8304,25.56,21.22,21.22,0,1619.38,55486.12,53250.85,1,-2235.270000000004,551.4384663536775
BAT-004007,2026-04,18,PLT-04,EMEA,FRM-09,PRD-09,Specialty,0.9371,0.8742,37.98,33.2,33.2,0,1619.38,81665.47,88912.74,1,7247.270000000004,530.843012111638
BAT-004008,2026-04,18,PLT-01,EMEA,FRM-05,PRD-05,Coatings,0.8313,0.8945,37.74,33.76,33.76,0,1325.96,69293.66,105072.29,1,35778.62999999999,510.12002119766817
BAT-004009,2026-04,18,PLT-04,EMEA,FRM-09,PRD-09,Specialty,0.8528,0.803,20.49,16.45,16.45,0,1619.38,43199.08,41421.48,1,-1777.5999999999985,488.92063445583244
BAT-004010,2026-04,18,PLT-03,APAC,FRM-10,PRD-10,Agrochem,0.6106,0.8644,53.1,45.9,45.9,0,580.31,45189.38,54981.45,1,9792.07,270.7141054613936
BAT-004011,2026-04,18,PLT-06,APAC,FRM-03,PRD-03,Solvents,0.7983,0.995,37.94,37.75,37.75,0,556.6,28795.31,48852.39,1,20057.079999999998,202.3696889826042
BAT-004012,2026-04,18,PLT-03,APAC,FRM-03,PRD-03,Solvents,0.6726,0.9707,30.68,29.78,0.0,1,556.6,24887.69,0.0,1,-24887.69,254.6024119947848
BAT-004013,2026-04,18,PLT-05,LATAM,FRM-07,PRD-07,Catalysts,0.8194,0.8811,2.65,2.34,2.34,0,15007.01,57114.73,88259.64,1,31144.909999999996,6545.718301886793
BAT-004014,2026-04,18,PLT-01,EMEA,FRM-11,PRD-11,Polymers,0.894,0.9417,57.04,53.72,53.72,0,733.46,58171.46,85893.63,1,27722.170000000006,286.37625525946703
BAT-004015,2026-04,18,PLT-05,LATAM,FRM-05,PRD-05,Coatings,0.8224,0.9088,27.3,24.81,24.81,0,1325.96,51659.23,72550.42,1,20891.189999999995,566.3194871794872
BAT-004016,2026-04,18,PLT-05,LATAM,FRM-06,PRD-06,Coatings,0.8147,0.911,13.81,12.58,12.58,0,1439.32,27584.84,42842.77,1,15257.929999999997,558.1340188269371
BAT-004017,2026-04,18,PLT-01,EMEA,FRM-10,PRD-10,Agrochem,0.8188,0.9205,51.8,47.68,47.68,0,580.31,41822.07,57930.25,1,16108.18,227.06586872586877
BAT-004018,2026-04,18,PLT-03,APAC,FRM-02,PRD-02,Polymers,0.6518,0.874,24.27,21.21,21.21,0,893.48,31892.99,41013.73,1,9120.740000000002,420.61105892047794
BAT-004019,2026-04,18,PLT-04,EMEA,FRM-03,PRD-03,Solvents,0.9321,0.9692,35.41,34.32,0.0,1,556.6,27241.17,0.0,1,-27241.17,212.70725783676926
BAT-004020,2026-04,18,PLT-02,AMER,FRM-05,PRD-05,Coatings,0.8595,0.921,23.41,21.56,21.56,0,1325.96,42093.93,67182.34,1,25088.409999999996,472.1574711661683
BAT-004021,2026-04,18,PLT-05,LATAM,FRM-02,PRD-02,Polymers,0.833,0.9589,16.64,15.96,15.96,0,893.48,20020.32,31562.83,1,11542.510000000002,309.6642307692307
BAT-004022,2026-04,18,PLT-01,EMEA,FRM-07,PRD-07,Catalysts,0.9017,0.9065,3.01,2.73,2.73,0,15007.01,60957.53,96878.02,1,35920.490000000005,5244.661096345515
BAT-004023,2026-04,18,PLT-06,APAC,FRM-06,PRD-06,Coatings,0.8048,0.8969,27.84,24.97,24.97,0,1439.32,56408.75,85689.32,1,29280.570000000007,586.8563649425289
BAT-004024,2026-04,18,PLT-06,APAC,FRM-09,PRD-09,Specialty,0.7995,0.8977,21.15,18.98,18.98,0,1619.38,46511.33,51078.35,1,4567.019999999997,579.7372576832154
BAT-004025,2026-04,18,PLT-06,APAC,FRM-10,PRD-10,Agrochem,0.8105,0.9207,63.41,58.38,58.38,0,580.31,51968.31,74749.59,1,22781.28,239.2501640119856
BAT-004026,2026-04,18,PLT-01,EMEA,FRM-06,PRD-06,Coatings,0.8448,0.9158,36.09,33.05,33.05,0,1439.32,71041.24,114988.85,1,43947.61,529.1266611249655
BAT-004027,2026-04,18,PLT-03,APAC,FRM-04,PRD-04,Agrochem,0.6122,0.8754,40.73,35.66,35.66,0,548.12,33055.09,41835.5,1,8780.410000000003,263.4461674441443
BAT-004028,2026-04,18,PLT-04,EMEA,FRM-10,PRD-10,Agrochem,0.9133,0.9378,66.21,62.09,62.09,0,580.31,52602.47,73157.35,1,20554.880000000005,214.1692327442986
BAT-004029,2026-04,18,PLT-05,LATAM,FRM-11,PRD-11,Polymers,0.7833,0.9427,39.45,37.19,37.19,0,733.46,41660.46,58229.97,1,16569.510000000002,322.571939163498
BAT-004030,2026-04,18,PLT-04,EMEA,FRM-07,PRD-07,Catalysts,0.8652,0.8867,1.67,1.48,1.48,0,15007.01,34996.76,54657.47,1,19660.71,5949.133712574852
BAT-004031,2026-04,18,PLT-05,LATAM,FRM-08,PRD-08,Surfactants,0.8,0.9389,27.07,25.42,25.42,0,1051.52,40912.06,57339.48,1,16427.420000000006,459.8231843369042
BAT-004032,2026-04,18,PLT-03,APAC,FRM-05,PRD-05,Coatings,0.619,0.8528,19.03,16.23,16.23,0,1325.96,37325.55,46837.93,1,9512.379999999997,635.445675249606
BAT-004033,2026-04,18,PLT-05,LATAM,FRM-11,PRD-11,Polymers,0.8098,0.9619,56.36,54.22,54.22,0,733.46,56430.76,85318.35,1,28887.590000000004,267.7955003548616
BAT-004034,2026-04,18,PLT-04,EMEA,FRM-05,PRD-05,Coatings,0.8945,0.893,39.58,35.35,0.0,1,1325.96,71772.34,0.0,1,-71772.34,487.3886609398685
BAT-004035,2026-04,18,PLT-06,APAC,FRM-12,PRD-12,Solvents,0.8428,0.9848,49.3,48.55,0.0,1,613.2,42406.25,0.0,1,-42406.25,246.9673427991886
BAT-004036,2026-04,18,PLT-06,APAC,FRM-06,PRD-06,Coatings,0.887,0.8994,24.47,22.01,22.01,0,1439.32,48777.94,76939.52,1,28161.58,554.0571965672254
BAT-004037,2026-04,18,PLT-03,APAC,FRM-08,PRD-08,Surfactants,0.6287,0.8939,43.61,38.99,38.99,0,1051.52,66344.98,84663.92,1,18318.940000000002,469.8049254758082
BAT-004038,2026-04,18,PLT-03,APAC,FRM-11,PRD-11,Polymers,0.5868,0.9086,25.54,23.21,23.21,0,733.46,27973.68,38886.14,1,10912.46,361.82895849647616
BAT-004039,2026-04,18,PLT-06,APAC,FRM-07,PRD-07,Catalysts,0.8653,0.848,2.0,1.7,1.7,0,15007.01,41004.41,63545.0,1,22540.589999999997,5495.1950000000015
BAT-004040,2026-04,18,PLT-01,EMEA,FRM-10,PRD-10,Agrochem,0.8681,0.9586,94.9,90.97,90.97,0,580.31,75821.13,112407.39,1,36586.259999999995,218.6481664910433
BAT-004041,2026-04,18,PLT-01,EMEA,FRM-01,PRD-01,Polymers,0.8558,0.9237,46.86,43.29,43.29,0,762.39,50407.05,74301.0,1,23893.949999999997,313.3046222791294
BAT-004042,2026-04,18,PLT-06,APAC,FRM-07,PRD-07,Catalysts,0.8888,0.9154,3.01,2.75,2.75,0,15007.01,61967.18,102359.74,1,40392.560000000005,5580.092990033225
BAT-004043,2026-04,18,PLT-01,EMEA,FRM-07,PRD-07,Catalysts,0.8836,0.8813,3.21,2.83,2.83,0,15007.01,67461.9,100965.58,1,33503.68000000001,6009.158224299064
BAT-004044,2026-04,18,PLT-02,AMER,FRM-08,PRD-08,Surfactants,0.8678,0.9241,34.58,31.96,31.96,0,1051.52,50672.22,69929.34,1,19257.119999999995,413.84205899363815
BAT-004045,2026-04,18,PLT-04,EMEA,FRM-02,PRD-02,Polymers,0.895,0.9408,27.91,26.26,26.26,0,893.48,33632.21,51893.02,1,18260.809999999998,311.54364743819406
BAT-004046,2026-04,18,PLT-05,LATAM,FRM-08,PRD-08,Surfactants,0.84,0.954,27.79,26.51,26.51,0,1051.52,40648.99,61265.14,1,20616.15,411.2000431810004
BAT-004047,2026-04,18,PLT-01,EMEA,FRM-04,PRD-04,Agrochem,0.8838,0.9173,90.05,82.6,82.6,0,548.12,68377.29,94476.85,1,26099.560000000012,211.20581898945022
BAT-004048,2026-04,18,PLT-05,LATAM,FRM-04,PRD-04,Agrochem,0.8555,0.9492,57.31,54.4,54.4,0,548.12,42065.07,67001.6,1,24936.530000000006,185.87179898796023
BAT-004049,2026-04,18,PLT-06,APAC,FRM-06,PRD-06,Coatings,0.8138,0.995,22.44,22.33,22.33,0,1439.32,44386.1,76784.85,1,32398.750000000007,538.6701960784312
BAT-004050,2026-04,18,PLT-04,EMEA,FRM-04,PRD-04,Agrochem,0.8633,0.9437,51.97,49.04,49.04,0,548.12,38718.48,55227.08,1,16508.6,196.89597075235724
BAT-004051,2026-04,18,PLT-02,AMER,FRM-07,PRD-07,Catalysts,0.8161,0.9216,3.71,3.42,3.42,0,15007.01,75414.35,117697.08,1,42282.729999999996,5320.308059299192
BAT-004052,2026-04,18,PLT-01,EMEA,FRM-08,PRD-08,Surfactants,0.8752,0.9042,17.43,15.76,15.76,0,1051.52,24868.15,35439.17,1,10571.019999999997,375.224119334481
BAT-004053,2026-04,18,PLT-04,EMEA,FRM-04,PRD-04,Agrochem,0.9017,0.9807,44.21,43.36,43.36,0,548.12,33639.19,49444.91,1,15805.720000000001,212.77549875593763
BAT-004054,2026-04,18,PLT-04,EMEA,FRM-06,PRD-06,Coatings,0.8713,0.9392,24.68,23.18,23.18,0,1439.32,48798.71,75722.87,1,26924.159999999996,537.9372933549432
BAT-004055,2026-04,18,PLT-02,AMER,FRM-07,PRD-07,Catalysts,0.8989,0.9045,1.94,1.76,1.76,0,15007.01,40767.21,63194.14,1,22426.93,6007.015773195877
BAT-004056,2026-04,18,PLT-02,AMER,FRM-05,PRD-05,Coatings,0.8822,0.9114,17.63,16.07,16.07,0,1325.96,32453.11,46861.25,1,14408.14,514.8289960294953
BAT-004057,2026-04,18,PLT-03,APAC,FRM-07,PRD-07,Catalysts,0.592,0.8063,1.68,1.35,1.35,0,15007.01,37356.63,47634.5,1,10277.870000000003,7229.079285714286
BAT-004058,2026-04,18,PLT-04,EMEA,FRM-09,PRD-09,Specialty,0.9141,0.8921,17.95,16.01,16.01,0,1619.38,37635.64,40168.56,1,2532.9199999999983,477.313036211699
BAT-004059,2026-04,18,PLT-01,EMEA,FRM-04,PRD-04,Agrochem,0.9302,0.9669,86.1,83.25,83.25,0,548.12,64587.54,101984.82,1,37397.280000000006,202.02564459930318
BAT-004060,2026-04,18,PLT-02,AMER,FRM-10,PRD-10,Agrochem,0.8987,0.9465,52.36,49.56,49.56,0,580.31,42219.97,61014.46,1,18794.489999999998,226.0301451489688
BAT-004061,2026-04,18,PLT-03,APAC,FRM-09,PRD-09,Specialty,0.6662,0.7833,30.47,23.87,23.87,0,1619.38,68827.72,60313.41,1,-8514.309999999998,639.4883951427632
BAT-004062,2026-04,18,PLT-02,AMER,FRM-10,PRD-10,Agrochem,0.8331,0.9044,68.95,62.35,62.35,0,580.31,56616.13,75160.72,1,18544.590000000004,240.80863669325595
BAT-004063,2026-04,18,PLT-05,LATAM,FRM-09,PRD-09,Specialty,0.8219,0.8392,30.1,25.26,25.26,0,1619.38,64341.29,66372.37,1,2031.0799999999945,518.2043853820596
BAT-004064,2026-04,18,PLT-03,APAC,FRM-06,PRD-06,Coatings,0.6144,0.8382,24.32,20.38,20.38,0,1439.32,52800.07,70094.66,1,17294.590000000004,731.7355098684209
BAT-004065,2026-04,18,PLT-04,EMEA,FRM-12,PRD-12,Solvents,0.8836,0.9828,96.87,95.21,95.21,0,613.2,80410.19,135444.83,1,55034.639999999985,216.88351398781867
BAT-004066,2026-04,18,PLT-05,LATAM,FRM-01,PRD-01,Polymers,0.8031,0.96,26.29,25.24,25.24,0,762.39,27267.4,44150.54,1,16883.14,274.7876340813999
BAT-004067,2026-04,18,PLT-04,EMEA,FRM-12,PRD-12,Solvents,0.9245,0.995,71.69,71.33,71.33,0,613.2,58343.25,100274.49,1,41931.240000000005,200.62689356953547
BAT-004068,2026-04,18,PLT-03,APAC,FRM-06,PRD-06,Coatings,0.7153,0.8662,34.14,29.57,29.57,0,1439.32,71812.12,97516.53,1,25704.410000000003,664.139871118922
BAT-004069,2026-04,18,PLT-01,EMEA,FRM-06,PRD-06,Coatings,0.8796,0.8925,38.21,34.1,34.1,0,1439.32,76353.01,110372.32,1,34019.31000000001,558.9267940329755
BAT-004070,2026-04,18,PLT-03,APAC,FRM-12,PRD-12,Solvents,0.6459,0.91,25.72,23.4,23.4,0,613.2,23103.07,34801.31,1,11698.239999999998,285.0531104199067
BAT-004071,2026-04,18,PLT-05,LATAM,FRM-11,PRD-11,Polymers,0.7693,0.995,43.68,43.46,43.46,0,733.46,46243.08,72602.51,1,26359.429999999993,325.2185714285715
BAT-004072,2026-04,18,PLT-06,APAC,FRM-09,PRD-09,Specialty,0.8739,0.8985,39.91,35.86,35.86,0,1619.38,85885.26,94907.65,1,9022.39,532.593440240541
BAT-004073,2026-04,18,PLT-04,EMEA,FRM-08,PRD-08,Surfactants,0.95,0.9619,35.72,34.36,34.36,0,1051.52,50653.6,80819.48,1,30165.879999999997,366.55390817469197
BAT-004074,2026-04,18,PLT-05,LATAM,FRM-04,PRD-04,Agrochem,0.7851,0.9027,66.64,60.15,60.15,0,548.12,52491.73,71857.34,1,19365.609999999993,239.5710264105643
BAT-004075,2026-04,18,PLT-03,APAC,FRM-11,PRD-11,Polymers,0.6448,0.9287,21.94,20.38,20.38,0,733.46,23727.25,32676.35,1,8949.099999999999,348.00080218778476
BAT-004076,2026-04,18,PLT-02,AMER,FRM-08,PRD-08,Surfactants,0.7901,0.9615,41.56,39.96,39.96,0,1051.52,62988.39,91035.71,1,28047.320000000007,464.08129932627526
BAT-004077,2026-04,18,PLT-04,EMEA,FRM-11,PRD-11,Polymers,0.9304,0.9177,57.06,52.36,0.0,1,733.46,57226.03,0.0,1,-57226.03,269.44974412898694
BAT-004078,2026-04,18,PLT-06,APAC,FRM-02,PRD-02,Polymers,0.8301,0.9567,36.46,34.88,34.88,0,893.48,44854.4,72175.29,1,27320.889999999992,336.75587493143166
BAT-004079,2026-04,18,PLT-02,AMER,FRM-02,PRD-02,Polymers,0.8441,0.9586,82.22,78.82,78.82,0,893.48,102920.06,155878.01,1,52957.95000000001,358.28429092678175
BAT-004080,2026-04,18,PLT-05,LATAM,FRM-05,PRD-05,Coatings,0.8209,0.9132,32.68,29.84,29.84,0,1325.96,61396.86,92930.7,1,31533.839999999997,552.7688861689107
BAT-004081,2026-04,18,PLT-01,EMEA,FRM-09,PRD-09,Specialty,0.8763,0.9123,19.76,18.02,18.02,0,1619.38,42849.58,44521.0,1,1671.4199999999983,549.1210121457489
BAT-004082,2026-04,18,PLT-05,LATAM,FRM-02,PRD-02,Polymers,0.8485,0.9644,21.04,20.3,20.3,0,893.48,26356.79,40894.64,1,14537.849999999999,359.21914448669213
BAT-004083,2026-04,18,PLT-04,EMEA,FRM-01,PRD-01,Polymers,0.9501,0.9688,42.92,41.58,41.58,0,762.39,43422.84,71637.59,1,28214.75,249.32575023299148
BAT-004084,2026-04,18,PLT-04,EMEA,FRM-08,PRD-08,Surfactants,0.8874,0.8978,31.15,27.96,27.96,0,1051.52,44014.57,61570.79,1,17556.22,361.467800963082
BAT-004085,2026-04,18,PLT-01,EMEA,FRM-06,PRD-06,Coatings,0.82,0.9259,21.88,20.26,0.0,1,1439.32,43261.5,0.0,1,-43261.5,537.8966361974408
BAT-004086,2026-04,18,PLT-05,LATAM,FRM-07,PRD-07,Catalysts,0.8246,0.9195,2.12,1.95,1.95,0,15007.01,44074.73,71425.18,1,27350.44999999999,5782.956981132074
BAT-004087,2026-04,18,PLT-02,AMER,FRM-12,PRD-12,Solvents,0.8881,0.9847,52.52,51.71,51.71,0,613.2,44220.14,77300.7,1,33080.56,228.7676313785223
BAT-004088,2026-04,18,PLT-05,LATAM,FRM-12,PRD-12,Solvents,0.8271,0.9804,28.7,28.14,28.14,0,613.2,25125.22,41590.79,1,16465.57,262.24320557491296
BAT-004089,2026-04,18,PLT-01,EMEA,FRM-09,PRD-09,Specialty,0.8754,0.8617,26.75,23.05,0.0,1,1619.38,56971.58,0.0,1,-56971.58,510.3986915887849
BAT-004090,2026-04,18,PLT-05,LATAM,FRM-08,PRD-08,Surfactants,0.8284,0.9496,31.32,29.74,29.74,0,1051.52,44875.99,68144.13,1,23268.140000000007,381.3021583652617
BAT-004091,2026-04,18,PLT-05,LATAM,FRM-12,PRD-12,Solvents,0.7959,0.9643,50.25,48.46,48.46,0,613.2,42459.59,65751.43,1,23291.839999999997,231.76696517412927
BAT-004092,2026-04,18,PLT-04,EMEA,FRM-04,PRD-04,Agrochem,0.8589,0.943,75.66,71.35,71.35,0,548.12,55746.42,85923.05,1,30176.630000000005,188.68174464710546
BAT-004093,2026-04,18,PLT-04,EMEA,FRM-08,PRD-08,Surfactants,0.8737,0.9129,61.98,56.58,56.58,0,1051.52,91010.89,123649.04,1,32638.149999999994,416.87125524362705
BAT-004094,2026-04,18,PLT-04,EMEA,FRM-04,PRD-04,Agrochem,0.9128,0.906,76.53,69.34,69.34,0,548.12,57621.49,81542.47,1,23920.980000000003,204.8068260812753
BAT-004095,2026-04,18,PLT-04,EMEA,FRM-04,PRD-04,Agrochem,0.9058,0.9423,60.64,57.14,57.14,0,548.12,46397.54,67236.38,1,20838.840000000004,217.01093667546172
BAT-004096,2026-04,18,PLT-06,APAC,FRM-04,PRD-04,Agrochem,0.8333,0.8593,33.11,28.45,28.45,0,548.12,24844.96,34431.53,1,9586.57,202.25632135306557
BAT-004097,2026-04,18,PLT-03,APAC,FRM-04,PRD-04,Agrochem,0.623,0.8873,74.6,66.19,66.19,0,548.12,58891.61,76763.09,1,17871.479999999996,241.31176943699734
BAT-004098,2026-04,18,PLT-06,APAC,FRM-03,PRD-03,Solvents,0.778,0.9729,49.2,47.87,47.87,0,556.6,37394.37,60843.54,1,23449.17,203.44817073170725
BAT-004099,2026-04,18,PLT-05,LATAM,FRM-09,PRD-09,Specialty,0.8141,0.8436,18.46,15.57,15.57,0,1619.38,40152.77,41273.37,1,1120.6000000000058,555.7429685807147
BAT-004100,2026-04,18,PLT-05,LATAM,FRM-01,PRD-01,Polymers,0.765,0.9565,44.47,42.53,42.53,0,762.39,47082.36,73484.9,1,26402.539999999994,296.3543220148416
BAT-004101,2026-04,18,PLT-04,EMEA,FRM-01,PRD-01,Polymers,0.8879,0.9517,30.02,28.57,28.57,0,762.39,30784.4,49752.85,1,18968.449999999997,263.07302465023315
BAT-004102,2026-04,18,PLT-01,EMEA,FRM-07,PRD-07,Catalysts,0.873,0.8627,2.42,2.09,2.09,0,15007.01,49613.28,75106.15,1,25492.869999999995,5494.345371900827
BAT-004103,2026-04,18,PLT-01,EMEA,FRM-03,PRD-03,Solvents,0.8145,0.9897,75.53,74.75,74.75,0,556.6,58144.02,97479.15,1,39335.13,213.21358400635506
BAT-004104,2026-04,18,PLT-04,EMEA,FRM-06,PRD-06,Coatings,0.908,0.9237,18.84,17.4,17.4,0,1439.32,36311.96,55933.66,1,19621.700000000004,488.06641188959657
BAT-004105,2026-04,18,PLT-06,APAC,FRM-11,PRD-11,Polymers,0.8641,0.9504,51.87,49.3,49.3,0,733.46,51146.16,79952.72,1,28806.559999999998,252.585112781955
BAT-004106,2026-04,18,PLT-05,LATAM,FRM-10,PRD-10,Agrochem,0.9335,0.9265,31.36,29.06,29.06,0,580.31,24760.84,36368.31,1,11607.469999999998,209.25760204081644
BAT-004107,2026-04,18,PLT-04,EMEA,FRM-06,PRD-06,Coatings,0.8628,0.9628,14.07,13.55,13.55,0,1439.32,28287.26,46154.75,1,17867.49,571.1462402274342
BAT-004108,2026-04,18,PLT-05,LATAM,FRM-06,PRD-06,Coatings,0.7422,0.9368,9.11,8.53,8.53,0,1439.32,19159.9,28405.74,1,9245.84,663.8523380900112
BAT-004109,2026-04,18,PLT-01,EMEA,FRM-11,PRD-11,Polymers,0.8905,0.9505,62.46,59.36,59.36,0,733.46,63004.1,94539.14,1,31535.04,275.2511751520973
BAT-004110,2026-04,18,PLT-04,EMEA,FRM-08,PRD-08,Surfactants,0.8766,0.9207,59.0,54.32,54.32,0,1051.52,85923.67,119199.85,1,33276.18000000001,404.8133898305084
BAT-004111,2026-04,18,PLT-05,LATAM,FRM-11,PRD-11,Polymers,0.8556,0.9351,40.19,37.58,37.58,0,733.46,41330.11,59539.91,1,18209.800000000003,294.908001990545
BAT-004112,2026-04,18,PLT-02,AMER,FRM-02,PRD-02,Polymers,0.8167,0.9418,38.06,35.84,35.84,0,893.48,47693.69,69403.43,1,21709.73999999999,359.63849710982663
BAT-004113,2026-04,18,PLT-06,APAC,FRM-02,PRD-02,Polymers,0.8228,0.9386,34.04,31.95,31.95,0,893.48,42452.64,63641.54,1,21188.9,353.65983548766167
BAT-004114,2026-04,18,PLT-04,EMEA,FRM-06,PRD-06,Coatings,0.8458,0.9388,40.65,38.16,38.16,0,1439.32,80646.45,133081.67,1,52435.220000000016,544.6025092250923
BAT-004115,2026-04,18,PLT-06,APAC,FRM-08,PRD-08,Surfactants,0.8706,0.9364,18.45,17.28,17.28,0,1051.52,26871.7,40379.11,1,13507.41,404.9407046070462
BAT-004116,2026-04,18,PLT-06,APAC,FRM-04,PRD-04,Agrochem,0.8786,0.9887,60.25,59.57,59.57,0,548.12,44559.18,67041.08,1,22481.9,191.45145228215767
BAT-004117,2026-04,18,PLT-03,APAC,FRM-07,PRD-07,Catalysts,0.6376,0.8947,2.36,2.11,2.11,0,15007.01,51531.42,77166.32,1,25634.90000000001,6828.337457627118
BAT-004118,2026-04,18,PLT-04,EMEA,FRM-06,PRD-06,Coatings,0.8583,0.9266,32.79,30.38,30.38,0,1439.32,63888.34,105312.57,1,41424.23000000001,509.0892711192437
BAT-004119,2026-04,18,PLT-05,LATAM,FRM-11,PRD-11,Polymers,0.8271,0.9757,54.05,52.74,52.74,0,733.46,56169.29,84914.41,1,28745.120000000003,305.7498057354303
BAT-004120,2026-04,18,PLT-05,LATAM,FRM-03,PRD-03,Solvents,0.7812,0.9725,65.67,63.86,63.86,0,556.6,52744.87,87722.08,1,34977.21,246.58059996954466
BAT-004121,2026-04,18,PLT-02,AMER,FRM-06,PRD-06,Coatings,0.8249,0.938,42.44,39.81,39.81,0,1439.32,85398.42,128547.8,1,43149.380000000005,572.8953628652216
BAT-004122,2026-04,18,PLT-04,EMEA,FRM-07,PRD-07,Catalysts,0.9078,0.8526,3.46,2.95,2.95,0,15007.01,70285.68,101316.4,1,31030.72,5306.770346820807
BAT-004123,2026-04,18,PLT-06,APAC,FRM-08,PRD-08,Surfactants,0.8638,0.9697,33.39,32.37,32.37,0,1051.52,49713.15,74493.62,1,24780.469999999994,437.343432165319
BAT-004124,2026-04,18,PLT-03,APAC,FRM-08,PRD-08,Surfactants,0.5824,0.8789,35.88,31.53,31.53,0,1051.52,55178.78,69470.8,1,14292.020000000004,486.350122630992
BAT-004125,2026-04,18,PLT-05,LATAM,FRM-12,PRD-12,Solvents,0.7884,0.9743,44.84,43.69,43.69,0,613.2,38287.91,64341.73,1,26053.82,240.67845673505792
BAT-004126,2026-04,18,PLT-05,LATAM,FRM-08,PRD-08,Surfactants,0.8091,0.9443,42.6,40.23,0.0,1,1051.52,63958.94,0.0,1,-63958.94,449.8635680751174
BAT-004127,2026-04,18,PLT-01,EMEA,FRM-04,PRD-04,Agrochem,0.9415,0.9131,68.85,62.87,62.87,0,548.12,50298.9,71809.56,1,21510.659999999996,182.43773420479306
BAT-004128,2026-04,18,PLT-06,APAC,FRM-09,PRD-09,Specialty,0.8334,0.8239,42.92,35.36,35.36,0,1619.38,94431.81,95481.64,1,1049.8300000000017,580.8019664492076
BAT-004129,2026-04,18,PLT-01,EMEA,FRM-09,PRD-09,Specialty,0.9276,0.822,16.03,13.18,13.18,0,1619.38,35063.06,32839.25,1,-2223.8099999999977,567.959987523393
BAT-004130,2026-04,18,PLT-05,LATAM,FRM-09,PRD-09,Specialty,0.8156,0.8566,25.94,22.22,22.22,0,1619.38,55115.27,57440.98,1,2325.7100000000064,505.34127987663805
BAT-004131,2026-04,18,PLT-03,APAC,FRM-04,PRD-04,Agrochem,0.6441,0.8915,61.66,54.97,54.97,0,548.12,50254.98,61961.78,1,11706.799999999996,266.9137333765814
BAT-004132,2026-04,18,PLT-03,APAC,FRM-10,PRD-10,Agrochem,0.6117,0.8989,46.22,41.55,41.55,0,580.31,39624.08,48964.79,1,9340.71,276.98294677628746
BAT-004133,2026-04,18,PLT-01,EMEA,FRM-04,PRD-04,Agrochem,0.9059,0.9365,62.42,58.46,58.46,0,548.12,46477.04,69961.96,1,23484.920000000006,196.46570970842674
BAT-004134,2026-04,18,PLT-01,EMEA,FRM-02,PRD-02,Polymers,0.8394,0.9519,64.86,61.74,61.74,0,893.48,79835.18,127263.66,1,47428.48000000001,337.40467468393445
BAT-004135,2026-04,18,PLT-04,EMEA,FRM-04,PRD-04,Agrochem,0.8716,0.9803,72.5,71.07,71.07,0,548.12,56030.88,83726.0,1,27695.120000000003,224.71972413793094
BAT-004136,2026-04,18,PLT-02,AMER,FRM-06,PRD-06,Coatings,0.8587,0.9064,24.06,21.81,21.81,0,1439.32,47510.62,72767.66,1,25257.04,535.3524854530344
BAT-004137,2026-04,18,PLT-04,EMEA,FRM-11,PRD-11,Polymers,0.856,0.9388,41.44,38.91,38.91,0,733.46,41924.79,63109.7,1,21184.909999999996,278.2386003861004
BAT-004138,2026-04,18,PLT-05,LATAM,FRM-10,PRD-10,Agrochem,0.7726,0.995,42.62,42.41,42.41,0,580.31,34273.49,50153.82,1,15880.330000000002,223.85447677146885
BAT-004139,2026-04,18,PLT-03,APAC,FRM-01,PRD-01,Polymers,0.6265,0.8907,35.5,31.62,31.62,0,762.39,39211.12,53479.57,1,14268.449999999997,342.14859154929593
BAT-004140,2026-04,18,PLT-02,AMER,FRM-03,PRD-03,Solvents,0.8773,0.9614,119.2,114.6,114.6,0,556.6,88876.33,148116.67,1,59240.34000000001,189.00679530201342
BAT-004141,2026-04,18,PLT-04,EMEA,FRM-12,PRD-12,Solvents,0.9223,0.995,90.47,90.02,90.02,0,613.2,74341.04,132834.01,1,58492.970000000016,208.52034928705643
BAT-004142,2026-04,18,PLT-06,APAC,FRM-08,PRD-08,Surfactants,0.7689,0.9676,25.94,25.1,25.1,0,1051.52,37448.34,56471.53,1,19023.190000000002,392.13227447956797
BAT-004143,2026-04,18,PLT-06,APAC,FRM-05,PRD-05,Coatings,0.8745,0.9702,32.05,31.09,31.09,0,1325.96,57690.61,93677.39,1,35986.78,474.0590327613106
BAT-004144,2026-04,18,PLT-03,APAC,FRM-04,PRD-04,Agrochem,0.597,0.8906,31.02,27.63,27.63,0,548.12,25337.76,33362.93,1,8025.170000000002,268.70011605415857
BAT-004145,2026-04,18,PLT-02,AMER,FRM-07,PRD-07,Catalysts,0.7849,0.882,2.6,2.3,2.3,0,15007.01,53802.25,85849.65,1,32047.399999999994,5686.163076923074
BAT-004146,2026-04,18,PLT-03,APAC,FRM-08,PRD-08,Surfactants,0.6694,0.9035,31.84,28.76,28.76,0,1051.52,48637.08,62739.1,1,14102.019999999997,476.02648241206043
BAT-004147,2026-04,18,PLT-06,APAC,FRM-06,PRD-06,Coatings,0.8471,0.9383,31.22,29.29,29.29,0,1439.32,63214.47,93173.82,1,29959.350000000006,585.4868545803974
BAT-004148,2026-04,18,PLT-01,EMEA,FRM-08,PRD-08,Surfactants,0.8996,0.9854,24.15,23.8,23.8,0,1051.52,34774.65,54723.76,1,19949.11,388.42409937888215
BAT-004149,2026-04,18,PLT-01,EMEA,FRM-05,PRD-05,Coatings,0.876,0.9318,40.17,37.44,37.44,0,1325.96,74278.43,115643.76,1,41365.33,523.1420662185708
BAT-004150,2026-04,18,PLT-06,APAC,FRM-05,PRD-05,Coatings,0.852,0.8615,38.47,33.14,33.14,0,1325.96,71182.37,99036.4,1,27854.03,524.374546399792
BAT-004151,2026-04,18,PLT-03,APAC,FRM-06,PRD-06,Coatings,0.6432,0.8583,17.33,14.87,14.87,0,1439.32,36947.32,48534.64,1,11587.32,692.66615118292
BAT-004152,2026-04,18,PLT-01,EMEA,FRM-11,PRD-11,Polymers,0.8833,0.9734,61.64,60.0,60.0,0,733.46,61965.18,95275.33,1,33310.15,271.8154704737183
BAT-004153,2026-04,18,PLT-02,AMER,FRM-07,PRD-07,Catalysts,0.9021,0.8549,4.23,3.62,3.62,0,15007.01,88946.79,131856.15,1,42909.36,6020.599929078011
BAT-004154,2026-04,18,PLT-03,APAC,FRM-11,PRD-11,Polymers,0.6714,0.9238,55.03,50.84,50.84,0,733.46,59258.0,85455.67,1,26197.67,343.37081955297094
BAT-004155,2026-04,18,PLT-01,EMEA,FRM-01,PRD-01,Polymers,0.9109,0.9625,72.85,70.12,70.12,0,762.39,77415.53,121202.65,1,43787.119999999995,300.28028140013737
BAT-004156,2026-04,18,PLT-02,AMER,FRM-04,PRD-04,Agrochem,0.7958,0.9495,87.92,83.47,83.47,0,548.12,68853.1,94173.49,1,25320.39,235.01353048225667
BAT-004157,2026-04,18,PLT-04,EMEA,FRM-09,PRD-09,Specialty,0.9439,0.8281,21.67,17.94,17.94,0,1619.38,46610.96,47523.74,1,912.7799999999988,531.564162436548
BAT-004158,2026-04,18,PLT-04,EMEA,FRM-05,PRD-05,Coatings,0.8984,0.9491,47.76,45.33,45.33,0,1325.96,84350.92,141670.62,1,57319.7,440.1815410385259
BAT-004159,2026-04,18,PLT-05,LATAM,FRM-11,PRD-11,Polymers,0.8174,0.9593,57.24,54.91,0.0,1,733.46,57651.12,0.0,1,-57651.12,273.72238993710687
BAT-004160,2026-04,18,PLT-05,LATAM,FRM-07,PRD-07,Catalysts,0.8001,0.9218,0.99,0.91,0.91,0,15007.01,20951.59,31981.51,1,11029.919999999998,6156.212222222222
BAT-004161,2026-04,18,PLT-02,AMER,FRM-01,PRD-01,Polymers,0.8219,0.946,34.55,32.68,32.68,0,762.39,37175.08,59776.18,1,22601.1,313.5891606367585
BAT-004162,2026-04,18,PLT-04,EMEA,FRM-07,PRD-07,Catalysts,0.8421,0.9207,1.88,1.73,1.73,0,15007.01,39267.35,65524.79,1,26257.440000000002,5879.878297872341
BAT-004163,2026-04,18,PLT-02,AMER,FRM-04,PRD-04,Agrochem,0.7817,0.9136,107.57,98.27,98.27,0,548.12,83456.52,114706.28,1,31249.759999999995,227.71452635493176
BAT-004164,2026-04,18,PLT-05,LATAM,FRM-02,PRD-02,Polymers,0.7688,0.995,23.59,23.47,23.47,0,893.48,29746.57,44565.27,1,14818.699999999997,367.5021958456973
BAT-004165,2026-04,18,PLT-06,APAC,FRM-02,PRD-02,Polymers,0.8777,0.8948,32.45,29.03,29.03,0,893.48,39701.65,56211.65,1,16510.0,329.9914946070878
BAT-004166,2026-04,18,PLT-02,AMER,FRM-10,PRD-10,Agrochem,0.8712,0.944,87.24,82.35,82.35,0,580.31,70285.51,102711.34,1,32425.83,225.34692342961944
BAT-004167,2026-04,18,PLT-03,APAC,FRM-11,PRD-11,Polymers,0.6032,0.9619,22.89,22.02,22.02,0,733.46,24699.8,37468.74,1,12768.939999999999,345.6050939274792
BAT-004168,2026-04,18,PLT-02,AMER,FRM-02,PRD-02,Polymers,0.8975,0.9452,37.7,35.64,35.64,0,893.48,45664.31,73778.98,1,28114.67,317.77490716180364
BAT-004169,2026-04,18,PLT-01,EMEA,FRM-01,PRD-01,Polymers,0.8858,0.9352,67.91,63.5,63.5,0,762.39,72330.39,108429.84,1,36099.45,302.7018863201296
BAT-004170,2026-04,18,PLT-06,APAC,FRM-08,PRD-08,Surfactants,0.8649,0.9801,33.95,33.27,0.0,1,1051.52,47860.93,0.0,1,-47860.93,358.2275699558172
BAT-004171,2026-04,18,PLT-02,AMER,FRM-05,PRD-05,Coatings,0.8806,0.9389,32.27,30.3,30.3,0,1325.96,59029.46,85894.8,1,26865.340000000004,503.27644251626884
BAT-004172,2026-04,18,PLT-02,AMER,FRM-11,PRD-11,Polymers,0.8801,0.9316,58.53,54.53,54.53,0,733.46,57395.65,88944.86,1,31549.21,247.15934050914063
BAT-004173,2026-04,18,PLT-04,EMEA,FRM-12,PRD-12,Solvents,0.8914,0.9291,69.1,64.2,64.2,0,613.2,56208.13,91564.77,1,35356.64000000001,200.23169319826332
BAT-004174,2026-04,18,PLT-02,AMER,FRM-08,PRD-08,Surfactants,0.863,0.9385,22.9,21.49,21.49,0,1051.52,33105.4,47822.47,1,14717.07,394.1306550218342
BAT-004175,2026-04,18,PLT-03,APAC,FRM-11,PRD-11,Polymers,0.6647,0.9651,23.86,23.03,0.0,1,733.46,25700.59,0.0,1,-25700.59,343.6812405699916
BAT-004176,2026-04,18,PLT-05,LATAM,FRM-05,PRD-05,Coatings,0.8009,0.9037,17.76,16.05,16.05,0,1325.96,32558.02,46574.47,1,14016.45,507.26184684684677
BAT-004177,2026-04,18,PLT-02,AMER,FRM-08,PRD-08,Surfactants,0.8008,0.926,39.51,36.59,36.59,0,1051.52,57316.69,80336.15,1,23019.459999999992,399.1681802075425
BAT-004178,2026-04,18,PLT-02,AMER,FRM-11,PRD-11,Polymers,0.8808,0.9209,30.73,28.3,0.0,1,733.46,30703.79,0.0,1,-30703.79,265.68708753660917
BAT-004179,2026-04,18,PLT-05,LATAM,FRM-10,PRD-10,Agrochem,0.757,0.9462,61.65,58.34,58.34,0,580.31,50892.22,69848.27,1,18956.050000000003,245.19235198702359
BAT-004180,2026-04,18,PLT-04,EMEA,FRM-01,PRD-01,Polymers,0.895,0.9198,60.6,55.74,55.74,0,762.39,61300.06,92395.41,1,31095.350000000006,249.1621452145214
BAT-004181,2026-05,19,PLT-05,LATAM,FRM-11,PRD-11,Polymers,0.7928,0.995,18.49,18.4,18.4,0,736.36,19347.9,31792.03,1,12444.129999999997,310.03805300162264
BAT-004182,2026-05,19,PLT-04,EMEA,FRM-07,PRD-07,Catalysts,0.8365,0.9492,3.03,2.87,2.87,0,15066.36,64301.0,99472.65,1,35171.649999999994,6155.092145214523
BAT-004183,2026-05,19,PLT-02,AMER,FRM-04,PRD-04,Agrochem,0.8535,0.9578,100.28,96.05,96.05,0,550.28,76753.31,117746.89,1,40993.58,215.11000797766258
BAT-004184,2026-05,19,PLT-01,EMEA,FRM-01,PRD-01,Polymers,0.9579,0.9945,28.22,28.06,28.06,0,765.41,29633.8,50839.35,1,21205.55,284.689220411056
BAT-004185,2026-05,19,PLT-06,APAC,FRM-01,PRD-01,Polymers,0.8108,0.9474,66.89,63.38,63.38,0,765.41,72221.37,112491.17,1,40269.8,314.29354313051283
BAT-004186,2026-05,19,PLT-05,LATAM,FRM-01,PRD-01,Polymers,0.8207,0.995,32.53,32.37,32.37,0,765.41,33791.81,57137.3,1,23345.490000000005,273.37911773747294
BAT-004187,2026-05,19,PLT-01,EMEA,FRM-11,PRD-11,Polymers,0.8492,0.9013,41.2,37.13,37.13,0,736.36,41016.69,62587.62,1,21570.93,259.1907281553398
BAT-004188,2026-05,19,PLT-05,LATAM,FRM-12,PRD-12,Solvents,0.8227,0.9756,55.02,53.68,53.68,0,615.63,48087.69,78795.79,1,30708.09999999999,258.3738167938932
BAT-004189,2026-05,19,PLT-04,EMEA,FRM-09,PRD-09,Specialty,0.8776,0.8887,18.34,16.3,16.3,0,1625.79,40544.43,42507.32,1,1962.8899999999994,584.9204689203925
BAT-004190,2026-05,19,PLT-01,EMEA,FRM-10,PRD-10,Agrochem,0.8762,0.995,33.47,33.31,33.31,0,582.61,26268.1,40214.05,1,13945.950000000004,202.21521661189126
BAT-004191,2026-05,19,PLT-04,EMEA,FRM-01,PRD-01,Polymers,0.8656,0.995,68.78,68.43,68.43,0,765.41,73884.85,124548.24,1,50663.39,308.8099767374239
BAT-004192,2026-05,19,PLT-04,EMEA,FRM-04,PRD-04,Agrochem,0.9269,0.9578,87.85,84.14,84.14,0,550.28,67271.41,96271.88,1,29000.47,215.47310187820165
BAT-004193,2026-05,19,PLT-03,APAC,FRM-02,PRD-02,Polymers,0.6259,0.9173,27.04,24.8,24.8,0,897.02,35047.2,48422.97,1,13375.770000000004,399.1042603550295
BAT-004194,2026-05,19,PLT-03,APAC,FRM-07,PRD-07,Catalysts,0.652,0.8824,1.32,1.16,0.0,1,15066.36,29424.87,0.0,1,-29424.87,7225.20818181818
BAT-004195,2026-05,19,PLT-01,EMEA,FRM-11,PRD-11,Polymers,0.9107,0.9859,45.35,44.71,44.71,0,736.36,46130.7,73502.37,1,27371.67,280.8549944873207
BAT-004196,2026-05,19,PLT-01,EMEA,FRM-01,PRD-01,Polymers,0.8957,0.995,61.23,60.92,60.92,0,765.41,64148.41,107873.38,1,43724.97,282.25307365670426
BAT-004197,2026-05,19,PLT-06,APAC,FRM-12,PRD-12,Solvents,0.8476,0.9501,30.32,28.8,28.8,0,615.63,25308.1,40789.91,1,15481.810000000005,219.06986807387852
BAT-004198,2026-05,19,PLT-05,LATAM,FRM-12,PRD-12,Solvents,0.8573,0.9873,48.02,47.41,0.0,1,615.63,41884.79,0.0,1,-41884.79,256.6063598500624
BAT-004199,2026-05,19,PLT-06,APAC,FRM-07,PRD-07,Catalysts,0.8782,0.9011,2.42,2.18,2.18,0,15066.36,49345.16,76312.75,1,26967.589999999997,5324.201983471077
BAT-004200,2026-05,19,PLT-04,EMEA,FRM-10,PRD-10,Agrochem,0.9078,0.9577,34.86,33.39,33.39,0,582.61,27269.07,40143.39,1,12874.32,199.63526678141136
BAT-004201,2026-05,19,PLT-06,APAC,FRM-08,PRD-08,Surfactants,0.884,0.9727,51.09,49.69,49.69,0,1055.68,75294.4,112674.6,1,37380.20000000001,418.0800313172829
BAT-004202,2026-05,19,PLT-06,APAC,FRM-11,PRD-11,Polymers,0.8009,0.995,44.4,44.18,44.18,0,736.36,46066.9,70107.15,1,24040.249999999993,301.18279279279284
BAT-004203,2026-05,19,PLT-05,LATAM,FRM-09,PRD-09,Specialty,0.8229,0.8666,20.79,18.01,18.01,0,1625.79,44842.89,47825.4,1,2982.510000000002,531.1551659451661
BAT-004204,2026-05,19,PLT-04,EMEA,FRM-06,PRD-06,Coatings,0.8912,0.9051,33.97,30.75,30.75,0,1445.01,66426.35,100528.74,1,34102.39,510.4315660877246
BAT-004205,2026-05,19,PLT-06,APAC,FRM-09,PRD-09,Specialty,0.8267,0.8635,42.62,36.8,36.8,0,1625.79,92407.54,93092.48,1,684.9400000000023,542.3831581417176
BAT-004206,2026-05,19,PLT-01,EMEA,FRM-01,PRD-01,Polymers,0.8756,0.995,38.56,38.37,38.37,0,765.41,40845.17,64412.63,1,23567.46,293.85270746887966
BAT-004207,2026-05,19,PLT-03,APAC,FRM-10,PRD-10,Agrochem,0.678,0.8641,33.75,29.17,29.17,0,582.61,28498.08,33861.84,1,5363.759999999995,261.77755555555564
BAT-004208,2026-05,19,PLT-01,EMEA,FRM-02,PRD-02,Polymers,0.9521,0.926,25.79,23.88,23.88,0,897.02,31566.36,49240.81,1,17674.449999999997,326.9567351686701
BAT-004209,2026-05,19,PLT-06,APAC,FRM-08,PRD-08,Surfactants,0.8673,0.9388,45.22,42.45,42.45,0,1055.68,66957.82,99332.16,1,32374.339999999997,425.0325165855818
BAT-004210,2026-05,19,PLT-05,LATAM,FRM-03,PRD-03,Solvents,0.8158,0.995,61.4,61.09,61.09,0,558.8,47757.89,80736.85,1,32978.96000000001,219.01579804560265
BAT-004211,2026-05,19,PLT-06,APAC,FRM-04,PRD-04,Agrochem,0.8382,0.9382,76.63,71.9,71.9,0,550.28,58433.65,83617.82,1,25184.170000000006,212.26273783113675
BAT-004212,2026-05,19,PLT-01,EMEA,FRM-12,PRD-12,Solvents,0.9142,0.995,65.92,65.59,65.59,0,615.63,53755.79,95700.05,1,41944.26,199.84011529126212
BAT-004213,2026-05,19,PLT-04,EMEA,FRM-06,PRD-06,Coatings,0.9501,0.9643,16.23,15.65,0.0,1,1445.01,31463.54,0.0,1,-31463.54,493.59382008625994
BAT-004214,2026-05,19,PLT-01,EMEA,FRM-11,PRD-11,Polymers,0.8542,0.9762,28.37,27.7,27.7,0,736.36,28232.62,44767.1,1,16534.48,258.79756080366576
BAT-004215,2026-05,19,PLT-05,LATAM,FRM-05,PRD-05,Coatings,0.7799,0.9399,10.25,9.63,9.63,0,1331.21,19411.49,27735.57,1,8324.079999999998,562.5939024390245
BAT-004216,2026-05,19,PLT-06,APAC,FRM-12,PRD-12,Solvents,0.8881,0.995,49.38,49.14,49.14,0,615.63,42770.14,68402.51,1,25632.369999999995,250.51297286350746
BAT-004217,2026-05,19,PLT-04,EMEA,FRM-07,PRD-07,Catalysts,0.9224,0.9656,3.26,3.15,3.15,0,15066.36,67807.45,113660.2,1,45852.75,5733.471288343557
BAT-004218,2026-05,19,PLT-05,LATAM,FRM-01,PRD-01,Polymers,0.7755,0.9398,53.7,50.46,50.46,0,765.41,56411.98,86420.11,1,30008.129999999997,285.09242085661083
BAT-004219,2026-05,19,PLT-06,APAC,FRM-12,PRD-12,Solvents,0.8681,0.9668,68.95,66.66,66.66,0,615.63,58616.68,97219.4,1,38602.719999999994,234.50313995649014
BAT-004220,2026-05,19,PLT-04,EMEA,FRM-12,PRD-12,Solvents,0.8609,0.995,78.39,78.0,78.0,0,615.63,68361.39,108725.75,1,40364.36,256.43773823191736
BAT-004221,2026-05,19,PLT-02,AMER,FRM-07,PRD-07,Catalysts,0.7931,0.9046,2.12,1.92,1.92,0,15066.36,44699.88,67877.2,1,23177.32,6018.489056603772
BAT-004222,2026-05,19,PLT-05,LATAM,FRM-05,PRD-05,Coatings,0.8516,0.934,22.52,21.04,21.04,0,1331.21,42287.24,65523.71,1,23236.47,546.5537655417406
BAT-004223,2026-05,19,PLT-02,AMER,FRM-03,PRD-03,Solvents,0.8837,0.995,64.01,63.69,63.69,0,558.8,49305.32,87070.78,1,37765.46,211.4752694891423
BAT-004224,2026-05,19,PLT-01,EMEA,FRM-08,PRD-08,Surfactants,0.8391,0.9896,50.47,49.94,49.94,0,1055.68,75920.13,113911.78,1,37991.649999999994,448.582532197345
BAT-004225,2026-05,19,PLT-05,LATAM,FRM-03,PRD-03,Solvents,0.7977,0.995,39.0,38.8,38.8,0,558.8,30686.54,50362.4,1,19675.86,228.03435897435907
BAT-004226,2026-05,19,PLT-02,AMER,FRM-02,PRD-02,Polymers,0.8243,0.9629,34.93,33.64,0.0,1,897.02,43940.78,0.0,1,-43940.78,360.94679072430586
BAT-004227,2026-05,19,PLT-02,AMER,FRM-06,PRD-06,Coatings,0.8926,0.9309,31.18,29.02,29.02,0,1445.01,61888.51,94284.63,1,32396.120000000003,539.8684477228994
BAT-004228,2026-05,19,PLT-03,APAC,FRM-07,PRD-07,Catalysts,0.6367,0.8827,3.24,2.86,0.0,1,15066.36,72657.45,0.0,1,-72657.45,7358.778888888886
BAT-004229,2026-05,19,PLT-01,EMEA,FRM-08,PRD-08,Surfactants,0.8193,0.995,42.19,41.98,41.98,0,1055.68,61955.22,98105.07,1,36149.850000000006,412.8011566721973
BAT-004230,2026-05,19,PLT-06,APAC,FRM-04,PRD-04,Agrochem,0.8762,0.9584,67.25,64.45,64.45,0,550.28,49560.35,76628.36,1,27068.010000000002,186.67687732342006
BAT-004231,2026-05,19,PLT-06,APAC,FRM-10,PRD-10,Agrochem,0.8492,0.8954,31.09,27.84,27.84,0,582.61,24462.91,34490.33,1,10027.420000000002,204.23174975876486
BAT-004232,2026-05,19,PLT-04,EMEA,FRM-08,PRD-08,Surfactants,0.8723,0.9767,21.06,20.57,20.57,0,1055.68,31100.99,47456.57,1,16355.579999999998,421.10015194681864
BAT-004233,2026-05,19,PLT-06,APAC,FRM-12,PRD-12,Solvents,0.9138,0.9855,84.77,83.54,83.54,0,615.63,70915.68,115040.47,1,44124.79000000001,220.93576619086934
BAT-004234,2026-05,19,PLT-06,APAC,FRM-01,PRD-01,Polymers,0.8722,0.9697,51.71,50.15,50.15,0,765.41,55749.86,85900.38,1,30150.520000000004,312.7153142525623
BAT-004235,2026-05,19,PLT-04,EMEA,FRM-02,PRD-02,Polymers,0.8729,0.995,31.45,31.3,31.3,0,897.02,38191.15,60677.33,1,22486.18,317.32499205087447
BAT-004236,2026-05,19,PLT-01,EMEA,FRM-06,PRD-06,Coatings,0.8551,0.9039,38.22,34.55,0.0,1,1445.01,77380.41,0.0,1,-77380.41,579.5951805337522
BAT-004237,2026-05,19,PLT-01,EMEA,FRM-10,PRD-10,Agrochem,0.8393,0.954,52.48,50.06,50.06,0,582.61,42269.22,60962.43,1,18693.21,222.82483231707317
BAT-004238,2026-05,19,PLT-04,EMEA,FRM-09,PRD-09,Specialty,0.8909,0.8634,52.35,45.2,45.2,0,1625.79,110565.66,121863.37,1,11297.709999999992,486.2569914040114
BAT-004239,2026-05,19,PLT-06,APAC,FRM-02,PRD-02,Polymers,0.8686,0.9836,36.71,36.1,36.1,0,897.02,45457.43,68550.09,1,23092.659999999996,341.26466357940626
BAT-004240,2026-05,19,PLT-05,LATAM,FRM-01,PRD-01,Polymers,0.8269,0.9869,36.15,35.67,35.67,0,765.41,38007.68,64074.31,1,26066.629999999997,285.97810511756586
BAT-004241,2026-05,19,PLT-01,EMEA,FRM-04,PRD-04,Agrochem,0.9169,0.9796,38.9,38.1,38.1,0,550.28,28238.76,42739.35,1,14500.59,175.6521336760926
BAT-004242,2026-05,19,PLT-02,AMER,FRM-12,PRD-12,Solvents,0.8892,0.995,95.66,95.18,95.18,0,615.63,80929.98,130141.19,1,49211.21000000001,230.3869349780473
BAT-004243,2026-05,19,PLT-01,EMEA,FRM-08,PRD-08,Surfactants,0.97,0.995,34.41,34.24,34.24,0,1055.68,49131.54,76464.9,1,27333.359999999993,372.14737576285984
BAT-004244,2026-05,19,PLT-01,EMEA,FRM-10,PRD-10,Agrochem,0.8464,0.9715,86.8,84.33,84.33,0,582.61,71624.34,99129.32,1,27504.98000000001,242.55520737327186
BAT-004245,2026-05,19,PLT-04,EMEA,FRM-01,PRD-01,Polymers,0.9289,0.995,56.7,56.41,56.41,0,765.41,56954.67,99092.3,1,42137.630000000005,239.08153439153432
BAT-004246,2026-05,19,PLT-03,APAC,FRM-04,PRD-04,Agrochem,0.5993,0.9194,51.06,46.95,46.95,0,550.28,42436.56,57330.32,1,14893.760000000002,280.8316333725029
BAT-004247,2026-05,19,PLT-06,APAC,FRM-04,PRD-04,Agrochem,0.8539,0.9089,72.33,65.74,65.74,0,550.28,53254.29,77869.09,1,24614.799999999996,185.9883533803402
BAT-004248,2026-05,19,PLT-01,EMEA,FRM-12,PRD-12,Solvents,0.819,0.995,56.16,55.88,55.88,0,615.63,48001.24,83487.25,1,35486.01,239.09293447293453
BAT-004249,2026-05,19,PLT-05,LATAM,FRM-04,PRD-04,Agrochem,0.779,0.9894,23.17,22.92,22.92,0,550.28,18139.8,25736.4,1,7596.600000000002,232.6203021148035
BAT-004250,2026-05,19,PLT-06,APAC,FRM-07,PRD-07,Catalysts,0.8356,0.9186,1.64,1.5,1.5,0,15066.36,33198.27,54051.87,1,20853.600000000006,5176.487560975609
BAT-004251,2026-05,19,PLT-01,EMEA,FRM-08,PRD-08,Surfactants,0.8819,0.9395,26.89,25.27,25.27,0,1055.68,39089.57,55828.6,1,16739.03,398.00426924507246
BAT-004252,2026-05,19,PLT-02,AMER,FRM-03,PRD-03,Solvents,0.8539,0.9849,111.95,110.26,110.26,0,558.8,86616.13,151783.29,1,65167.16,214.90370701205904
BAT-004253,2026-05,19,PLT-05,LATAM,FRM-10,PRD-10,Agrochem,0.8364,0.9579,45.0,43.11,43.11,0,582.61,36828.93,53262.6,1,16433.67,235.81066666666663
BAT-004254,2026-05,19,PLT-04,EMEA,FRM-11,PRD-11,Polymers,0.871,0.9706,74.62,72.43,72.43,0,736.36,74642.62,120926.55,1,46283.93000000001,263.9431358885016
BAT-004255,2026-05,19,PLT-01,EMEA,FRM-07,PRD-07,Catalysts,0.8833,0.9543,2.63,2.51,2.51,0,15066.36,55324.94,87820.63,1,32495.690000000002,5969.738859315592
BAT-004256,2026-05,19,PLT-06,APAC,FRM-10,PRD-10,Agrochem,0.8328,0.9223,33.36,30.77,30.77,0,582.61,26468.26,36040.88,1,9572.619999999999,210.80306954436446
BAT-004257,2026-05,19,PLT-03,APAC,FRM-07,PRD-07,Catalysts,0.612,0.9046,1.46,1.32,1.32,0,15066.36,32806.13,45342.25,1,12536.120000000003,7403.592054794517
BAT-004258,2026-05,19,PLT-02,AMER,FRM-03,PRD-03,Solvents,0.7887,0.9714,111.67,108.48,108.48,0,558.8,87779.64,147422.0,1,59642.36,227.26286379511066
BAT-004259,2026-05,19,PLT-03,APAC,FRM-01,PRD-01,Polymers,0.6502,0.9923,66.71,66.2,66.2,0,765.41,75993.78,110020.29,1,34026.509999999995,373.75624194273735
BAT-004260,2026-05,19,PLT-02,AMER,FRM-12,PRD-12,Solvents,0.8825,0.9926,36.9,36.62,36.62,0,615.63,30928.03,50924.49,1,19996.46,222.5279945799458
BAT-004261,2026-05,19,PLT-02,AMER,FRM-09,PRD-09,Specialty,0.8798,0.8895,29.0,25.8,25.8,0,1625.79,61106.4,68650.54,1,7544.139999999992,481.32724137931064
BAT-004262,2026-05,19,PLT-06,APAC,FRM-07,PRD-07,Catalysts,0.8386,0.8751,1.97,1.73,1.73,0,15066.36,39993.91,61728.91,1,21735.0,5235.117157360408
BAT-004263,2026-05,19,PLT-05,LATAM,FRM-03,PRD-03,Solvents,0.7557,0.9891,63.03,62.35,62.35,0,558.8,50509.22,81729.78,1,31220.559999999998,242.55205457718557
BAT-004264,2026-05,19,PLT-01,EMEA,FRM-02,PRD-02,Polymers,0.9124,0.9329,22.93,21.39,21.39,0,897.02,27988.76,41635.9,1,13647.140000000003,323.59753161796766
BAT-004265,2026-05,19,PLT-06,APAC,FRM-11,PRD-11,Polymers,0.8448,0.948,45.73,43.35,43.35,0,736.36,45402.9,74943.41,1,29540.510000000002,256.4871462934617
BAT-004266,2026-05,19,PLT-03,APAC,FRM-12,PRD-12,Solvents,0.6422,0.9883,32.07,31.69,31.69,0,615.63,28007.3,44069.96,1,16062.66,257.68774243841597
BAT-004267,2026-05,19,PLT-05,LATAM,FRM-08,PRD-08,Surfactants,0.831,0.9839,39.65,39.02,39.02,0,1055.68,56427.38,91346.88,1,34919.50000000001,367.45694829760396
BAT-004268,2026-05,19,PLT-01,EMEA,FRM-09,PRD-09,Specialty,0.8863,0.8856,35.8,31.7,31.7,0,1625.79,75881.4,78331.82,1,2450.420000000013,493.8021787709499
BAT-004269,2026-05,19,PLT-02,AMER,FRM-10,PRD-10,Agrochem,0.8305,0.995,65.78,65.45,65.45,0,582.61,53579.24,78462.41,1,24883.170000000006,231.91173913043474
BAT-004270,2026-05,19,PLT-03,APAC,FRM-07,PRD-07,Catalysts,0.6018,0.8502,1.53,1.3,1.3,0,15066.36,34166.75,45446.83,1,11280.080000000002,7264.849150326798
BAT-004271,2026-05,19,PLT-06,APAC,FRM-10,PRD-10,Agrochem,0.8558,0.9457,52.59,49.74,49.74,0,582.61,41158.94,62307.0,1,21148.059999999998,200.02814413386568
BAT-004272,2026-05,19,PLT-02,AMER,FRM-10,PRD-10,Agrochem,0.8803,0.9922,83.62,82.96,82.96,0,582.61,65229.5,97958.31,1,32728.809999999998,197.46055728294664
BAT-004273,2026-05,19,PLT-06,APAC,FRM-10,PRD-10,Agrochem,0.8823,0.9915,64.43,63.88,63.88,0,582.61,50748.97,81375.68,1,30626.709999999992,205.0505618500698
BAT-004274,2026-05,19,PLT-06,APAC,FRM-08,PRD-08,Surfactants,0.8956,0.9059,36.88,33.4,33.4,0,1055.68,52199.37,74980.8,1,22781.43,359.70421908893695
BAT-004275,2026-05,19,PLT-06,APAC,FRM-09,PRD-09,Specialty,0.8922,0.8219,35.38,29.08,29.08,0,1625.79,76603.88,75373.12,1,-1230.7600000000093,539.3846749576032
BAT-004276,2026-05,19,PLT-04,EMEA,FRM-01,PRD-01,Polymers,0.8711,0.995,64.12,63.8,63.8,0,765.41,67396.23,109200.56,1,41804.33,285.68529008109783
BAT-004277,2026-05,19,PLT-05,LATAM,FRM-01,PRD-01,Polymers,0.7991,0.9694,53.05,51.43,51.43,0,765.41,57119.95,90361.38,1,33241.43000000001,311.30913289349667
BAT-004278,2026-05,19,PLT-04,EMEA,FRM-01,PRD-01,Polymers,0.9291,0.995,29.44,29.3,29.3,0,765.41,30452.28,51680.04,1,21227.760000000002,268.97451086956505
BAT-004279,2026-05,19,PLT-02,AMER,FRM-08,PRD-08,Surfactants,0.8782,0.9454,22.39,21.17,21.17,0,1055.68,33115.2,48441.52,1,15326.32,423.33741849039734
BAT-004280,2026-05,19,PLT-05,LATAM,FRM-08,PRD-08,Surfactants,0.8498,0.961,36.51,35.09,35.09,0,1055.68,53099.1,80188.85,1,27089.750000000007,398.6914050944947
BAT-004281,2026-05,19,PLT-05,LATAM,FRM-10,PRD-10,Agrochem,0.8053,0.929,58.73,54.56,54.56,0,582.61,46434.76,68997.73,1,22562.969999999994,208.03805040013629
BAT-004282,2026-05,19,PLT-01,EMEA,FRM-03,PRD-03,Solvents,0.8612,0.995,93.1,92.64,92.64,0,558.8,70015.8,121214.88,1,51199.08,193.24940923737927
BAT-004283,2026-05,19,PLT-01,EMEA,FRM-09,PRD-09,Specialty,0.8866,0.8273,35.86,29.67,29.67,0,1625.79,77105.28,76378.51,1,-726.7700000000041,524.3851254880092
BAT-004284,2026-05,19,PLT-02,AMER,FRM-03,PRD-03,Solvents,0.8672,0.995,101.87,101.36,101.36,0,558.8,79456.81,136695.31,1,57238.5,221.18242858545204
BAT-004285,2026-05,19,PLT-04,EMEA,FRM-01,PRD-01,Polymers,0.8908,0.9864,73.67,72.66,72.66,0,765.41,78503.69,131356.85,1,52853.16,300.20273245554506
BAT-004286,2026-05,19,PLT-06,APAC,FRM-03,PRD-03,Solvents,0.8181,0.995,76.73,76.35,76.35,0,558.8,57923.31,96482.82,1,38559.51000000001,196.09782353707806
BAT-004287,2026-05,19,PLT-05,LATAM,FRM-05,PRD-05,Coatings,0.8118,0.9074,21.51,19.52,19.52,0,1331.21,39715.57,61037.17,1,21321.6,515.1670339377033
BAT-004288,2026-05,19,PLT-04,EMEA,FRM-11,PRD-11,Polymers,0.9575,0.995,62.71,62.39,62.39,0,736.36,60470.61,101275.88,1,40805.270000000004,227.92974645192157
BAT-004289,2026-05,19,PLT-02,AMER,FRM-07,PRD-07,Catalysts,0.8487,0.8931,2.65,2.37,2.37,0,15066.36,53856.21,87180.31,1,33324.1,5256.738113207546
BAT-004290,2026-05,19,PLT-03,APAC,FRM-09,PRD-09,Specialty,0.6968,0.8137,34.2,27.83,27.83,0,1625.79,77723.82,75002.35,1,-2721.470000000001,646.8363157894737
BAT-004291,2026-05,19,PLT-01,EMEA,FRM-10,PRD-10,Agrochem,0.9288,0.9603,73.01,70.1,70.1,0,582.61,55795.99,84724.54,1,28928.549999999996,181.61394192576347
BAT-004292,2026-05,19,PLT-05,LATAM,FRM-03,PRD-03,Solvents,0.8293,0.9898,53.06,52.52,52.52,0,558.8,41440.96,70193.75,1,28752.79,222.22073124764415
BAT-004293,2026-05,19,PLT-06,APAC,FRM-02,PRD-02,Polymers,0.7879,0.9439,57.46,54.24,54.24,0,897.02,72724.17,102178.4,1,29454.229999999996,368.6286251305255
BAT-004294,2026-05,19,PLT-01,EMEA,FRM-08,PRD-08,Surfactants,0.8876,0.986,38.09,37.56,0.0,1,1055.68,54151.87,0.0,1,-54151.87,366.00206878445783
BAT-004295,2026-05,19,PLT-03,APAC,FRM-12,PRD-12,Solvents,0.6469,0.995,56.42,56.14,56.14,0,615.63,51021.12,79848.8,1,28827.68,288.6791102445941
BAT-004296,2026-05,19,PLT-02,AMER,FRM-06,PRD-06,Coatings,0.8902,0.8812,32.53,28.67,28.67,0,1445.01,65746.22,95089.2,1,29342.979999999996,576.0849892407009
BAT-004297,2026-05,19,PLT-01,EMEA,FRM-05,PRD-05,Coatings,0.9049,0.9314,41.81,38.94,38.94,0,1331.21,75210.76,111370.83,1,36160.07000000001,467.6601267639319
BAT-004298,2026-05,19,PLT-03,APAC,FRM-11,PRD-11,Polymers,0.6478,0.9156,30.8,28.2,28.2,0,736.36,33390.82,44947.56,1,11556.739999999998,347.7575324675323
BAT-004299,2026-05,19,PLT-01,EMEA,FRM-02,PRD-02,Polymers,0.8606,0.9413,62.29,58.63,0.0,1,897.02,77550.77,0.0,1,-77550.77,347.9755048964521
BAT-004300,2026-05,19,PLT-05,LATAM,FRM-03,PRD-03,Solvents,0.809,0.9932,63.76,63.32,63.32,0,558.8,50275.25,84104.62,1,33829.369999999995,229.7076850690089
BAT-004301,2026-05,19,PLT-05,LATAM,FRM-10,PRD-10,Agrochem,0.8428,0.9455,52.33,49.48,49.48,0,582.61,41890.5,58680.3,1,16789.800000000003,217.89640168163578
BAT-004302,2026-05,19,PLT-03,APAC,FRM-01,PRD-01,Polymers,0.6209,0.9817,49.37,48.47,48.47,0,765.41,53674.14,81390.63,1,27716.490000000005,321.7712841806766
BAT-004303,2026-05,19,PLT-05,LATAM,FRM-02,PRD-02,Polymers,0.8456,0.9774,29.25,28.59,28.59,0,897.02,35828.36,56692.2,1,20863.839999999997,327.8811965811967
BAT-004304,2026-05,19,PLT-01,EMEA,FRM-09,PRD-09,Specialty,0.8927,0.9241,18.71,17.29,0.0,1,1625.79,39475.23,0.0,1,-39475.23,484.05660609299866
BAT-004305,2026-05,19,PLT-01,EMEA,FRM-02,PRD-02,Polymers,0.9066,0.995,35.23,35.05,35.05,0,897.02,43148.22,67121.83,1,23973.61,327.7378768095375
BAT-004306,2026-05,19,PLT-01,EMEA,FRM-08,PRD-08,Surfactants,0.7452,0.9417,28.27,26.62,26.62,0,1055.68,43251.26,59954.53,1,16703.269999999997,474.2549133356915
BAT-004307,2026-05,19,PLT-04,EMEA,FRM-09,PRD-09,Specialty,0.9078,0.8811,21.88,19.28,19.28,0,1625.79,46435.85,51868.23,1,5432.380000000005,496.5066179159048
BAT-004308,2026-05,19,PLT-01,EMEA,FRM-06,PRD-06,Coatings,0.8348,0.9204,22.97,21.14,21.14,0,1445.01,45659.14,68668.48,1,23009.339999999997,542.7627470613845
BAT-004309,2026-05,19,PLT-05,LATAM,FRM-10,PRD-10,Agrochem,0.773,0.9783,32.23,31.53,31.53,0,582.61,26979.95,37788.61,1,10808.66,254.49673285758615
BAT-004310,2026-05,19,PLT-01,EMEA,FRM-06,PRD-06,Coatings,0.9436,0.9912,36.9,36.58,36.58,0,1445.01,73739.88,126431.93,1,52692.04999999999,553.3607317073172
BAT-004311,2026-05,19,PLT-04,EMEA,FRM-03,PRD-03,Solvents,0.9183,0.995,88.48,88.04,88.04,0,558.8,65112.65,110104.5,1,44991.85,177.10246383363472
BAT-004312,2026-05,19,PLT-05,LATAM,FRM-10,PRD-10,Agrochem,0.8099,0.9809,38.27,37.53,37.53,0,582.61,31053.71,44498.12,1,13444.410000000003,228.8274183433498
BAT-004313,2026-05,19,PLT-01,EMEA,FRM-04,PRD-04,Agrochem,0.8249,0.9069,62.04,56.26,56.26,0,550.28,47245.14,63859.21,1,16614.07,211.24707930367504
BAT-004314,2026-05,19,PLT-06,APAC,FRM-06,PRD-06,Coatings,0.8493,0.9114,33.98,30.97,30.97,0,1445.01,66443.97,100138.77,1,33694.8,510.3746380223663
BAT-004315,2026-05,19,PLT-02,AMER,FRM-08,PRD-08,Surfactants,0.8589,0.995,28.61,28.47,28.47,0,1055.68,42232.3,62479.36,1,20247.059999999998,420.457714085984
BAT-004316,2026-05,19,PLT-03,APAC,FRM-02,PRD-02,Polymers,0.5563,0.9057,57.64,52.2,52.2,0,897.02,78750.41,105954.72,1,27204.309999999998,469.225836224844
BAT-004317,2026-05,19,PLT-03,APAC,FRM-10,PRD-10,Agrochem,0.6286,0.9326,63.88,59.58,59.58,0,582.61,53528.57,70190.53,1,16661.96,255.34507201001873
BAT-004318,2026-05,19,PLT-03,APAC,FRM-10,PRD-10,Agrochem,0.6282,0.8614,33.3,28.68,28.68,0,582.61,28213.32,36746.06,1,8532.739999999998,264.6368468468469
BAT-004319,2026-05,19,PLT-02,AMER,FRM-02,PRD-02,Polymers,0.8435,0.8821,74.74,65.93,65.93,0,897.02,94973.6,128599.35,1,33625.75,373.6998287396309
BAT-004320,2026-05,19,PLT-04,EMEA,FRM-10,PRD-10,Agrochem,0.9092,0.9754,95.1,92.75,92.75,0,582.61,73902.46,114829.62,1,40927.15999999999,194.4926288117772
BAT-004321,2026-05,19,PLT-05,LATAM,FRM-11,PRD-11,Polymers,0.8326,0.9525,21.52,20.5,20.5,0,736.36,22579.62,33705.57,1,11125.95,312.87884758364305
BAT-004322,2026-05,19,PLT-05,LATAM,FRM-08,PRD-08,Surfactants,0.7986,0.9395,30.69,28.83,28.83,0,1055.68,44071.53,64653.05,1,20581.520000000004,380.34248289345055
BAT-004323,2026-05,19,PLT-06,APAC,FRM-09,PRD-09,Specialty,0.8882,0.864,20.77,17.95,17.95,0,1625.79,44500.53,48183.61,1,3683.0800000000017,516.7487578237842
BAT-004324,2026-05,19,PLT-02,AMER,FRM-02,PRD-02,Polymers,0.8553,0.9859,57.75,56.93,56.93,0,897.02,70522.61,113678.29,1,43155.67999999999,324.1507359307359
BAT-004325,2026-05,19,PLT-02,AMER,FRM-10,PRD-10,Agrochem,0.849,0.9357,74.28,69.5,69.5,0,582.61,60165.87,81654.03,1,21488.159999999996,227.37747980613892
BAT-004326,2026-05,19,PLT-02,AMER,FRM-11,PRD-11,Polymers,0.8246,0.995,53.93,53.66,53.66,0,736.36,54373.36,88223.58,1,33850.22,271.8610272575561
BAT-004327,2026-05,19,PLT-05,LATAM,FRM-04,PRD-04,Agrochem,0.8777,0.9343,58.33,54.5,54.5,0,550.28,43393.22,63322.16,1,19928.940000000002,193.64628150180022
BAT-004328,2026-05,19,PLT-04,EMEA,FRM-08,PRD-08,Surfactants,0.8952,0.9189,48.03,44.14,44.14,0,1055.68,67301.24,98211.65,1,30910.40999999999,345.5533957942953
BAT-004329,2026-05,19,PLT-02,AMER,FRM-09,PRD-09,Specialty,0.8312,0.8394,51.36,43.11,43.11,0,1625.79,115361.21,115381.27,1,20.05999999999767,620.3394781931465
BAT-004330,2026-05,19,PLT-06,APAC,FRM-10,PRD-10,Agrochem,0.8588,0.9948,42.09,41.87,41.87,0,582.61,34628.56,50994.9,1,16366.340000000004,240.116538370159
BAT-004331,2026-05,19,PLT-04,EMEA,FRM-09,PRD-09,Specialty,0.9079,0.8428,45.43,38.28,38.28,0,1625.79,98806.25,104136.49,1,5330.240000000005,549.1219524543253
BAT-004332,2026-05,19,PLT-03,APAC,FRM-03,PRD-03,Solvents,0.6251,0.995,53.58,53.31,0.0,1,558.8,43615.26,0.0,1,-43615.26,255.22127659574483
BAT-004333,2026-05,19,PLT-05,LATAM,FRM-01,PRD-01,Polymers,0.7863,0.995,48.78,48.54,48.54,0,765.41,52423.25,82893.53,1,30470.28,309.27737187371883
BAT-004334,2026-05,19,PLT-01,EMEA,FRM-11,PRD-11,Polymers,0.8456,0.9463,72.69,68.79,68.79,0,736.36,76130.95,111472.61,1,35341.66,310.97732287797487
BAT-004335,2026-05,19,PLT-01,EMEA,FRM-03,PRD-03,Solvents,0.8463,0.995,87.19,86.76,86.76,0,558.8,67692.43,111875.36,1,44182.93000000001,217.57836907902276
BAT-004336,2026-05,19,PLT-04,EMEA,FRM-08,PRD-08,Surfactants,0.9587,0.9533,54.54,52.0,52.0,0,1055.68,75016.41,114977.24,1,39960.83,319.75839383938387
BAT-004337,2026-05,19,PLT-01,EMEA,FRM-08,PRD-08,Surfactants,0.9363,0.9567,54.35,51.99,51.99,0,1055.68,77151.56,120953.41,1,43801.850000000006,363.85192272309087
BAT-004338,2026-05,19,PLT-05,LATAM,FRM-02,PRD-02,Polymers,0.7746,0.9091,39.96,36.33,36.33,0,897.02,50607.27,74076.36,1,23469.090000000004,369.42819819819806
BAT-004339,2026-05,19,PLT-04,EMEA,FRM-01,PRD-01,Polymers,0.8595,0.9679,71.2,68.92,68.92,0,765.41,77014.93,114283.33,1,37268.40000000001,316.2603651685391
BAT-004340,2026-05,19,PLT-06,APAC,FRM-01,PRD-01,Polymers,0.8873,0.9568,21.48,20.55,20.55,0,765.41,22368.74,35885.16,1,13516.420000000002,275.9652327746743
BAT-004341,2026-05,19,PLT-02,AMER,FRM-01,PRD-01,Polymers,0.7626,0.9405,31.93,30.03,30.03,0,765.41,34468.42,50859.85,1,16391.43,314.0895302223613
BAT-004342,2026-05,19,PLT-05,LATAM,FRM-03,PRD-03,Solvents,0.7217,0.995,50.59,50.33,50.33,0,558.8,40350.14,62941.83,1,22591.690000000002,238.79122356196876
BAT-004343,2026-05,19,PLT-05,LATAM,FRM-01,PRD-01,Polymers,0.8053,0.995,18.45,18.35,18.35,0,765.41,19242.42,30541.71,1,11299.29,277.53959349593504
BAT-004344,2026-05,19,PLT-02,AMER,FRM-11,PRD-11,Polymers,0.8376,0.995,32.18,32.02,32.02,0,736.36,33046.61,51994.34,1,18947.729999999996,290.5700807955251
BAT-004345,2026-05,19,PLT-06,APAC,FRM-12,PRD-12,Solvents,0.8347,0.9592,50.95,48.87,48.87,0,615.63,42963.91,67169.78,1,24205.869999999995,227.62632973503435
BAT-004346,2026-05,19,PLT-02,AMER,FRM-04,PRD-04,Agrochem,0.8846,0.9731,117.3,114.14,114.14,0,550.28,89857.41,129558.88,1,39701.47,215.76782608695657
BAT-004347,2026-05,19,PLT-06,APAC,FRM-08,PRD-08,Surfactants,0.8296,0.9443,27.42,25.89,25.89,0,1055.68,39680.28,57551.73,1,17871.450000000004,391.4491028446387
BAT-004348,2026-05,19,PLT-05,LATAM,FRM-08,PRD-08,Surfactants,0.8354,0.9933,41.84,41.56,41.56,0,1055.68,61381.64,92272.89,1,30891.25,411.3764053537284
BAT-004349,2026-05,19,PLT-06,APAC,FRM-05,PRD-05,Coatings,0.8716,0.8975,32.35,29.04,29.04,0,1331.21,58353.59,87621.58,1,29267.990000000005,472.6104018547139
BAT-004350,2026-05,19,PLT-05,LATAM,FRM-08,PRD-08,Surfactants,0.8224,0.995,42.53,42.32,42.32,0,1055.68,61670.21,94369.79,1,32699.579999999994,394.36020691276735
BAT-004351,2026-05,19,PLT-01,EMEA,FRM-01,PRD-01,Polymers,0.9422,0.9887,41.98,41.5,41.5,0,765.41,44408.92,74927.36,1,30518.440000000002,292.4489804668891
BAT-004352,2026-05,19,PLT-04,EMEA,FRM-08,PRD-08,Surfactants,0.9699,0.995,39.31,39.11,39.11,0,1055.68,55289.57,90745.99,1,35456.420000000006,350.8213991350799
BAT-004353,2026-05,19,PLT-01,EMEA,FRM-07,PRD-07,Catalysts,0.8656,0.9171,3.01,2.76,2.76,0,15066.36,61898.86,97429.41,1,35530.55,5498.045315614618
BAT-004354,2026-05,19,PLT-05,LATAM,FRM-05,PRD-05,Coatings,0.815,0.9119,31.14,28.4,28.4,0,1331.21,58038.91,87944.7,1,29905.789999999994,532.595716120745
BAT-004355,2026-05,19,PLT-06,APAC,FRM-05,PRD-05,Coatings,0.8632,0.9406,26.03,24.48,24.48,0,1331.21,46543.04,75604.1,1,29061.060000000005,456.8437840952747
BAT-004356,2026-05,19,PLT-06,APAC,FRM-01,PRD-01,Polymers,0.8595,0.995,53.72,53.45,53.45,0,765.41,55999.29,93174.75,1,37175.46,277.0190766939687
BAT-004357,2026-05,19,PLT-03,APAC,FRM-03,PRD-03,Solvents,0.6292,0.9829,52.49,51.59,51.59,0,558.8,43006.61,65737.17,1,22730.559999999998,260.5295865879216
BAT-004358,2026-05,19,PLT-03,APAC,FRM-09,PRD-09,Specialty,0.6559,0.8867,36.77,32.61,32.61,0,1625.79,84313.42,82661.45,1,-1651.9700000000012,667.2048327440848
BAT-004359,2026-05,19,PLT-04,EMEA,FRM-03,PRD-03,Solvents,0.8806,0.995,97.19,96.7,96.7,0,558.8,74948.99,121447.45,1,46498.45999999999,212.3594814281306
BAT-004360,2026-05,19,PLT-04,EMEA,FRM-12,PRD-12,Solvents,0.855,0.995,59.0,58.7,58.7,0,615.63,49430.35,83511.13,1,34080.780000000006,222.17254237288137
BAT-004361,2026-05,19,PLT-06,APAC,FRM-06,PRD-06,Coatings,0.8982,0.9434,36.71,34.63,34.63,0,1445.01,70762.93,115100.48,1,44337.55,482.6099945518929
BAT-004362,2026-05,19,PLT-01,EMEA,FRM-02,PRD-02,Polymers,0.9024,0.9836,21.6,21.25,21.25,0,897.02,26219.67,41231.19,1,15011.520000000004,316.8536111111109
BAT-004363,2026-05,19,PLT-06,APAC,FRM-08,PRD-08,Surfactants,0.8647,0.9439,37.55,35.44,35.44,0,1055.68,55477.94,82775.87,1,27297.929999999993,421.76181091877515
BAT-004364,2026-05,19,PLT-05,LATAM,FRM-08,PRD-08,Surfactants,0.7967,0.995,13.0,12.94,12.94,0,1055.68,19671.22,29931.99,1,10260.77,457.4907692307693
BAT-004365,2026-05,19,PLT-02,AMER,FRM-09,PRD-09,Specialty,0.8576,0.8588,60.98,52.37,52.37,0,1625.79,130647.14,141270.96,1,10623.819999999992,516.6688389635947
BAT-004366,2026-05,19,PLT-02,AMER,FRM-02,PRD-02,Polymers,0.9164,0.9817,35.67,35.01,35.01,0,897.02,44119.85,67103.83,1,22983.980000000003,339.8695430333612
BAT-004367,2026-05,19,PLT-05,LATAM,FRM-05,PRD-05,Coatings,0.7799,0.9267,11.86,10.99,10.99,0,1331.21,22071.63,32614.18,1,10542.55,529.8043338954469
BAT-004368,2026-05,19,PLT-03,APAC,FRM-06,PRD-06,Coatings,0.6346,0.8769,13.85,12.15,12.15,0,1445.01,29066.05,40244.23,1,11178.180000000004,653.6217689530688
BAT-004369,2026-05,19,PLT-06,APAC,FRM-04,PRD-04,Agrochem,0.8142,0.9898,31.81,31.49,31.49,0,550.28,23776.35,36161.71,1,12385.36,197.1689154353977
BAT-004370,2026-05,19,PLT-03,APAC,FRM-02,PRD-02,Polymers,0.6383,0.9658,50.65,48.92,48.92,0,897.02,66420.99,94389.37,1,27968.37999999999,414.35196446199416
BAT-004371,2026-05,19,PLT-02,AMER,FRM-04,PRD-04,Agrochem,0.8317,0.9216,79.32,73.11,73.11,0,550.28,59821.44,81979.92,1,22158.479999999996,203.89851739788207
BAT-004372,2026-05,19,PLT-06,APAC,FRM-06,PRD-06,Coatings,0.8416,0.935,19.83,18.54,18.54,0,1445.01,39604.49,63410.94,1,23806.450000000004,552.1907060010087
BAT-004373,2026-05,19,PLT-03,APAC,FRM-06,PRD-06,Coatings,0.6386,0.8869,12.29,10.9,10.9,0,1445.01,25172.55,37986.53,1,12813.98,603.203995117982
BAT-004374,2026-05,19,PLT-02,AMER,FRM-07,PRD-07,Catalysts,0.8946,0.9529,2.01,1.91,1.91,0,15066.36,41981.43,68492.74,1,26511.310000000005,5819.923582089556
BAT-004375,2026-05,19,PLT-02,AMER,FRM-06,PRD-06,Coatings,0.8278,0.9324,31.44,29.32,29.32,0,1445.01,61432.16,98920.09,1,37487.92999999999,508.9391094147584
BAT-004376,2026-05,19,PLT-06,APAC,FRM-03,PRD-03,Solvents,0.7652,0.995,83.81,83.4,83.4,0,558.8,64279.36,107552.72,1,43273.36,208.16527860637154
BAT-004377,2026-05,19,PLT-03,APAC,FRM-06,PRD-06,Coatings,0.63,0.9374,29.95,28.08,28.08,0,1445.01,62393.1,90223.15,1,27830.049999999996,638.2320701168612
BAT-004378,2026-05,19,PLT-06,APAC,FRM-05,PRD-05,Coatings,0.8808,0.9562,41.5,39.68,39.68,0,1331.21,75030.62,117043.61,1,42012.990000000005,476.7567469879516
BAT-004379,2026-05,19,PLT-05,LATAM,FRM-10,PRD-10,Agrochem,0.85,0.9396,59.15,55.58,55.58,0,582.61,46984.24,69603.48,1,22619.239999999998,211.71358410819948
BAT-004380,2026-05,19,PLT-05,LATAM,FRM-04,PRD-04,Agrochem,0.7688,0.9281,55.73,51.72,51.72,0,550.28,43881.36,61884.34,1,18002.979999999996,237.1120689036427
BAT-004381,2026-05,19,PLT-04,EMEA,FRM-01,PRD-01,Polymers,0.891,0.9565,63.71,60.94,60.94,0,765.41,64984.01,107486.03,1,42502.02,254.58701773661915
BAT-004382,2026-05,19,PLT-04,EMEA,FRM-05,PRD-05,Coatings,0.8987,0.9372,20.39,19.11,19.11,0,1331.21,36677.43,57887.41,1,21209.980000000003,467.58499754781747
BAT-004383,2026-05,19,PLT-03,APAC,FRM-06,PRD-06,Coatings,0.5984,0.9579,27.86,26.69,26.69,0,1445.01,59731.36,90153.15,1,30421.789999999994,698.9727709978463
BAT-004384,2026-05,19,PLT-05,LATAM,FRM-10,PRD-10,Agrochem,0.8209,0.9931,50.69,50.34,50.34,0,582.61,40910.51,62061.13,1,21150.619999999995,224.46259814559096
BAT-004385,2026-05,19,PLT-05,LATAM,FRM-10,PRD-10,Agrochem,0.7924,0.9871,22.56,22.27,22.27,0,582.61,18780.42,28325.3,1,9544.880000000001,249.85542553191488
BAT-004386,2026-05,19,PLT-04,EMEA,FRM-06,PRD-06,Coatings,0.8935,0.9049,25.12,22.73,22.73,0,1445.01,49742.96,78294.56,1,28551.6,535.2033757961783
BAT-004387,2026-05,19,PLT-02,AMER,FRM-11,PRD-11,Polymers,0.8169,0.9394,70.59,66.31,66.31,0,736.36,73490.46,108361.25,1,34870.78999999999,304.7288227794305
BAT-004388,2026-05,19,PLT-03,APAC,FRM-02,PRD-02,Polymers,0.6102,0.9508,18.35,17.45,17.45,0,897.02,23605.55,34633.72,1,11028.170000000002,389.38599455040867
BAT-004389,2026-05,19,PLT-06,APAC,FRM-02,PRD-02,Polymers,0.8364,0.9233,48.89,45.14,45.14,0,897.02,59524.13,89597.99,1,30073.860000000008,320.491352014727
BAT-004390,2026-05,19,PLT-01,EMEA,FRM-05,PRD-05,Coatings,0.9551,0.9299,42.28,39.31,39.31,0,1331.21,74688.96,117066.23,1,42377.26999999999,435.32169347209083
BAT-004391,2026-05,19,PLT-05,LATAM,FRM-05,PRD-05,Coatings,0.8708,0.9222,32.69,30.14,0.0,1,1331.21,57954.43,0.0,1,-57954.43,441.6388834505965
BAT-004392,2026-05,19,PLT-06,APAC,FRM-12,PRD-12,Solvents,0.9039,0.995,26.45,26.31,26.31,0,615.63,21669.99,37124.82,1,15454.829999999998,203.65128544423453
BAT-004393,2026-05,19,PLT-01,EMEA,FRM-06,PRD-06,Coatings,0.8714,0.9422,15.2,14.32,14.32,0,1445.01,29533.56,49879.01,1,20345.45,497.9873684210529
BAT-004394,2026-05,19,PLT-02,AMER,FRM-04,PRD-04,Agrochem,0.8451,0.9645,64.35,62.06,62.06,0,550.28,49932.33,70711.92,1,20779.589999999997,225.66918414918428
BAT-004395,2026-05,19,PLT-06,APAC,FRM-01,PRD-01,Polymers,0.8347,0.9538,39.88,38.04,38.04,0,765.41,42596.01,66255.37,1,23659.359999999993,302.6945636910733
BAT-004396,2026-05,19,PLT-04,EMEA,FRM-11,PRD-11,Polymers,0.8887,0.995,57.22,56.93,56.93,0,736.36,58736.91,90478.06,1,31741.149999999994,290.15013631597355
BAT-004397,2026-05,19,PLT-01,EMEA,FRM-08,PRD-08,Surfactants,0.9114,0.9141,21.11,19.3,19.3,0,1055.68,30612.51,45962.54,1,15350.030000000002,394.46258645191847
BAT-004398,2026-05,19,PLT-06,APAC,FRM-07,PRD-07,Catalysts,0.833,0.8309,1.6,1.33,1.33,0,15066.36,32556.72,45550.24,1,12993.519999999997,5281.59
BAT-004399,2026-05,19,PLT-06,APAC,FRM-02,PRD-02,Polymers,0.7818,0.9915,60.69,60.17,60.17,0,897.02,77614.27,115757.69,1,38143.42,381.8442280441591
BAT-004400,2026-05,19,PLT-03,APAC,FRM-09,PRD-09,Specialty,0.5905,0.8221,25.69,21.12,21.12,0,1625.79,58061.86,55312.5,1,-2749.3600000000006,634.3057571039312
BAT-004401,2026-06,20,PLT-02,AMER,FRM-07,PRD-07,Catalysts,0.8742,0.9568,3.37,3.23,3.23,0,15153.89,71920.63,116898.16,1,44977.53,6187.543234421366
BAT-004402,2026-06,20,PLT-04,EMEA,FRM-07,PRD-07,Catalysts,0.97,0.92,2.06,1.89,1.89,0,15153.89,41290.83,69189.2,1,27898.369999999995,4890.20223300971
BAT-004403,2026-06,20,PLT-02,AMER,FRM-02,PRD-02,Polymers,0.8682,0.9602,43.02,41.31,41.31,0,902.23,54596.32,81830.97,1,27234.65,366.8615853091585
BAT-004404,2026-06,20,PLT-06,APAC,FRM-03,PRD-03,Solvents,0.7784,0.995,47.6,47.36,47.36,0,562.04,36668.3,64770.08,1,28101.78,208.30243697479
BAT-004405,2026-06,20,PLT-05,LATAM,FRM-01,PRD-01,Polymers,0.8212,0.995,41.9,41.69,41.69,0,769.85,43760.16,69634.71,1,25874.550000000003,274.54522673031045
BAT-004406,2026-06,20,PLT-03,APAC,FRM-07,PRD-07,Catalysts,0.6585,0.8971,1.58,1.41,1.41,0,15153.89,33871.17,51303.95,1,17432.78,6283.559367088605
BAT-004407,2026-06,20,PLT-06,APAC,FRM-03,PRD-03,Solvents,0.8728,0.995,78.25,77.86,77.86,0,562.04,59805.85,98694.36,1,38888.51,202.25201277955273
BAT-004408,2026-06,20,PLT-03,APAC,FRM-11,PRD-11,Polymers,0.6346,0.995,57.65,57.36,57.36,0,740.64,63493.69,99144.92,1,35651.229999999996,360.7249609713791
BAT-004409,2026-06,20,PLT-03,APAC,FRM-08,PRD-08,Surfactants,0.6503,0.9836,17.11,16.83,16.83,0,1061.81,26610.93,37577.25,1,10966.32,493.47521332554084
BAT-004410,2026-06,20,PLT-06,APAC,FRM-05,PRD-05,Coatings,0.8061,0.9526,13.47,12.83,12.83,0,1338.94,25513.56,39815.58,1,14302.02,555.1624498886413
BAT-004411,2026-06,20,PLT-06,APAC,FRM-02,PRD-02,Polymers,0.8806,0.995,37.87,37.68,37.68,0,902.23,47834.14,76683.75,1,28849.61,360.88433852653816
BAT-004412,2026-06,20,PLT-01,EMEA,FRM-03,PRD-03,Solvents,0.8292,0.995,81.03,80.63,80.63,0,562.04,62459.3,105976.96,1,43517.66,208.77698136492666
BAT-004413,2026-06,20,PLT-02,AMER,FRM-01,PRD-01,Polymers,0.8267,0.9938,84.05,83.53,83.53,0,769.85,90862.17,138365.46,1,47503.28999999999,311.19901844140384
BAT-004414,2026-06,20,PLT-01,EMEA,FRM-02,PRD-02,Polymers,0.9214,0.995,64.17,63.85,63.85,0,902.23,78284.33,126392.42,1,48108.09,317.72215832943743
BAT-004415,2026-06,20,PLT-02,AMER,FRM-03,PRD-03,Solvents,0.8936,0.995,105.53,105.0,105.0,0,562.04,82905.97,131460.22,1,48554.25,223.5751805173885
BAT-004416,2026-06,20,PLT-01,EMEA,FRM-03,PRD-03,Solvents,0.8302,0.995,71.72,71.36,71.36,0,562.04,55881.97,96209.89,1,40327.92,217.1285722253208
BAT-004417,2026-06,20,PLT-01,EMEA,FRM-08,PRD-08,Surfactants,0.8748,0.977,18.43,18.01,18.01,0,1061.81,26452.9,41369.23,1,14916.330000000002,373.50741725447665
BAT-004418,2026-06,20,PLT-05,LATAM,FRM-10,PRD-10,Agrochem,0.8024,0.995,45.69,45.46,45.46,0,585.99,37525.09,57930.64,1,20405.550000000003,235.30765813088203
BAT-004419,2026-06,20,PLT-01,EMEA,FRM-09,PRD-09,Specialty,0.9094,0.8452,24.61,20.8,0.0,1,1635.23,54321.67,0.0,1,-54321.67,572.0706907761073
BAT-004420,2026-06,20,PLT-06,APAC,FRM-11,PRD-11,Polymers,0.7659,0.995,31.18,31.03,31.03,0,740.64,32451.38,50569.16,1,18117.780000000002,300.13549711353437
BAT-004421,2026-06,20,PLT-06,APAC,FRM-08,PRD-08,Surfactants,0.8557,0.995,20.82,20.72,20.72,0,1061.81,30837.98,48440.42,1,17602.44,419.36098943323736
BAT-004422,2026-06,20,PLT-04,EMEA,FRM-06,PRD-06,Coatings,0.8955,0.995,27.57,27.43,27.43,0,1453.41,53238.65,93636.73,1,40398.079999999994,477.6255458832063
BAT-004423,2026-06,20,PLT-06,APAC,FRM-01,PRD-01,Polymers,0.9036,0.995,43.47,43.25,43.25,0,769.85,45901.84,71682.74,1,25780.90000000001,286.0929491603405
BAT-004424,2026-06,20,PLT-03,APAC,FRM-01,PRD-01,Polymers,0.6,0.9793,28.0,27.42,27.42,0,769.85,32077.51,47177.82,1,15100.310000000001,375.77535714285716
BAT-004425,2026-06,20,PLT-05,LATAM,FRM-04,PRD-04,Agrochem,0.7935,0.9621,68.74,66.13,66.13,0,553.48,51942.79,76889.16,1,24946.370000000003,202.16140238580158
BAT-004426,2026-06,20,PLT-06,APAC,FRM-08,PRD-08,Surfactants,0.8414,0.995,37.61,37.42,37.42,0,1061.81,54156.68,86389.01,1,32232.329999999994,378.1442674820528
BAT-004427,2026-06,20,PLT-06,APAC,FRM-07,PRD-07,Catalysts,0.8062,0.9307,3.3,3.07,3.07,0,15153.89,67550.79,110894.78,1,43343.990000000005,5316.046363636364
BAT-004428,2026-06,20,PLT-01,EMEA,FRM-07,PRD-07,Catalysts,0.8965,0.945,3.52,3.33,3.33,0,15153.89,72084.53,122671.17,1,50586.64,5324.669659090909
BAT-004429,2026-06,20,PLT-01,EMEA,FRM-03,PRD-03,Solvents,0.9585,0.995,89.8,89.35,89.35,0,562.04,65974.88,114399.06,1,48424.17999999999,172.64685968819606
BAT-004430,2026-06,20,PLT-04,EMEA,FRM-11,PRD-11,Polymers,0.852,0.995,49.76,49.51,49.51,0,740.64,50886.09,78646.02,1,27759.930000000008,281.9904260450161
BAT-004431,2026-06,20,PLT-03,APAC,FRM-10,PRD-10,Agrochem,0.6736,0.9078,66.81,60.65,60.65,0,585.99,57485.96,71006.9,1,13520.939999999995,274.4494551713815
BAT-004432,2026-06,20,PLT-02,AMER,FRM-02,PRD-02,Polymers,0.8858,0.971,30.39,29.51,29.51,0,902.23,38227.32,58694.9,1,20467.58,355.66141164856845
BAT-004433,2026-06,20,PLT-02,AMER,FRM-02,PRD-02,Polymers,0.8848,0.995,36.53,36.35,36.35,0,902.23,45097.04,70005.86,1,24908.82,332.29066794415553
BAT-004434,2026-06,20,PLT-06,APAC,FRM-04,PRD-04,Agrochem,0.8646,0.995,56.77,56.48,56.48,0,553.48,42739.21,64819.82,1,22080.61,199.368511537784
BAT-004435,2026-06,20,PLT-06,APAC,FRM-07,PRD-07,Catalysts,0.854,0.9083,2.82,2.56,2.56,0,15153.89,57576.8,91151.61,1,33574.81,5263.41496453901
BAT-004436,2026-06,20,PLT-02,AMER,FRM-09,PRD-09,Specialty,0.8632,0.8702,27.24,23.7,0.0,1,1635.23,59655.19,0.0,1,-59655.19,554.7549486049929
BAT-004437,2026-06,20,PLT-02,AMER,FRM-11,PRD-11,Polymers,0.8831,0.995,64.98,64.66,64.66,0,740.64,64377.32,108428.07,1,44050.75000000001,250.08514619883033
BAT-004438,2026-06,20,PLT-02,AMER,FRM-09,PRD-09,Specialty,0.8342,0.8995,55.22,49.67,0.0,1,1635.23,124025.62,0.0,1,-124025.62,610.7971640709889
BAT-004439,2026-06,20,PLT-04,EMEA,FRM-09,PRD-09,Specialty,0.9336,0.8524,24.99,21.3,21.3,0,1635.23,52701.84,54458.7,1,1756.8600000000006,473.6871668667468
BAT-004440,2026-06,20,PLT-01,EMEA,FRM-09,PRD-09,Specialty,0.8572,0.9494,35.41,33.62,33.62,0,1635.23,74914.26,88601.36,1,13687.100000000006,480.3943998870377
BAT-004441,2026-06,20,PLT-02,AMER,FRM-03,PRD-03,Solvents,0.8665,0.9873,68.14,67.28,67.28,0,562.04,53741.21,86983.1,1,33241.89000000001,226.64814206046378
BAT-004442,2026-06,20,PLT-05,LATAM,FRM-03,PRD-03,Solvents,0.8466,0.995,47.25,47.02,47.02,0,562.04,36454.81,62793.65,1,26338.840000000004,209.49037037037033
BAT-004443,2026-06,20,PLT-03,APAC,FRM-09,PRD-09,Specialty,0.7086,0.8683,29.36,25.5,25.5,0,1635.23,66087.97,68100.69,1,2012.7200000000012,615.7226566757495
BAT-004444,2026-06,20,PLT-05,LATAM,FRM-06,PRD-06,Coatings,0.8258,0.9179,20.03,18.39,18.39,0,1453.41,39282.68,62622.1,1,23339.42,507.78221168247615
BAT-004445,2026-06,20,PLT-01,EMEA,FRM-11,PRD-11,Polymers,0.8564,0.9449,66.52,62.85,62.85,0,740.64,67495.9,105060.34,1,37564.44,274.03077570655444
BAT-004446,2026-06,20,PLT-01,EMEA,FRM-05,PRD-05,Coatings,0.8826,0.9381,37.07,34.78,34.78,0,1338.94,69590.43,99314.69,1,29724.26000000001,538.3308389533313
BAT-004447,2026-06,20,PLT-03,APAC,FRM-08,PRD-08,Surfactants,0.6422,0.9316,22.47,20.93,20.93,0,1061.81,34923.81,45991.43,1,11067.620000000003,492.43165554072107
BAT-004448,2026-06,20,PLT-01,EMEA,FRM-11,PRD-11,Polymers,0.834,0.967,43.92,42.47,42.47,0,740.64,44178.2,72913.04,1,28734.839999999997,265.23887067395253
BAT-004449,2026-06,20,PLT-06,APAC,FRM-10,PRD-10,Agrochem,0.8032,0.995,35.0,34.83,34.83,0,585.99,28290.37,40605.41,1,12315.040000000005,222.30628571428565
BAT-004450,2026-06,20,PLT-05,LATAM,FRM-06,PRD-06,Coatings,0.8515,0.9585,27.47,26.33,26.33,0,1453.41,56334.43,88416.14,1,32081.71,597.351922096833
BAT-004451,2026-06,20,PLT-06,APAC,FRM-08,PRD-08,Surfactants,0.9178,0.995,39.92,39.72,39.72,0,1061.81,58368.12,90145.13,1,31777.010000000002,400.3172545090181
BAT-004452,2026-06,20,PLT-06,APAC,FRM-06,PRD-06,Coatings,0.8256,0.9605,16.58,15.93,15.93,0,1453.41,34267.68,51045.3,1,16777.620000000003,613.3982026537999
BAT-004453,2026-06,20,PLT-01,EMEA,FRM-12,PRD-12,Solvents,0.883,0.9772,35.62,34.81,34.81,0,619.2,29934.01,47864.11,1,17930.100000000002,221.17085906793932
BAT-004454,2026-06,20,PLT-04,EMEA,FRM-06,PRD-06,Coatings,0.8534,0.9617,30.4,29.23,29.23,0,1453.41,60163.86,101344.01,1,41180.149999999994,525.6643421052631
BAT-004455,2026-06,20,PLT-06,APAC,FRM-12,PRD-12,Solvents,0.8669,0.995,46.41,46.18,46.18,0,619.2,40227.56,68187.67,1,27960.11,247.58646843352722
BAT-004456,2026-06,20,PLT-04,EMEA,FRM-09,PRD-09,Specialty,0.9693,0.856,53.5,45.8,45.8,0,1635.23,111093.4,116435.85,1,5342.450000000012,441.28214953271026
BAT-004457,2026-06,20,PLT-01,EMEA,FRM-01,PRD-01,Polymers,0.8774,0.9669,44.29,42.83,42.83,0,769.85,47337.96,76323.57,1,28985.610000000008,298.9682433958004
BAT-004458,2026-06,20,PLT-06,APAC,FRM-04,PRD-04,Agrochem,0.8241,0.9625,45.52,43.82,43.82,0,553.48,34930.17,52397.58,1,17467.410000000003,213.8787434094902
BAT-004459,2026-06,20,PLT-01,EMEA,FRM-01,PRD-01,Polymers,0.8665,0.995,28.41,28.27,0.0,1,769.85,29214.62,0.0,1,-29214.62,258.4717177050335
BAT-004460,2026-06,20,PLT-02,AMER,FRM-12,PRD-12,Solvents,0.9387,0.995,82.37,81.96,81.96,0,619.2,69172.25,121114.87,1,51942.619999999995,220.5747966492654
BAT-004461,2026-06,20,PLT-05,LATAM,FRM-05,PRD-05,Coatings,0.8704,0.995,24.39,24.26,24.26,0,1338.94,43848.17,72846.9,1,28998.729999999996,458.8529479294791
BAT-004462,2026-06,20,PLT-06,APAC,FRM-08,PRD-08,Surfactants,0.8734,0.9946,30.7,30.53,30.53,0,1061.81,43910.69,69487.28,1,25576.589999999997,368.50563517915316
BAT-004463,2026-06,20,PLT-06,APAC,FRM-12,PRD-12,Solvents,0.8844,0.995,48.1,47.86,47.86,0,619.2,40941.65,65210.86,1,24269.21,231.97775467775466
BAT-004464,2026-06,20,PLT-02,AMER,FRM-06,PRD-06,Coatings,0.8942,0.9564,46.06,44.05,44.05,0,1453.41,90792.2,147491.86,1,56699.65999999999,517.7623838471557
BAT-004465,2026-06,20,PLT-03,APAC,FRM-02,PRD-02,Polymers,0.6164,0.9945,56.4,56.09,56.09,0,902.23,73355.73,115067.89,1,41712.16,398.4035106382978
BAT-004466,2026-06,20,PLT-06,APAC,FRM-04,PRD-04,Agrochem,0.8576,0.9606,56.17,53.96,53.96,0,553.48,41711.02,65844.29,1,24133.269999999997,189.10536585365844
BAT-004467,2026-06,20,PLT-06,APAC,FRM-06,PRD-06,Coatings,0.8674,0.995,36.94,36.76,36.76,0,1453.41,72563.96,122183.69,1,49619.729999999996,510.96357877639434
BAT-004468,2026-06,20,PLT-01,EMEA,FRM-07,PRD-07,Catalysts,0.8921,0.8858,2.85,2.52,2.52,0,15153.89,59310.97,91294.74,1,31983.770000000004,5656.976666666666
BAT-004469,2026-06,20,PLT-03,APAC,FRM-12,PRD-12,Solvents,0.5683,0.9724,51.55,50.13,50.13,0,619.2,46491.31,71250.81,1,24759.5,282.66828322017454
BAT-004470,2026-06,20,PLT-01,EMEA,FRM-07,PRD-07,Catalysts,0.8808,0.9009,2.31,2.08,2.08,0,15153.89,47236.76,75717.77,1,28481.010000000002,5294.923852813852
BAT-004471,2026-06,20,PLT-06,APAC,FRM-09,PRD-09,Specialty,0.8839,0.8685,22.22,19.3,19.3,0,1635.23,48330.02,49231.72,1,901.7000000000044,539.838406840684
BAT-004472,2026-06,20,PLT-05,LATAM,FRM-02,PRD-02,Polymers,0.8039,0.995,35.04,34.86,34.86,0,902.23,43478.19,66008.17,1,22529.979999999996,338.5859246575344
BAT-004473,2026-06,20,PLT-04,EMEA,FRM-01,PRD-01,Polymers,0.9062,0.9945,63.73,63.38,63.38,0,769.85,65607.23,109140.78,1,43533.55,259.6059861917464
BAT-004474,2026-06,20,PLT-03,APAC,FRM-07,PRD-07,Catalysts,0.6026,0.8734,1.15,1.0,1.0,0,15153.89,25349.66,35551.63,1,10201.969999999998,6889.292608695654
BAT-004475,2026-06,20,PLT-05,LATAM,FRM-08,PRD-08,Surfactants,0.8276,0.995,17.86,17.77,17.77,0,1061.81,26014.77,39763.54,1,13748.77,394.78406494960814
BAT-004476,2026-06,20,PLT-06,APAC,FRM-05,PRD-05,Coatings,0.8785,0.9641,14.09,13.58,13.58,0,1338.94,25829.47,41767.65,1,15938.18,494.23743080198733
BAT-004477,2026-06,20,PLT-06,APAC,FRM-10,PRD-10,Agrochem,0.8483,0.979,87.95,86.1,86.1,0,585.99,73161.0,100694.96,1,27533.960000000006,245.857640704946
BAT-004478,2026-06,20,PLT-05,LATAM,FRM-05,PRD-05,Coatings,0.8526,0.9732,22.42,21.82,21.82,0,1338.94,41969.45,63227.82,1,21258.370000000003,533.0247636039248
BAT-004479,2026-06,20,PLT-05,LATAM,FRM-03,PRD-03,Solvents,0.8353,0.995,27.81,27.67,27.67,0,562.04,22121.96,34844.61,1,12722.650000000001,233.42781733189508
BAT-004480,2026-06,20,PLT-05,LATAM,FRM-11,PRD-11,Polymers,0.7786,0.995,21.73,21.62,21.62,0,740.64,22963.93,35028.6,1,12064.669999999998,316.14462954440876
BAT-004481,2026-06,20,PLT-05,LATAM,FRM-09,PRD-09,Specialty,0.8223,0.8841,14.87,13.15,13.15,0,1635.23,32594.55,32887.89,1,293.34000000000015,556.7370477471418
BAT-004482,2026-06,20,PLT-06,APAC,FRM-12,PRD-12,Solvents,0.8274,0.995,51.57,51.31,51.31,0,619.2,44589.57,74865.93,1,30276.359999999993,245.44165212332746
BAT-004483,2026-06,20,PLT-05,LATAM,FRM-12,PRD-12,Solvents,0.8868,0.995,59.75,59.45,59.45,0,619.2,50168.49,82514.05,1,32345.560000000005,220.43999999999994
BAT-004484,2026-06,20,PLT-01,EMEA,FRM-11,PRD-11,Polymers,0.9043,0.9841,64.34,63.32,63.32,0,740.64,64690.7,108997.71,1,44307.01000000001,264.81073049424924
BAT-004485,2026-06,20,PLT-06,APAC,FRM-03,PRD-03,Solvents,0.8718,0.985,37.81,37.25,37.25,0,562.04,28384.87,48778.9,1,20394.030000000002,188.68388257074844
BAT-004486,2026-06,20,PLT-03,APAC,FRM-04,PRD-04,Agrochem,0.6232,0.9496,49.14,46.67,46.67,0,553.48,39824.83,54898.2,1,15073.369999999995,256.95610093610094
BAT-004487,2026-06,20,PLT-05,LATAM,FRM-07,PRD-07,Catalysts,0.8974,0.9554,1.2,1.15,1.15,0,15153.89,24502.79,42522.31,1,18019.519999999997,5265.101666666669
BAT-004488,2026-06,20,PLT-01,EMEA,FRM-02,PRD-02,Polymers,0.8933,0.9888,61.32,60.63,60.63,0,902.23,76749.54,117047.06,1,40297.520000000004,349.39328767123266
BAT-004489,2026-06,20,PLT-04,EMEA,FRM-04,PRD-04,Agrochem,0.97,0.9844,81.22,79.95,79.95,0,553.48,60909.16,91987.17,1,31078.009999999995,196.4480965279488
BAT-004490,2026-06,20,PLT-05,LATAM,FRM-09,PRD-09,Specialty,0.8282,0.8787,31.13,27.35,27.35,0,1635.23,69720.35,70767.72,1,1047.3699999999953,604.4214616125928
BAT-004491,2026-06,20,PLT-05,LATAM,FRM-11,PRD-11,Polymers,0.7627,0.9946,44.36,44.12,44.12,0,740.64,46581.49,73563.6,1,26982.110000000008,309.4386744815148
BAT-004492,2026-06,20,PLT-02,AMER,FRM-02,PRD-02,Polymers,0.871,0.9653,77.6,74.91,74.91,0,902.23,94324.26,146184.49,1,51860.229999999996,313.28881443298974
BAT-004493,2026-06,20,PLT-06,APAC,FRM-11,PRD-11,Polymers,0.8385,0.995,52.82,52.56,52.56,0,740.64,54617.25,88847.23,1,34229.979999999996,293.3859371450209
BAT-004494,2026-06,20,PLT-01,EMEA,FRM-10,PRD-10,Agrochem,0.8277,0.9707,38.57,37.44,37.44,0,585.99,31246.79,46921.42,1,15674.629999999997,224.1419678506611
BAT-004495,2026-06,20,PLT-03,APAC,FRM-06,PRD-06,Coatings,0.6849,0.8574,32.15,27.56,27.56,0,1453.41,67022.44,96167.12,1,29144.679999999993,631.2693157076208
BAT-004496,2026-06,20,PLT-03,APAC,FRM-11,PRD-11,Polymers,0.6825,0.9305,39.74,36.98,36.98,0,740.64,42485.79,62155.2,1,19669.409999999996,328.4538600905888
BAT-004497,2026-06,20,PLT-01,EMEA,FRM-08,PRD-08,Surfactants,0.8413,0.971,40.57,39.39,39.39,0,1061.81,58085.8,90346.43,1,32260.62999999999,369.9326669953168
BAT-004498,2026-06,20,PLT-01,EMEA,FRM-06,PRD-06,Coatings,0.8595,0.995,22.48,22.36,22.36,0,1453.41,45324.34,74826.9,1,29502.559999999998,562.7972953736653
BAT-004499,2026-06,20,PLT-04,EMEA,FRM-08,PRD-08,Surfactants,0.9319,0.9519,49.7,47.31,47.31,0,1061.81,70418.7,110738.37,1,40319.67,355.0652515090542
BAT-004500,2026-06,20,PLT-03,APAC,FRM-10,PRD-10,Agrochem,0.6404,0.9098,30.59,27.83,0.0,1,585.99,26305.62,0.0,1,-26305.62,273.9518110493625
BAT-004501,2026-06,20,PLT-04,EMEA,FRM-01,PRD-01,Polymers,0.8975,0.995,52.93,52.67,52.67,0,769.85,55881.3,93068.1,1,37186.8,285.9085490270169
BAT-004502,2026-06,20,PLT-06,APAC,FRM-01,PRD-01,Polymers,0.8752,0.995,65.12,64.79,64.79,0,769.85,66900.06,117930.72,1,51030.66,257.4850737100736
BAT-004503,2026-06,20,PLT-06,APAC,FRM-05,PRD-05,Coatings,0.8702,0.9563,21.02,20.1,0.0,1,1338.94,37981.97,0.0,1,-37981.97,468.0043387250239
BAT-004504,2026-06,20,PLT-06,APAC,FRM-12,PRD-12,Solvents,0.8646,0.995,50.23,49.98,49.98,0,619.2,41659.72,70636.48,1,28976.759999999995,210.17925542504486
BAT-004505,2026-06,20,PLT-03,APAC,FRM-04,PRD-04,Agrochem,0.6589,0.963,64.7,62.31,0.0,1,553.48,52847.63,0.0,1,-52847.63,263.33035548686235
BAT-004506,2026-06,20,PLT-01,EMEA,FRM-10,PRD-10,Agrochem,0.8964,0.995,89.6,89.15,89.15,0,585.99,69389.95,113729.28,1,44339.33,188.45140625
BAT-004507,2026-06,20,PLT-05,LATAM,FRM-01,PRD-01,Polymers,0.86,0.995,54.25,53.98,53.98,0,769.85,57652.5,91476.18,1,33823.67999999999,292.86889400921666
BAT-004508,2026-06,20,PLT-04,EMEA,FRM-05,PRD-05,Coatings,0.9001,0.9407,20.74,19.51,19.51,0,1338.94,38500.32,55813.86,1,17313.54,517.3917261330762
BAT-004509,2026-06,20,PLT-03,APAC,FRM-12,PRD-12,Solvents,0.6414,0.995,73.68,73.32,0.0,1,619.2,66137.51,0.0,1,-66137.51,278.4317861020628
BAT-004510,2026-06,20,PLT-02,AMER,FRM-10,PRD-10,Agrochem,0.9319,0.9321,37.79,35.23,35.23,0,585.99,30462.72,42172.45,1,11709.729999999996,220.11531886742523
BAT-004511,2026-06,20,PLT-04,EMEA,FRM-03,PRD-03,Solvents,0.8954,0.995,97.3,96.82,96.82,0,562.04,72704.77,132675.67,1,59970.90000000001,185.18271325796513
BAT-004512,2026-06,20,PLT-05,LATAM,FRM-07,PRD-07,Catalysts,0.8507,0.9611,2.02,1.94,1.94,0,15153.89,42358.68,73140.36,1,30781.68,5815.753564356437
BAT-004513,2026-06,20,PLT-04,EMEA,FRM-08,PRD-08,Surfactants,0.9356,0.995,27.44,27.3,27.3,0,1061.81,39591.38,64794.26,1,25202.880000000005,381.02454810495624
BAT-004514,2026-06,20,PLT-03,APAC,FRM-08,PRD-08,Surfactants,0.6469,0.9331,29.6,27.62,27.62,0,1061.81,45018.95,63547.9,1,18528.950000000004,459.10047297297297
BAT-004515,2026-06,20,PLT-01,EMEA,FRM-04,PRD-04,Agrochem,0.9,0.9733,61.8,60.15,60.15,0,553.48,47391.34,68438.26,1,21046.92,213.37016181229774
BAT-004516,2026-06,20,PLT-02,AMER,FRM-01,PRD-01,Polymers,0.8612,0.995,90.71,90.25,90.25,0,769.85,94705.77,162541.97,1,67836.2,274.19993936721437
BAT-004517,2026-06,20,PLT-06,APAC,FRM-04,PRD-04,Agrochem,0.9108,0.9389,62.51,58.69,58.69,0,553.48,45951.27,70980.36,1,25029.090000000004,181.6227035674292
BAT-004518,2026-06,20,PLT-04,EMEA,FRM-05,PRD-05,Coatings,0.8839,0.9192,45.63,41.94,41.94,0,1338.94,84715.95,130758.35,1,46042.40000000001,517.6444838921759
BAT-004519,2026-06,20,PLT-02,AMER,FRM-09,PRD-09,Specialty,0.8385,0.9458,60.59,57.3,57.3,0,1635.23,133463.21,147075.69,1,13612.48000000001,567.4966875722062
BAT-004520,2026-06,20,PLT-03,APAC,FRM-10,PRD-10,Agrochem,0.6527,0.9564,52.77,50.47,50.47,0,585.99,44284.85,59119.37,1,14834.520000000004,253.2150407428462
BAT-004521,2026-06,20,PLT-04,EMEA,FRM-04,PRD-04,Agrochem,0.8915,0.955,71.11,67.91,67.91,0,553.48,53168.69,81165.12,1,27996.429999999993,194.2163858810294
BAT-004522,2026-06,20,PLT-02,AMER,FRM-04,PRD-04,Agrochem,0.8799,0.8967,105.75,94.83,94.83,0,553.48,81506.33,109993.56,1,28487.229999999996,217.26543735224584
BAT-004523,2026-06,20,PLT-01,EMEA,FRM-12,PRD-12,Solvents,0.97,0.9825,46.77,45.95,45.95,0,619.2,38262.18,65881.74,1,27619.560000000005,198.8923669018601
BAT-004524,2026-06,20,PLT-04,EMEA,FRM-06,PRD-06,Coatings,0.8798,0.9359,21.21,19.85,19.85,0,1453.41,41654.74,65884.81,1,24230.07,510.5098491277697
BAT-004525,2026-06,20,PLT-02,AMER,FRM-10,PRD-10,Agrochem,0.8449,0.995,101.89,101.38,101.38,0,585.99,82769.87,123262.58,1,40492.71000000001,226.3553724604966
BAT-004526,2026-06,20,PLT-05,LATAM,FRM-04,PRD-04,Agrochem,0.8049,0.9368,34.85,32.65,32.65,0,553.48,27249.13,38761.64,1,11512.509999999998,228.41756097560972
BAT-004527,2026-06,20,PLT-04,EMEA,FRM-11,PRD-11,Polymers,0.8926,0.948,79.59,75.45,75.45,0,740.64,82601.37,118625.57,1,36024.20000000001,297.19603467772333
BAT-004528,2026-06,20,PLT-03,APAC,FRM-03,PRD-03,Solvents,0.6529,0.995,66.59,66.26,0.0,1,562.04,53302.64,0.0,1,-53302.64,238.4201291485208
BAT-004529,2026-06,20,PLT-02,AMER,FRM-01,PRD-01,Polymers,0.8541,0.995,84.82,84.4,84.4,0,769.85,92318.92,152540.61,1,60221.68999999999,318.5598090073096
BAT-004530,2026-06,20,PLT-02,AMER,FRM-01,PRD-01,Polymers,0.7749,0.995,93.41,92.94,92.94,0,769.85,103241.67,158076.48,1,54834.81000000001,335.4028637190878
BAT-004531,2026-06,20,PLT-06,APAC,FRM-10,PRD-10,Agrochem,0.8244,0.995,29.43,29.28,29.28,0,585.99,23810.43,37343.34,1,13532.909999999996,223.06300713557596
BAT-004532,2026-06,20,PLT-05,LATAM,FRM-11,PRD-11,Polymers,0.8206,0.9879,33.2,32.79,32.79,0,740.64,35104.79,51894.15,1,16789.36,316.7331927710842
BAT-004533,2026-06,20,PLT-06,APAC,FRM-04,PRD-04,Agrochem,0.8225,0.9872,43.23,42.67,42.67,0,553.48,32227.12,48662.32,1,16435.2,192.00045338885036
BAT-004534,2026-06,20,PLT-02,AMER,FRM-07,PRD-07,Catalysts,0.8317,0.91,2.08,1.9,1.9,0,15153.89,44242.29,68281.04,1,24038.749999999993,6116.441730769231
BAT-004535,2026-06,20,PLT-03,APAC,FRM-12,PRD-12,Solvents,0.6337,0.9506,37.94,36.07,36.07,0,619.2,33800.63,48887.74,1,15087.11,271.6969425408539
BAT-004536,2026-06,20,PLT-01,EMEA,FRM-02,PRD-02,Polymers,0.8959,0.995,38.69,38.5,38.5,0,902.23,46704.89,79566.51,1,32861.619999999995,304.92662962005693
BAT-004537,2026-06,20,PLT-04,EMEA,FRM-08,PRD-08,Surfactants,0.8956,0.995,57.78,57.49,57.49,0,1061.81,81572.06,128017.37,1,46445.31,349.95981654551747
BAT-004538,2026-06,20,PLT-04,EMEA,FRM-02,PRD-02,Polymers,0.906,0.9886,24.96,24.68,24.68,0,902.23,29835.27,49351.59,1,19516.319999999996,293.09331730769236
BAT-004539,2026-06,20,PLT-04,EMEA,FRM-03,PRD-03,Solvents,0.8922,0.995,78.65,78.26,78.26,0,562.04,59368.33,108180.91,1,48812.58,192.80208518753977
BAT-004540,2026-06,20,PLT-03,APAC,FRM-12,PRD-12,Solvents,0.6179,0.976,70.44,68.75,68.75,0,619.2,62027.01,95624.79,1,33597.77999999999,261.36516183986373
BAT-004541,2026-06,20,PLT-01,EMEA,FRM-06,PRD-06,Coatings,0.888,0.959,27.02,25.91,25.91,0,1453.41,52690.58,82750.0,1,30059.42,496.64847520355283
BAT-004542,2026-06,20,PLT-01,EMEA,FRM-12,PRD-12,Solvents,0.8366,0.995,44.27,44.05,44.05,0,619.2,37003.55,60142.24,1,23138.689999999995,216.6606279647616
BAT-004543,2026-06,20,PLT-02,AMER,FRM-04,PRD-04,Agrochem,0.7812,0.995,60.96,60.65,60.65,0,553.48,47839.03,74337.23,1,26498.199999999997,231.28099081364826
BAT-004544,2026-06,20,PLT-05,LATAM,FRM-12,PRD-12,Solvents,0.8315,0.985,56.47,55.63,55.63,0,619.2,48902.81,81908.67,1,33005.86,246.79628121126257
BAT-004545,2026-06,20,PLT-01,EMEA,FRM-02,PRD-02,Polymers,0.9128,0.9829,57.0,56.02,56.02,0,902.23,69781.97,106814.99,1,37033.020000000004,322.0150877192982
BAT-004546,2026-06,20,PLT-03,APAC,FRM-10,PRD-10,Agrochem,0.6104,0.995,45.2,44.98,44.98,0,585.99,39722.73,57389.59,1,17666.859999999993,292.8314601769912
BAT-004547,2026-06,20,PLT-04,EMEA,FRM-11,PRD-11,Polymers,0.97,0.9877,68.58,67.74,67.74,0,740.64,68702.28,109678.84,1,40976.56,261.14302712160986
BAT-004548,2026-06,20,PLT-02,AMER,FRM-03,PRD-03,Solvents,0.9105,0.995,116.31,115.73,115.73,0,562.04,89794.47,149671.25,1,59876.78,209.98708279597633
BAT-004549,2026-06,20,PLT-02,AMER,FRM-10,PRD-10,Agrochem,0.8755,0.995,112.31,111.75,0.0,1,585.99,88143.82,0.0,1,-88143.82,198.836106312884
BAT-004550,2026-06,20,PLT-02,AMER,FRM-05,PRD-05,Coatings,0.8887,0.9763,27.22,26.57,26.57,0,1338.94,50336.28,75753.52,1,25417.240000000005,510.29879500367383
BAT-004551,2026-06,20,PLT-03,APAC,FRM-05,PRD-05,Coatings,0.6716,0.9374,13.41,12.57,12.57,0,1338.94,26597.01,38578.11,1,11981.100000000002,644.4313646532437
BAT-004552,2026-06,20,PLT-06,APAC,FRM-02,PRD-02,Polymers,0.9164,0.9502,35.71,33.94,33.94,0,902.23,42620.22,66928.24,1,24308.020000000004,291.279381125735
BAT-004553,2026-06,20,PLT-06,APAC,FRM-12,PRD-12,Solvents,0.8515,0.995,64.97,64.64,64.64,0,619.2,54805.49,89776.57,1,34971.08000000001,224.3507157149453
BAT-004554,2026-06,20,PLT-03,APAC,FRM-08,PRD-08,Surfactants,0.6487,0.9858,35.22,34.72,34.72,0,1061.81,53244.86,80511.2,1,27266.339999999997,449.96910278251016
BAT-004555,2026-06,20,PLT-01,EMEA,FRM-03,PRD-03,Solvents,0.8426,0.995,51.49,51.24,51.24,0,562.04,39930.18,65270.73,1,25340.550000000003,213.45388230724416
BAT-004556,2026-06,20,PLT-02,AMER,FRM-12,PRD-12,Solvents,0.8797,0.9942,108.2,107.57,107.57,0,619.2,88858.6,160544.57,1,71685.97,202.04399260628463
BAT-004557,2026-06,20,PLT-05,LATAM,FRM-11,PRD-11,Polymers,0.864,0.989,39.65,39.21,39.21,0,740.64,41343.34,61530.92,1,20187.58,302.0671878940731
BAT-004558,2026-06,20,PLT-01,EMEA,FRM-04,PRD-04,Agrochem,0.8356,0.995,93.14,92.68,92.68,0,553.48,72164.74,106352.24,1,34187.5,221.31858277861284
BAT-004559,2026-06,20,PLT-05,LATAM,FRM-02,PRD-02,Polymers,0.8022,0.969,17.44,16.9,16.9,0,902.23,21522.82,33601.57,1,12078.75,331.8766513761466
BAT-004560,2026-06,20,PLT-04,EMEA,FRM-08,PRD-08,Surfactants,0.9288,0.9927,31.75,31.52,31.52,0,1061.81,46585.74,70849.84,1,24264.1,405.45740157480304
BAT-004561,2026-06,20,PLT-06,APAC,FRM-11,PRD-11,Polymers,0.8238,0.995,50.25,50.0,0.0,1,740.64,50111.87,0.0,1,-50111.87,256.61114427860707
BAT-004562,2026-06,20,PLT-04,EMEA,FRM-01,PRD-01,Polymers,0.9459,0.995,82.42,82.0,82.0,0,769.85,83952.78,139393.12,1,55440.34,248.74718514923552
BAT-004563,2026-06,20,PLT-06,APAC,FRM-03,PRD-03,Solvents,0.8032,0.995,37.18,37.0,37.0,0,562.04,29803.79,46734.22,1,16930.43,239.56812264658424
BAT-004564,2026-06,20,PLT-02,AMER,FRM-06,PRD-06,Coatings,0.8723,0.9508,25.58,24.32,24.32,0,1453.41,51642.51,85123.73,1,33481.219999999994,565.4527834245505
BAT-004565,2026-06,20,PLT-04,EMEA,FRM-08,PRD-08,Surfactants,0.8806,0.995,24.46,24.34,24.34,0,1061.81,35669.82,53043.14,1,17373.32,396.48190515126726
BAT-004566,2026-06,20,PLT-02,AMER,FRM-07,PRD-07,Catalysts,0.8888,0.9425,2.4,2.26,2.26,0,15153.89,49491.02,82385.6,1,32894.58000000001,5467.368333333332
BAT-004567,2026-06,20,PLT-02,AMER,FRM-05,PRD-05,Coatings,0.8029,0.9707,49.23,47.79,47.79,0,1338.94,92093.5,143081.7,1,50988.20000000001,531.7384481007516
BAT-004568,2026-06,20,PLT-05,LATAM,FRM-04,PRD-04,Agrochem,0.858,0.9532,63.32,60.35,60.35,0,553.48,47968.71,69644.99,1,21676.280000000006,204.08017056222354
BAT-004569,2026-06,20,PLT-02,AMER,FRM-11,PRD-11,Polymers,0.8731,0.995,59.1,58.8,58.8,0,740.64,59870.98,100807.46,1,40936.48,272.4053468697124
BAT-004570,2026-06,20,PLT-01,EMEA,FRM-03,PRD-03,Solvents,0.8868,0.995,84.54,84.11,84.11,0,562.04,66398.04,110862.99,1,44464.95000000001,223.36383250532288
BAT-004571,2026-06,20,PLT-01,EMEA,FRM-11,PRD-11,Polymers,0.8957,0.9492,74.13,70.36,70.36,0,740.64,72808.68,117845.5,1,45036.82000000001,241.53563739376773
BAT-004572,2026-06,20,PLT-01,EMEA,FRM-01,PRD-01,Polymers,0.8976,0.9604,24.01,23.06,23.06,0,769.85,25820.81,39852.49,1,14031.679999999997,305.5689920866306
BAT-004573,2026-06,20,PLT-01,EMEA,FRM-04,PRD-04,Agrochem,0.8522,0.9719,31.23,30.36,30.36,0,553.48,23557.87,36656.23,1,13098.360000000004,200.85461415305792
BAT-004574,2026-06,20,PLT-05,LATAM,FRM-08,PRD-08,Surfactants,0.857,0.995,40.07,39.87,39.87,0,1061.81,59614.16,94796.94,1,35182.78,425.94043673571264
BAT-004575,2026-06,20,PLT-04,EMEA,FRM-05,PRD-05,Coatings,0.8313,0.9256,37.52,34.73,34.73,0,1338.94,70500.51,99393.77,1,28893.26000000001,540.0714605543706
BAT-004576,2026-06,20,PLT-04,EMEA,FRM-12,PRD-12,Solvents,0.9521,0.995,50.98,50.72,50.72,0,619.2,41828.94,70845.19,1,29016.25,201.29705766967447
BAT-004577,2026-06,20,PLT-05,LATAM,FRM-03,PRD-03,Solvents,0.8494,0.995,61.13,60.82,60.82,0,562.04,47147.81,77505.95,1,30358.14,209.23122525764757
BAT-004578,2026-06,20,PLT-05,LATAM,FRM-06,PRD-06,Coatings,0.8016,0.9565,24.86,23.78,23.78,0,1453.41,49661.76,80808.31,1,31146.549999999996,544.247280772325
BAT-004579,2026-06,20,PLT-05,LATAM,FRM-07,PRD-07,Catalysts,0.8083,0.9463,2.03,1.92,1.92,0,15153.89,42002.96,69051.81,1,27048.85,5537.223300492613
BAT-004580,2026-06,20,PLT-01,EMEA,FRM-12,PRD-12,Solvents,0.8783,0.995,31.88,31.72,31.72,0,619.2,27779.72,45113.22,1,17333.5,252.18393977415315
BAT-004581,2026-06,20,PLT-02,AMER,FRM-08,PRD-08,Surfactants,0.9442,0.9901,53.54,53.01,53.01,0,1061.81,77041.3,126169.55,1,49128.25,377.138449757191
BAT-004582,2026-06,20,PLT-01,EMEA,FRM-07,PRD-07,Catalysts,0.8757,0.9067,1.59,1.44,1.44,0,15153.89,33824.33,51664.55,1,17840.22,6119.27352201258
BAT-004583,2026-06,20,PLT-03,APAC,FRM-04,PRD-04,Agrochem,0.6967,0.9543,31.21,29.79,29.79,0,553.48,24151.79,33313.33,1,9161.54,220.36780519064405
BAT-004584,2026-06,20,PLT-04,EMEA,FRM-10,PRD-10,Agrochem,0.8627,0.995,50.19,49.94,49.94,0,585.99,40449.93,63562.12,1,23112.190000000002,219.94604303646145
BAT-004585,2026-06,20,PLT-05,LATAM,FRM-10,PRD-10,Agrochem,0.7761,0.995,24.36,24.24,24.24,0,585.99,19629.2,30389.28,1,10760.079999999998,219.8063875205255
BAT-004586,2026-06,20,PLT-05,LATAM,FRM-02,PRD-02,Polymers,0.8442,0.995,21.62,21.51,21.51,0,902.23,26629.04,42404.09,1,15775.049999999996,329.45547641073085
BAT-004587,2026-06,20,PLT-01,EMEA,FRM-05,PRD-05,Coatings,0.9245,0.9202,24.54,22.59,22.59,0,1338.94,43072.91,65115.98,1,22043.07,416.2723064384679
BAT-004588,2026-06,20,PLT-06,APAC,FRM-04,PRD-04,Agrochem,0.8042,0.995,56.6,56.32,56.32,0,553.48,44081.53,65299.34,1,21217.809999999998,225.34561837455828
BAT-004589,2026-06,20,PLT-06,APAC,FRM-12,PRD-12,Solvents,0.8095,0.995,46.29,46.06,46.06,0,619.2,40285.67,63139.11,1,22853.440000000002,251.08883128105413
BAT-004590,2026-06,20,PLT-04,EMEA,FRM-12,PRD-12,Solvents,0.8667,0.9936,31.33,31.13,31.13,0,619.2,26810.49,45581.23,1,18770.74,236.54497286945423
BAT-004591,2026-06,20,PLT-02,AMER,FRM-09,PRD-09,Specialty,0.868,0.8976,38.12,34.22,34.22,0,1635.23,83304.75,92251.97,1,8947.220000000001,550.099223504722
BAT-004592,2026-06,20,PLT-06,APAC,FRM-02,PRD-02,Polymers,0.876,0.9185,61.9,56.85,56.85,0,902.23,75567.43,109344.8,1,33777.37000000001,318.56854604200316
BAT-004593,2026-06,20,PLT-02,AMER,FRM-10,PRD-10,Agrochem,0.8954,0.9396,86.03,80.83,80.83,0,585.99,69050.88,97355.33,1,28304.449999999997,216.6472195745671
BAT-004594,2026-06,20,PLT-03,APAC,FRM-12,PRD-12,Solvents,0.6341,0.934,79.9,74.63,74.63,0,619.2,71032.19,110792.37,1,39760.17999999999,269.8136420525657
BAT-004595,2026-06,20,PLT-06,APAC,FRM-09,PRD-09,Specialty,0.8407,0.8903,24.73,22.01,22.01,0,1635.23,55446.29,55490.7,1,44.40999999999622,606.835911847958
BAT-004596,2026-06,20,PLT-03,APAC,FRM-06,PRD-06,Coatings,0.6332,0.922,22.87,21.08,21.08,0,1453.41,47232.01,72954.05,1,25722.04,611.8287407083515
BAT-004597,2026-06,20,PLT-01,EMEA,FRM-11,PRD-11,Polymers,0.8098,0.995,46.31,46.08,46.08,0,740.64,48035.59,72625.92,1,24590.33,296.62171453249823
BAT-004598,2026-06,20,PLT-04,EMEA,FRM-03,PRD-03,Solvents,0.9439,0.995,102.11,101.6,101.6,0,562.04,79260.08,135940.89,1,56680.81000000001,214.18250514151407
BAT-004599,2026-06,20,PLT-05,LATAM,FRM-05,PRD-05,Coatings,0.8027,0.9539,18.76,17.89,17.89,0,1338.94,35966.42,53946.16,1,17979.740000000005,578.2465671641787
BAT-004600,2026-06,20,PLT-04,EMEA,FRM-04,PRD-04,Agrochem,0.8635,0.9673,83.95,81.21,81.21,0,553.48,65544.86,100066.74,1,34521.880000000005,227.2806908874329
BAT-004601,2026-06,20,PLT-03,APAC,FRM-11,PRD-11,Polymers,0.5966,0.9663,26.97,26.06,26.06,0,740.64,29835.7,42025.27,1,12189.569999999996,365.615098257323
BAT-004602,2026-06,20,PLT-05,LATAM,FRM-06,PRD-06,Coatings,0.8077,0.9645,27.69,26.71,26.71,0,1453.41,56772.1,92926.19,1,36154.090000000004,596.8644673167207
BAT-004603,2026-06,20,PLT-04,EMEA,FRM-09,PRD-09,Specialty,0.8455,0.8687,27.9,24.23,24.23,0,1635.23,59478.68,64748.88,1,5270.199999999997,496.6223297491042
BAT-004604,2026-06,20,PLT-06,APAC,FRM-09,PRD-09,Specialty,0.8399,0.8959,29.77,26.67,26.67,0,1635.23,64313.75,65693.2,1,1379.449999999997,525.1243836076587
BAT-004605,2026-06,20,PLT-04,EMEA,FRM-03,PRD-03,Solvents,0.8893,0.995,72.12,71.76,71.76,0,562.04,54468.36,92520.14,1,38051.78,193.20625623960063
BAT-004606,2026-06,20,PLT-03,APAC,FRM-06,PRD-06,Coatings,0.6645,0.8773,27.76,24.36,24.36,0,1453.41,60021.55,82157.8,1,22136.25,708.7495821325649
BAT-004607,2026-06,20,PLT-02,AMER,FRM-03,PRD-03,Solvents,0.8676,0.995,60.23,59.93,59.93,0,562.04,47070.37,76610.53,1,29540.159999999996,219.47037688859382
BAT-004608,2026-06,20,PLT-04,EMEA,FRM-05,PRD-05,Coatings,0.8463,0.9464,40.57,38.4,38.4,0,1338.94,74382.27,109832.2,1,35449.92999999999,494.4903672664532
BAT-004609,2026-06,20,PLT-04,EMEA,FRM-06,PRD-06,Coatings,0.9128,0.9554,29.21,27.9,27.9,0,1453.41,58016.38,89063.77,1,31047.390000000007,532.7721294077369
BAT-004610,2026-06,20,PLT-05,LATAM,FRM-08,PRD-08,Surfactants,0.8329,0.9394,13.91,13.06,13.06,0,1061.81,19968.06,28826.94,1,8858.879999999997,373.7083321351547
BAT-004611,2026-06,20,PLT-03,APAC,FRM-07,PRD-07,Catalysts,0.6289,0.9452,1.48,1.4,1.4,0,15153.89,33017.78,50896.2,1,17878.42,7155.4208108108105
BAT-004612,2026-06,20,PLT-06,APAC,FRM-04,PRD-04,Agrochem,0.8696,0.9571,57.04,54.59,54.59,0,553.48,43353.33,64994.6,1,21641.269999999997,206.57136746143055
BAT-004613,2026-06,20,PLT-04,EMEA,FRM-02,PRD-02,Polymers,0.97,0.9787,47.36,46.35,46.35,0,902.23,57293.68,95763.5,1,38469.82,307.5183108108108
BAT-004614,2026-06,20,PLT-05,LATAM,FRM-03,PRD-03,Solvents,0.8127,0.995,25.04,24.92,24.92,0,562.04,19259.56,31568.75,1,12309.189999999999,207.11175718849847
BAT-004615,2026-06,20,PLT-01,EMEA,FRM-07,PRD-07,Catalysts,0.7935,0.9463,1.4,1.32,1.32,0,15153.89,29749.97,47566.03,1,17816.059999999998,6096.088571428576
BAT-004616,2026-06,20,PLT-01,EMEA,FRM-06,PRD-06,Coatings,0.8576,0.9782,11.76,11.5,11.5,0,1453.41,23140.04,40113.94,1,16973.9,514.2804761904763
BAT-004617,2026-06,20,PLT-02,AMER,FRM-05,PRD-05,Coatings,0.8912,0.972,42.05,40.87,40.87,0,1338.94,76739.03,117989.01,1,41249.979999999996,486.00720570749104
BAT-004618,2026-06,20,PLT-02,AMER,FRM-10,PRD-10,Agrochem,0.8539,0.9557,109.07,104.24,104.24,0,585.99,88926.99,125993.79,1,37066.79999999999,229.3303447327405
BAT-004619,2026-06,20,PLT-03,APAC,FRM-08,PRD-08,Surfactants,0.6569,0.9507,37.29,35.45,35.45,0,1061.81,56548.22,82788.92,1,26240.699999999997,454.6346232233843
BAT-004620,2026-06,20,PLT-05,LATAM,FRM-07,PRD-07,Catalysts,0.8057,0.9399,1.95,1.83,1.83,0,15153.89,40608.06,64451.5,1,23843.440000000002,5670.756153846152
BAT-004621,2026-07,21,PLT-04,EMEA,FRM-10,PRD-10,Agrochem,0.8443,0.952,40.01,38.1,38.1,0,589.48,33374.88,48186.31,1,14811.43,244.68345913521614
BAT-004622,2026-07,21,PLT-04,EMEA,FRM-03,PRD-03,Solvents,0.9643,0.995,45.77,45.54,45.54,0,565.39,34042.31,58601.11,1,24558.800000000003,178.37906270482836
BAT-004623,2026-07,21,PLT-03,APAC,FRM-01,PRD-01,Polymers,0.5993,0.9372,31.55,29.56,29.56,0,774.44,36737.23,50538.54,1,13801.309999999998,389.97299524564187
BAT-004624,2026-07,21,PLT-06,APAC,FRM-08,PRD-08,Surfactants,0.839,0.9674,19.86,19.21,19.21,0,1068.14,28805.87,42847.15,1,14041.280000000002,382.30662638469266
BAT-004625,2026-07,21,PLT-01,EMEA,FRM-12,PRD-12,Solvents,0.8708,0.995,40.3,40.1,40.1,0,622.89,34145.16,55370.29,1,21225.129999999997,224.3844416873451
BAT-004626,2026-07,21,PLT-05,LATAM,FRM-11,PRD-11,Polymers,0.7956,0.995,37.28,37.1,37.1,0,745.06,38917.1,58915.1,1,19998.0,298.853626609442
BAT-004627,2026-07,21,PLT-01,EMEA,FRM-02,PRD-02,Polymers,0.8859,0.995,57.99,57.7,57.7,0,907.6,73838.02,112846.0,1,39007.979999999996,365.68884290394897
BAT-004628,2026-07,21,PLT-05,LATAM,FRM-11,PRD-11,Polymers,0.883,0.9886,25.66,25.37,25.37,0,745.06,26623.36,41049.59,1,14426.229999999996,292.4832579890881
BAT-004629,2026-07,21,PLT-02,AMER,FRM-12,PRD-12,Solvents,0.8188,0.995,74.48,74.11,74.11,0,622.89,63800.94,101562.52,1,37761.58,233.72842105263157
BAT-004630,2026-07,21,PLT-01,EMEA,FRM-04,PRD-04,Agrochem,0.8991,0.995,71.79,71.43,71.43,0,556.78,52824.31,86408.9,1,33584.59,179.03710544644093
BAT-004631,2026-07,21,PLT-02,AMER,FRM-10,PRD-10,Agrochem,0.8273,0.9814,114.11,111.99,111.99,0,589.48,91436.85,136221.19,1,44784.34,211.8244430812374
BAT-004632,2026-07,21,PLT-05,LATAM,FRM-06,PRD-06,Coatings,0.8282,0.9643,24.62,23.74,23.74,0,1462.07,50071.48,80066.98,1,29995.499999999993,571.7025426482535
BAT-004633,2026-07,21,PLT-01,EMEA,FRM-05,PRD-05,Coatings,0.8536,0.9816,43.13,42.33,42.33,0,1346.92,80307.95,130985.59,1,50677.64,515.0774495710639
BAT-004634,2026-07,21,PLT-03,APAC,FRM-09,PRD-09,Specialty,0.6675,0.8776,32.66,28.66,28.66,0,1644.97,76133.31,74740.78,1,-1392.5299999999988,686.1172627066751
BAT-004635,2026-07,21,PLT-06,APAC,FRM-02,PRD-02,Polymers,0.8663,0.9721,41.34,40.18,40.18,0,907.6,51413.66,83359.39,1,31945.729999999996,336.0782776971456
BAT-004636,2026-07,21,PLT-04,EMEA,FRM-07,PRD-07,Catalysts,0.9559,0.9298,1.31,1.22,0.0,1,15244.18,25976.77,0.0,1,-25976.77,4585.415419847326
BAT-004637,2026-07,21,PLT-03,APAC,FRM-09,PRD-09,Specialty,0.6344,0.8782,25.06,22.01,22.01,0,1644.97,59017.03,57394.41,1,-1622.6199999999953,710.0591300877893
BAT-004638,2026-07,21,PLT-04,EMEA,FRM-12,PRD-12,Solvents,0.9503,0.995,42.74,42.52,42.52,0,622.89,34847.76,58148.84,1,23301.079999999994,192.45300421151148
BAT-004639,2026-07,21,PLT-06,APAC,FRM-10,PRD-10,Agrochem,0.8337,0.9577,90.02,86.22,86.22,0,589.48,75225.39,101993.61,1,26768.22,246.17196622972676
BAT-004640,2026-07,21,PLT-02,AMER,FRM-03,PRD-03,Solvents,0.8721,0.995,59.5,59.2,59.2,0,565.39,45779.37,79108.61,1,33329.24,204.01117647058834
BAT-004641,2026-07,21,PLT-06,APAC,FRM-10,PRD-10,Agrochem,0.8657,0.9721,51.65,50.21,50.21,0,589.48,41512.21,59891.37,1,18379.160000000003,214.24139399806393
BAT-004642,2026-07,21,PLT-03,APAC,FRM-06,PRD-06,Coatings,0.6033,0.9419,26.77,25.22,25.22,0,1462.07,58964.47,82317.94,1,23353.47,740.5624243556219
BAT-004643,2026-07,21,PLT-04,EMEA,FRM-02,PRD-02,Polymers,0.97,0.9921,51.34,50.94,50.94,0,907.6,62136.18,97825.61,1,35689.43,302.68788469029994
BAT-004644,2026-07,21,PLT-05,LATAM,FRM-03,PRD-03,Solvents,0.8094,0.995,60.08,59.78,59.78,0,565.39,46813.65,78294.21,1,31480.560000000005,213.79858189081233
BAT-004645,2026-07,21,PLT-01,EMEA,FRM-04,PRD-04,Agrochem,0.9161,0.9932,75.4,74.88,74.88,0,556.78,56556.33,88495.89,1,31939.559999999998,193.3039522546419
BAT-004646,2026-07,21,PLT-04,EMEA,FRM-03,PRD-03,Solvents,0.8705,0.995,78.54,78.14,78.14,0,565.39,62456.3,105289.43,1,42833.12999999999,229.8264502164502
BAT-004647,2026-07,21,PLT-05,LATAM,FRM-05,PRD-05,Coatings,0.7553,0.9194,23.7,21.79,21.79,0,1346.92,45156.14,64675.51,1,19519.370000000003,558.4023628691982
BAT-004648,2026-07,21,PLT-06,APAC,FRM-05,PRD-05,Coatings,0.9135,0.9623,16.95,16.31,16.31,0,1346.92,30500.14,49129.69,1,18629.550000000003,452.4982890855456
BAT-004649,2026-07,21,PLT-04,EMEA,FRM-07,PRD-07,Catalysts,0.9638,0.8729,1.41,1.23,1.23,0,15244.18,28686.27,42406.08,1,13719.810000000001,5100.692340425532
BAT-004650,2026-07,21,PLT-06,APAC,FRM-08,PRD-08,Surfactants,0.8407,0.9882,40.82,40.34,40.34,0,1068.14,58736.45,95189.01,1,36452.56,370.7735227829494
BAT-004651,2026-07,21,PLT-06,APAC,FRM-01,PRD-01,Polymers,0.9077,0.995,24.05,23.93,23.93,0,774.44,25146.81,40667.82,1,15521.009999999998,271.1654054054054
BAT-004652,2026-07,21,PLT-06,APAC,FRM-03,PRD-03,Solvents,0.8563,0.995,89.06,88.61,88.61,0,565.39,67789.78,118023.14,1,50233.36,195.77977318661578
BAT-004653,2026-07,21,PLT-06,APAC,FRM-07,PRD-07,Catalysts,0.8084,0.9348,2.46,2.3,2.3,0,15244.18,52508.6,85432.46,1,32923.86000000001,6100.779349593497
BAT-004654,2026-07,21,PLT-02,AMER,FRM-10,PRD-10,Agrochem,0.8683,0.9864,79.4,78.32,78.32,0,589.48,65623.37,99611.54,1,33988.17,237.0108060453399
BAT-004655,2026-07,21,PLT-01,EMEA,FRM-12,PRD-12,Solvents,0.8908,0.995,49.88,49.63,49.63,0,622.89,41321.2,67867.27,1,26546.070000000007,205.52218925421005
BAT-004656,2026-07,21,PLT-06,APAC,FRM-09,PRD-09,Specialty,0.7901,0.8988,14.51,13.05,0.0,1,1644.97,32569.04,0.0,1,-32569.04,599.622694693315
BAT-004657,2026-07,21,PLT-06,APAC,FRM-11,PRD-11,Polymers,0.9251,0.995,28.15,28.01,28.01,0,745.06,28313.42,46429.83,1,18116.410000000003,260.7453285968029
BAT-004658,2026-07,21,PLT-02,AMER,FRM-12,PRD-12,Solvents,0.9191,0.995,95.37,94.89,94.89,0,622.89,82276.87,142039.61,1,59762.73999999999,239.82227849428534
BAT-004659,2026-07,21,PLT-01,EMEA,FRM-06,PRD-06,Coatings,0.9562,0.9629,23.18,22.32,22.32,0,1462.07,45256.67,75646.06,1,30389.39,490.3316393442624
BAT-004660,2026-07,21,PLT-06,APAC,FRM-09,PRD-09,Specialty,0.8998,0.8488,26.13,22.18,22.18,0,1644.97,57824.89,57907.86,1,82.97000000000116,567.9993838499811
BAT-004661,2026-07,21,PLT-06,APAC,FRM-06,PRD-06,Coatings,0.8451,0.9717,26.69,25.93,25.93,0,1462.07,53495.73,82914.38,1,29418.65,542.266080929187
BAT-004662,2026-07,21,PLT-06,APAC,FRM-11,PRD-11,Polymers,0.8484,0.995,30.55,30.4,0.0,1,745.06,30750.45,0.0,1,-30750.45,261.5013747954174
BAT-004663,2026-07,21,PLT-01,EMEA,FRM-07,PRD-07,Catalysts,0.8352,0.9335,2.4,2.24,2.24,0,15244.18,49052.09,83666.08,1,34613.990000000005,5194.190833333334
BAT-004664,2026-07,21,PLT-04,EMEA,FRM-06,PRD-06,Coatings,0.9619,0.9616,40.0,38.46,38.46,0,1462.07,79806.97,134008.08,1,54201.109999999986,533.1042500000001
BAT-004665,2026-07,21,PLT-03,APAC,FRM-06,PRD-06,Coatings,0.6431,0.8876,23.33,20.7,0.0,1,1462.07,48274.79,0.0,1,-48274.79,607.1451735962285
BAT-004666,2026-07,21,PLT-02,AMER,FRM-10,PRD-10,Agrochem,0.8512,0.9883,49.74,49.16,49.16,0,589.48,40258.75,59645.81,1,19387.059999999998,219.90379573783673
BAT-004667,2026-07,21,PLT-05,LATAM,FRM-08,PRD-08,Surfactants,0.7829,0.9807,37.76,37.03,37.03,0,1068.14,56361.47,86697.15,1,30335.679999999993,424.48367584745756
BAT-004668,2026-07,21,PLT-04,EMEA,FRM-10,PRD-10,Agrochem,0.8469,0.995,37.12,36.94,36.94,0,589.48,29242.95,43937.3,1,14694.350000000002,198.314989224138
BAT-004669,2026-07,21,PLT-01,EMEA,FRM-03,PRD-03,Solvents,0.9353,0.995,33.89,33.72,33.72,0,565.39,26341.57,43353.76,1,17012.190000000002,211.87674535261135
BAT-004670,2026-07,21,PLT-05,LATAM,FRM-02,PRD-02,Polymers,0.8366,0.995,15.06,14.99,14.99,0,907.6,18598.09,29443.51,1,10845.419999999998,327.3329349269587
BAT-004671,2026-07,21,PLT-05,LATAM,FRM-05,PRD-05,Coatings,0.8495,0.9183,26.43,24.27,24.27,0,1346.92,49098.72,68972.61,1,19873.89,510.7689897843359
BAT-004672,2026-07,21,PLT-04,EMEA,FRM-08,PRD-08,Surfactants,0.9102,0.995,28.63,28.48,28.48,0,1068.14,40853.84,64376.97,1,23523.130000000005,358.8191337757596
BAT-004673,2026-07,21,PLT-02,AMER,FRM-10,PRD-10,Agrochem,0.8991,0.9607,46.96,45.12,45.12,0,589.48,37116.78,55659.52,1,18542.739999999998,200.91139693356047
BAT-004674,2026-07,21,PLT-05,LATAM,FRM-05,PRD-05,Coatings,0.7877,0.9856,12.89,12.7,12.7,0,1346.92,23753.72,37290.87,1,13537.150000000001,495.882172226532
BAT-004675,2026-07,21,PLT-01,EMEA,FRM-01,PRD-01,Polymers,0.847,0.995,24.08,23.96,23.96,0,774.44,25984.25,41473.96,1,15489.71,304.6401495016612
BAT-004676,2026-07,21,PLT-02,AMER,FRM-04,PRD-04,Agrochem,0.7904,0.976,69.3,67.64,67.64,0,556.78,53167.89,77953.64,1,24785.75,210.43341991341993
BAT-004677,2026-07,21,PLT-02,AMER,FRM-08,PRD-08,Surfactants,0.8346,0.987,23.26,22.96,22.96,0,1068.14,34061.73,50113.98,1,16052.25,396.2507996560619
BAT-004678,2026-07,21,PLT-01,EMEA,FRM-09,PRD-09,Specialty,0.9046,0.9202,25.18,23.18,23.18,0,1644.97,54504.49,59083.55,1,4579.060000000005,519.6245194598889
BAT-004679,2026-07,21,PLT-05,LATAM,FRM-10,PRD-10,Agrochem,0.8472,0.9359,27.85,26.06,26.06,0,589.48,21964.39,31283.07,1,9318.68,199.1875044883302
BAT-004680,2026-07,21,PLT-02,AMER,FRM-04,PRD-04,Agrochem,0.8393,0.9816,45.87,45.03,45.03,0,556.78,34513.61,52533.64,1,18020.03,195.6422803575323
BAT-004681,2026-07,21,PLT-04,EMEA,FRM-09,PRD-09,Specialty,0.9392,0.9197,50.33,46.29,0.0,1,1644.97,105799.22,0.0,1,-105799.22,457.14047089211203
BAT-004682,2026-07,21,PLT-02,AMER,FRM-11,PRD-11,Polymers,0.8408,0.995,93.03,92.56,92.56,0,745.06,93781.81,152224.6,1,58442.79000000001,263.02137160055895
BAT-004683,2026-07,21,PLT-01,EMEA,FRM-11,PRD-11,Polymers,0.8718,0.995,71.99,71.63,71.63,0,745.06,73837.94,113511.58,1,39673.64,280.6093985275734
BAT-004684,2026-07,21,PLT-02,AMER,FRM-10,PRD-10,Agrochem,0.8945,0.9675,51.38,49.71,49.71,0,589.48,41231.35,63478.69,1,22247.340000000004,212.99859089139738
BAT-004685,2026-07,21,PLT-03,APAC,FRM-04,PRD-04,Agrochem,0.6537,0.9165,33.51,30.72,30.72,0,556.78,26682.7,36352.94,1,9670.240000000002,239.48081766636835
BAT-004686,2026-07,21,PLT-06,APAC,FRM-03,PRD-03,Solvents,0.8858,0.9858,56.87,56.06,56.06,0,565.39,42511.04,71595.54,1,29084.499999999993,182.12257253384917
BAT-004687,2026-07,21,PLT-01,EMEA,FRM-10,PRD-10,Agrochem,0.8645,0.995,94.14,93.67,93.67,0,589.48,77234.93,112902.08,1,35667.15000000001,230.94628000849787
BAT-004688,2026-07,21,PLT-05,LATAM,FRM-02,PRD-02,Polymers,0.8374,0.995,20.0,19.9,19.9,0,907.6,25423.77,39677.18,1,14253.41,363.58849999999995
BAT-004689,2026-07,21,PLT-03,APAC,FRM-08,PRD-08,Surfactants,0.5877,0.9412,50.39,47.42,47.42,0,1068.14,77544.17,111608.54,1,34064.369999999995,470.74013494741007
BAT-004690,2026-07,21,PLT-03,APAC,FRM-12,PRD-12,Solvents,0.6136,0.9821,30.7,30.15,30.15,0,622.89,27128.88,43167.68,1,16038.8,260.78687296416945
BAT-004691,2026-07,21,PLT-04,EMEA,FRM-03,PRD-03,Solvents,0.8405,0.995,82.27,81.86,81.86,0,565.39,64148.43,112772.58,1,48624.15,214.34052145374994
BAT-004692,2026-07,21,PLT-02,AMER,FRM-03,PRD-03,Solvents,0.8476,0.995,71.01,70.66,70.66,0,565.39,55111.57,96946.83,1,41835.26,210.719984509224
BAT-004693,2026-07,21,PLT-01,EMEA,FRM-01,PRD-01,Polymers,0.8733,0.995,31.17,31.01,31.01,0,774.44,33137.22,53650.98,1,20513.760000000002,288.6726082771895
BAT-004694,2026-07,21,PLT-02,AMER,FRM-12,PRD-12,Solvents,0.9251,0.995,35.01,34.83,34.83,0,622.89,28940.0,49918.09,1,20978.089999999997,203.73096543844622
BAT-004695,2026-07,21,PLT-04,EMEA,FRM-09,PRD-09,Specialty,0.8394,0.8953,53.22,47.65,47.65,0,1644.97,116323.11,120483.68,1,4160.569999999992,540.7329312288614
BAT-004696,2026-07,21,PLT-06,APAC,FRM-11,PRD-11,Polymers,0.8612,0.995,70.62,70.27,70.27,0,745.06,70457.16,112895.73,1,42438.56999999999,252.63413763806295
BAT-004697,2026-07,21,PLT-04,EMEA,FRM-07,PRD-07,Catalysts,0.9274,0.9404,2.96,2.78,2.78,0,15244.18,61460.54,95832.69,1,34372.15,5519.515945945946
BAT-004698,2026-07,21,PLT-03,APAC,FRM-11,PRD-11,Polymers,0.6262,0.9931,24.91,24.74,24.74,0,745.06,27311.43,42424.74,1,15113.309999999998,351.34425531914894
BAT-004699,2026-07,21,PLT-06,APAC,FRM-03,PRD-03,Solvents,0.8714,0.995,65.42,65.09,65.09,0,565.39,50369.45,89677.02,1,39307.57000000001,204.5496209110363
BAT-004700,2026-07,21,PLT-03,APAC,FRM-04,PRD-04,Agrochem,0.6555,0.9264,79.53,73.67,73.67,0,556.78,64268.16,86015.08,1,21746.92,251.31958506224078
BAT-004701,2026-07,21,PLT-02,AMER,FRM-11,PRD-11,Polymers,0.9176,0.995,66.29,65.96,65.96,0,745.06,66291.28,112743.76,1,46452.479999999996,254.95930909639458
BAT-004702,2026-07,21,PLT-06,APAC,FRM-10,PRD-10,Agrochem,0.878,0.9764,36.51,35.65,35.65,0,589.48,28762.99,41879.26,1,13116.27,198.3312845795673
BAT-004703,2026-07,21,PLT-04,EMEA,FRM-01,PRD-01,Polymers,0.9057,0.9817,70.2,68.91,68.91,0,774.44,75703.23,115762.42,1,40059.19,303.95358974358965
BAT-004704,2026-07,21,PLT-03,APAC,FRM-06,PRD-06,Coatings,0.5793,0.8939,12.79,11.43,11.43,0,1462.07,27450.62,39132.55,1,11681.930000000004,684.1864503518375
BAT-004705,2026-07,21,PLT-02,AMER,FRM-09,PRD-09,Specialty,0.8802,0.8553,53.05,45.38,45.38,0,1644.97,116659.14,116640.64,1,-18.5,554.0712818096138
BAT-004706,2026-07,21,PLT-02,AMER,FRM-03,PRD-03,Solvents,0.891,0.995,40.0,39.8,39.8,0,565.39,30338.35,49846.89,1,19508.54,193.06875000000002
BAT-004707,2026-07,21,PLT-03,APAC,FRM-04,PRD-04,Agrochem,0.6255,0.9172,71.04,65.16,65.16,0,556.78,59233.89,76360.56,1,17126.67,277.03038851351346
BAT-004708,2026-07,21,PLT-04,EMEA,FRM-11,PRD-11,Polymers,0.9088,0.9828,75.9,74.59,74.59,0,745.06,76835.18,121385.79,1,44550.61,267.261212121212
BAT-004709,2026-07,21,PLT-01,EMEA,FRM-12,PRD-12,Solvents,0.8577,0.995,44.18,43.96,43.96,0,622.89,37988.16,59952.76,1,21964.6,236.95970574920784
BAT-004710,2026-07,21,PLT-06,APAC,FRM-01,PRD-01,Polymers,0.8769,0.9872,22.0,21.72,21.72,0,774.44,23264.67,39080.66,1,15815.990000000005,283.04499999999985
BAT-004711,2026-07,21,PLT-03,APAC,FRM-07,PRD-07,Catalysts,0.6374,0.8792,1.05,0.92,0.92,0,15244.18,23212.62,31651.08,1,8438.460000000003,6863.0771428571425
BAT-004712,2026-07,21,PLT-02,AMER,FRM-03,PRD-03,Solvents,0.9406,0.995,111.68,111.12,111.12,0,565.39,87292.58,141491.35,1,54198.770000000004,216.2412679083094
BAT-004713,2026-07,21,PLT-06,APAC,FRM-05,PRD-05,Coatings,0.8547,0.9212,14.6,13.45,13.45,0,1346.92,26650.76,40500.7,1,13849.939999999999,478.4745205479451
BAT-004714,2026-07,21,PLT-02,AMER,FRM-04,PRD-04,Agrochem,0.8807,0.9528,109.13,103.98,103.98,0,556.78,85291.75,125603.83,1,40312.08,224.7809823146706
BAT-004715,2026-07,21,PLT-05,LATAM,FRM-07,PRD-07,Catalysts,0.7777,0.939,2.51,2.35,2.35,0,15244.18,54674.81,88968.99,1,34294.18000000001,6538.612828685258
BAT-004716,2026-07,21,PLT-05,LATAM,FRM-12,PRD-12,Solvents,0.7645,0.995,47.25,47.01,47.01,0,622.89,40757.54,65681.02,1,24923.480000000003,239.70343915343915
BAT-004717,2026-07,21,PLT-06,APAC,FRM-06,PRD-06,Coatings,0.8484,0.9829,15.28,15.02,15.02,0,1462.07,30451.68,47811.0,1,17359.32,530.8409947643981
BAT-004718,2026-07,21,PLT-02,AMER,FRM-07,PRD-07,Catalysts,0.8376,0.897,3.45,3.09,3.09,0,15244.18,73247.06,115597.17,1,42350.11,5986.851884057967
BAT-004719,2026-07,21,PLT-05,LATAM,FRM-11,PRD-11,Polymers,0.8409,0.995,58.88,58.58,58.58,0,745.06,60523.32,98058.4,1,37535.079999999994,282.84964673913055
BAT-004720,2026-07,21,PLT-03,APAC,FRM-01,PRD-01,Polymers,0.7016,0.9759,27.79,27.12,27.12,0,774.44,30592.05,46134.0,1,15541.95,326.38943504857866
BAT-004721,2026-07,21,PLT-05,LATAM,FRM-07,PRD-07,Catalysts,0.7707,0.8916,1.41,1.26,1.26,0,15244.18,29451.1,43834.52,1,14383.419999999998,5643.124964539005
BAT-004722,2026-07,21,PLT-06,APAC,FRM-12,PRD-12,Solvents,0.8748,0.9751,67.26,65.58,65.58,0,622.89,58776.55,92498.36,1,33721.81,250.9807998810586
BAT-004723,2026-07,21,PLT-06,APAC,FRM-03,PRD-03,Solvents,0.8578,0.995,48.27,48.02,48.02,0,565.39,37237.58,61867.56,1,24629.979999999996,206.05354671638702
BAT-004724,2026-07,21,PLT-03,APAC,FRM-10,PRD-10,Agrochem,0.6339,0.9231,26.43,24.4,0.0,1,589.48,22118.13,0.0,1,-22118.13,247.37698070374574
BAT-004725,2026-07,21,PLT-01,EMEA,FRM-12,PRD-12,Solvents,0.826,0.975,63.16,61.58,61.58,0,622.89,54229.83,90314.74,1,36084.91,235.72035465484498
BAT-004726,2026-07,21,PLT-02,AMER,FRM-05,PRD-05,Coatings,0.8996,0.9546,52.47,50.09,50.09,0,1346.92,96388.59,146217.5,1,49828.91,490.1028702115493
BAT-004727,2026-07,21,PLT-05,LATAM,FRM-10,PRD-10,Agrochem,0.8045,0.995,35.28,35.1,35.1,0,589.48,28700.88,43126.76,1,14425.880000000001,224.03700680272107
BAT-004728,2026-07,21,PLT-06,APAC,FRM-09,PRD-09,Specialty,0.8454,0.8594,16.03,13.78,13.78,0,1644.97,35197.79,36127.98,1,930.1900000000023,550.7748533998749
BAT-004729,2026-07,21,PLT-05,LATAM,FRM-07,PRD-07,Catalysts,0.7968,0.9375,0.96,0.9,0.9,0,15244.18,20708.52,31782.04,1,11073.52,6327.195
BAT-004730,2026-07,21,PLT-05,LATAM,FRM-05,PRD-05,Coatings,0.8466,0.9189,14.26,13.1,13.1,0,1346.92,26135.39,38261.4,1,12126.010000000002,485.8562973352032
BAT-004731,2026-07,21,PLT-02,AMER,FRM-12,PRD-12,Solvents,0.8227,0.995,95.66,95.18,95.18,0,622.89,83533.58,136095.84,1,52562.259999999995,250.34416265941888
BAT-004732,2026-07,21,PLT-04,EMEA,FRM-01,PRD-01,Polymers,0.9072,0.995,36.48,36.29,36.29,0,774.44,37707.31,62038.22,1,24330.910000000003,259.2033662280701
BAT-004733,2026-07,21,PLT-06,APAC,FRM-03,PRD-03,Solvents,0.8275,0.9541,31.9,30.44,30.44,0,565.39,24953.53,41400.45,1,16446.92,216.85231974921635
BAT-004734,2026-07,21,PLT-03,APAC,FRM-02,PRD-02,Polymers,0.6383,0.9507,34.45,32.75,32.75,0,907.6,46609.96,61451.71,1,14841.75,445.3741654571842
BAT-004735,2026-07,21,PLT-01,EMEA,FRM-07,PRD-07,Catalysts,0.9233,0.9715,1.59,1.54,1.54,0,15244.18,31794.87,54031.45,1,22236.579999999998,4752.593584905659
BAT-004736,2026-07,21,PLT-01,EMEA,FRM-11,PRD-11,Polymers,0.876,0.9671,73.9,71.46,71.46,0,745.06,76161.39,115877.02,1,39715.630000000005,285.54067658998633
BAT-004737,2026-07,21,PLT-06,APAC,FRM-11,PRD-11,Polymers,0.844,0.9684,60.7,58.78,58.78,0,745.06,62092.44,94380.17,1,32287.729999999996,277.87970345963765
BAT-004738,2026-07,21,PLT-05,LATAM,FRM-07,PRD-07,Catalysts,0.8491,0.9408,2.09,1.97,1.97,0,15244.18,42871.54,73053.27,1,30181.730000000003,5268.518564593302
BAT-004739,2026-07,21,PLT-02,AMER,FRM-08,PRD-08,Surfactants,0.9103,0.995,47.59,47.35,47.35,0,1068.14,67407.41,104438.85,1,37031.44,348.27962597184273
BAT-004740,2026-07,21,PLT-06,APAC,FRM-07,PRD-07,Catalysts,0.8421,0.9288,3.31,3.08,3.08,0,15244.18,71246.86,108858.29,1,37611.42999999999,6280.5511178247725
BAT-004741,2026-07,21,PLT-04,EMEA,FRM-03,PRD-03,Solvents,0.8981,0.995,90.88,90.42,90.42,0,565.39,71728.12,116204.25,1,44476.130000000005,223.8718838028169
BAT-004742,2026-07,21,PLT-06,APAC,FRM-01,PRD-01,Polymers,0.888,0.995,44.63,44.4,44.4,0,774.44,47064.29,81136.44,1,34072.15,280.10380461572913
BAT-004743,2026-07,21,PLT-04,EMEA,FRM-03,PRD-03,Solvents,0.8945,0.995,33.53,33.36,33.36,0,565.39,25258.43,42134.46,1,16876.03,187.91838055472715
BAT-004744,2026-07,21,PLT-02,AMER,FRM-04,PRD-04,Agrochem,0.8677,0.9478,42.64,40.42,40.42,0,556.78,32965.81,48571.39,1,15605.580000000002,216.33937148217638
BAT-004745,2026-07,21,PLT-04,EMEA,FRM-05,PRD-05,Coatings,0.9145,0.9572,18.38,17.6,17.6,0,1346.92,33078.79,50106.17,1,17027.379999999997,452.79653971708376
BAT-004746,2026-07,21,PLT-04,EMEA,FRM-09,PRD-09,Specialty,0.8949,0.9343,38.71,36.16,36.16,0,1644.97,81773.06,93739.71,1,11966.650000000009,467.4831128907256
BAT-004747,2026-07,21,PLT-02,AMER,FRM-07,PRD-07,Catalysts,0.8477,0.917,2.11,1.94,1.94,0,15244.18,44091.22,67769.3,1,23678.08,5652.132796208531
BAT-004748,2026-07,21,PLT-05,LATAM,FRM-04,PRD-04,Agrochem,0.8109,0.995,62.14,61.83,61.83,0,556.78,48625.58,75031.55,1,26405.97,225.73657547473454
BAT-004749,2026-07,21,PLT-02,AMER,FRM-08,PRD-08,Surfactants,0.9138,0.995,52.32,52.06,52.06,0,1068.14,76888.0,123918.29,1,47030.28999999999,401.43186544342507
BAT-004750,2026-07,21,PLT-03,APAC,FRM-06,PRD-06,Coatings,0.5938,0.9215,29.62,27.3,27.3,0,1462.07,65279.9,87880.52,1,22600.620000000003,741.8428966914246
BAT-004751,2026-07,21,PLT-06,APAC,FRM-05,PRD-05,Coatings,0.9261,0.9602,36.85,35.39,35.39,0,1346.92,67671.14,105457.15,1,37786.009999999995,489.4745725915873
BAT-004752,2026-07,21,PLT-02,AMER,FRM-04,PRD-04,Agrochem,0.8668,0.995,119.84,119.24,0.0,1,556.78,91323.93,0.0,1,-91323.93,205.2688150867823
BAT-004753,2026-07,21,PLT-05,LATAM,FRM-07,PRD-07,Catalysts,0.8013,0.9479,2.27,2.15,2.15,0,15244.18,47487.57,74585.81,1,27098.239999999998,5675.454361233478
BAT-004754,2026-07,21,PLT-04,EMEA,FRM-11,PRD-11,Polymers,0.919,0.995,28.3,28.15,28.15,0,745.06,28865.84,45317.19,1,16451.350000000002,274.93434628975274
BAT-004755,2026-07,21,PLT-05,LATAM,FRM-09,PRD-09,Specialty,0.7849,0.8736,36.02,31.47,31.47,0,1644.97,81198.54,81580.23,1,381.6900000000023,609.2926318711823
BAT-004756,2026-07,21,PLT-05,LATAM,FRM-07,PRD-07,Catalysts,0.7938,0.9079,2.35,2.14,2.14,0,15244.18,49896.86,75636.54,1,25739.679999999993,5988.526382978722
BAT-004757,2026-07,21,PLT-06,APAC,FRM-05,PRD-05,Coatings,0.8868,0.9133,25.6,23.38,23.38,0,1346.92,46538.08,68247.94,1,21709.86,470.9737499999999
BAT-004758,2026-07,21,PLT-04,EMEA,FRM-02,PRD-02,Polymers,0.8836,0.9636,29.48,28.41,28.41,0,907.6,36701.16,58207.47,1,21506.309999999998,337.3511533242878
BAT-004759,2026-07,21,PLT-06,APAC,FRM-01,PRD-01,Polymers,0.8763,0.9879,23.71,23.42,0.0,1,774.44,24825.95,0.0,1,-24825.95,272.62663854913535
BAT-004760,2026-07,21,PLT-05,LATAM,FRM-07,PRD-07,Catalysts,0.8418,0.9572,2.63,2.52,2.52,0,15244.18,56651.55,87789.53,1,31137.979999999996,6296.333307984794
BAT-004761,2026-07,21,PLT-02,AMER,FRM-12,PRD-12,Solvents,0.8868,0.995,84.25,83.83,83.83,0,622.89,72534.51,123459.98,1,50925.47,238.05373887240353
BAT-004762,2026-07,21,PLT-03,APAC,FRM-11,PRD-11,Polymers,0.5783,0.9571,31.4,30.05,30.05,0,745.06,35424.48,50507.26,1,15082.779999999999,383.10815286624234
BAT-004763,2026-07,21,PLT-04,EMEA,FRM-09,PRD-09,Specialty,0.9592,0.8668,18.88,16.37,16.37,0,1644.97,41085.93,43545.55,1,2459.6200000000026,531.1915466101698
BAT-004764,2026-07,21,PLT-02,AMER,FRM-03,PRD-03,Solvents,0.877,0.995,55.77,55.49,55.49,0,565.39,42310.75,75578.37,1,33267.619999999995,193.2750528958221
BAT-004765,2026-07,21,PLT-03,APAC,FRM-09,PRD-09,Specialty,0.6879,0.7848,28.84,22.63,22.63,0,1644.97,64024.92,60221.6,1,-3803.3199999999997,575.0341608876558
BAT-004766,2026-07,21,PLT-06,APAC,FRM-04,PRD-04,Agrochem,0.8408,0.9311,63.37,59.01,59.01,0,556.78,49650.27,72510.09,1,22859.82,226.71802745778757
BAT-004767,2026-07,21,PLT-01,EMEA,FRM-11,PRD-11,Polymers,0.8928,0.9807,25.9,25.4,25.4,0,745.06,26084.26,41595.52,1,15511.259999999998,262.0542857142858
BAT-004768,2026-07,21,PLT-05,LATAM,FRM-04,PRD-04,Agrochem,0.8615,0.9408,30.58,28.77,28.77,0,556.78,23674.43,32130.17,1,8455.739999999998,217.40018312622635
BAT-004769,2026-07,21,PLT-04,EMEA,FRM-04,PRD-04,Agrochem,0.8436,0.9381,87.03,81.65,81.65,0,556.78,65608.63,100577.1,1,34968.47,197.0822314144549
BAT-004770,2026-07,21,PLT-01,EMEA,FRM-12,PRD-12,Solvents,0.8613,0.9893,47.71,47.2,47.2,0,622.89,40436.02,69472.95,1,29036.93,224.64762313980293
BAT-004771,2026-07,21,PLT-04,EMEA,FRM-06,PRD-06,Coatings,0.9206,0.9869,39.02,38.5,38.5,0,1462.07,75873.14,133045.73,1,57172.59000000001,482.39796514607883
BAT-004772,2026-07,21,PLT-01,EMEA,FRM-09,PRD-09,Specialty,0.8858,0.8989,15.96,14.35,14.35,0,1644.97,34342.24,35996.46,1,1654.2200000000012,506.79942355889693
BAT-004773,2026-07,21,PLT-02,AMER,FRM-05,PRD-05,Coatings,0.8524,0.9353,38.22,35.75,35.75,0,1346.92,69904.06,104615.99,1,34711.93000000001,482.07162742019887
BAT-004774,2026-07,21,PLT-04,EMEA,FRM-11,PRD-11,Polymers,0.9386,0.995,33.03,32.86,32.86,0,745.06,32655.05,56189.78,1,23534.73,243.58819860732672
BAT-004775,2026-07,21,PLT-04,EMEA,FRM-05,PRD-05,Coatings,0.9199,0.9725,42.87,41.69,41.69,0,1346.92,80197.21,128714.59,1,48517.37999999999,523.7870212269654
BAT-004776,2026-07,21,PLT-05,LATAM,FRM-02,PRD-02,Polymers,0.9109,0.9676,17.3,16.74,16.74,0,907.6,21327.57,32641.34,1,11313.77,325.20751445086705
BAT-004777,2026-07,21,PLT-04,EMEA,FRM-04,PRD-04,Agrochem,0.9067,0.9822,96.44,94.73,94.73,0,556.78,73829.32,108058.75,1,34229.42999999999,208.76666113645797
BAT-004778,2026-07,21,PLT-06,APAC,FRM-07,PRD-07,Catalysts,0.886,0.917,2.84,2.6,2.6,0,15244.18,58207.75,90884.73,1,32676.979999999996,5251.506619718311
BAT-004779,2026-07,21,PLT-02,AMER,FRM-06,PRD-06,Coatings,0.9117,0.9271,21.04,19.51,19.51,0,1462.07,40883.05,68095.5,1,27212.449999999997,481.0407414448673
BAT-004780,2026-07,21,PLT-01,EMEA,FRM-07,PRD-07,Catalysts,0.8883,0.9268,3.4,3.15,3.15,0,15244.18,70090.49,118202.28,1,48111.78999999999,5370.670000000002
BAT-004781,2026-07,21,PLT-03,APAC,FRM-09,PRD-09,Specialty,0.6571,0.8528,40.99,34.95,34.95,0,1644.97,92605.18,93917.87,1,1312.6900000000023,614.2439546230787
BAT-004782,2026-07,21,PLT-03,APAC,FRM-09,PRD-09,Specialty,0.6393,0.8538,29.14,24.88,24.88,0,1644.97,67055.92,66765.24,1,-290.679999999993,656.1940356897733
BAT-004783,2026-07,21,PLT-02,AMER,FRM-03,PRD-03,Solvents,0.8232,0.995,86.36,85.92,85.92,0,565.39,66748.34,109841.77,1,43093.43000000001,207.51805928670683
BAT-004784,2026-07,21,PLT-01,EMEA,FRM-05,PRD-05,Coatings,0.9327,0.9481,24.73,23.45,23.45,0,1346.92,45573.88,71221.98,1,25648.1,495.93806712494916
BAT-004785,2026-07,21,PLT-03,APAC,FRM-09,PRD-09,Specialty,0.6341,0.8804,31.36,27.61,27.61,0,1644.97,70797.39,71574.82,1,777.4300000000076,612.5998341836732
BAT-004786,2026-07,21,PLT-02,AMER,FRM-04,PRD-04,Agrochem,0.8961,0.995,38.47,38.28,38.28,0,556.78,28773.74,42880.31,1,14106.569999999996,191.17269040811027
BAT-004787,2026-07,21,PLT-04,EMEA,FRM-06,PRD-06,Coatings,0.9336,0.9928,35.98,35.72,35.72,0,1462.07,69387.81,122436.72,1,53048.91,466.4405614230129
BAT-004788,2026-07,21,PLT-01,EMEA,FRM-10,PRD-10,Agrochem,0.9013,0.9867,59.58,58.79,58.79,0,589.48,47940.03,72918.29,1,24978.259999999995,215.15293051359515
BAT-004789,2026-07,21,PLT-05,LATAM,FRM-10,PRD-10,Agrochem,0.7945,0.995,37.86,37.67,37.67,0,589.48,30374.54,46231.06,1,15856.519999999997,212.80578975171682
BAT-004790,2026-07,21,PLT-02,AMER,FRM-11,PRD-11,Polymers,0.8704,0.9568,97.54,93.32,93.32,0,745.06,99781.59,157485.18,1,57703.59,277.9212384662702
BAT-004791,2026-07,21,PLT-03,APAC,FRM-04,PRD-04,Agrochem,0.6462,0.8981,70.77,63.56,63.56,0,556.78,56579.29,72017.27,1,15437.980000000003,242.70127737741984
BAT-004792,2026-07,21,PLT-06,APAC,FRM-08,PRD-08,Surfactants,0.8849,0.995,53.26,52.99,52.99,0,1068.14,75742.87,118616.72,1,42873.850000000006,353.99424708974834
BAT-004793,2026-07,21,PLT-03,APAC,FRM-06,PRD-06,Coatings,0.632,0.9271,20.36,18.88,18.88,0,1462.07,42230.71,65477.31,1,23246.6,612.1299017681729
BAT-004794,2026-07,21,PLT-03,APAC,FRM-07,PRD-07,Catalysts,0.6759,0.8502,1.69,1.44,1.44,0,15244.18,37396.04,50596.4,1,13200.36,6883.654319526628
BAT-004795,2026-07,21,PLT-03,APAC,FRM-07,PRD-07,Catalysts,0.5611,0.9357,1.11,1.04,0.0,1,15244.18,25102.46,0.0,1,-25102.46,7370.648828828827
BAT-004796,2026-07,21,PLT-02,AMER,FRM-04,PRD-04,Agrochem,0.8161,0.995,108.21,107.67,107.67,0,556.78,84603.22,129686.39,1,45083.17,225.06289806857046
BAT-004797,2026-07,21,PLT-02,AMER,FRM-12,PRD-12,Solvents,0.8688,0.995,43.25,43.04,43.04,0,622.89,37853.76,60997.05,1,23143.29,252.34144508670522
BAT-004798,2026-07,21,PLT-02,AMER,FRM-08,PRD-08,Surfactants,0.8764,0.995,24.14,24.02,24.02,0,1068.14,34378.15,56911.49,1,22533.339999999997,355.9755758077879
BAT-004799,2026-07,21,PLT-02,AMER,FRM-11,PRD-11,Polymers,0.8426,0.9548,75.0,71.61,71.61,0,745.06,78009.26,119333.66,1,41324.40000000001,295.0634666666667
BAT-004800,2026-07,21,PLT-03,APAC,FRM-07,PRD-07,Catalysts,0.5905,0.9379,1.83,1.71,1.71,0,15244.18,39802.65,62186.21,1,22383.559999999998,6505.901967213114
BAT-004801,2026-07,21,PLT-05,LATAM,FRM-02,PRD-02,Polymers,0.8604,0.995,45.81,45.58,45.58,0,907.6,55426.69,89644.14,1,34217.45,302.32556210434393
BAT-004802,2026-07,21,PLT-05,LATAM,FRM-06,PRD-06,Coatings,0.8428,0.9875,14.05,13.87,13.87,0,1462.07,28289.76,45621.14,1,17331.38,551.436049822064
BAT-004803,2026-07,21,PLT-06,APAC,FRM-01,PRD-01,Polymers,0.8395,0.995,37.22,37.03,37.03,0,774.44,40058.65,65540.13,1,25481.480000000003,301.8267920472865
BAT-004804,2026-07,21,PLT-06,APAC,FRM-03,PRD-03,Solvents,0.9048,0.995,82.87,82.46,82.46,0,565.39,63380.21,112736.95,1,49356.74,199.42489079280801
BAT-004805,2026-07,21,PLT-01,EMEA,FRM-03,PRD-03,Solvents,0.9511,0.9893,75.97,75.16,75.16,0,565.39,57492.6,97491.45,1,39998.85,191.39030801632225
BAT-004806,2026-07,21,PLT-06,APAC,FRM-03,PRD-03,Solvents,0.8025,0.995,61.17,60.86,60.86,0,565.39,49306.75,80868.71,1,31561.960000000006,240.6709776034004
BAT-004807,2026-07,21,PLT-02,AMER,FRM-05,PRD-05,Coatings,0.8558,0.9796,21.17,20.74,20.74,0,1346.92,39180.93,60734.96,1,21554.03,503.85609825224356
BAT-004808,2026-07,21,PLT-05,LATAM,FRM-02,PRD-02,Polymers,0.8343,0.9445,39.86,37.65,37.65,0,907.6,49893.37,74943.63,1,25050.260000000002,344.1152533868541
BAT-004809,2026-07,21,PLT-04,EMEA,FRM-05,PRD-05,Coatings,0.8648,0.9063,22.07,20.0,20.0,0,1346.92,39959.21,61821.3,1,21862.090000000004,463.6468328047122
BAT-004810,2026-07,21,PLT-02,AMER,FRM-03,PRD-03,Solvents,0.8651,0.995,60.79,60.48,60.48,0,565.39,46904.95,81301.16,1,34396.21000000001,206.1998996545484
BAT-004811,2026-07,21,PLT-06,APAC,FRM-12,PRD-12,Solvents,0.874,0.995,79.35,78.96,78.96,0,622.89,65876.69,113452.5,1,47575.81,207.31403276622564
BAT-004812,2026-07,21,PLT-01,EMEA,FRM-12,PRD-12,Solvents,0.9053,0.995,57.15,56.87,56.87,0,622.89,46988.12,77411.98,1,30423.859999999993,199.29932633420833
BAT-004813,2026-07,21,PLT-04,EMEA,FRM-06,PRD-06,Coatings,0.9322,0.9475,28.95,27.43,27.43,0,1462.07,56759.38,88863.15,1,32103.769999999997,498.53034542314344
BAT-004814,2026-07,21,PLT-01,EMEA,FRM-07,PRD-07,Catalysts,0.8271,0.9593,3.16,3.04,3.04,0,15244.18,66871.51,107683.96,1,40812.45000000001,5917.690253164554
BAT-004815,2026-07,21,PLT-04,EMEA,FRM-08,PRD-08,Surfactants,0.8812,0.9837,21.99,21.63,21.63,0,1068.14,32328.18,48184.85,1,15856.669999999998,401.99096862210104
BAT-004816,2026-07,21,PLT-03,APAC,FRM-04,PRD-04,Agrochem,0.6198,0.9295,57.42,53.38,53.38,0,556.78,46128.65,60407.53,1,14278.879999999997,246.57510275165453
BAT-004817,2026-07,21,PLT-04,EMEA,FRM-06,PRD-06,Coatings,0.9009,0.9586,29.94,28.7,28.7,0,1462.07,58325.3,95836.1,1,37510.8,486.00281229124926
BAT-004818,2026-07,21,PLT-05,LATAM,FRM-05,PRD-05,Coatings,0.8259,0.9603,17.12,16.44,16.44,0,1346.92,31327.23,51188.32,1,19861.09,482.94156542056044
BAT-004819,2026-07,21,PLT-02,AMER,FRM-03,PRD-03,Solvents,0.8195,0.995,81.86,81.45,81.45,0,565.39,64107.93,104814.23,1,40706.299999999996,217.75109455167365
BAT-004820,2026-07,21,PLT-04,EMEA,FRM-11,PRD-11,Polymers,0.8668,0.9826,44.48,43.7,43.7,0,745.06,46707.86,75570.73,1,28862.869999999995,305.02678057553976
BAT-004821,2026-07,21,PLT-06,APAC,FRM-07,PRD-07,Catalysts,0.8581,0.9184,1.28,1.17,1.17,0,15244.18,25953.98,43414.22,1,17460.24,5032.366875
BAT-004822,2026-07,21,PLT-05,LATAM,FRM-07,PRD-07,Catalysts,0.8421,0.9467,1.49,1.41,1.41,0,15244.18,31917.47,50594.55,1,18677.08,6176.9408053691295
BAT-004823,2026-07,21,PLT-01,EMEA,FRM-09,PRD-09,Specialty,0.9238,0.9063,19.59,17.76,17.76,0,1644.97,40932.29,43947.05,1,3014.760000000002,444.47818785094455
BAT-004824,2026-07,21,PLT-06,APAC,FRM-11,PRD-11,Polymers,0.9215,0.995,43.72,43.5,43.5,0,745.06,44659.9,73490.04,1,28830.139999999992,276.43817017383356
BAT-004825,2026-07,21,PLT-02,AMER,FRM-08,PRD-08,Surfactants,0.918,0.995,66.32,65.98,65.98,0,1068.14,94581.51,144351.48,1,49769.970000000016,357.99857056694805
BAT-004826,2026-07,21,PLT-02,AMER,FRM-09,PRD-09,Specialty,0.8486,0.9042,42.02,38.0,38.0,0,1644.97,92212.9,98931.97,1,6719.070000000007,549.5302379819129
BAT-004827,2026-07,21,PLT-03,APAC,FRM-03,PRD-03,Solvents,0.6137,0.942,29.18,27.48,27.48,0,565.39,24421.38,34779.31,1,10357.929999999997,271.5318642906101
BAT-004828,2026-07,21,PLT-06,APAC,FRM-08,PRD-08,Surfactants,0.9182,0.9581,51.97,49.79,49.79,0,1068.14,75217.55,112044.15,1,36826.59999999999,379.1863421204541
BAT-004829,2026-07,21,PLT-04,EMEA,FRM-02,PRD-02,Polymers,0.8279,0.9886,43.25,42.76,42.76,0,907.6,55056.76,85127.66,1,30070.9,365.38867052023113
BAT-004830,2026-07,21,PLT-02,AMER,FRM-03,PRD-03,Solvents,0.8724,0.995,64.5,64.17,64.17,0,565.39,49354.12,88428.09,1,39073.969999999994,199.79015503875974
BAT-004831,2026-07,21,PLT-02,AMER,FRM-10,PRD-10,Agrochem,0.8854,0.991,59.22,58.69,58.69,0,589.48,46757.76,75037.41,1,28279.65,200.08028368794328
BAT-004832,2026-07,21,PLT-05,LATAM,FRM-06,PRD-06,Coatings,0.8597,0.9465,25.48,24.12,24.12,0,1462.07,51727.08,81584.3,1,29857.22,568.035180533752
BAT-004833,2026-07,21,PLT-02,AMER,FRM-02,PRD-02,Polymers,0.8595,0.995,59.99,59.69,59.69,0,907.6,74741.21,120098.42,1,45357.20999999999,338.29448241373564
BAT-004834,2026-07,21,PLT-05,LATAM,FRM-02,PRD-02,Polymers,0.8771,0.995,42.38,42.17,42.17,0,907.6,52367.32,81721.03,1,29353.71,328.0611609249646
BAT-004835,2026-07,21,PLT-02,AMER,FRM-06,PRD-06,Coatings,0.875,0.988,16.88,16.68,16.68,0,1462.07,33151.66,54405.55,1,21253.89,501.8909004739339
BAT-004836,2026-07,21,PLT-05,LATAM,FRM-12,PRD-12,Solvents,0.8274,0.995,55.47,55.2,55.2,0,622.89,47153.49,81164.84,1,34011.35,227.18193077339106
BAT-004837,2026-07,21,PLT-02,AMER,FRM-12,PRD-12,Solvents,0.8787,0.995,60.83,60.53,60.53,0,622.89,51417.51,81986.06,1,30568.549999999996,222.37565839224078
BAT-004838,2026-07,21,PLT-05,LATAM,FRM-08,PRD-08,Surfactants,0.8283,0.995,21.47,21.36,21.36,0,1068.14,31455.41,49361.5,1,17906.09,396.94663251047973
BAT-004839,2026-07,21,PLT-05,LATAM,FRM-10,PRD-10,Agrochem,0.8349,0.9191,48.67,44.73,44.73,0,589.48,40529.08,55695.93,1,15166.849999999999,243.25227861105407
BAT-004840,2026-07,21,PLT-02,AMER,FRM-05,PRD-05,Coatings,0.8798,0.9125,20.45,18.66,18.66,0,1346.92,36736.28,53660.08,1,16923.800000000003,449.4751100244498
BAT-004841,2026-08,22,PLT-02,AMER,FRM-02,PRD-02,Polymers,0.8413,0.9757,41.65,40.64,40.64,0,911.61,51895.68,79669.63,1,27773.950000000004,334.3847178871548
BAT-004842,2026-08,22,PLT-05,LATAM,FRM-09,PRD-09,Specialty,0.8643,0.9012,32.15,28.97,28.97,0,1652.24,72022.29,74793.97,1,2771.6800000000076,587.9556454121305
BAT-004843,2026-08,22,PLT-06,APAC,FRM-05,PRD-05,Coatings,0.8992,0.9407,23.55,22.15,22.15,0,1352.87,42823.25,64394.04,1,21570.79,465.52702760084935
BAT-004844,2026-08,22,PLT-02,AMER,FRM-02,PRD-02,Polymers,0.8584,0.9678,27.0,26.14,26.14,0,911.61,32856.04,50300.03,1,17443.989999999998,305.2803703703704
BAT-004845,2026-08,22,PLT-04,EMEA,FRM-11,PRD-11,Polymers,0.9039,0.995,57.96,57.67,57.67,0,748.35,57537.08,90775.02,1,33237.94,244.35324361628705
BAT-004846,2026-08,22,PLT-02,AMER,FRM-11,PRD-11,Polymers,0.8526,0.995,73.82,73.45,73.45,0,748.35,74863.05,123492.57,1,48629.520000000004,265.77963966404775
BAT-004847,2026-08,22,PLT-05,LATAM,FRM-01,PRD-01,Polymers,0.8303,0.9713,45.05,43.76,43.76,0,777.86,49585.45,79144.96,1,29559.51000000001,322.8159156492785
BAT-004848,2026-08,22,PLT-06,APAC,FRM-11,PRD-11,Polymers,0.8162,0.9688,30.03,29.09,29.09,0,748.35,31976.96,48917.25,1,16940.29,316.4838328338327
BAT-004849,2026-08,22,PLT-01,EMEA,FRM-01,PRD-01,Polymers,0.9199,0.9292,53.65,49.85,49.85,0,777.86,57041.51,84163.19,1,27121.68,285.35547064305695
BAT-004850,2026-08,22,PLT-06,APAC,FRM-03,PRD-03,Solvents,0.8643,0.995,54.55,54.27,54.27,0,567.89,43219.59,69485.45,1,26265.86,224.40312557286893
BAT-004851,2026-08,22,PLT-06,APAC,FRM-03,PRD-03,Solvents,0.8199,0.995,75.15,74.78,74.78,0,567.89,60308.27,102173.45,1,41865.18,234.6152561543579
BAT-004852,2026-08,22,PLT-01,EMEA,FRM-02,PRD-02,Polymers,0.8596,0.969,25.46,24.67,24.67,0,911.61,32692.42,48075.06,1,15382.64,372.4599135899449
BAT-004853,2026-08,22,PLT-04,EMEA,FRM-10,PRD-10,Agrochem,0.8162,0.981,80.61,79.08,79.08,0,592.09,68006.46,100007.61,1,32001.149999999994,251.55793449944179
BAT-004854,2026-08,22,PLT-03,APAC,FRM-03,PRD-03,Solvents,0.6186,0.9345,49.25,46.03,46.03,0,567.89,40563.58,59463.9,1,18900.32,255.7359898477158
BAT-004855,2026-08,22,PLT-04,EMEA,FRM-07,PRD-07,Catalysts,0.9358,0.995,3.53,3.51,3.51,0,15311.55,73304.35,123158.21,1,49853.86,5454.554815864027
BAT-004856,2026-08,22,PLT-06,APAC,FRM-06,PRD-06,Coatings,0.8593,0.9689,19.83,19.21,19.21,0,1468.53,40300.93,67370.22,1,27069.29,563.7912304589008
BAT-004857,2026-08,22,PLT-06,APAC,FRM-04,PRD-04,Agrochem,0.8568,0.9719,70.15,68.17,68.17,0,559.24,54602.95,81272.41,1,26669.460000000006,219.1341981468281
BAT-004858,2026-08,22,PLT-06,APAC,FRM-05,PRD-05,Coatings,0.8734,0.9936,40.49,40.23,40.23,0,1352.87,73295.77,124791.37,1,51495.59999999999,457.3490664361573
BAT-004859,2026-08,22,PLT-06,APAC,FRM-12,PRD-12,Solvents,0.9172,0.995,34.01,33.84,33.84,0,625.65,28669.36,46609.75,1,17940.39,217.31853866509857
BAT-004860,2026-08,22,PLT-01,EMEA,FRM-02,PRD-02,Polymers,0.8669,0.9827,21.47,21.1,21.1,0,911.61,26296.11,43510.66,1,17214.550000000003,313.1738844899861
BAT-004861,2026-08,22,PLT-04,EMEA,FRM-03,PRD-03,Solvents,0.9148,0.995,71.78,71.42,71.42,0,567.89,54840.53,92156.66,1,37316.130000000005,196.1184981889105
BAT-004862,2026-08,22,PLT-01,EMEA,FRM-02,PRD-02,Polymers,0.8015,0.9486,33.69,31.96,31.96,0,911.61,41885.71,65396.7,1,23510.989999999998,331.6583288809737
BAT-004863,2026-08,22,PLT-04,EMEA,FRM-06,PRD-06,Coatings,0.9078,0.995,19.45,19.35,19.35,0,1468.53,37833.7,63033.18,1,25199.480000000003,476.6473778920308
BAT-004864,2026-08,22,PLT-02,AMER,FRM-11,PRD-11,Polymers,0.8673,0.995,46.25,46.02,46.02,0,748.35,47168.39,75408.92,1,28240.53,271.5070810810811
BAT-004865,2026-08,22,PLT-04,EMEA,FRM-02,PRD-02,Polymers,0.8902,0.9211,23.77,21.9,21.9,0,911.61,28645.29,43216.79,1,14571.5,293.4926503996634
BAT-004866,2026-08,22,PLT-05,LATAM,FRM-02,PRD-02,Polymers,0.8021,0.953,36.69,34.96,34.96,0,911.61,45537.65,72183.16,1,26645.510000000002,329.53608885254846
BAT-004867,2026-08,22,PLT-03,APAC,FRM-12,PRD-12,Solvents,0.6769,0.9436,76.81,72.48,72.48,0,625.65,66934.57,108191.23,1,41256.65999999999,245.78041270667893
BAT-004868,2026-08,22,PLT-05,LATAM,FRM-05,PRD-05,Coatings,0.7949,0.995,10.31,10.26,10.26,0,1352.87,20016.58,29874.67,1,9858.089999999997,588.6023569350148
BAT-004869,2026-08,22,PLT-03,APAC,FRM-08,PRD-08,Surfactants,0.6043,0.995,48.57,48.33,48.33,0,1072.86,77785.59,114215.81,1,36430.22,528.6551327980235
BAT-004870,2026-08,22,PLT-01,EMEA,FRM-12,PRD-12,Solvents,0.8991,0.9807,90.28,88.54,88.54,0,625.65,77082.81,121978.08,1,44895.270000000004,228.16933983163494
BAT-004871,2026-08,22,PLT-04,EMEA,FRM-01,PRD-01,Polymers,0.9545,0.995,66.67,66.33,66.33,0,777.86,68376.93,110285.45,1,41908.520000000004,247.74266986650662
BAT-004872,2026-08,22,PLT-02,AMER,FRM-04,PRD-04,Agrochem,0.9162,0.9698,66.77,64.76,64.76,0,559.24,50930.35,72801.06,1,21870.71,203.53295192451696
BAT-004873,2026-08,22,PLT-05,LATAM,FRM-07,PRD-07,Catalysts,0.8456,0.9772,1.39,1.36,1.36,0,15311.55,28408.06,48844.53,1,20436.469999999998,5125.903237410075
BAT-004874,2026-08,22,PLT-01,EMEA,FRM-06,PRD-06,Coatings,0.8861,0.9869,27.35,26.99,26.99,0,1468.53,54584.45,91735.16,1,37150.71000000001,527.2451371115171
BAT-004875,2026-08,22,PLT-04,EMEA,FRM-11,PRD-11,Polymers,0.8807,0.9827,86.67,85.17,85.17,0,748.35,86230.19,140202.63,1,53972.44,246.57546440521514
BAT-004876,2026-08,22,PLT-01,EMEA,FRM-08,PRD-08,Surfactants,0.9127,0.995,50.85,50.6,50.6,0,1072.86,75738.39,113717.15,1,37978.759999999995,416.5871976401181
BAT-004877,2026-08,22,PLT-02,AMER,FRM-05,PRD-05,Coatings,0.8635,0.9657,32.73,31.61,31.61,0,1352.87,61286.71,96299.07,1,35012.36000000001,519.6234311029639
BAT-004878,2026-08,22,PLT-02,AMER,FRM-04,PRD-04,Agrochem,0.8703,0.995,49.2,48.95,48.95,0,559.24,38192.99,59731.38,1,21538.39,217.04028455284538
BAT-004879,2026-08,22,PLT-01,EMEA,FRM-08,PRD-08,Surfactants,0.8873,0.9776,29.27,28.61,28.61,0,1072.86,43314.03,67399.08,1,24085.050000000003,406.94970276733875
BAT-004880,2026-08,22,PLT-02,AMER,FRM-06,PRD-06,Coatings,0.8699,0.995,23.22,23.11,23.11,0,1468.53,47362.68,75752.99,1,28390.310000000005,571.2064341085272
BAT-004881,2026-08,22,PLT-04,EMEA,FRM-06,PRD-06,Coatings,0.851,0.9622,41.96,40.37,40.37,0,1468.53,86242.44,128901.3,1,42658.86,586.8189037178265
BAT-004882,2026-08,22,PLT-05,LATAM,FRM-01,PRD-01,Polymers,0.829,0.9372,44.04,41.27,41.27,0,777.86,48282.81,72842.37,1,24559.559999999998,318.47991825613065
BAT-004883,2026-08,22,PLT-01,EMEA,FRM-12,PRD-12,Solvents,0.8945,0.995,77.26,76.88,76.88,0,625.65,66719.06,114401.98,1,47682.92,237.9153637069635
BAT-004884,2026-08,22,PLT-04,EMEA,FRM-02,PRD-02,Polymers,0.9576,0.995,23.01,22.9,22.9,0,911.61,28028.98,43866.07,1,15837.09,306.51168622338093
BAT-004885,2026-08,22,PLT-02,AMER,FRM-02,PRD-02,Polymers,0.8797,0.967,67.06,64.85,64.85,0,911.61,81044.2,132374.01,1,51329.81000000001,296.92265732180124
BAT-004886,2026-08,22,PLT-06,APAC,FRM-09,PRD-09,Specialty,0.8101,0.8424,42.81,36.06,36.06,0,1652.24,93162.54,92342.84,1,-819.6999999999971,523.9464050455497
BAT-004887,2026-08,22,PLT-05,LATAM,FRM-06,PRD-06,Coatings,0.8745,0.9805,13.38,13.12,13.12,0,1468.53,26929.38,42544.94,1,15615.560000000001,544.1291928251121
BAT-004888,2026-08,22,PLT-06,APAC,FRM-06,PRD-06,Coatings,0.8539,0.9489,19.13,18.15,18.15,0,1468.53,38847.59,58176.46,1,19328.870000000003,562.1856299006795
BAT-004889,2026-08,22,PLT-03,APAC,FRM-03,PRD-03,Solvents,0.6231,0.995,57.74,57.45,57.45,0,567.89,47003.74,74188.85,1,27185.110000000008,246.16853827502598
BAT-004890,2026-08,22,PLT-03,APAC,FRM-05,PRD-05,Coatings,0.6229,0.9191,35.82,32.92,32.92,0,1352.87,69271.25,95747.48,1,26476.229999999996,581.0007426018985
BAT-004891,2026-08,22,PLT-03,APAC,FRM-12,PRD-12,Solvents,0.6433,0.9344,34.76,32.48,32.48,0,625.65,31641.17,46487.92,1,14846.75,284.6253164556962
BAT-004892,2026-08,22,PLT-04,EMEA,FRM-07,PRD-07,Catalysts,0.8635,0.9436,1.55,1.46,1.46,0,15311.55,33329.14,54004.7,1,20675.559999999998,6191.120967741936
BAT-004893,2026-08,22,PLT-06,APAC,FRM-12,PRD-12,Solvents,0.8692,0.995,42.55,42.34,42.34,0,625.65,35502.99,58044.22,1,22541.230000000003,208.7328437132785
BAT-004894,2026-08,22,PLT-01,EMEA,FRM-10,PRD-10,Agrochem,0.8804,0.9797,55.73,54.59,54.59,0,592.09,44980.64,65255.61,1,20274.97,215.02717207966987
BAT-004895,2026-08,22,PLT-04,EMEA,FRM-03,PRD-03,Solvents,0.9308,0.995,101.39,100.88,100.88,0,567.89,75407.58,138370.33,1,62962.749999999985,175.84784396883322
BAT-004896,2026-08,22,PLT-06,APAC,FRM-03,PRD-03,Solvents,0.8548,0.995,53.43,53.16,53.16,0,567.89,40798.64,69377.07,1,28578.430000000008,195.70049223282797
BAT-004897,2026-08,22,PLT-06,APAC,FRM-03,PRD-03,Solvents,0.8979,0.995,86.59,86.16,86.16,0,567.89,66510.32,116191.73,1,49681.40999999999,200.216247834623
BAT-004898,2026-08,22,PLT-03,APAC,FRM-10,PRD-10,Agrochem,0.6498,0.9727,83.11,80.85,80.85,0,592.09,70726.85,94210.82,1,23483.97,258.91288773914096
BAT-004899,2026-08,22,PLT-05,LATAM,FRM-09,PRD-09,Specialty,0.8024,0.9268,37.49,34.74,0.0,1,1652.24,80998.16,0.0,1,-80998.16,508.2870738863696
BAT-004900,2026-08,22,PLT-02,AMER,FRM-04,PRD-04,Agrochem,0.8646,0.9601,104.13,99.98,99.98,0,559.24,80541.85,118044.0,1,37502.149999999994,214.23402285604539
BAT-004901,2026-08,22,PLT-03,APAC,FRM-03,PRD-03,Solvents,0.5893,0.995,37.95,37.76,37.76,0,567.89,31546.99,52218.61,1,20671.62,263.38773386034256
BAT-004902,2026-08,22,PLT-05,LATAM,FRM-02,PRD-02,Polymers,0.9331,0.9597,21.75,20.87,20.87,0,911.61,27320.4,42711.45,1,15391.049999999996,344.5003448275862
BAT-004903,2026-08,22,PLT-06,APAC,FRM-08,PRD-08,Surfactants,0.8703,0.995,24.79,24.67,24.67,0,1072.86,36989.72,58008.62,1,21018.9,419.26263009277955
BAT-004904,2026-08,22,PLT-06,APAC,FRM-02,PRD-02,Polymers,0.8325,0.995,50.01,49.76,49.76,0,911.61,64768.69,102867.76,1,38099.06999999999,383.50477704459115
BAT-004905,2026-08,22,PLT-05,LATAM,FRM-09,PRD-09,Specialty,0.7892,0.8864,26.08,23.12,23.12,0,1652.24,57418.11,58131.19,1,713.0800000000017,549.3746472392638
BAT-004906,2026-08,22,PLT-02,AMER,FRM-03,PRD-03,Solvents,0.8489,0.995,85.22,84.79,84.79,0,567.89,68038.07,110554.02,1,42515.95,230.4914832199015
BAT-004907,2026-08,22,PLT-06,APAC,FRM-11,PRD-11,Polymers,0.8825,0.9891,23.71,23.45,23.45,0,748.35,23453.5,38237.31,1,14783.809999999998,240.83177983972996
BAT-004908,2026-08,22,PLT-03,APAC,FRM-01,PRD-01,Polymers,0.6014,0.9663,37.89,36.61,0.0,1,777.86,42290.91,0.0,1,-42290.91,338.28964370546316
BAT-004909,2026-08,22,PLT-06,APAC,FRM-06,PRD-06,Coatings,0.8527,0.93,22.57,20.99,20.99,0,1468.53,46710.98,71462.2,1,24751.219999999994,601.074785112982
BAT-004910,2026-08,22,PLT-06,APAC,FRM-02,PRD-02,Polymers,0.8404,0.9551,52.87,50.49,50.49,0,911.61,64484.6,103580.79,1,39096.189999999995,308.07223945526755
BAT-004911,2026-08,22,PLT-03,APAC,FRM-02,PRD-02,Polymers,0.6541,0.9907,39.64,39.27,39.27,0,911.61,51651.02,77293.52,1,25642.500000000007,391.39252270433883
BAT-004912,2026-08,22,PLT-06,APAC,FRM-09,PRD-09,Specialty,0.8592,0.897,41.11,36.88,36.88,0,1652.24,90490.18,96693.13,1,6202.950000000012,548.9319776210166
BAT-004913,2026-08,22,PLT-06,APAC,FRM-07,PRD-07,Catalysts,0.8065,0.9236,2.47,2.28,2.28,0,15311.55,53422.59,85582.54,1,32159.949999999997,6317.028947368417
BAT-004914,2026-08,22,PLT-06,APAC,FRM-10,PRD-10,Agrochem,0.8286,0.995,69.38,69.03,69.03,0,592.09,56803.4,84321.05,1,27517.65,226.63874027097154
BAT-004915,2026-08,22,PLT-06,APAC,FRM-06,PRD-06,Coatings,0.8415,0.9869,35.24,34.78,34.78,0,1468.53,71050.62,115880.49,1,44829.87000000001,547.6623950056751
BAT-004916,2026-08,22,PLT-05,LATAM,FRM-10,PRD-10,Agrochem,0.8061,0.9842,59.31,58.37,58.37,0,592.09,47623.06,73202.2,1,25579.14,210.86161018378004
BAT-004917,2026-08,22,PLT-01,EMEA,FRM-05,PRD-05,Coatings,0.9198,0.9293,18.66,17.34,17.34,0,1352.87,33500.68,52468.16,1,18967.480000000003,442.450471596999
BAT-004918,2026-08,22,PLT-01,EMEA,FRM-09,PRD-09,Specialty,0.8536,0.9178,15.44,14.17,14.17,0,1652.24,34474.23,37665.22,1,3190.989999999998,580.5469170984459
BAT-004919,2026-08,22,PLT-04,EMEA,FRM-09,PRD-09,Specialty,0.9159,0.859,35.6,30.58,30.58,0,1652.24,77033.29,78384.46,1,1351.1700000000128,511.616460674157
BAT-004920,2026-08,22,PLT-03,APAC,FRM-05,PRD-05,Coatings,0.6319,0.9003,15.43,13.89,13.89,0,1352.87,30362.26,42055.4,1,11693.140000000003,614.8720609202851
BAT-004921,2026-08,22,PLT-04,EMEA,FRM-02,PRD-02,Polymers,0.9485,0.995,70.34,69.99,69.99,0,911.61,87691.26,142263.02,1,54571.759999999995,335.0669974410008
BAT-004922,2026-08,22,PLT-06,APAC,FRM-01,PRD-01,Polymers,0.8497,0.995,64.18,63.86,63.86,0,777.86,69147.34,112999.65,1,43852.31,299.5370084138359
BAT-004923,2026-08,22,PLT-02,AMER,FRM-01,PRD-01,Polymers,0.8173,0.995,73.06,72.7,72.7,0,777.86,77538.02,128711.42,1,51173.399999999994,283.43236244182856
BAT-004924,2026-08,22,PLT-01,EMEA,FRM-10,PRD-10,Agrochem,0.8698,0.995,79.68,79.28,79.28,0,592.09,63488.06,92163.74,1,28675.680000000008,204.6979016064256
BAT-004925,2026-08,22,PLT-06,APAC,FRM-12,PRD-12,Solvents,0.8837,0.995,51.14,50.89,50.89,0,625.65,43045.29,74968.44,1,31923.15,216.064704732108
BAT-004926,2026-08,22,PLT-04,EMEA,FRM-02,PRD-02,Polymers,0.9344,0.995,65.3,64.97,64.97,0,911.61,79971.47,127240.57,1,47269.100000000006,313.0679479326187
BAT-004927,2026-08,22,PLT-03,APAC,FRM-12,PRD-12,Solvents,0.6238,0.995,25.08,24.96,24.96,0,625.65,23020.6,34237.3,1,11216.700000000004,292.2367623604466
BAT-004928,2026-08,22,PLT-02,AMER,FRM-07,PRD-07,Catalysts,0.8524,0.9412,2.69,2.54,2.54,0,15311.55,57084.79,91777.52,1,34692.73,5909.561524163571
BAT-004929,2026-08,22,PLT-06,APAC,FRM-06,PRD-06,Coatings,0.8392,0.9681,32.53,31.49,31.49,0,1468.53,64900.46,107957.31,1,43056.85,526.5656040577928
BAT-004930,2026-08,22,PLT-02,AMER,FRM-10,PRD-10,Agrochem,0.842,0.995,55.77,55.49,55.49,0,592.09,46481.01,68286.81,1,21805.799999999996,241.35109736417428
BAT-004931,2026-08,22,PLT-02,AMER,FRM-06,PRD-06,Coatings,0.8076,0.9712,19.34,18.79,18.79,0,1468.53,39465.42,59834.8,1,20369.380000000005,572.0811685625645
BAT-004932,2026-08,22,PLT-06,APAC,FRM-12,PRD-12,Solvents,0.91,0.995,63.4,63.08,63.08,0,625.65,53766.86,93500.21,1,39733.350000000006,222.40772870662465
BAT-004933,2026-08,22,PLT-05,LATAM,FRM-01,PRD-01,Polymers,0.8006,0.995,51.4,51.14,51.14,0,777.86,55554.42,91596.52,1,36042.100000000006,302.96529182879374
BAT-004934,2026-08,22,PLT-06,APAC,FRM-12,PRD-12,Solvents,0.8125,0.995,41.6,41.4,41.4,0,625.65,36005.6,61453.31,1,25447.71,239.86923076923074
BAT-004935,2026-08,22,PLT-03,APAC,FRM-09,PRD-09,Specialty,0.6447,0.8719,14.31,12.48,12.48,0,1652.24,32964.38,32360.31,1,-604.0699999999961,651.3504961565338
BAT-004936,2026-08,22,PLT-02,AMER,FRM-10,PRD-10,Agrochem,0.9135,0.995,58.69,58.4,58.4,0,592.09,47412.59,74664.68,1,27252.089999999997,215.75784460725845
BAT-004937,2026-08,22,PLT-04,EMEA,FRM-10,PRD-10,Agrochem,0.9038,0.9722,93.02,90.43,90.43,0,592.09,76807.92,115248.06,1,38440.14,233.62403999139963
BAT-004938,2026-08,22,PLT-02,AMER,FRM-08,PRD-08,Surfactants,0.8157,0.9552,63.8,60.94,60.94,0,1072.86,93595.01,144589.93,1,50994.92,394.14642633228846
BAT-004939,2026-08,22,PLT-06,APAC,FRM-09,PRD-09,Specialty,0.8705,0.8805,45.14,39.74,39.74,0,1652.24,99298.88,104196.58,1,4897.699999999997,547.5579618963227
BAT-004940,2026-08,22,PLT-06,APAC,FRM-03,PRD-03,Solvents,0.9192,0.995,59.27,58.97,58.97,0,567.89,46356.82,76928.86,1,30572.04,214.23957651425678
BAT-004941,2026-08,22,PLT-03,APAC,FRM-06,PRD-06,Coatings,0.6099,0.9302,16.71,15.54,15.54,0,1468.53,35018.92,53891.37,1,18872.450000000004,627.1564153201673
BAT-004942,2026-08,22,PLT-04,EMEA,FRM-02,PRD-02,Polymers,0.9351,0.942,71.45,67.3,67.3,0,911.61,89149.92,139052.71,1,49902.78999999999,336.11456263121056
BAT-004943,2026-08,22,PLT-02,AMER,FRM-11,PRD-11,Polymers,0.8909,0.9484,61.62,58.43,58.43,0,748.35,61439.73,97717.06,1,36277.329999999994,248.72448880233696
BAT-004944,2026-08,22,PLT-01,EMEA,FRM-01,PRD-01,Polymers,0.9157,0.995,29.68,29.53,29.53,0,777.86,30628.91,51163.95,1,20535.039999999997,254.1113611859838
BAT-004945,2026-08,22,PLT-03,APAC,FRM-01,PRD-01,Polymers,0.628,0.9512,44.68,42.5,42.5,0,777.86,50385.79,70466.8,1,20081.010000000002,349.84344673231874
BAT-004946,2026-08,22,PLT-06,APAC,FRM-07,PRD-07,Catalysts,0.8407,0.9158,3.26,2.98,2.98,0,15311.55,69035.09,107362.03,1,38326.94,5864.857975460123
BAT-004947,2026-08,22,PLT-02,AMER,FRM-10,PRD-10,Agrochem,0.8493,0.995,65.28,64.96,64.96,0,592.09,53437.54,79481.22,1,26043.68,226.49976715686273
BAT-004948,2026-08,22,PLT-03,APAC,FRM-04,PRD-04,Agrochem,0.6411,0.9225,49.14,45.33,45.33,0,559.24,39832.43,52514.67,1,12682.239999999998,251.35076109076113
BAT-004949,2026-08,22,PLT-03,APAC,FRM-11,PRD-11,Polymers,0.589,0.9595,45.8,43.94,43.94,0,748.35,49572.26,74143.57,1,24571.310000000005,334.01375545851545
BAT-004950,2026-08,22,PLT-03,APAC,FRM-09,PRD-09,Specialty,0.6328,0.8629,30.33,26.17,26.17,0,1652.24,71723.48,64828.63,1,-6894.8499999999985,712.5301945268709
BAT-004951,2026-08,22,PLT-02,AMER,FRM-06,PRD-06,Coatings,0.8595,0.9833,48.09,47.28,47.28,0,1468.53,99539.2,165358.77,1,65819.56999999999,601.3223601580369
BAT-004952,2026-08,22,PLT-02,AMER,FRM-06,PRD-06,Coatings,0.9366,0.9851,19.88,19.59,19.59,0,1468.53,39669.0,62754.22,1,23085.22,526.8925352112678
BAT-004953,2026-08,22,PLT-02,AMER,FRM-08,PRD-08,Surfactants,0.8967,0.995,23.72,23.6,0.0,1,1072.86,35318.46,0.0,1,-35318.46,416.1138617200677
BAT-004954,2026-08,22,PLT-03,APAC,FRM-10,PRD-10,Agrochem,0.6511,0.9353,27.84,26.04,26.04,0,592.09,24521.72,31246.56,1,6724.84,288.71890804597706
BAT-004955,2026-08,22,PLT-06,APAC,FRM-07,PRD-07,Catalysts,0.8203,0.9419,3.31,3.12,3.12,0,15311.55,69292.27,114462.2,1,45169.92999999999,5622.670543806649
BAT-004956,2026-08,22,PLT-02,AMER,FRM-06,PRD-06,Coatings,0.847,0.8978,19.2,17.24,17.24,0,1468.53,39928.58,54953.91,1,15025.330000000002,611.0835416666671
BAT-004957,2026-08,22,PLT-05,LATAM,FRM-02,PRD-02,Polymers,0.7793,0.9671,29.76,28.78,28.78,0,911.61,38224.19,57743.81,1,19519.619999999995,372.8049865591398
BAT-004958,2026-08,22,PLT-01,EMEA,FRM-01,PRD-01,Polymers,0.9396,0.995,31.83,31.68,31.68,0,777.86,33353.79,56984.67,1,23630.879999999997,270.01276154571167
BAT-004959,2026-08,22,PLT-02,AMER,FRM-04,PRD-04,Agrochem,0.8234,0.9447,107.64,101.69,101.69,0,559.24,84004.14,114083.05,1,30078.910000000003,221.17750278706797
BAT-004960,2026-08,22,PLT-06,APAC,FRM-06,PRD-06,Coatings,0.8605,0.9514,30.97,29.46,29.46,0,1468.53,62469.07,101679.94,1,39210.87,548.5533064255733
BAT-004961,2026-08,22,PLT-02,AMER,FRM-06,PRD-06,Coatings,0.8668,0.9689,22.04,21.35,21.35,0,1468.53,45020.78,72834.49,1,27813.710000000006,574.1551179673322
BAT-004962,2026-08,22,PLT-01,EMEA,FRM-02,PRD-02,Polymers,0.901,0.9769,64.08,62.6,62.6,0,911.61,80346.99,118488.21,1,38141.22,342.24440074906386
BAT-004963,2026-08,22,PLT-04,EMEA,FRM-04,PRD-04,Agrochem,0.9284,0.963,100.29,96.59,96.59,0,559.24,77141.06,114073.52,1,36932.46000000001,209.9399780636154
BAT-004964,2026-08,22,PLT-03,APAC,FRM-03,PRD-03,Solvents,0.5588,0.995,68.33,67.98,0.0,1,567.89,56756.25,0.0,1,-56756.25,262.7297863310406
BAT-004965,2026-08,22,PLT-04,EMEA,FRM-01,PRD-01,Polymers,0.9174,0.995,47.83,47.59,47.59,0,777.86,49051.37,82591.44,1,33540.07,247.67564708342059
BAT-004966,2026-08,22,PLT-01,EMEA,FRM-02,PRD-02,Polymers,0.9306,0.995,21.21,21.11,21.11,0,911.61,26221.57,43547.44,1,17325.870000000003,324.6733569071192
BAT-004967,2026-08,22,PLT-01,EMEA,FRM-07,PRD-07,Catalysts,0.9054,0.8945,3.54,3.16,3.16,0,15311.55,74313.66,116710.84,1,42397.17999999999,5681.0093220339
BAT-004968,2026-08,22,PLT-01,EMEA,FRM-09,PRD-09,Specialty,0.8991,0.8549,44.49,38.03,38.03,0,1652.24,96890.0,100214.44,1,3324.4400000000023,525.5527624185208
BAT-004969,2026-08,22,PLT-03,APAC,FRM-11,PRD-11,Polymers,0.6354,0.9445,32.88,31.05,31.05,0,748.35,35606.16,49284.37,1,13678.21,334.5624087591242
BAT-004970,2026-08,22,PLT-01,EMEA,FRM-02,PRD-02,Polymers,0.911,0.9896,56.74,56.15,56.15,0,911.61,69953.31,107172.88,1,37219.57000000001,321.264691575608
BAT-004971,2026-08,22,PLT-02,AMER,FRM-04,PRD-04,Agrochem,0.8463,0.9787,104.8,102.57,102.57,0,559.24,81865.83,125705.66,1,43839.83,221.9225
BAT-004972,2026-08,22,PLT-02,AMER,FRM-12,PRD-12,Solvents,0.9446,0.995,47.63,47.39,47.39,0,625.65,39526.1,67454.16,1,27928.060000000005,204.2072328364476
BAT-004973,2026-08,22,PLT-03,APAC,FRM-09,PRD-09,Specialty,0.5789,0.8502,43.36,36.86,36.86,0,1652.24,101924.99,93632.82,1,-8292.169999999998,698.4285885608858
BAT-004974,2026-08,22,PLT-04,EMEA,FRM-10,PRD-10,Agrochem,0.8767,0.995,53.43,53.16,53.16,0,592.09,43370.25,63626.49,1,20256.239999999998,219.63094329028638
BAT-004975,2026-08,22,PLT-05,LATAM,FRM-07,PRD-07,Catalysts,0.8147,0.9486,2.36,2.24,2.24,0,15311.55,50129.92,79812.52,1,29682.600000000006,5929.941525423728
BAT-004976,2026-08,22,PLT-02,AMER,FRM-07,PRD-07,Catalysts,0.9275,0.9271,2.29,2.12,2.12,0,15311.55,46565.9,79213.71,1,32647.810000000005,5022.904148471618
BAT-004977,2026-08,22,PLT-04,EMEA,FRM-08,PRD-08,Surfactants,0.9218,0.995,39.06,38.87,38.87,0,1072.86,55985.73,89353.83,1,33368.1,360.4664208909371
BAT-004978,2026-08,22,PLT-06,APAC,FRM-08,PRD-08,Surfactants,0.8172,0.9802,34.6,33.91,33.91,0,1072.86,51897.69,78264.58,1,26366.89,427.07323699421977
BAT-004979,2026-08,22,PLT-01,EMEA,FRM-03,PRD-03,Solvents,0.935,0.9721,41.8,40.63,40.63,0,567.89,32793.52,51904.39,1,19110.870000000003,216.64397129186602
BAT-004980,2026-08,22,PLT-06,APAC,FRM-09,PRD-09,Specialty,0.8452,0.8957,42.27,37.86,37.86,0,1652.24,93098.28,100210.94,1,7112.6600000000035,550.2269978708302
BAT-004981,2026-08,22,PLT-04,EMEA,FRM-03,PRD-03,Solvents,0.9288,0.995,61.37,61.07,61.07,0,567.89,47541.54,80133.3,1,32591.760000000002,206.78068600293307
BAT-004982,2026-08,22,PLT-02,AMER,FRM-08,PRD-08,Surfactants,0.97,0.979,43.45,42.54,42.54,0,1072.86,61884.58,98487.21,1,36602.630000000005,351.4111162255467
BAT-004983,2026-08,22,PLT-05,LATAM,FRM-01,PRD-01,Polymers,0.8337,0.9931,25.33,25.15,25.15,0,777.86,27938.11,44850.16,1,16912.050000000003,325.1052585866563
BAT-004984,2026-08,22,PLT-06,APAC,FRM-07,PRD-07,Catalysts,0.8116,0.902,3.28,2.95,2.95,0,15311.55,71614.78,101467.18,1,29852.399999999994,6522.224390243904
BAT-004985,2026-08,22,PLT-05,LATAM,FRM-02,PRD-02,Polymers,0.8138,0.9676,36.06,34.89,34.89,0,911.61,44823.63,67847.82,1,23024.19000000001,331.4191181364391
BAT-004986,2026-08,22,PLT-06,APAC,FRM-04,PRD-04,Agrochem,0.8315,0.9659,46.37,44.79,44.79,0,559.24,35489.9,54974.99,1,19485.089999999997,206.12338149665743
BAT-004987,2026-08,22,PLT-03,APAC,FRM-04,PRD-04,Agrochem,0.6008,0.9317,82.3,76.69,76.69,0,559.24,68490.17,87324.09,1,18833.92,272.9613365735115
BAT-004988,2026-08,22,PLT-03,APAC,FRM-12,PRD-12,Solvents,0.5472,0.9945,51.87,51.59,51.59,0,625.65,48668.12,71941.35,1,23273.230000000003,312.62106227106244
BAT-004989,2026-08,22,PLT-02,AMER,FRM-02,PRD-02,Polymers,0.8661,0.9784,44.42,43.46,43.46,0,911.61,54425.13,87281.29,1,32856.159999999996,313.62930661864004
BAT-004990,2026-08,22,PLT-01,EMEA,FRM-09,PRD-09,Specialty,0.8501,0.8872,15.99,14.18,14.18,0,1652.24,35120.6,36381.56,1,1260.9599999999991,544.1702564102563
BAT-004991,2026-08,22,PLT-04,EMEA,FRM-12,PRD-12,Solvents,0.9096,0.995,64.68,64.36,64.36,0,625.65,54692.38,95520.05,1,40827.670000000006,219.9341063698206
BAT-004992,2026-08,22,PLT-04,EMEA,FRM-05,PRD-05,Coatings,0.9396,0.9614,47.88,46.03,46.03,0,1352.87,88504.16,143099.37,1,54595.20999999999,495.58781119465334
BAT-004993,2026-08,22,PLT-01,EMEA,FRM-11,PRD-11,Polymers,0.8427,0.9937,48.94,48.63,48.63,0,748.35,51492.21,82402.45,1,30910.239999999998,303.79977523498167
BAT-004994,2026-08,22,PLT-05,LATAM,FRM-01,PRD-01,Polymers,0.8,0.995,49.01,48.77,48.77,0,777.86,52703.97,85738.05,1,33034.08,297.51176086512953
BAT-004995,2026-08,22,PLT-06,APAC,FRM-05,PRD-05,Coatings,0.8371,0.9645,20.3,19.58,19.58,0,1352.87,38670.7,59265.01,1,20594.310000000005,552.0905911330049
BAT-004996,2026-08,22,PLT-01,EMEA,FRM-10,PRD-10,Agrochem,0.8443,0.995,58.45,58.15,58.15,0,592.09,48014.92,69819.59,1,21804.67,229.37997433704015
BAT-004997,2026-08,22,PLT-06,APAC,FRM-06,PRD-06,Coatings,0.8428,0.9551,32.6,31.14,31.14,0,1468.53,67519.78,107757.43,1,40237.649999999994,602.6288957055215
BAT-004998,2026-08,22,PLT-06,APAC,FRM-09,PRD-09,Specialty,0.8048,0.9155,41.62,38.1,38.1,0,1652.24,91515.08,100886.73,1,9371.649999999994,546.5846035559828
BAT-004999,2026-08,22,PLT-01,EMEA,FRM-04,PRD-04,Agrochem,0.8701,0.9531,60.46,57.62,57.62,0,559.24,44880.32,67718.23,1,22837.909999999996,183.0742573602381
BAT-005000,2026-08,22,PLT-06,APAC,FRM-07,PRD-07,Catalysts,0.9088,0.8985,2.13,1.91,1.91,0,15311.55,45133.34,71105.6,1,25972.26000000001,5877.8115023474165
BAT-005001,2026-08,22,PLT-04,EMEA,FRM-05,PRD-05,Coatings,0.9638,0.991,45.9,45.48,45.48,0,1352.87,82022.42,128718.71,1,46696.29000000001,434.11082788671047
BAT-005002,2026-08,22,PLT-02,AMER,FRM-09,PRD-09,Specialty,0.7827,0.8739,62.82,54.9,54.9,0,1652.24,137931.36,144698.8,1,6767.440000000002,543.419980897803
BAT-005003,2026-08,22,PLT-06,APAC,FRM-04,PRD-04,Agrochem,0.7811,0.995,70.97,70.61,70.61,0,559.24,53898.09,82476.4,1,28578.309999999998,200.20892207975191
BAT-005004,2026-08,22,PLT-04,EMEA,FRM-01,PRD-01,Polymers,0.9655,0.995,75.66,75.28,75.28,0,777.86,76824.83,136661.79,1,59836.96000000001,237.53558551414233
BAT-005005,2026-08,22,PLT-05,LATAM,FRM-02,PRD-02,Polymers,0.8287,0.9856,33.81,33.33,33.33,0,911.61,43373.91,67275.99,1,23902.08,371.2622271517304
BAT-005006,2026-08,22,PLT-02,AMER,FRM-07,PRD-07,Catalysts,0.8994,0.9487,3.9,3.7,3.7,0,15311.55,81208.22,133866.92,1,52658.70000000001,5511.070512820515
BAT-005007,2026-08,22,PLT-03,APAC,FRM-03,PRD-03,Solvents,0.6069,0.995,58.49,58.19,58.19,0,567.89,47862.1,74486.36,1,26624.260000000002,250.40543511711405
BAT-005008,2026-08,22,PLT-03,APAC,FRM-05,PRD-05,Coatings,0.6105,0.9188,17.74,16.3,16.3,0,1352.87,34058.83,50934.06,1,16875.229999999996,567.0189515219845
BAT-005009,2026-08,22,PLT-04,EMEA,FRM-04,PRD-04,Agrochem,0.8862,0.9688,55.47,53.73,53.73,0,559.24,42022.94,64810.67,1,22787.729999999996,198.33959257256174
BAT-005010,2026-08,22,PLT-03,APAC,FRM-01,PRD-01,Polymers,0.6586,0.9623,29.02,27.93,27.93,0,777.86,33121.65,47669.6,1,14547.949999999997,363.4787319090284
BAT-005011,2026-08,22,PLT-02,AMER,FRM-12,PRD-12,Solvents,0.9436,0.995,80.0,79.6,79.6,0,625.65,66946.83,114282.28,1,47335.45,211.18537500000002
BAT-005012,2026-08,22,PLT-06,APAC,FRM-07,PRD-07,Catalysts,0.8898,0.977,1.13,1.11,1.11,0,15311.55,23520.26,39000.53,1,15480.27,5502.839380530975
BAT-005013,2026-08,22,PLT-03,APAC,FRM-12,PRD-12,Solvents,0.6182,0.9805,77.32,75.81,75.81,0,625.65,68816.62,108407.73,1,39591.11,264.3735385411278
BAT-005014,2026-08,22,PLT-05,LATAM,FRM-02,PRD-02,Polymers,0.8227,0.9779,37.1,36.29,36.29,0,911.61,47839.41,74376.21,1,26536.800000000003,377.86196765498664
BAT-005015,2026-08,22,PLT-02,AMER,FRM-03,PRD-03,Solvents,0.868,0.995,105.45,104.92,104.92,0,567.89,81974.11,143056.85,1,61082.740000000005,209.48420578473213
BAT-005016,2026-08,22,PLT-02,AMER,FRM-08,PRD-08,Surfactants,0.8804,0.9854,45.94,45.27,45.27,0,1072.86,65708.95,106573.66,1,40864.71000000001,357.4610709621247
BAT-005017,2026-08,22,PLT-03,APAC,FRM-12,PRD-12,Solvents,0.6554,0.9457,27.58,26.09,26.09,0,625.65,25411.8,37318.17,1,11906.369999999999,295.73506163886884
BAT-005018,2026-08,22,PLT-03,APAC,FRM-04,PRD-04,Agrochem,0.6137,0.9577,70.66,67.67,67.67,0,559.24,56589.89,82068.56,1,25478.67,241.63588451740736
BAT-005019,2026-08,22,PLT-05,LATAM,FRM-08,PRD-08,Surfactants,0.7836,0.9856,21.22,20.92,20.92,0,1072.86,32765.49,48970.36,1,16204.869999999999,471.2252968897269
BAT-005020,2026-08,22,PLT-02,AMER,FRM-05,PRD-05,Coatings,0.8266,0.9228,50.32,46.44,46.44,0,1352.87,95577.96,133025.61,1,37447.64999999998,546.5330206677268
BAT-005021,2026-08,22,PLT-06,APAC,FRM-07,PRD-07,Catalysts,0.9159,0.912,3.25,2.96,2.96,0,15311.55,66807.9,105299.41,1,38491.51000000001,5244.726923076923
BAT-005022,2026-08,22,PLT-04,EMEA,FRM-07,PRD-07,Catalysts,0.9503,0.9606,3.35,3.22,3.22,0,15311.55,66592.54,118232.54,1,51640.0,4566.82014925373
BAT-005023,2026-08,22,PLT-02,AMER,FRM-08,PRD-08,Surfactants,0.8693,0.9625,27.91,26.86,26.86,0,1072.86,40307.14,59700.4,1,19393.260000000002,371.32273020422804
BAT-005024,2026-08,22,PLT-04,EMEA,FRM-06,PRD-06,Coatings,0.8699,0.9444,31.04,29.31,29.31,0,1468.53,62837.87,95990.97,1,33153.1,555.8859149484538
BAT-005025,2026-08,22,PLT-01,EMEA,FRM-08,PRD-08,Surfactants,0.8672,0.995,29.5,29.35,29.35,0,1072.86,43145.89,69964.06,1,26818.17,389.71254237288144
BAT-005026,2026-08,22,PLT-05,LATAM,FRM-11,PRD-11,Polymers,0.811,0.9891,36.07,35.67,35.67,0,748.35,37341.29,58990.39,1,21649.1,286.8950790130301
BAT-005027,2026-08,22,PLT-02,AMER,FRM-03,PRD-03,Solvents,0.8303,0.995,62.36,62.04,62.04,0,567.89,48204.01,78149.17,1,29945.159999999996,205.10567030147536
BAT-005028,2026-08,22,PLT-06,APAC,FRM-03,PRD-03,Solvents,0.885,0.995,89.21,88.76,88.76,0,567.89,70126.76,111855.48,1,41728.72,218.19631319358814
BAT-005029,2026-08,22,PLT-03,APAC,FRM-09,PRD-09,Specialty,0.6498,0.878,27.27,23.94,23.94,0,1652.24,63750.18,59306.56,1,-4443.620000000003,685.5003740374038
BAT-005030,2026-08,22,PLT-06,APAC,FRM-08,PRD-08,Surfactants,0.8709,0.9624,16.62,15.99,15.99,0,1072.86,24696.1,38322.23,1,13626.130000000005,413.06659446450044
BAT-005031,2026-08,22,PLT-04,EMEA,FRM-12,PRD-12,Solvents,0.8886,0.9705,56.22,54.56,54.56,0,625.65,47313.43,78243.13,1,30929.700000000004,215.92648523657067
BAT-005032,2026-08,22,PLT-06,APAC,FRM-07,PRD-07,Catalysts,0.8323,0.9786,1.8,1.76,1.76,0,15311.55,38973.53,62157.08,1,23183.550000000003,6340.411111111112
BAT-005033,2026-08,22,PLT-02,AMER,FRM-01,PRD-01,Polymers,0.8815,0.995,52.73,52.47,52.47,0,777.86,56287.8,87635.94,1,31348.14,289.6120273089324
BAT-005034,2026-08,22,PLT-04,EMEA,FRM-01,PRD-01,Polymers,0.9199,0.9689,31.26,30.28,30.28,0,777.86,32598.47,51119.54,1,18521.07,264.95733845169536
BAT-005035,2026-08,22,PLT-06,APAC,FRM-09,PRD-09,Specialty,0.8428,0.9243,22.5,20.8,20.8,0,1652.24,49395.15,51711.49,1,2316.3399999999965,543.1000000000001
BAT-005036,2026-08,22,PLT-06,APAC,FRM-11,PRD-11,Polymers,0.9412,0.9853,55.97,55.14,55.14,0,748.35,56027.68,92501.74,1,36474.060000000005,252.68055208147223
BAT-005037,2026-08,22,PLT-06,APAC,FRM-05,PRD-05,Coatings,0.8396,0.9558,29.82,28.5,28.5,0,1352.87,55872.35,84763.81,1,28891.46,520.7835881958417
BAT-005038,2026-08,22,PLT-06,APAC,FRM-08,PRD-08,Surfactants,0.8883,0.995,44.51,44.29,44.29,0,1072.86,65568.78,104144.64,1,38575.86,400.2646910806561
BAT-005039,2026-08,22,PLT-02,AMER,FRM-06,PRD-06,Coatings,0.8766,0.9527,42.37,40.36,40.36,0,1468.53,86314.26,130903.99,1,44589.73000000001,568.6250625442531
BAT-005040,2026-08,22,PLT-03,APAC,FRM-05,PRD-05,Coatings,0.6516,0.9003,26.83,24.15,24.15,0,1352.87,51281.88,72031.77,1,20749.890000000007,558.4933991800226
BAT-005041,2026-08,22,PLT-02,AMER,FRM-12,PRD-12,Solvents,0.8295,0.9753,38.13,37.19,37.19,0,625.65,33599.01,54509.48,1,20910.47,255.5199449252557
BAT-005042,2026-08,22,PLT-06,APAC,FRM-02,PRD-02,Polymers,0.8668,0.9576,34.97,33.49,33.49,0,911.61,44663.43,68480.96,1,23817.530000000006,365.58273663139846
BAT-005043,2026-08,22,PLT-06,APAC,FRM-03,PRD-03,Solvents,0.7929,0.995,67.99,67.65,67.65,0,567.89,55352.69,90138.24,1,34785.55,246.23987204000605
BAT-005044,2026-08,22,PLT-04,EMEA,FRM-06,PRD-06,Coatings,0.8356,0.9415,38.07,35.84,35.84,0,1468.53,77174.1,115302.62,1,38128.51999999999,558.633120567376
BAT-005045,2026-08,22,PLT-01,EMEA,FRM-12,PRD-12,Solvents,0.8643,0.9852,32.41,31.93,31.93,0,625.65,28339.96,44622.74,1,16282.779999999999,248.77024066646106
BAT-005046,2026-08,22,PLT-01,EMEA,FRM-08,PRD-08,Surfactants,0.8256,0.995,33.68,33.52,33.52,0,1072.86,48588.24,75097.75,1,26509.510000000002,369.78370546318297
BAT-005047,2026-08,22,PLT-01,EMEA,FRM-01,PRD-01,Polymers,0.9096,0.9718,55.51,53.94,53.94,0,777.86,60116.34,97176.48,1,37060.14,305.122165375608
BAT-005048,2026-08,22,PLT-06,APAC,FRM-09,PRD-09,Specialty,0.8635,0.8955,25.66,22.98,22.98,0,1652.24,57522.92,61144.62,1,3621.7000000000044,589.494996102884
BAT-005049,2026-08,22,PLT-02,AMER,FRM-08,PRD-08,Surfactants,0.8824,0.995,51.49,51.23,51.23,0,1072.86,75856.87,117626.16,1,41769.29000000001,400.374997086813
BAT-005050,2026-08,22,PLT-06,APAC,FRM-07,PRD-07,Catalysts,0.8521,0.9304,2.51,2.34,2.34,0,15311.55,53699.72,87805.28,1,34105.56,6082.760756972115
BAT-005051,2026-08,22,PLT-01,EMEA,FRM-12,PRD-12,Solvents,0.8391,0.9891,30.18,29.85,29.85,0,625.65,26774.12,40962.61,1,14188.490000000002,261.4977799867462
BAT-005052,2026-08,22,PLT-06,APAC,FRM-02,PRD-02,Polymers,0.8583,0.995,35.22,35.05,35.05,0,911.61,43877.0,69582.28,1,25705.28,334.1878421351506
BAT-005053,2026-08,22,PLT-05,LATAM,FRM-06,PRD-06,Coatings,0.811,0.9407,15.28,14.38,14.38,0,1468.53,30899.24,49396.14,1,18496.899999999998,553.6715706806285
BAT-005054,2026-08,22,PLT-01,EMEA,FRM-08,PRD-08,Surfactants,0.8322,0.995,48.4,48.16,48.16,0,1072.86,71297.13,115486.44,1,44189.31,400.2211983471077
BAT-005055,2026-08,22,PLT-05,LATAM,FRM-09,PRD-09,Specialty,0.8645,0.8813,32.58,28.72,28.72,0,1652.24,70629.43,74495.58,1,3866.1500000000087,515.6369183548188
BAT-005056,2026-08,22,PLT-06,APAC,FRM-07,PRD-07,Catalysts,0.8375,0.9689,1.63,1.58,1.58,0,15311.55,34260.91,57475.45,1,23214.539999999994,5707.413190184052
BAT-005057,2026-08,22,PLT-01,EMEA,FRM-05,PRD-05,Coatings,0.9206,0.9623,17.24,16.59,0.0,1,1352.87,30615.27,0.0,1,-30615.27,422.95772621809783
BAT-005058,2026-08,22,PLT-06,APAC,FRM-01,PRD-01,Polymers,0.8128,0.995,47.83,47.59,0.0,1,777.86,50576.82,0.0,1,-50576.82,279.56881037006076
BAT-005059,2026-08,22,PLT-01,EMEA,FRM-02,PRD-02,Polymers,0.9427,0.9252,47.12,43.6,43.6,0,911.61,58976.1,84697.29,1,25721.189999999995,340.005025466893
BAT-005060,2026-08,22,PLT-02,AMER,FRM-09,PRD-09,Specialty,0.919,0.8791,42.79,37.62,37.62,0,1652.24,94791.99,95548.61,1,756.6199999999953,563.0437111474646
BAT-005061,2026-09,23,PLT-06,APAC,FRM-09,PRD-09,Specialty,0.8791,0.8504,15.67,13.32,0.0,1,1654.51,33403.44,0.0,1,-33403.44,477.17091895341423
BAT-005062,2026-09,23,PLT-01,EMEA,FRM-04,PRD-04,Agrochem,0.8463,0.9371,61.73,57.84,57.84,0,560.0,47626.17,68990.24,1,21364.070000000007,211.52389437874615
BAT-005063,2026-09,23,PLT-02,AMER,FRM-02,PRD-02,Polymers,0.8681,0.9532,69.83,66.56,66.56,0,912.86,89256.3,129244.02,1,39987.72,365.3341858799944
BAT-005064,2026-09,23,PLT-03,APAC,FRM-12,PRD-12,Solvents,0.642,0.9886,71.67,70.86,70.86,0,626.5,65520.27,105617.84,1,40097.57,287.6938049393051
BAT-005065,2026-09,23,PLT-05,LATAM,FRM-01,PRD-01,Polymers,0.827,0.9755,22.83,22.27,22.27,0,778.93,24987.35,37610.17,1,12622.82,315.5662768287342
BAT-005066,2026-09,23,PLT-01,EMEA,FRM-02,PRD-02,Polymers,0.9098,0.9474,61.88,58.62,58.62,0,912.86,75482.48,120837.54,1,45355.06,306.9602973497091
BAT-005067,2026-09,23,PLT-02,AMER,FRM-07,PRD-07,Catalysts,0.8897,0.9652,3.18,3.07,3.07,0,15332.52,64923.41,108155.82,1,43232.41,5083.646666666667
BAT-005068,2026-09,23,PLT-05,LATAM,FRM-04,PRD-04,Agrochem,0.8152,0.995,43.92,43.7,43.7,0,560.0,34410.09,50436.16,1,16026.070000000007,223.471994535519
BAT-005069,2026-09,23,PLT-04,EMEA,FRM-10,PRD-10,Agrochem,0.9281,0.9622,45.44,43.72,43.72,0,592.9,37083.35,53929.33,1,16845.980000000003,223.19485035211267
BAT-005070,2026-09,23,PLT-01,EMEA,FRM-08,PRD-08,Surfactants,0.9128,0.9739,52.84,51.46,51.46,0,1074.33,75620.21,122333.99,1,46713.78,356.78676760030294
BAT-005071,2026-09,23,PLT-05,LATAM,FRM-08,PRD-08,Surfactants,0.8403,0.995,37.94,37.75,37.75,0,1074.33,57356.96,88136.13,1,30779.170000000006,437.45070637849244
BAT-005072,2026-09,23,PLT-06,APAC,FRM-04,PRD-04,Agrochem,0.9117,0.995,66.41,66.08,66.08,0,560.0,49398.45,76061.42,1,26662.97,183.84053606384578
BAT-005073,2026-09,23,PLT-03,APAC,FRM-04,PRD-04,Agrochem,0.6729,0.9701,75.18,72.93,72.93,0,560.0,61261.4,89113.38,1,27851.980000000003,254.8629954775206
BAT-005074,2026-09,23,PLT-04,EMEA,FRM-08,PRD-08,Surfactants,0.8681,0.995,56.12,55.84,55.84,0,1074.33,84619.08,126707.94,1,42088.86,433.4939486813971
BAT-005075,2026-09,23,PLT-04,EMEA,FRM-11,PRD-11,Polymers,0.8751,0.995,78.23,77.83,77.83,0,749.37,79323.2,131114.57,1,51791.37000000001,264.60417870382196
BAT-005076,2026-09,23,PLT-06,APAC,FRM-10,PRD-10,Agrochem,0.8485,0.9781,36.18,35.39,35.39,0,592.9,29603.87,45318.72,1,15714.850000000002,225.33852957435045
BAT-005077,2026-09,23,PLT-05,LATAM,FRM-05,PRD-05,Coatings,0.8019,0.9379,13.22,12.4,12.4,0,1354.72,25598.82,35304.01,1,9705.190000000002,581.6506505295006
BAT-005078,2026-09,23,PLT-03,APAC,FRM-05,PRD-05,Coatings,0.6095,0.8996,31.26,28.12,28.12,0,1354.72,60511.34,83840.32,1,23328.98000000001,581.0234420985282
BAT-005079,2026-09,23,PLT-06,APAC,FRM-09,PRD-09,Specialty,0.8461,0.8719,35.18,30.68,30.68,0,1654.51,76812.3,78598.27,1,1785.9700000000012,528.898186469585
BAT-005080,2026-09,23,PLT-02,AMER,FRM-03,PRD-03,Solvents,0.8586,0.9839,102.23,100.58,100.58,0,568.67,80933.05,137643.08,1,56710.029999999984,223.00612246894264
BAT-005081,2026-09,23,PLT-05,LATAM,FRM-05,PRD-05,Coatings,0.8517,0.995,29.96,29.82,29.82,0,1354.72,54215.7,87904.19,1,33688.490000000005,454.88280373831753
BAT-005082,2026-09,23,PLT-01,EMEA,FRM-06,PRD-06,Coatings,0.8777,0.9537,21.82,20.81,20.81,0,1470.54,44389.2,72769.97,1,28380.770000000004,563.7954720439961
BAT-005083,2026-09,23,PLT-06,APAC,FRM-08,PRD-08,Surfactants,0.8762,0.9687,43.47,42.11,42.11,0,1074.33,64578.13,95194.63,1,30616.500000000007,411.24925005751106
BAT-005084,2026-09,23,PLT-05,LATAM,FRM-05,PRD-05,Coatings,0.8201,0.9572,23.71,22.7,22.7,0,1354.72,43220.14,64739.93,1,21519.79,468.1454576128215
BAT-005085,2026-09,23,PLT-05,LATAM,FRM-08,PRD-08,Surfactants,0.8758,0.995,35.98,35.8,35.8,0,1074.33,53038.57,85372.28,1,32333.71,399.7825625347418
BAT-005086,2026-09,23,PLT-04,EMEA,FRM-07,PRD-07,Catalysts,0.9248,0.9375,1.55,1.45,1.45,0,15332.52,32913.96,53697.12,1,20783.160000000003,5902.2929032258035
BAT-005087,2026-09,23,PLT-04,EMEA,FRM-05,PRD-05,Coatings,0.8914,0.9774,46.49,45.44,45.44,0,1354.72,83532.92,134668.53,1,51135.61,442.07328887932886
BAT-005088,2026-09,23,PLT-02,AMER,FRM-06,PRD-06,Coatings,0.8418,0.9586,18.35,17.59,17.59,0,1470.54,37650.1,56960.35,1,19310.25,581.2365667574932
BAT-005089,2026-09,23,PLT-03,APAC,FRM-09,PRD-09,Specialty,0.5991,0.9216,23.67,21.81,21.81,0,1654.51,53967.66,55824.44,1,1856.7799999999988,625.4925348542458
BAT-005090,2026-09,23,PLT-05,LATAM,FRM-10,PRD-10,Agrochem,0.8615,0.995,31.38,31.22,31.22,0,592.9,24734.08,38678.87,1,13944.79,195.31159974506068
BAT-005091,2026-09,23,PLT-06,APAC,FRM-02,PRD-02,Polymers,0.8763,0.9883,28.25,27.92,27.92,0,912.86,35336.09,55426.87,1,20090.780000000006,337.9750442477874
BAT-005092,2026-09,23,PLT-04,EMEA,FRM-07,PRD-07,Catalysts,0.8957,0.9724,1.45,1.41,1.41,0,15332.52,30424.33,53186.03,1,22761.699999999997,5649.776551724139
BAT-005093,2026-09,23,PLT-02,AMER,FRM-10,PRD-10,Agrochem,0.8422,0.967,86.15,83.3,83.3,0,592.9,69854.61,99803.91,1,29949.300000000003,217.94863609982588
BAT-005094,2026-09,23,PLT-04,EMEA,FRM-03,PRD-03,Solvents,0.8796,0.995,45.45,45.23,45.23,0,568.67,35417.4,57973.87,1,22556.47,210.59072607260725
BAT-005095,2026-09,23,PLT-02,AMER,FRM-11,PRD-11,Polymers,0.8526,0.995,64.6,64.28,64.28,0,749.37,68257.03,108629.93,1,40372.899999999994,307.24037151702794
BAT-005096,2026-09,23,PLT-04,EMEA,FRM-08,PRD-08,Surfactants,0.8764,0.995,43.62,43.4,43.4,0,1074.33,63124.84,99359.42,1,36234.58,372.82359926639174
BAT-005097,2026-09,23,PLT-05,LATAM,FRM-10,PRD-10,Agrochem,0.8047,0.995,32.46,32.29,32.29,0,592.9,27495.29,39315.89,1,11820.599999999999,254.15144793592117
BAT-005098,2026-09,23,PLT-02,AMER,FRM-03,PRD-03,Solvents,0.8613,0.995,94.23,93.76,93.76,0,568.67,74123.68,127873.92,1,53750.240000000005,217.95506632707202
BAT-005099,2026-09,23,PLT-02,AMER,FRM-01,PRD-01,Polymers,0.8666,0.995,62.24,61.93,61.93,0,778.93,65569.88,103844.42,1,38274.53999999999,274.570642673522
BAT-005100,2026-09,23,PLT-06,APAC,FRM-08,PRD-08,Surfactants,0.886,0.9638,47.89,46.15,46.15,0,1074.33,69788.51,105983.93,1,36195.42,382.9368615577364
BAT-005101,2026-09,23,PLT-04,EMEA,FRM-10,PRD-10,Agrochem,0.9377,0.995,97.87,97.38,97.38,0,592.9,79528.42,125060.65,1,45532.229999999996,219.69241851435572
BAT-005102,2026-09,23,PLT-05,LATAM,FRM-08,PRD-08,Surfactants,0.7848,0.9699,20.1,19.49,19.49,0,1074.33,30618.44,44443.66,1,13825.220000000005,448.97547263681577
BAT-005103,2026-09,23,PLT-02,AMER,FRM-07,PRD-07,Catalysts,0.8556,0.9172,4.39,4.03,4.03,0,15332.52,91917.11,151993.79,1,60076.68000000001,5605.318268792711
BAT-005104,2026-09,23,PLT-03,APAC,FRM-10,PRD-10,Agrochem,0.6418,0.9706,58.54,56.82,56.82,0,592.9,49101.29,71584.3,1,22483.010000000002,245.86477622138716
BAT-005105,2026-09,23,PLT-04,EMEA,FRM-07,PRD-07,Catalysts,0.9176,0.8877,1.47,1.3,1.3,0,15332.52,29789.58,48417.91,1,18628.33,4932.500408163265
BAT-005106,2026-09,23,PLT-05,LATAM,FRM-11,PRD-11,Polymers,0.8516,0.958,22.24,21.31,21.31,0,749.37,22562.01,34091.28,1,11529.27,265.10886690647476
BAT-005107,2026-09,23,PLT-06,APAC,FRM-12,PRD-12,Solvents,0.7962,0.995,41.79,41.58,41.58,0,626.5,36760.06,58434.27,1,21674.21,253.13771237138064
BAT-005108,2026-09,23,PLT-03,APAC,FRM-07,PRD-07,Catalysts,0.6057,0.932,1.6,1.49,1.49,0,15332.52,36171.67,53177.74,1,17006.07,7274.773749999997
BAT-005109,2026-09,23,PLT-01,EMEA,FRM-04,PRD-04,Agrochem,0.8604,0.995,55.53,55.25,55.25,0,560.0,43837.94,66982.16,1,23144.22,229.4460651899874
BAT-005110,2026-09,23,PLT-05,LATAM,FRM-06,PRD-06,Coatings,0.874,0.9723,23.41,22.76,0.0,1,1470.54,47388.67,0.0,1,-47388.67,553.7517556599744
BAT-005111,2026-09,23,PLT-02,AMER,FRM-03,PRD-03,Solvents,0.9166,0.995,74.46,74.09,74.09,0,568.67,56693.65,99644.23,1,42950.579999999994,192.72739457426815
BAT-005112,2026-09,23,PLT-01,EMEA,FRM-08,PRD-08,Surfactants,0.8857,0.995,40.74,40.54,40.54,0,1074.33,61201.77,94277.31,1,33075.54,427.9225773195876
BAT-005113,2026-09,23,PLT-05,LATAM,FRM-04,PRD-04,Agrochem,0.8658,0.9781,71.52,69.95,69.95,0,560.0,55306.84,83185.27,1,27878.430000000008,213.3059284116331
BAT-005114,2026-09,23,PLT-01,EMEA,FRM-01,PRD-01,Polymers,0.8702,0.995,67.02,66.68,66.68,0,778.93,70834.93,118122.08,1,47287.15000000001,277.9922620113399
BAT-005115,2026-09,23,PLT-01,EMEA,FRM-09,PRD-09,Specialty,0.8637,0.8996,31.0,27.88,27.88,0,1654.51,68369.32,71175.8,1,2806.479999999996,550.951935483871
BAT-005116,2026-09,23,PLT-05,LATAM,FRM-07,PRD-07,Catalysts,0.887,0.9012,1.03,0.93,0.93,0,15332.52,21084.84,33810.67,1,12725.829999999998,5138.198446601942
BAT-005117,2026-09,23,PLT-04,EMEA,FRM-11,PRD-11,Polymers,0.9093,0.9841,78.56,77.31,77.31,0,749.37,80485.2,124100.25,1,43615.05,275.13610997963326
BAT-005118,2026-09,23,PLT-01,EMEA,FRM-01,PRD-01,Polymers,0.8031,0.98,35.34,34.64,34.64,0,778.93,37891.69,57973.33,1,20081.64,293.2740181097905
BAT-005119,2026-09,23,PLT-01,EMEA,FRM-05,PRD-05,Coatings,0.9156,0.9594,42.51,40.79,40.79,0,1354.72,78364.44,119369.84,1,41005.399999999994,488.71542695836274
BAT-005120,2026-09,23,PLT-06,APAC,FRM-03,PRD-03,Solvents,0.8467,0.995,82.75,82.34,82.34,0,568.67,65618.59,104541.83,1,38923.240000000005,224.3038972809668
BAT-005121,2026-09,23,PLT-01,EMEA,FRM-06,PRD-06,Coatings,0.8924,0.9646,32.43,31.29,31.29,0,1470.54,63149.64,99743.26,1,36593.619999999995,476.7199444958371
BAT-005122,2026-09,23,PLT-04,EMEA,FRM-10,PRD-10,Agrochem,0.893,0.9866,83.76,82.64,82.64,0,592.9,67724.39,102883.52,1,35159.130000000005,215.6528892072588
BAT-005123,2026-09,23,PLT-01,EMEA,FRM-01,PRD-01,Polymers,0.8911,0.9871,26.67,26.32,26.32,0,778.93,27736.9,44913.53,1,17176.629999999997,261.07374953130864
BAT-005124,2026-09,23,PLT-01,EMEA,FRM-04,PRD-04,Agrochem,0.9063,0.9814,94.26,92.5,92.5,0,560.0,72690.76,111080.37,1,38389.61,211.1729259495013
BAT-005125,2026-09,23,PLT-05,LATAM,FRM-04,PRD-04,Agrochem,0.8259,0.995,28.46,28.32,28.32,0,560.0,22584.4,32043.58,1,9459.18,233.54884047786368
BAT-005126,2026-09,23,PLT-03,APAC,FRM-01,PRD-01,Polymers,0.5726,0.979,53.76,52.63,52.63,0,778.93,60534.29,94792.69,1,34258.4,347.0798586309526
BAT-005127,2026-09,23,PLT-01,EMEA,FRM-08,PRD-08,Surfactants,0.8758,0.995,26.38,26.24,26.24,0,1074.33,38349.36,60479.8,1,22130.440000000002,379.3985822592874
BAT-005128,2026-09,23,PLT-04,EMEA,FRM-08,PRD-08,Surfactants,0.8943,0.995,59.51,59.22,59.22,0,1074.33,86605.89,137947.63,1,51341.740000000005,380.9865854478239
BAT-005129,2026-09,23,PLT-06,APAC,FRM-04,PRD-04,Agrochem,0.8249,0.995,29.54,29.4,29.4,0,560.0,23018.2,36176.84,1,13158.639999999996,219.22139471902506
BAT-005130,2026-09,23,PLT-03,APAC,FRM-11,PRD-11,Polymers,0.6651,0.9546,35.71,34.09,34.09,0,749.37,38550.87,53732.33,1,15181.46,330.1839064687764
BAT-005131,2026-09,23,PLT-01,EMEA,FRM-06,PRD-06,Coatings,0.8783,0.9734,22.78,22.17,22.17,0,1470.54,44832.98,77473.47,1,32640.489999999998,497.5451624231782
BAT-005132,2026-09,23,PLT-06,APAC,FRM-12,PRD-12,Solvents,0.8378,0.995,77.74,77.35,77.35,0,626.5,67373.72,115110.62,1,47736.899999999994,240.15448932338575
BAT-005133,2026-09,23,PLT-05,LATAM,FRM-07,PRD-07,Catalysts,0.8556,0.905,0.82,0.74,0.74,0,15332.52,17135.64,27037.22,1,9901.580000000002,5564.601951219513
BAT-005134,2026-09,23,PLT-02,AMER,FRM-06,PRD-06,Coatings,0.8739,0.9847,45.04,44.35,44.35,0,1470.54,91634.24,141371.15,1,49736.90999999999,563.9679928952044
BAT-005135,2026-09,23,PLT-04,EMEA,FRM-04,PRD-04,Agrochem,0.9151,0.979,72.71,71.18,0.0,1,560.0,53643.91,0.0,1,-53643.91,177.77898500893969
BAT-005136,2026-09,23,PLT-01,EMEA,FRM-02,PRD-02,Polymers,0.8596,0.9559,21.12,20.19,20.19,0,912.86,26053.53,41013.19,1,14959.660000000003,320.73517045454525
BAT-005137,2026-09,23,PLT-06,APAC,FRM-12,PRD-12,Solvents,0.8811,0.9666,62.99,60.89,60.89,0,626.5,54562.32,82819.43,1,28257.109999999993,239.70606445467536
BAT-005138,2026-09,23,PLT-02,AMER,FRM-03,PRD-03,Solvents,0.8784,0.995,55.67,55.4,0.0,1,568.67,42192.9,0.0,1,-42192.9,189.2409035387103
BAT-005139,2026-09,23,PLT-02,AMER,FRM-06,PRD-06,Coatings,0.8866,0.9763,35.07,34.24,34.24,0,1470.54,68284.2,111722.08,1,43437.880000000005,476.542976903336
BAT-005140,2026-09,23,PLT-06,APAC,FRM-04,PRD-04,Agrochem,0.8725,0.9885,48.22,47.67,0.0,1,560.0,36836.25,0.0,1,-36836.25,203.9205723766072
BAT-005141,2026-09,23,PLT-01,EMEA,FRM-08,PRD-08,Surfactants,0.8264,0.9659,28.03,27.07,27.07,0,1074.33,41081.55,64609.37,1,23527.82,391.2978986799858
BAT-005142,2026-09,23,PLT-04,EMEA,FRM-09,PRD-09,Specialty,0.9468,0.9051,31.62,28.62,28.62,0,1654.51,67177.0,77240.95,1,10063.949999999997,469.9998039215686
BAT-005143,2026-09,23,PLT-01,EMEA,FRM-10,PRD-10,Agrochem,0.8737,0.9514,47.95,45.62,45.62,0,592.9,39422.03,55874.97,1,16452.940000000002,229.24869655891553
BAT-005144,2026-09,23,PLT-03,APAC,FRM-12,PRD-12,Solvents,0.6131,0.995,66.17,65.84,65.84,0,626.5,59739.29,98230.71,1,38491.420000000006,276.31532416502944
BAT-005145,2026-09,23,PLT-02,AMER,FRM-04,PRD-04,Agrochem,0.885,0.9214,106.5,98.13,98.13,0,560.0,80236.52,109938.09,1,29701.569999999992,193.39455399061035
BAT-005146,2026-09,23,PLT-06,APAC,FRM-10,PRD-10,Agrochem,0.8073,0.9782,56.31,55.08,55.08,0,592.9,47616.36,67981.95,1,20365.589999999997,252.7110815130527
BAT-005147,2026-09,23,PLT-03,APAC,FRM-12,PRD-12,Solvents,0.5686,0.9858,37.85,37.31,37.31,0,626.5,34338.85,55632.46,1,21293.61,280.73513870541603
BAT-005148,2026-09,23,PLT-05,LATAM,FRM-06,PRD-06,Coatings,0.8431,0.9751,10.54,10.28,10.28,0,1470.54,20890.17,34952.28,1,14062.11,511.4495635673625
BAT-005149,2026-09,23,PLT-04,EMEA,FRM-06,PRD-06,Coatings,0.8865,0.9721,32.29,31.39,31.39,0,1470.54,65616.84,102116.1,1,36499.26000000001,561.5702508516567
BAT-005150,2026-09,23,PLT-03,APAC,FRM-07,PRD-07,Catalysts,0.6445,0.8943,1.23,1.1,0.0,1,15332.52,28030.15,0.0,1,-28030.15,7456.219837398374
BAT-005151,2026-09,23,PLT-06,APAC,FRM-06,PRD-06,Coatings,0.7916,0.985,12.92,12.73,12.73,0,1470.54,26033.76,42515.16,1,16481.400000000005,544.4569040247677
BAT-005152,2026-09,23,PLT-05,LATAM,FRM-10,PRD-10,Agrochem,0.8368,0.995,42.1,41.89,41.89,0,592.9,34618.59,53139.09,1,18520.5,229.39429928741083
BAT-005153,2026-09,23,PLT-04,EMEA,FRM-03,PRD-03,Solvents,0.857,0.995,104.87,104.35,104.35,0,568.67,81419.34,141734.34,1,60315.0,207.71352245637456
BAT-005154,2026-09,23,PLT-06,APAC,FRM-02,PRD-02,Polymers,0.9264,0.971,52.97,51.43,51.43,0,912.86,66050.02,103589.69,1,37539.67,334.0726033603927
BAT-005155,2026-09,23,PLT-01,EMEA,FRM-10,PRD-10,Agrochem,0.8617,0.9814,46.31,45.44,45.44,0,592.9,36472.41,54819.8,1,18347.39,194.67093500323915
BAT-005156,2026-09,23,PLT-01,EMEA,FRM-03,PRD-03,Solvents,0.8675,0.995,29.84,29.69,29.69,0,568.67,23501.95,39298.25,1,15796.3,218.92886058981242
BAT-005157,2026-09,23,PLT-04,EMEA,FRM-07,PRD-07,Catalysts,0.9465,0.9388,2.81,2.63,2.63,0,15332.52,57111.72,98319.52,1,41207.8,4991.935516014233
BAT-005158,2026-09,23,PLT-05,LATAM,FRM-05,PRD-05,Coatings,0.8008,0.9763,20.75,20.25,20.25,0,1354.72,38585.83,62181.23,1,23595.4,504.83807228915657
BAT-005159,2026-09,23,PLT-06,APAC,FRM-02,PRD-02,Polymers,0.8931,0.995,37.53,37.34,37.34,0,912.86,45157.62,70165.84,1,25008.219999999994,290.3806075139888
BAT-005160,2026-09,23,PLT-03,APAC,FRM-01,PRD-01,Polymers,0.5931,0.9902,60.12,59.53,59.53,0,778.93,69792.27,108125.99,1,38333.72,381.9527345309383
BAT-005161,2026-09,23,PLT-02,AMER,FRM-01,PRD-01,Polymers,0.9033,0.9846,51.8,51.0,51.0,0,778.93,55425.33,88318.62,1,32893.28999999999,291.0570656370659
BAT-005162,2026-09,23,PLT-06,APAC,FRM-06,PRD-06,Coatings,0.8488,0.9794,36.03,35.29,35.29,0,1470.54,73709.46,117182.38,1,43472.92,575.2401831806828
BAT-005163,2026-09,23,PLT-03,APAC,FRM-01,PRD-01,Polymers,0.6604,0.9643,35.49,34.23,34.23,0,778.93,40659.19,60923.46,1,20264.269999999997,366.72201465201476
BAT-005164,2026-09,23,PLT-05,LATAM,FRM-09,PRD-09,Specialty,0.9058,0.8855,32.97,29.2,29.2,0,1654.51,72508.18,76926.38,1,4418.200000000012,544.7068638155899
BAT-005165,2026-09,23,PLT-05,LATAM,FRM-06,PRD-06,Coatings,0.8212,0.9834,28.62,28.14,28.14,0,1470.54,59567.47,91084.71,1,31517.240000000005,610.7832005590494
BAT-005166,2026-09,23,PLT-03,APAC,FRM-12,PRD-12,Solvents,0.6431,0.928,63.65,59.07,59.07,0,626.5,56148.22,80615.15,1,24466.929999999993,255.6401413982718
BAT-005167,2026-09,23,PLT-04,EMEA,FRM-12,PRD-12,Solvents,0.9363,0.995,79.26,78.86,78.86,0,626.5,66666.02,117681.71,1,51015.69,214.60547564976025
BAT-005168,2026-09,23,PLT-02,AMER,FRM-04,PRD-04,Agrochem,0.9095,0.995,76.35,75.96,75.96,0,560.0,57079.26,93534.01,1,36454.74999999999,187.60000000000014
BAT-005169,2026-09,23,PLT-02,AMER,FRM-12,PRD-12,Solvents,0.8809,0.995,67.9,67.56,67.56,0,626.5,57014.87,93983.27,1,36968.4,213.18880706921937
BAT-005170,2026-09,23,PLT-03,APAC,FRM-11,PRD-11,Polymers,0.6197,0.953,44.03,41.96,41.96,0,749.37,48381.36,70255.08,1,21873.72,349.45716329775144
BAT-005171,2026-09,23,PLT-01,EMEA,FRM-08,PRD-08,Surfactants,0.8846,0.9422,49.68,46.82,46.82,0,1074.33,72657.65,105879.95,1,33222.3,388.1830837359098
BAT-005172,2026-09,23,PLT-04,EMEA,FRM-04,PRD-04,Agrochem,0.97,0.9437,41.99,39.63,39.63,0,560.0,31125.58,44613.83,1,13488.25,181.2617289830912
BAT-005173,2026-09,23,PLT-05,LATAM,FRM-02,PRD-02,Polymers,0.8831,0.9615,23.03,22.14,22.14,0,912.86,28151.07,43992.14,1,15841.07,309.505175857577
BAT-005174,2026-09,23,PLT-03,APAC,FRM-02,PRD-02,Polymers,0.6781,0.9748,58.04,56.58,56.58,0,912.86,75984.87,116448.87,1,40464.0,396.3210820124051
BAT-005175,2026-09,23,PLT-06,APAC,FRM-12,PRD-12,Solvents,0.8546,0.995,62.52,62.21,62.21,0,626.5,54745.99,91940.9,1,37194.909999999996,249.15563019833644
BAT-005176,2026-09,23,PLT-06,APAC,FRM-01,PRD-01,Polymers,0.843,0.995,57.23,56.94,0.0,1,778.93,61554.1,0.0,1,-61554.1,296.6265262973965
BAT-005177,2026-09,23,PLT-02,AMER,FRM-02,PRD-02,Polymers,0.9205,0.9798,41.69,40.85,40.85,0,912.86,50111.07,83586.45,1,33475.38,289.1325641640682
BAT-005178,2026-09,23,PLT-01,EMEA,FRM-04,PRD-04,Agrochem,0.8962,0.9845,94.51,93.05,93.05,0,560.0,69822.22,112744.77,1,42922.55,178.7812929848693
BAT-005179,2026-09,23,PLT-05,LATAM,FRM-10,PRD-10,Agrochem,0.8152,0.9807,39.66,38.9,38.9,0,592.9,33511.82,48177.64,1,14665.82,252.07781139687347
BAT-005180,2026-09,23,PLT-02,AMER,FRM-10,PRD-10,Agrochem,0.9253,0.9484,116.62,110.61,110.61,0,592.9,94685.2,132373.58,1,37688.37999999999,219.01219344880803
BAT-005181,2026-09,23,PLT-06,APAC,FRM-11,PRD-11,Polymers,0.8758,0.995,73.46,73.09,0.0,1,749.37,76983.63,0.0,1,-76983.63,298.5966485161995
BAT-005182,2026-09,23,PLT-02,AMER,FRM-07,PRD-07,Catalysts,0.8307,0.9055,3.41,3.09,0.0,1,15332.52,71758.39,0.0,1,-71758.39,5710.996129032257
BAT-005183,2026-09,23,PLT-02,AMER,FRM-01,PRD-01,Polymers,0.8539,0.995,69.14,68.79,68.79,0,778.93,71807.18,125888.85,1,54081.67000000001,259.64651142609193
BAT-005184,2026-09,23,PLT-03,APAC,FRM-05,PRD-05,Coatings,0.6628,0.9101,37.42,34.06,34.06,0,1354.72,71983.34,105083.74,1,33100.40000000001,568.9395403527524
BAT-005185,2026-09,23,PLT-03,APAC,FRM-03,PRD-03,Solvents,0.6583,0.9718,41.03,39.88,39.88,0,568.67,33490.78,50911.3,1,17420.520000000004,247.58103582744332
BAT-005186,2026-09,23,PLT-03,APAC,FRM-09,PRD-09,Specialty,0.6384,0.8552,42.62,36.45,36.45,0,1654.51,99527.19,98760.93,1,-766.2600000000093,680.7126654152983
BAT-005187,2026-09,23,PLT-03,APAC,FRM-08,PRD-08,Surfactants,0.6408,0.916,34.92,31.98,31.98,0,1074.33,53138.46,76034.97,1,22896.510000000002,447.38993127147774
BAT-005188,2026-09,23,PLT-02,AMER,FRM-01,PRD-01,Polymers,0.8685,0.995,67.49,67.15,67.15,0,778.93,70123.71,117785.33,1,47661.619999999995,260.09370721588414
BAT-005189,2026-09,23,PLT-03,APAC,FRM-11,PRD-11,Polymers,0.6364,0.966,71.14,68.72,68.72,0,749.37,77976.72,112845.61,1,34868.89,346.7323334270453
BAT-005190,2026-09,23,PLT-03,APAC,FRM-06,PRD-06,Coatings,0.6175,0.9243,30.99,28.65,28.65,0,1470.54,65238.06,94976.17,1,29738.11,634.5926234269118
BAT-005191,2026-09,23,PLT-02,AMER,FRM-08,PRD-08,Surfactants,0.8765,0.9869,54.67,53.95,53.95,0,1074.33,82246.4,118782.24,1,36535.84000000001,430.08558441558444
BAT-005192,2026-09,23,PLT-01,EMEA,FRM-05,PRD-05,Coatings,0.8581,0.9547,29.46,28.12,28.12,0,1354.72,56032.71,84277.11,1,28244.4,547.2728716904276
BAT-005193,2026-09,23,PLT-01,EMEA,FRM-05,PRD-05,Coatings,0.8681,0.9234,39.08,36.09,36.09,0,1354.72,70776.65,106930.39,1,36153.740000000005,456.35088024564993
BAT-005194,2026-09,23,PLT-05,LATAM,FRM-03,PRD-03,Solvents,0.8278,0.995,54.24,53.97,53.97,0,568.67,41616.47,70205.98,1,28589.509999999995,198.595302359882
BAT-005195,2026-09,23,PLT-05,LATAM,FRM-05,PRD-05,Coatings,0.8254,0.9927,22.73,22.57,22.57,0,1354.72,42197.61,69605.27,1,27407.660000000003,501.7520633523977
BAT-005196,2026-09,23,PLT-06,APAC,FRM-09,PRD-09,Specialty,0.7981,0.8699,44.76,38.94,38.94,0,1654.51,100296.73,100841.91,1,545.1800000000076,586.2569794459339
BAT-005197,2026-09,23,PLT-02,AMER,FRM-09,PRD-09,Specialty,0.9248,0.9185,56.05,51.48,51.48,0,1654.51,124696.83,136860.76,1,12163.930000000008,570.2327297056202
BAT-005198,2026-09,23,PLT-01,EMEA,FRM-04,PRD-04,Agrochem,0.9067,0.9927,35.37,35.11,35.11,0,560.0,26557.5,42944.26,1,16386.760000000002,190.8481764206956
BAT-005199,2026-09,23,PLT-04,EMEA,FRM-06,PRD-06,Coatings,0.97,0.995,23.58,23.46,23.46,0,1470.54,46665.43,78958.32,1,32292.890000000007,508.48586938083145
BAT-005200,2026-09,23,PLT-04,EMEA,FRM-03,PRD-03,Solvents,0.8822,0.995,92.69,92.22,92.22,0,568.67,69648.25,126195.09,1,56546.84,182.74061603193445
BAT-005201,2026-09,23,PLT-01,EMEA,FRM-03,PRD-03,Solvents,0.9247,0.995,32.7,32.54,32.54,0,568.67,24874.76,42987.39,1,18112.63,192.02602446483172
BAT-005202,2026-09,23,PLT-03,APAC,FRM-07,PRD-07,Catalysts,0.6099,0.8778,1.44,1.26,1.26,0,15332.52,32870.37,47293.43,1,14423.059999999998,7494.125833333335
BAT-005203,2026-09,23,PLT-03,APAC,FRM-02,PRD-02,Polymers,0.5641,0.9821,23.21,22.79,22.79,0,912.86,31099.8,46545.56,1,15445.759999999998,427.07106419646686
BAT-005204,2026-09,23,PLT-04,EMEA,FRM-04,PRD-04,Agrochem,0.9148,0.9949,94.44,93.96,93.96,0,560.0,70553.26,105781.93,1,35228.67,187.06967386700546
BAT-005205,2026-09,23,PLT-02,AMER,FRM-04,PRD-04,Agrochem,0.8593,0.9938,76.69,76.22,76.22,0,560.0,58546.02,92410.42,1,33864.4,203.41139653149037
BAT-005206,2026-09,23,PLT-04,EMEA,FRM-05,PRD-05,Coatings,0.8632,0.9319,36.25,33.78,33.78,0,1354.72,67567.6,100075.74,1,32508.14,509.2137931034483
BAT-005207,2026-09,23,PLT-04,EMEA,FRM-09,PRD-09,Specialty,0.9285,0.8967,35.59,31.91,31.91,0,1654.51,77296.79,85990.59,1,8693.800000000003,517.3582214105083
BAT-005208,2026-09,23,PLT-01,EMEA,FRM-03,PRD-03,Solvents,0.8537,0.995,71.82,71.46,71.46,0,568.67,56954.51,93262.77,1,36308.26,224.3474046226679
BAT-005209,2026-09,23,PLT-02,AMER,FRM-07,PRD-07,Catalysts,0.8547,0.9145,1.79,1.64,1.64,0,15332.52,37575.59,61752.19,1,24176.600000000006,5659.429720670389
BAT-005210,2026-09,23,PLT-06,APAC,FRM-05,PRD-05,Coatings,0.8346,0.9762,33.4,32.6,32.6,0,1354.72,63306.2,98685.5,1,35379.3,540.6752095808383
BAT-005211,2026-09,23,PLT-04,EMEA,FRM-02,PRD-02,Polymers,0.8988,0.9707,56.22,54.57,54.57,0,912.86,69839.65,108051.59,1,38211.94,329.396314478833
BAT-005212,2026-09,23,PLT-02,AMER,FRM-12,PRD-12,Solvents,0.8827,0.995,73.51,73.15,73.15,0,626.5,63035.92,106242.97,1,43207.05,231.0148959325261
BAT-005213,2026-09,23,PLT-02,AMER,FRM-05,PRD-05,Coatings,0.8621,0.9437,37.16,35.06,35.06,0,1354.72,67044.19,103226.73,1,36182.53999999999,449.48317545748137
BAT-005214,2026-09,23,PLT-02,AMER,FRM-05,PRD-05,Coatings,0.8823,0.9737,38.45,37.44,37.44,0,1354.72,72600.99,114597.95,1,41996.95999999999,533.4721976592978
BAT-005215,2026-09,23,PLT-06,APAC,FRM-05,PRD-05,Coatings,0.9178,0.969,38.71,37.51,37.51,0,1354.72,71552.0,113227.35,1,41675.350000000006,493.69126323947285
BAT-005216,2026-09,23,PLT-06,APAC,FRM-08,PRD-08,Surfactants,0.8277,0.9832,52.9,52.01,52.01,0,1074.33,78875.64,118655.26,1,39779.619999999995,416.7028922495276
BAT-005217,2026-09,23,PLT-01,EMEA,FRM-12,PRD-12,Solvents,0.8688,0.995,54.86,54.58,54.58,0,626.5,46725.05,74816.46,1,28091.410000000003,225.214363835217
BAT-005218,2026-09,23,PLT-03,APAC,FRM-08,PRD-08,Surfactants,0.6144,0.9895,16.62,16.44,16.44,0,1074.33,26217.93,37442.69,1,11224.760000000002,503.1627797833935
BAT-005219,2026-09,23,PLT-03,APAC,FRM-02,PRD-02,Polymers,0.6705,0.9297,19.6,18.22,18.22,0,912.86,25970.16,36902.85,1,10932.689999999999,412.1481632653059
BAT-005220,2026-09,23,PLT-02,AMER,FRM-11,PRD-11,Polymers,0.8685,0.9535,70.96,67.66,67.66,0,749.37,73795.74,106223.87,1,32428.12999999999,290.59251409244655
BAT-005221,2026-09,23,PLT-06,APAC,FRM-09,PRD-09,Specialty,0.8243,0.8861,21.91,19.42,0.0,1,1654.51,47588.31,0.0,1,-47588.31,517.4804153354632
BAT-005222,2026-09,23,PLT-04,EMEA,FRM-01,PRD-01,Polymers,0.9256,0.995,29.21,29.07,29.07,0,778.93,30391.65,49866.2,1,19474.549999999996,261.5236117767889
BAT-005223,2026-09,23,PLT-06,APAC,FRM-09,PRD-09,Specialty,0.8557,0.912,27.07,24.69,24.69,0,1654.51,58077.26,63726.47,1,5649.209999999999,490.9373586996678
BAT-005224,2026-09,23,PLT-05,LATAM,FRM-04,PRD-04,Agrochem,0.8095,0.9273,46.21,42.85,42.85,0,560.0,35531.06,52427.61,1,16896.550000000003,208.9041333044795
BAT-005225,2026-09,23,PLT-01,EMEA,FRM-07,PRD-07,Catalysts,0.9036,0.9215,3.45,3.18,3.18,0,15332.52,71417.48,115088.52,1,43671.04000000001,5368.198840579709
BAT-005226,2026-09,23,PLT-02,AMER,FRM-10,PRD-10,Agrochem,0.8848,0.942,113.76,107.17,107.17,0,592.9,91567.29,135005.2,1,43437.91000000002,212.0164029535864
BAT-005227,2026-09,23,PLT-05,LATAM,FRM-12,PRD-12,Solvents,0.8234,0.995,30.01,29.86,29.86,0,626.5,25857.17,41015.51,1,15158.340000000004,235.11846051316218
BAT-005228,2026-09,23,PLT-04,EMEA,FRM-10,PRD-10,Agrochem,0.9277,0.995,70.03,69.68,69.68,0,592.9,56842.41,82608.44,1,25766.03,218.7865629016137
BAT-005229,2026-09,23,PLT-02,AMER,FRM-02,PRD-02,Polymers,0.8488,0.9854,73.01,71.94,71.94,0,912.86,89196.28,149041.11,1,59844.82999999999,308.83949322010665
BAT-005230,2026-09,23,PLT-05,LATAM,FRM-03,PRD-03,Solvents,0.8385,0.995,37.34,37.16,37.16,0,568.67,30050.73,47287.27,1,17236.539999999997,236.1165559721478
BAT-005231,2026-09,23,PLT-03,APAC,FRM-03,PRD-03,Solvents,0.6344,0.995,80.15,79.75,79.75,0,568.67,65274.77,108734.78,1,43460.01,245.73761072988145
BAT-005232,2026-09,23,PLT-05,LATAM,FRM-06,PRD-06,Coatings,0.8573,0.9683,18.77,18.18,18.18,0,1470.54,37855.52,58857.81,1,21002.29,546.2698028769312
BAT-005233,2026-09,23,PLT-03,APAC,FRM-05,PRD-05,Coatings,0.6299,0.9185,25.12,23.07,0.0,1,1354.72,49513.76,0.0,1,-49513.76,616.3691719745223
BAT-005234,2026-09,23,PLT-02,AMER,FRM-01,PRD-01,Polymers,0.9234,0.995,65.8,65.47,65.47,0,778.93,67093.37,112849.93,1,45756.56,240.7260790273557
BAT-005235,2026-09,23,PLT-05,LATAM,FRM-01,PRD-01,Polymers,0.8042,0.995,36.69,36.51,36.51,0,778.93,39615.25,63043.35,1,23428.1,300.79880893976576
BAT-005236,2026-09,23,PLT-04,EMEA,FRM-07,PRD-07,Catalysts,0.9148,0.933,1.35,1.26,1.26,0,15332.52,28595.81,46508.03,1,17912.219999999998,5849.56148148148
BAT-005237,2026-09,23,PLT-04,EMEA,FRM-08,PRD-08,Surfactants,0.951,0.995,27.84,27.7,27.7,0,1074.33,40073.34,60246.58,1,20173.240000000005,365.08594827586194
BAT-005238,2026-09,23,PLT-04,EMEA,FRM-03,PRD-03,Solvents,0.9136,0.995,40.24,40.04,40.04,0,568.67,29988.54,54065.81,1,24077.269999999997,176.57204771371767
BAT-005239,2026-09,23,PLT-01,EMEA,FRM-03,PRD-03,Solvents,0.9185,0.995,64.13,63.81,63.81,0,568.67,49137.78,80978.56,1,31840.78,197.55142523000166
BAT-005240,2026-09,23,PLT-06,APAC,FRM-02,PRD-02,Polymers,0.7961,0.995,54.82,54.54,54.54,0,912.86,68955.69,104577.09,1,35621.399999999994,344.99643925574617
BAT-005241,2026-09,23,PLT-01,EMEA,FRM-04,PRD-04,Agrochem,0.8916,0.9746,66.91,65.21,65.21,0,560.0,51421.85,74564.7,1,23142.85,208.5226423554028
BAT-005242,2026-09,23,PLT-02,AMER,FRM-09,PRD-09,Specialty,0.8484,0.8875,48.64,43.17,43.17,0,1654.51,109493.98,108570.4,1,-923.5800000000017,596.5997861842104
BAT-005243,2026-09,23,PLT-06,APAC,FRM-06,PRD-06,Coatings,0.8599,0.993,11.69,11.61,11.61,0,1470.54,23460.79,37830.98,1,14370.190000000002,536.371035072712
BAT-005244,2026-09,23,PLT-05,LATAM,FRM-10,PRD-10,Agrochem,0.8637,0.995,45.72,45.49,45.49,0,592.9,37804.66,56694.56,1,18889.899999999994,233.97357830271233
BAT-005245,2026-09,23,PLT-01,EMEA,FRM-08,PRD-08,Surfactants,0.855,0.995,26.19,26.06,26.06,0,1074.33,38366.73,58809.63,1,20442.899999999994,390.60814432989696
BAT-005246,2026-09,23,PLT-02,AMER,FRM-09,PRD-09,Specialty,0.8135,0.9175,59.42,54.52,54.52,0,1654.51,135601.35,137554.09,1,1952.7399999999907,627.5726321104005
BAT-005247,2026-09,23,PLT-01,EMEA,FRM-07,PRD-07,Catalysts,0.8917,0.9076,1.72,1.56,1.56,0,15332.52,36658.01,54883.98,1,18225.97,5980.276511627908
BAT-005248,2026-09,23,PLT-01,EMEA,FRM-01,PRD-01,Polymers,0.9074,0.9842,53.34,52.5,52.5,0,778.93,55061.07,90830.95,1,35769.88,253.33602924634408
BAT-005249,2026-09,23,PLT-05,LATAM,FRM-08,PRD-08,Surfactants,0.8571,0.9765,26.37,25.75,25.75,0,1074.33,38232.22,57262.78,1,19030.559999999998,375.5076943496399
BAT-005250,2026-09,23,PLT-01,EMEA,FRM-09,PRD-09,Specialty,0.9307,0.9083,19.88,18.06,18.06,0,1654.51,43804.24,46332.26,1,2528.020000000004,548.9225955734407
BAT-005251,2026-09,23,PLT-05,LATAM,FRM-05,PRD-05,Coatings,0.7973,0.9305,14.83,13.8,13.8,0,1354.72,27568.04,39342.26,1,11774.220000000001,504.2172892784895
BAT-005252,2026-09,23,PLT-02,AMER,FRM-05,PRD-05,Coatings,0.83,0.995,30.25,30.1,30.1,0,1354.72,57026.06,91559.52,1,34533.46000000001,530.4390082644627
BAT-005253,2026-09,23,PLT-05,LATAM,FRM-11,PRD-11,Polymers,0.8536,0.9896,28.1,27.8,27.8,0,749.37,28155.2,47284.38,1,19129.179999999997,252.59441281138788
BAT-005254,2026-09,23,PLT-01,EMEA,FRM-06,PRD-06,Coatings,0.9544,0.9701,21.46,20.82,20.82,0,1470.54,41331.61,66230.89,1,24899.28,455.4436905871389
BAT-005255,2026-09,23,PLT-04,EMEA,FRM-04,PRD-04,Agrochem,0.9186,0.995,69.89,69.54,69.54,0,560.0,52813.29,82761.84,1,29948.549999999996,195.66304192302186
BAT-005256,2026-09,23,PLT-06,APAC,FRM-11,PRD-11,Polymers,0.8205,0.995,60.39,60.09,60.09,0,749.37,61348.08,103667.32,1,42319.240000000005,266.49487829110785
BAT-005257,2026-09,23,PLT-05,LATAM,FRM-12,PRD-12,Solvents,0.8524,0.995,57.39,57.11,57.11,0,626.5,49332.1,82735.63,1,33403.530000000006,233.09400592437703
BAT-005258,2026-09,23,PLT-03,APAC,FRM-12,PRD-12,Solvents,0.5999,0.9721,54.63,53.1,0.0,1,626.5,49130.82,0.0,1,-49130.82,272.8377265238879
BAT-005259,2026-09,23,PLT-03,APAC,FRM-12,PRD-12,Solvents,0.593,0.995,57.23,56.94,56.94,0,626.5,53111.48,81070.27,1,27958.79,301.53564564039846
BAT-005260,2026-09,23,PLT-01,EMEA,FRM-02,PRD-02,Polymers,0.886,0.967,35.32,34.16,34.16,0,912.86,43064.4,68515.21,1,25450.810000000005,306.40387315968303
BAT-005261,2026-09,23,PLT-04,EMEA,FRM-11,PRD-11,Polymers,0.9187,0.995,39.06,38.86,38.86,0,749.37,38971.76,63773.39,1,24801.629999999997,248.3709114183307
BAT-005262,2026-09,23,PLT-06,APAC,FRM-12,PRD-12,Solvents,0.8575,0.9914,34.76,34.46,34.46,0,626.5,30068.05,47579.45,1,17511.399999999998,238.51869965477567
BAT-005263,2026-09,23,PLT-03,APAC,FRM-01,PRD-01,Polymers,0.6044,0.9848,30.41,29.95,0.0,1,778.93,34463.15,0.0,1,-34463.15,354.3534593883593
BAT-005264,2026-09,23,PLT-06,APAC,FRM-10,PRD-10,Agrochem,0.8376,0.995,90.69,90.24,0.0,1,592.9,75178.86,0.0,1,-75178.86,236.06526629176324
BAT-005265,2026-09,23,PLT-06,APAC,FRM-03,PRD-03,Solvents,0.8332,0.9723,33.39,32.46,32.46,0,568.67,25614.06,42921.0,1,17306.94,198.44769991015278
BAT-005266,2026-09,23,PLT-02,AMER,FRM-11,PRD-11,Polymers,0.8833,0.9916,72.64,72.03,72.03,0,749.37,72069.32,120630.09,1,48560.76999999999,242.7737224669604
BAT-005267,2026-09,23,PLT-02,AMER,FRM-04,PRD-04,Agrochem,0.819,0.9175,58.76,53.91,53.91,0,560.0,46569.18,65132.03,1,18562.85,232.53199455411846
BAT-005268,2026-09,23,PLT-06,APAC,FRM-08,PRD-08,Surfactants,0.8564,0.995,41.11,40.9,40.9,0,1074.33,61827.09,90912.38,1,29085.290000000008,429.61283629287277
BAT-005269,2026-09,23,PLT-04,EMEA,FRM-11,PRD-11,Polymers,0.9306,0.9714,59.01,57.32,57.32,0,749.37,59543.95,95773.02,1,36229.07000000001,259.6784663616336
BAT-005270,2026-09,23,PLT-05,LATAM,FRM-11,PRD-11,Polymers,0.8699,0.9623,31.29,30.11,30.11,0,749.37,32725.35,51726.63,1,19001.28,296.5024832214764
BAT-005271,2026-09,23,PLT-01,EMEA,FRM-03,PRD-03,Solvents,0.9044,0.995,74.98,74.6,74.6,0,568.67,57912.63,95260.36,1,37347.73,203.70436649773274
BAT-005272,2026-09,23,PLT-01,EMEA,FRM-06,PRD-06,Coatings,0.8619,0.9601,37.1,35.62,35.62,0,1470.54,74959.82,116125.77,1,41165.95,549.9403234501349
BAT-005273,2026-09,23,PLT-03,APAC,FRM-05,PRD-05,Coatings,0.5966,0.8531,17.39,14.84,14.84,0,1354.72,34589.93,42705.63,1,8115.699999999997,634.3501552616447
BAT-005274,2026-09,23,PLT-03,APAC,FRM-11,PRD-11,Polymers,0.6516,0.9942,55.46,55.13,55.13,0,749.37,58584.28,91138.99,1,32554.710000000006,306.9639343671114
BAT-005275,2026-09,23,PLT-05,LATAM,FRM-12,PRD-12,Solvents,0.827,0.9912,46.43,46.02,46.02,0,626.5,41079.44,64712.02,1,23632.579999999994,258.26071505492143
BAT-005276,2026-09,23,PLT-05,LATAM,FRM-06,PRD-06,Coatings,0.8783,0.9478,28.48,26.99,26.99,0,1470.54,55854.72,87064.92,1,31210.199999999997,490.65101123595514
BAT-005277,2026-09,23,PLT-01,EMEA,FRM-11,PRD-11,Polymers,0.8706,0.995,40.32,40.12,40.12,0,749.37,41467.86,63397.67,1,21929.809999999998,279.09875
BAT-005278,2026-09,23,PLT-02,AMER,FRM-12,PRD-12,Solvents,0.8813,0.995,51.33,51.07,51.07,0,626.5,44304.44,71657.38,1,27352.940000000002,236.6295538671343
BAT-005279,2026-09,23,PLT-04,EMEA,FRM-01,PRD-01,Polymers,0.8455,0.995,64.54,64.21,64.21,0,778.93,68160.92,108212.52,1,40051.600000000006,277.1735017043694
BAT-005280,2026-09,23,PLT-02,AMER,FRM-05,PRD-05,Coatings,0.8184,0.9619,51.85,49.87,49.87,0,1354.72,99710.11,147609.65,1,47899.53999999999,568.3293731918995
