po_id,period,period_idx,supplier_id,region,geo_risk,material_id,qty_t,on_time_in_full,actual_lead_days,planned_lead_days,po_value,quality_reject,cs_active,lead_time_variance
PO-000001,2024-10,0,SUP-01,EMEA,Low,RM-20,236.47,1,18.4,12.0,461109.35,0,0,6.399999999999999
PO-000002,2024-10,0,SUP-01,EMEA,Low,RM-11,184.4,1,17.5,12.0,414906.28,0,0,5.5
PO-000003,2024-10,0,SUP-01,EMEA,Low,RM-07,138.14,1,10.2,12.0,3937001.93,0,0,-1.8000000000000007
PO-000004,2024-10,0,SUP-01,EMEA,Low,RM-04,105.05,1,13.8,12.0,43072.03,0,0,1.8000000000000007
PO-000005,2024-10,0,SUP-01,EMEA,Low,RM-15,193.22,1,13.5,12.0,170033.8,0,0,1.5
PO-000006,2024-10,0,SUP-01,EMEA,Low,RM-17,120.96,1,17.9,12.0,199581.27,0,0,5.899999999999999
PO-000007,2024-10,0,SUP-01,EMEA,Low,RM-05,196.75,1,9.2,12.0,35415.79,0,0,-2.8000000000000007
PO-000008,2024-10,0,SUP-02,AMER,Low,RM-05,163.64,1,19.8,18.0,29454.55,0,0,1.8000000000000007
PO-000009,2024-10,0,SUP-02,AMER,Low,RM-09,40.21,1,23.5,18.0,25735.65,0,0,5.5
PO-000010,2024-10,0,SUP-02,AMER,Low,RM-11,259.38,0,19.2,18.0,583594.58,0,0,1.1999999999999993
PO-000011,2024-10,0,SUP-02,AMER,Low,RM-11,149.76,1,20.1,18.0,336962.07,0,0,2.1000000000000014
PO-000012,2024-10,0,SUP-02,AMER,Low,RM-06,206.13,1,16.7,18.0,638997.1,0,0,-1.3000000000000007
PO-000013,2024-10,0,SUP-02,AMER,Low,RM-02,117.08,1,20.2,18.0,92495.86,0,0,2.1999999999999993
PO-000014,2024-10,0,SUP-02,AMER,Low,RM-02,135.05,0,21.0,18.0,106693.0,0,0,3.0
PO-000015,2024-10,0,SUP-02,AMER,Low,RM-13,163.71,1,23.8,18.0,55662.68,0,0,5.800000000000001
PO-000016,2024-10,0,SUP-02,AMER,Low,RM-18,134.88,1,21.9,18.0,323719.91,1,0,3.8999999999999986
PO-000017,2024-10,0,SUP-02,AMER,Low,RM-07,153.28,1,20.4,18.0,4368597.83,0,0,2.3999999999999986
PO-000018,2024-10,0,SUP-03,APAC,Medium,RM-18,249.41,1,30.1,34.0,598592.12,0,0,-3.8999999999999986
PO-000019,2024-10,0,SUP-03,APAC,Medium,RM-12,167.35,1,34.1,34.0,43510.62,0,0,0.10000000000000142
PO-000020,2024-10,0,SUP-03,APAC,Medium,RM-09,95.86,1,39.8,34.0,61353.12,0,0,5.799999999999997
PO-000021,2024-10,0,SUP-03,APAC,Medium,RM-01,154.01,1,29.7,34.0,126286.94,0,0,-4.300000000000001
PO-000022,2024-10,0,SUP-03,APAC,Medium,RM-03,200.28,1,30.9,34.0,192265.91,0,0,-3.1000000000000014
PO-000023,2024-10,0,SUP-03,APAC,Medium,RM-04,251.14,1,37.4,34.0,102966.08,0,0,3.3999999999999986
PO-000024,2024-10,0,SUP-03,APAC,Medium,RM-08,85.68,1,32.9,34.0,61686.36,0,0,-1.1000000000000014
PO-000025,2024-10,0,SUP-04,EMEA,Low,RM-18,53.74,1,8.6,10.0,128964.54,0,0,-1.4000000000000004
PO-000026,2024-10,0,SUP-04,EMEA,Low,RM-13,198.52,1,12.2,10.0,67496.81,0,0,2.1999999999999993
PO-000027,2024-10,0,SUP-04,EMEA,Low,RM-05,248.48,1,10.2,10.0,44726.01,0,0,0.1999999999999993
PO-000028,2024-10,0,SUP-04,EMEA,Low,RM-07,152.68,1,10.8,10.0,4351473.84,0,0,0.8000000000000007
PO-000029,2024-10,0,SUP-04,EMEA,Low,RM-05,187.52,1,11.9,10.0,33753.76,0,0,1.9000000000000004
PO-000030,2024-10,0,SUP-04,EMEA,Low,RM-08,162.61,1,12.2,10.0,117076.67,0,0,2.1999999999999993
PO-000031,2024-10,0,SUP-04,EMEA,Low,RM-01,114.52,1,7.2,10.0,93903.66,0,0,-2.8
PO-000032,2024-10,0,SUP-04,EMEA,Low,RM-08,150.66,1,13.0,10.0,108474.72,0,0,3.0
PO-000033,2024-10,0,SUP-04,EMEA,Low,RM-15,81.4,1,11.5,10.0,71629.41,0,0,1.5
PO-000034,2024-10,0,SUP-05,LATAM,Medium,RM-14,109.75,1,25.3,26.0,41703.14,0,0,-0.6999999999999993
PO-000035,2024-10,0,SUP-05,LATAM,Medium,RM-11,243.1,1,25.3,26.0,546974.39,0,0,-0.6999999999999993
PO-000036,2024-10,0,SUP-05,LATAM,Medium,RM-04,198.53,1,23.7,26.0,81398.62,0,0,-2.3000000000000007
PO-000037,2024-10,0,SUP-05,LATAM,Medium,RM-12,173.44,1,31.3,26.0,45093.22,0,0,5.300000000000001
PO-000038,2024-10,0,SUP-05,LATAM,Medium,RM-09,243.21,1,24.8,26.0,155655.52,0,0,-1.1999999999999993
PO-000039,2024-10,0,SUP-05,LATAM,Medium,RM-17,95.61,1,26.5,26.0,157763.31,0,0,0.5
PO-000040,2024-10,0,SUP-05,LATAM,Medium,RM-14,72.12,1,25.5,26.0,27405.51,0,0,-0.5
PO-000041,2024-10,0,SUP-06,APAC,Medium,RM-09,114.68,1,26.1,29.0,73397.88,0,0,-2.8999999999999986
PO-000042,2024-10,0,SUP-06,APAC,Medium,RM-01,60.24,1,29.6,29.0,49394.38,0,0,0.6000000000000014
PO-000043,2024-10,0,SUP-06,APAC,Medium,RM-12,222.17,1,27.8,29.0,57763.74,0,0,-1.1999999999999993
PO-000044,2024-10,0,SUP-06,APAC,Medium,RM-19,62.09,1,28.2,29.0,18004.91,0,0,-0.8000000000000007
PO-000045,2024-10,0,SUP-06,APAC,Medium,RM-16,54.04,1,30.0,29.0,23239.2,0,0,1.0
PO-000046,2024-10,0,SUP-06,APAC,Medium,RM-03,223.51,1,26.4,29.0,214569.2,0,0,-2.6000000000000014
PO-000047,2024-10,0,SUP-07,EMEA,High,RM-16,195.09,0,21.9,22.0,83889.41,0,0,-0.10000000000000142
PO-000048,2024-10,0,SUP-07,EMEA,High,RM-03,193.34,1,21.6,22.0,185602.22,0,0,-0.3999999999999986
PO-000049,2024-10,0,SUP-07,EMEA,High,RM-10,134.74,1,23.2,22.0,158995.83,0,0,1.1999999999999993
PO-000050,2024-10,0,SUP-07,EMEA,High,RM-10,146.64,1,21.4,22.0,173032.55,0,0,-0.6000000000000014
PO-000051,2024-10,0,SUP-07,EMEA,High,RM-20,243.86,0,20.2,22.0,475536.28,0,0,-1.8000000000000007
PO-000052,2024-10,0,SUP-07,EMEA,High,RM-18,171.5,0,24.6,22.0,411594.39,0,0,2.6000000000000014
PO-000053,2024-10,0,SUP-07,EMEA,High,RM-12,152.42,0,20.9,22.0,39628.74,0,0,-1.1000000000000014
PO-000054,2024-10,0,SUP-08,APAC,Low,RM-15,247.29,1,21.1,20.0,217618.09,0,0,1.1000000000000014
PO-000055,2024-10,0,SUP-08,APAC,Low,RM-07,123.83,1,18.1,20.0,3529049.44,0,0,-1.8999999999999986
PO-000056,2024-10,0,SUP-08,APAC,Low,RM-17,207.66,0,24.5,20.0,342631.12,0,0,4.5
PO-000057,2024-10,0,SUP-08,APAC,Low,RM-11,258.73,0,16.9,20.0,582147.87,0,0,-3.1000000000000014
PO-000058,2024-10,0,SUP-08,APAC,Low,RM-09,186.2,1,19.2,20.0,119168.25,0,0,-0.8000000000000007
PO-000059,2024-10,0,SUP-08,APAC,Low,RM-15,134.85,1,17.9,20.0,118671.0,0,0,-2.1000000000000014
PO-000060,2024-10,0,SUP-08,APAC,Low,RM-07,139.42,1,24.4,20.0,3973543.72,0,0,4.399999999999999
PO-000061,2024-10,0,SUP-08,APAC,Low,RM-20,164.89,1,19.8,20.0,321541.62,0,0,-0.1999999999999993
PO-000062,2024-10,0,SUP-09,AMER,Low,RM-10,63.29,1,11.4,14.0,74681.26,0,0,-2.5999999999999996
PO-000063,2024-10,0,SUP-09,AMER,Low,RM-01,177.23,1,22.2,14.0,145326.32,0,0,8.2
PO-000064,2024-10,0,SUP-09,AMER,Low,RM-16,41.62,1,9.6,14.0,17898.29,0,0,-4.4
PO-000065,2024-10,0,SUP-09,AMER,Low,RM-18,99.16,1,16.3,14.0,237986.23,0,0,2.3000000000000007
PO-000066,2024-10,0,SUP-09,AMER,Low,RM-10,171.53,1,11.8,14.0,202410.59,0,0,-2.1999999999999993
PO-000067,2024-10,0,SUP-09,AMER,Low,RM-05,55.53,1,10.9,14.0,9995.15,0,0,-3.0999999999999996
PO-000068,2024-10,0,SUP-09,AMER,Low,RM-18,188.64,1,22.0,14.0,452746.04,0,0,8.0
PO-000069,2024-10,0,SUP-09,AMER,Low,RM-12,105.96,1,14.4,14.0,27548.53,0,0,0.40000000000000036
PO-000070,2024-10,0,SUP-09,AMER,Low,RM-06,235.29,1,17.0,14.0,729387.78,0,0,3.0
PO-000071,2024-10,0,SUP-09,AMER,Low,RM-02,57.64,1,16.6,14.0,45533.31,0,0,2.6000000000000014
PO-000072,2024-10,0,SUP-10,EMEA,Medium,RM-02,249.86,1,23.4,24.0,197391.28,0,0,-0.6000000000000014
PO-000073,2024-10,0,SUP-10,EMEA,Medium,RM-02,145.48,0,25.1,24.0,114927.41,0,0,1.1000000000000014
PO-000074,2024-10,0,SUP-10,EMEA,Medium,RM-09,104.68,1,20.8,24.0,66994.58,0,0,-3.1999999999999993
PO-000075,2024-10,0,SUP-10,EMEA,Medium,RM-16,87.43,1,30.3,24.0,37594.59,0,0,6.300000000000001
PO-000076,2024-10,0,SUP-10,EMEA,Medium,RM-08,153.07,1,24.8,24.0,110207.97,0,0,0.8000000000000007
PO-000077,2024-10,0,SUP-10,EMEA,Medium,RM-09,217.66,1,23.8,24.0,139303.46,0,0,-0.1999999999999993
PO-000078,2024-11,1,SUP-01,EMEA,Low,RM-07,93.9,1,9.7,12.0,2725431.62,0,0,-2.3000000000000007
PO-000079,2024-11,1,SUP-01,EMEA,Low,RM-06,180.68,1,12.3,12.0,570444.59,0,0,0.3000000000000007
PO-000080,2024-11,1,SUP-01,EMEA,Low,RM-10,82.71,1,10.5,12.0,99393.96,0,0,-1.5
PO-000081,2024-11,1,SUP-01,EMEA,Low,RM-01,226.06,1,15.5,12.0,188790.87,0,0,3.5
PO-000082,2024-11,1,SUP-01,EMEA,Low,RM-15,247.03,1,11.3,12.0,221400.59,0,0,-0.6999999999999993
PO-000083,2024-11,1,SUP-01,EMEA,Low,RM-14,226.75,0,8.6,12.0,87756.07,0,0,-3.4000000000000004
PO-000084,2024-11,1,SUP-01,EMEA,Low,RM-13,177.58,1,19.5,12.0,61491.38,0,0,7.5
PO-000085,2024-11,1,SUP-01,EMEA,Low,RM-01,159.86,1,13.8,12.0,133506.65,0,0,1.8000000000000007
PO-000086,2024-11,1,SUP-01,EMEA,Low,RM-14,129.56,1,11.0,12.0,50139.76,1,0,-1.0
PO-000087,2024-11,1,SUP-02,AMER,Low,RM-17,183.44,1,22.6,18.0,308258.9,0,0,4.600000000000001
PO-000088,2024-11,1,SUP-02,AMER,Low,RM-14,84.66,1,16.5,18.0,32763.14,0,0,-1.5
PO-000089,2024-11,1,SUP-02,AMER,Low,RM-09,244.73,1,19.2,18.0,159516.23,0,0,1.1999999999999993
PO-000090,2024-11,1,SUP-02,AMER,Low,RM-17,44.08,1,20.1,18.0,74078.21,0,0,2.1000000000000014
PO-000091,2024-11,1,SUP-02,AMER,Low,RM-17,82.15,1,17.2,18.0,138054.32,0,0,-0.8000000000000007
PO-000092,2024-11,1,SUP-02,AMER,Low,RM-02,79.7,1,19.8,18.0,64123.86,0,0,1.8000000000000007
PO-000093,2024-11,1,SUP-03,APAC,Medium,RM-16,220.65,1,39.5,34.0,96628.16,0,0,5.5
PO-000094,2024-11,1,SUP-03,APAC,Medium,RM-03,182.15,1,40.8,34.0,178089.2,0,0,6.799999999999997
PO-000095,2024-11,1,SUP-03,APAC,Medium,RM-08,68.03,1,34.7,34.0,49885.1,0,0,0.7000000000000028
PO-000096,2024-11,1,SUP-03,APAC,Medium,RM-01,203.47,1,39.2,34.0,169921.4,0,0,5.200000000000003
PO-000097,2024-11,1,SUP-03,APAC,Medium,RM-19,111.02,1,34.1,34.0,32790.18,0,0,0.10000000000000142
PO-000098,2024-11,1,SUP-03,APAC,Medium,RM-15,99.81,1,34.1,34.0,89453.09,0,0,0.10000000000000142
PO-000099,2024-11,1,SUP-03,APAC,Medium,RM-06,226.45,1,34.0,34.0,714928.49,0,0,0.0
PO-000100,2024-11,1,SUP-03,APAC,Medium,RM-17,207.04,1,26.6,34.0,347914.04,0,0,-7.399999999999999
PO-000101,2024-11,1,SUP-03,APAC,Medium,RM-19,49.85,1,32.3,34.0,14722.06,0,0,-1.7000000000000028
PO-000102,2024-11,1,SUP-03,APAC,Medium,RM-01,165.3,1,37.8,34.0,138047.65,0,0,3.799999999999997
PO-000103,2024-11,1,SUP-04,EMEA,Low,RM-02,91.95,1,7.1,10.0,73977.21,0,0,-2.9000000000000004
PO-000104,2024-11,1,SUP-04,EMEA,Low,RM-16,203.76,1,9.2,10.0,89234.09,0,0,-0.8000000000000007
PO-000105,2024-11,1,SUP-04,EMEA,Low,RM-16,135.02,1,8.7,10.0,59129.24,0,0,-1.3000000000000007
PO-000106,2024-11,1,SUP-04,EMEA,Low,RM-20,188.39,1,8.9,10.0,374137.32,0,0,-1.0999999999999996
PO-000107,2024-11,1,SUP-04,EMEA,Low,RM-20,157.24,1,11.0,10.0,312265.05,0,0,1.0
PO-000108,2024-11,1,SUP-04,EMEA,Low,RM-09,245.28,1,9.5,10.0,159874.44,0,0,-0.5
PO-000109,2024-11,1,SUP-04,EMEA,Low,RM-13,233.69,1,5.4,10.0,80921.43,0,0,-4.6
PO-000110,2024-11,1,SUP-04,EMEA,Low,RM-13,184.01,1,8.6,10.0,63718.12,0,0,-1.4000000000000004
PO-000111,2024-11,1,SUP-04,EMEA,Low,RM-04,43.88,0,10.7,10.0,18321.36,0,0,0.6999999999999993
PO-000112,2024-11,1,SUP-04,EMEA,Low,RM-13,132.65,1,6.8,10.0,45932.73,0,0,-3.2
PO-000113,2024-11,1,SUP-04,EMEA,Low,RM-20,41.06,1,9.5,10.0,81551.06,0,0,-0.5
PO-000114,2024-11,1,SUP-05,LATAM,Medium,RM-12,194.81,1,28.4,26.0,51586.16,0,0,2.3999999999999986
PO-000115,2024-11,1,SUP-05,LATAM,Medium,RM-06,165.11,1,21.3,26.0,521277.07,0,0,-4.699999999999999
PO-000116,2024-11,1,SUP-05,LATAM,Medium,RM-17,179.09,1,25.5,26.0,300956.66,0,0,-0.5
PO-000117,2024-11,1,SUP-05,LATAM,Medium,RM-15,149.54,1,26.8,26.0,134026.36,0,0,0.8000000000000007
PO-000118,2024-11,1,SUP-05,LATAM,Medium,RM-15,133.83,1,26.9,26.0,119941.0,0,0,0.8999999999999986
PO-000119,2024-11,1,SUP-05,LATAM,Medium,RM-09,163.99,1,24.4,26.0,106887.64,0,0,-1.6000000000000014
PO-000120,2024-11,1,SUP-05,LATAM,Medium,RM-20,184.25,1,21.7,26.0,365920.51,0,0,-4.300000000000001
PO-000121,2024-11,1,SUP-05,LATAM,Medium,RM-02,209.73,1,31.0,26.0,168743.52,0,0,5.0
PO-000122,2024-11,1,SUP-05,LATAM,Medium,RM-05,234.6,1,26.5,26.0,43006.41,0,0,0.5
PO-000123,2024-11,1,SUP-06,APAC,Medium,RM-02,131.09,1,26.4,29.0,105472.13,0,0,-2.6000000000000014
PO-000124,2024-11,1,SUP-06,APAC,Medium,RM-08,165.73,1,29.9,29.0,121523.71,0,0,0.8999999999999986
PO-000125,2024-11,1,SUP-06,APAC,Medium,RM-08,178.34,1,28.8,29.0,130773.81,0,0,-0.1999999999999993
PO-000126,2024-11,1,SUP-06,APAC,Medium,RM-16,258.21,1,26.1,29.0,113079.59,0,0,-2.8999999999999986
PO-000127,2024-11,1,SUP-06,APAC,Medium,RM-14,147.94,0,31.0,29.0,57253.06,0,0,2.0
PO-000128,2024-11,1,SUP-06,APAC,Medium,RM-10,100.89,1,28.1,29.0,121241.55,0,0,-0.8999999999999986
PO-000129,2024-11,1,SUP-06,APAC,Medium,RM-15,144.73,0,27.0,29.0,129713.54,0,0,-2.0
PO-000130,2024-11,1,SUP-06,APAC,Medium,RM-01,172.43,1,33.2,29.0,144003.78,0,0,4.200000000000003
PO-000131,2024-11,1,SUP-06,APAC,Medium,RM-04,175.32,1,24.1,29.0,73207.9,0,0,-4.899999999999999
PO-000132,2024-11,1,SUP-07,EMEA,High,RM-05,133.15,1,24.6,22.0,24408.9,1,0,2.6000000000000014
PO-000133,2024-11,1,SUP-07,EMEA,High,RM-12,80.63,1,21.3,22.0,21350.53,0,0,-0.6999999999999993
PO-000134,2024-11,1,SUP-07,EMEA,High,RM-19,50.8,1,25.8,22.0,15002.34,0,0,3.8000000000000007
PO-000135,2024-11,1,SUP-07,EMEA,High,RM-10,255.16,1,24.3,22.0,306637.04,0,0,2.3000000000000007
PO-000136,2024-11,1,SUP-07,EMEA,High,RM-11,118.06,0,16.8,22.0,270545.04,0,0,-5.199999999999999
PO-000137,2024-11,1,SUP-07,EMEA,High,RM-10,197.62,1,18.8,22.0,237490.4,0,0,-3.1999999999999993
PO-000138,2024-11,1,SUP-07,EMEA,High,RM-02,203.43,1,28.0,22.0,163676.21,0,0,6.0
PO-000139,2024-11,1,SUP-07,EMEA,High,RM-07,149.67,0,23.1,22.0,4344233.44,0,0,1.1000000000000014
PO-000140,2024-11,1,SUP-08,APAC,Low,RM-06,83.76,1,16.7,20.0,264434.68,0,0,-3.3000000000000007
PO-000141,2024-11,1,SUP-08,APAC,Low,RM-13,64.06,1,17.5,20.0,22183.79,0,0,-2.5
PO-000142,2024-11,1,SUP-08,APAC,Low,RM-10,215.77,1,19.0,20.0,259300.97,0,0,-1.0
PO-000143,2024-11,1,SUP-08,APAC,Low,RM-20,131.18,1,21.2,20.0,260511.93,0,0,1.1999999999999993
PO-000144,2024-11,1,SUP-08,APAC,Low,RM-01,155.93,1,15.9,20.0,130224.92,1,0,-4.1
PO-000145,2024-11,1,SUP-08,APAC,Low,RM-10,221.8,1,20.2,20.0,266549.36,0,0,0.1999999999999993
PO-000146,2024-11,1,SUP-08,APAC,Low,RM-03,172.45,0,19.0,20.0,168607.74,0,0,-1.0
PO-000147,2024-11,1,SUP-08,APAC,Low,RM-07,54.58,1,20.7,20.0,1584243.65,0,0,0.6999999999999993
PO-000148,2024-11,1,SUP-09,AMER,Low,RM-03,87.58,1,13.0,14.0,85627.72,0,0,-1.0
PO-000149,2024-11,1,SUP-09,AMER,Low,RM-09,219.06,1,19.6,14.0,142784.46,0,0,5.600000000000001
PO-000150,2024-11,1,SUP-09,AMER,Low,RM-09,77.83,1,16.7,14.0,50732.89,0,0,2.6999999999999993
PO-000151,2024-11,1,SUP-09,AMER,Low,RM-12,239.51,1,10.6,14.0,63422.1,0,0,-3.4000000000000004
PO-000152,2024-11,1,SUP-09,AMER,Low,RM-01,70.21,1,11.6,14.0,58634.54,0,0,-2.4000000000000004
PO-000153,2024-11,1,SUP-09,AMER,Low,RM-04,58.68,1,14.4,14.0,24501.1,0,0,0.40000000000000036
PO-000154,2024-11,1,SUP-09,AMER,Low,RM-02,56.89,1,14.3,14.0,45769.29,0,0,0.3000000000000007
PO-000155,2024-11,1,SUP-09,AMER,Low,RM-10,136.19,1,16.5,14.0,163668.35,0,0,2.5
PO-000156,2024-11,1,SUP-09,AMER,Low,RM-17,257.7,1,16.9,14.0,433043.92,0,0,2.8999999999999986
PO-000157,2024-11,1,SUP-09,AMER,Low,RM-02,224.03,1,15.2,14.0,180244.74,0,0,1.1999999999999993
PO-000158,2024-11,1,SUP-09,AMER,Low,RM-06,187.21,1,12.9,14.0,591044.38,0,0,-1.0999999999999996
PO-000159,2024-11,1,SUP-10,EMEA,Medium,RM-10,149.7,1,23.8,24.0,179901.5,0,0,-0.1999999999999993
PO-000160,2024-11,1,SUP-10,EMEA,Medium,RM-19,46.26,1,26.6,24.0,13663.05,0,0,2.6000000000000014
PO-000161,2024-11,1,SUP-10,EMEA,Medium,RM-12,69.36,1,22.4,24.0,18365.99,0,0,-1.6000000000000014
PO-000162,2024-11,1,SUP-10,EMEA,Medium,RM-12,252.05,1,24.4,24.0,66741.27,0,0,0.3999999999999986
PO-000163,2024-11,1,SUP-10,EMEA,Medium,RM-17,148.41,1,30.1,24.0,249391.29,0,0,6.100000000000001
PO-000164,2024-11,1,SUP-10,EMEA,Medium,RM-07,248.32,1,23.1,24.0,7207803.8,0,0,-0.8999999999999986
PO-000165,2024-11,1,SUP-10,EMEA,Medium,RM-10,126.08,1,25.5,24.0,151515.17,0,0,1.5
PO-000166,2024-12,2,SUP-01,EMEA,Low,RM-14,129.8,1,14.9,12.0,51056.6,0,0,2.9000000000000004
PO-000167,2024-12,2,SUP-01,EMEA,Low,RM-05,62.31,1,6.3,12.0,11608.79,0,0,-5.7
PO-000168,2024-12,2,SUP-01,EMEA,Low,RM-18,158.81,1,11.2,12.0,394526.87,0,0,-0.8000000000000007
PO-000169,2024-12,2,SUP-01,EMEA,Low,RM-01,207.98,1,12.2,12.0,176527.29,0,0,0.1999999999999993
PO-000170,2024-12,2,SUP-01,EMEA,Low,RM-02,78.83,1,14.9,12.0,64465.61,0,0,2.9000000000000004
PO-000171,2024-12,2,SUP-01,EMEA,Low,RM-02,129.88,1,11.8,12.0,106205.61,0,0,-0.1999999999999993
PO-000172,2024-12,2,SUP-01,EMEA,Low,RM-19,125.25,1,13.0,12.0,37598.61,0,0,1.0
PO-000173,2024-12,2,SUP-02,AMER,Low,RM-06,65.38,1,17.5,18.0,209803.51,0,0,-0.5
PO-000174,2024-12,2,SUP-02,AMER,Low,RM-05,194.12,1,17.5,18.0,36168.92,0,0,-0.5
PO-000175,2024-12,2,SUP-02,AMER,Low,RM-13,137.85,1,20.7,18.0,48514.07,0,0,2.6999999999999993
PO-000176,2024-12,2,SUP-02,AMER,Low,RM-04,72.13,1,21.1,18.0,30613.61,0,0,3.1000000000000014
PO-000177,2024-12,2,SUP-02,AMER,Low,RM-07,240.04,1,22.5,18.0,7081247.86,0,0,4.5
PO-000178,2024-12,2,SUP-02,AMER,Low,RM-14,147.27,1,18.5,18.0,57926.75,0,0,0.5
PO-000179,2024-12,2,SUP-02,AMER,Low,RM-15,143.3,1,13.7,18.0,130531.61,0,0,-4.300000000000001
PO-000180,2024-12,2,SUP-02,AMER,Low,RM-17,239.47,1,15.3,18.0,408995.96,0,0,-2.6999999999999993
PO-000181,2024-12,2,SUP-02,AMER,Low,RM-06,113.46,1,17.2,18.0,364070.95,0,0,-0.8000000000000007
PO-000182,2024-12,2,SUP-02,AMER,Low,RM-04,249.0,1,17.0,18.0,105672.99,0,0,-1.0
PO-000183,2024-12,2,SUP-02,AMER,Low,RM-16,240.12,1,14.2,18.0,106874.89,0,0,-3.8000000000000007
PO-000184,2024-12,2,SUP-03,APAC,Medium,RM-13,57.75,1,32.4,34.0,20323.06,0,0,-1.6000000000000014
PO-000185,2024-12,2,SUP-03,APAC,Medium,RM-18,102.36,0,28.8,34.0,254283.63,0,0,-5.199999999999999
PO-000186,2024-12,2,SUP-03,APAC,Medium,RM-15,124.89,1,34.3,34.0,113760.07,0,0,0.29999999999999716
PO-000187,2024-12,2,SUP-03,APAC,Medium,RM-02,163.2,0,25.0,34.0,133453.68,0,0,-9.0
PO-000188,2024-12,2,SUP-03,APAC,Medium,RM-19,142.36,1,32.7,34.0,42732.54,0,0,-1.2999999999999972
PO-000189,2024-12,2,SUP-03,APAC,Medium,RM-03,76.27,1,27.2,34.0,75785.49,0,0,-6.800000000000001
PO-000190,2024-12,2,SUP-03,APAC,Medium,RM-13,247.64,1,37.9,34.0,87152.78,0,0,3.8999999999999986
PO-000191,2024-12,2,SUP-03,APAC,Medium,RM-04,143.17,1,35.7,34.0,60761.53,0,0,1.7000000000000028
PO-000192,2024-12,2,SUP-04,EMEA,Low,RM-12,105.23,1,8.3,10.0,28319.44,0,0,-1.6999999999999993
PO-000193,2024-12,2,SUP-04,EMEA,Low,RM-02,199.26,1,0.5,10.0,162937.78,0,0,-9.5
PO-000194,2024-12,2,SUP-04,EMEA,Low,RM-04,200.61,1,2.3,10.0,85137.81,0,0,-7.7
PO-000195,2024-12,2,SUP-04,EMEA,Low,RM-12,212.27,0,14.6,10.0,57126.43,0,0,4.6
PO-000196,2024-12,2,SUP-04,EMEA,Low,RM-20,249.14,1,11.3,10.0,502871.25,0,0,1.3000000000000007
PO-000197,2024-12,2,SUP-04,EMEA,Low,RM-01,127.75,1,7.2,10.0,108431.61,0,0,-2.8
PO-000198,2024-12,2,SUP-04,EMEA,Low,RM-19,233.1,1,3.2,10.0,69972.49,0,0,-6.8
PO-000199,2024-12,2,SUP-04,EMEA,Low,RM-01,150.24,1,11.7,10.0,127517.84,0,0,1.6999999999999993
PO-000200,2024-12,2,SUP-04,EMEA,Low,RM-02,111.74,1,9.8,10.0,91372.9,0,0,-0.1999999999999993
PO-000201,2024-12,2,SUP-05,LATAM,Medium,RM-05,253.78,1,22.1,26.0,47284.15,0,0,-3.8999999999999986
PO-000202,2024-12,2,SUP-05,LATAM,Medium,RM-11,214.08,0,27.7,26.0,498595.6,0,0,1.6999999999999993
PO-000203,2024-12,2,SUP-05,LATAM,Medium,RM-18,84.29,1,30.0,26.0,209388.03,0,0,4.0
PO-000204,2024-12,2,SUP-05,LATAM,Medium,RM-18,112.0,1,25.5,26.0,278247.85,0,0,-0.5
PO-000205,2024-12,2,SUP-05,LATAM,Medium,RM-09,121.05,1,28.7,26.0,80190.74,0,0,2.6999999999999993
PO-000206,2024-12,2,SUP-05,LATAM,Medium,RM-18,221.38,1,27.0,26.0,549966.68,0,0,1.0
PO-000207,2024-12,2,SUP-05,LATAM,Medium,RM-10,66.53,1,26.0,26.0,81262.74,0,0,0.0
PO-000208,2024-12,2,SUP-05,LATAM,Medium,RM-06,204.82,1,28.5,26.0,657217.24,0,0,2.5
PO-000209,2024-12,2,SUP-05,LATAM,Medium,RM-13,50.02,1,25.2,26.0,17604.38,0,0,-0.8000000000000007
PO-000210,2024-12,2,SUP-06,APAC,Medium,RM-12,115.44,1,30.4,29.0,31066.87,1,0,1.3999999999999986
PO-000211,2024-12,2,SUP-06,APAC,Medium,RM-13,257.14,1,26.3,29.0,90498.1,1,0,-2.6999999999999993
PO-000212,2024-12,2,SUP-06,APAC,Medium,RM-03,94.79,1,26.1,29.0,94189.98,0,0,-2.8999999999999986
PO-000213,2024-12,2,SUP-06,APAC,Medium,RM-11,170.35,0,29.0,29.0,396739.9,0,0,0.0
PO-000214,2024-12,2,SUP-06,APAC,Medium,RM-18,190.35,1,27.9,29.0,472883.12,0,0,-1.1000000000000014
PO-000215,2024-12,2,SUP-06,APAC,Medium,RM-07,229.58,1,31.9,29.0,6772760.26,0,0,2.8999999999999986
PO-000216,2024-12,2,SUP-06,APAC,Medium,RM-15,53.48,1,31.2,29.0,48713.05,0,0,2.1999999999999993
PO-000217,2024-12,2,SUP-07,EMEA,High,RM-08,91.08,1,21.6,22.0,67881.21,0,0,-0.3999999999999986
PO-000218,2024-12,2,SUP-07,EMEA,High,RM-11,234.24,1,14.8,22.0,545552.57,0,0,-7.199999999999999
PO-000219,2024-12,2,SUP-07,EMEA,High,RM-18,181.77,1,24.4,22.0,451555.83,1,0,2.3999999999999986
PO-000220,2024-12,2,SUP-07,EMEA,High,RM-06,199.9,1,20.5,22.0,641457.09,1,0,-1.5
PO-000221,2024-12,2,SUP-07,EMEA,High,RM-20,157.7,1,17.9,22.0,318306.95,0,0,-4.100000000000001
PO-000222,2024-12,2,SUP-07,EMEA,High,RM-05,202.62,1,22.3,22.0,37752.69,0,0,0.3000000000000007
PO-000223,2024-12,2,SUP-07,EMEA,High,RM-20,250.04,1,19.8,22.0,504703.61,0,0,-2.1999999999999993
PO-000224,2024-12,2,SUP-07,EMEA,High,RM-09,141.4,1,24.3,22.0,93675.95,0,0,2.3000000000000007
PO-000225,2024-12,2,SUP-08,APAC,Low,RM-03,179.89,1,22.4,20.0,178754.44,0,0,2.3999999999999986
PO-000226,2024-12,2,SUP-08,APAC,Low,RM-06,77.82,1,24.8,20.0,249695.86,0,0,4.800000000000001
PO-000227,2024-12,2,SUP-08,APAC,Low,RM-17,151.5,1,21.2,20.0,258757.79,0,0,1.1999999999999993
PO-000228,2024-12,2,SUP-08,APAC,Low,RM-01,178.68,1,20.6,20.0,151665.01,0,0,0.6000000000000014
PO-000229,2024-12,2,SUP-08,APAC,Low,RM-10,200.99,1,20.9,20.0,245499.12,0,0,0.8999999999999986
PO-000230,2024-12,2,SUP-08,APAC,Low,RM-09,121.92,1,20.5,20.0,80768.99,0,0,0.5
PO-000231,2024-12,2,SUP-08,APAC,Low,RM-17,171.84,1,19.5,20.0,293490.47,0,0,-0.5
PO-000232,2024-12,2,SUP-08,APAC,Low,RM-01,153.46,1,16.5,20.0,130255.68,0,0,-3.5
PO-000233,2024-12,2,SUP-08,APAC,Low,RM-04,202.09,1,19.0,20.0,85765.78,0,0,-1.0
PO-000234,2024-12,2,SUP-08,APAC,Low,RM-14,161.95,1,24.0,20.0,63701.29,0,0,4.0
PO-000235,2024-12,2,SUP-08,APAC,Low,RM-09,178.57,1,21.7,20.0,118298.99,0,0,1.6999999999999993
PO-000236,2024-12,2,SUP-09,AMER,Low,RM-11,157.85,1,15.8,14.0,367620.29,0,0,1.8000000000000007
PO-000237,2024-12,2,SUP-09,AMER,Low,RM-20,134.09,1,13.2,14.0,270650.42,0,0,-0.8000000000000007
PO-000238,2024-12,2,SUP-09,AMER,Low,RM-15,154.44,1,17.1,14.0,140681.89,0,0,3.1000000000000014
PO-000239,2024-12,2,SUP-09,AMER,Low,RM-08,182.09,1,10.8,14.0,135709.49,0,0,-3.1999999999999993
PO-000240,2024-12,2,SUP-09,AMER,Low,RM-14,59.84,1,11.3,14.0,23536.32,0,0,-2.6999999999999993
PO-000241,2024-12,2,SUP-09,AMER,Low,RM-18,189.53,1,12.0,14.0,470850.36,0,0,-2.0
PO-000242,2024-12,2,SUP-09,AMER,Low,RM-07,77.58,1,16.7,14.0,2288712.76,0,0,2.6999999999999993
PO-000243,2024-12,2,SUP-10,EMEA,Medium,RM-04,120.16,1,16.7,24.0,50996.61,0,0,-7.300000000000001
PO-000244,2024-12,2,SUP-10,EMEA,Medium,RM-07,135.57,1,27.7,24.0,3999525.14,1,0,3.6999999999999993
PO-000245,2024-12,2,SUP-10,EMEA,Medium,RM-07,175.66,1,24.2,24.0,5182107.43,0,0,0.1999999999999993
PO-000246,2024-12,2,SUP-10,EMEA,Medium,RM-12,182.43,1,19.6,24.0,49096.17,0,0,-4.399999999999999
PO-000247,2024-12,2,SUP-10,EMEA,Medium,RM-17,193.77,1,28.1,24.0,330936.93,0,0,4.100000000000001
PO-000248,2024-12,2,SUP-10,EMEA,Medium,RM-16,163.55,1,22.8,24.0,72795.36,0,0,-1.1999999999999993
PO-000249,2024-12,2,SUP-10,EMEA,Medium,RM-01,137.38,1,22.4,24.0,116607.03,0,0,-1.6000000000000014
PO-000250,2024-12,2,SUP-10,EMEA,Medium,RM-10,181.35,1,25.9,24.0,221503.53,0,0,1.8999999999999986
PO-000251,2025-01,3,SUP-01,EMEA,Low,RM-17,234.19,1,12.6,12.0,405101.0,0,0,0.5999999999999996
PO-000252,2025-01,3,SUP-01,EMEA,Low,RM-10,181.85,1,7.0,12.0,224958.21,0,0,-5.0
PO-000253,2025-01,3,SUP-01,EMEA,Low,RM-19,253.31,1,15.9,12.0,77013.03,0,0,3.9000000000000004
PO-000254,2025-01,3,SUP-01,EMEA,Low,RM-06,169.62,1,14.0,12.0,551253.39,0,0,2.0
PO-000255,2025-01,3,SUP-01,EMEA,Low,RM-06,211.51,1,9.9,12.0,687396.13,0,0,-2.0999999999999996
PO-000256,2025-01,3,SUP-01,EMEA,Low,RM-01,94.77,1,8.8,12.0,81468.63,0,0,-3.1999999999999993
PO-000257,2025-01,3,SUP-01,EMEA,Low,RM-18,240.73,1,14.3,12.0,605695.43,0,0,2.3000000000000007
PO-000258,2025-01,3,SUP-02,AMER,Low,RM-14,113.01,1,19.7,18.0,45021.31,0,0,1.6999999999999993
PO-000259,2025-01,3,SUP-02,AMER,Low,RM-03,58.47,0,19.5,18.0,58847.86,1,0,1.5
PO-000260,2025-01,3,SUP-02,AMER,Low,RM-08,133.95,1,18.9,18.0,101105.13,0,0,0.8999999999999986
PO-000261,2025-01,3,SUP-02,AMER,Low,RM-04,93.02,1,15.4,18.0,39981.05,0,0,-2.5999999999999996
PO-000262,2025-01,3,SUP-02,AMER,Low,RM-13,74.13,1,15.8,18.0,26423.48,0,0,-2.1999999999999993
PO-000263,2025-01,3,SUP-02,AMER,Low,RM-16,88.37,1,20.8,18.0,39834.78,0,0,2.8000000000000007
PO-000264,2025-01,3,SUP-02,AMER,Low,RM-13,154.92,1,17.4,18.0,55220.5,0,0,-0.6000000000000014
PO-000265,2025-01,3,SUP-02,AMER,Low,RM-19,145.58,1,18.1,18.0,44260.07,0,0,0.10000000000000142
PO-000266,2025-01,3,SUP-03,APAC,Medium,RM-04,256.26,1,34.8,34.0,110149.23,0,0,0.7999999999999972
PO-000267,2025-01,3,SUP-03,APAC,Medium,RM-16,256.44,1,30.8,34.0,115603.52,0,0,-3.1999999999999993
PO-000268,2025-01,3,SUP-03,APAC,Medium,RM-18,190.44,1,34.3,34.0,479150.15,0,0,0.29999999999999716
PO-000269,2025-01,3,SUP-03,APAC,Medium,RM-03,55.4,1,34.4,34.0,55751.81,0,0,0.3999999999999986
PO-000270,2025-01,3,SUP-03,APAC,Medium,RM-02,247.39,0,33.2,34.0,204892.4,0,0,-0.7999999999999972
PO-000271,2025-01,3,SUP-03,APAC,Medium,RM-18,220.25,1,30.0,34.0,554163.52,0,0,-4.0
PO-000272,2025-01,3,SUP-03,APAC,Medium,RM-05,224.33,0,36.5,34.0,42333.26,0,0,2.5
PO-000273,2025-01,3,SUP-03,APAC,Medium,RM-03,203.89,1,35.4,34.0,205198.3,0,0,1.3999999999999986
PO-000274,2025-01,3,SUP-03,APAC,Medium,RM-15,110.17,1,33.7,34.0,101637.01,0,0,-0.29999999999999716
PO-000275,2025-01,3,SUP-04,EMEA,Low,RM-07,122.72,1,12.9,10.0,3666566.34,0,0,2.9000000000000004
PO-000276,2025-01,3,SUP-04,EMEA,Low,RM-02,91.94,1,11.9,10.0,76146.08,0,0,1.9000000000000004
PO-000277,2025-01,3,SUP-04,EMEA,Low,RM-06,65.63,1,9.1,10.0,213287.72,0,0,-0.9000000000000004
PO-000278,2025-01,3,SUP-04,EMEA,Low,RM-13,69.28,1,9.8,10.0,24695.45,0,0,-0.1999999999999993
PO-000279,2025-01,3,SUP-04,EMEA,Low,RM-11,221.8,1,9.6,10.0,523197.29,0,0,-0.40000000000000036
PO-000280,2025-01,3,SUP-04,EMEA,Low,RM-19,186.86,1,8.4,10.0,56810.4,0,0,-1.5999999999999996
PO-000281,2025-01,3,SUP-04,EMEA,Low,RM-07,142.14,1,6.2,10.0,4246902.04,0,0,-3.8
PO-000282,2025-01,3,SUP-04,EMEA,Low,RM-01,211.63,1,13.1,10.0,181928.99,0,0,3.0999999999999996
PO-000283,2025-01,3,SUP-04,EMEA,Low,RM-20,152.15,1,11.1,10.0,311035.67,0,0,1.0999999999999996
PO-000284,2025-01,3,SUP-05,LATAM,Medium,RM-08,220.74,1,31.9,26.0,166618.81,0,0,5.899999999999999
PO-000285,2025-01,3,SUP-05,LATAM,Medium,RM-03,194.72,1,14.5,26.0,195972.59,0,0,-11.5
PO-000286,2025-01,3,SUP-05,LATAM,Medium,RM-10,133.87,1,29.4,26.0,165608.55,0,0,3.3999999999999986
PO-000287,2025-01,3,SUP-05,LATAM,Medium,RM-18,69.9,0,25.4,26.0,175864.74,0,0,-0.6000000000000014
PO-000288,2025-01,3,SUP-05,LATAM,Medium,RM-20,116.81,1,25.1,26.0,238800.54,0,0,-0.8999999999999986
PO-000289,2025-01,3,SUP-05,LATAM,Medium,RM-13,132.94,0,22.7,26.0,47386.62,0,0,-3.3000000000000007
PO-000290,2025-01,3,SUP-05,LATAM,Medium,RM-19,122.94,1,26.4,26.0,37376.76,0,0,0.3999999999999986
PO-000291,2025-01,3,SUP-05,LATAM,Medium,RM-05,253.23,1,27.9,26.0,47786.04,0,0,1.8999999999999986
PO-000292,2025-01,3,SUP-06,APAC,Medium,RM-17,57.88,1,29.6,29.0,100121.64,0,0,0.6000000000000014
PO-000293,2025-01,3,SUP-06,APAC,Medium,RM-15,247.05,1,24.8,29.0,227916.09,0,0,-4.199999999999999
PO-000294,2025-01,3,SUP-06,APAC,Medium,RM-01,109.44,1,34.7,29.0,94079.68,0,0,5.700000000000003
PO-000295,2025-01,3,SUP-06,APAC,Medium,RM-20,85.91,1,23.7,29.0,175636.53,0,0,-5.300000000000001
PO-000296,2025-01,3,SUP-06,APAC,Medium,RM-18,203.3,1,28.1,29.0,511524.5,0,0,-0.8999999999999986
PO-000297,2025-01,3,SUP-06,APAC,Medium,RM-04,81.91,1,27.3,29.0,35208.7,0,0,-1.6999999999999993
PO-000298,2025-01,3,SUP-06,APAC,Medium,RM-17,142.97,1,26.9,29.0,247313.01,0,0,-2.1000000000000014
PO-000299,2025-01,3,SUP-06,APAC,Medium,RM-17,136.08,1,24.0,29.0,235391.38,0,0,-5.0
PO-000300,2025-01,3,SUP-07,EMEA,High,RM-05,108.11,1,22.3,22.0,20400.58,0,0,0.3000000000000007
PO-000301,2025-01,3,SUP-07,EMEA,High,RM-17,259.47,1,21.8,22.0,448833.11,0,0,-0.1999999999999993
PO-000302,2025-01,3,SUP-07,EMEA,High,RM-01,77.85,1,24.6,22.0,66920.8,0,0,2.6000000000000014
PO-000303,2025-01,3,SUP-07,EMEA,High,RM-06,162.98,1,22.0,22.0,529660.22,0,0,0.0
PO-000304,2025-01,3,SUP-07,EMEA,High,RM-14,191.77,1,22.5,22.0,76395.99,0,0,0.5
PO-000305,2025-01,3,SUP-07,EMEA,High,RM-13,47.27,1,23.7,22.0,16850.56,0,0,1.6999999999999993
PO-000306,2025-01,3,SUP-07,EMEA,High,RM-03,100.41,1,24.4,22.0,101060.39,0,0,2.3999999999999986
PO-000307,2025-01,3,SUP-07,EMEA,High,RM-13,104.08,1,26.6,22.0,37100.11,0,0,4.600000000000001
PO-000308,2025-01,3,SUP-07,EMEA,High,RM-15,196.31,0,22.4,22.0,181106.07,0,0,0.3999999999999986
PO-000309,2025-01,3,SUP-07,EMEA,High,RM-18,152.75,1,19.3,22.0,384323.59,0,0,-2.6999999999999993
PO-000310,2025-01,3,SUP-07,EMEA,High,RM-17,40.92,1,24.1,22.0,70789.6,0,0,2.1000000000000014
PO-000311,2025-01,3,SUP-08,APAC,Low,RM-08,95.12,1,21.8,20.0,71800.05,0,0,1.8000000000000007
PO-000312,2025-01,3,SUP-08,APAC,Low,RM-06,94.67,0,20.4,20.0,307669.37,0,0,0.3999999999999986
PO-000313,2025-01,3,SUP-08,APAC,Low,RM-14,58.08,1,22.5,20.0,23138.07,0,0,2.5
PO-000314,2025-01,3,SUP-08,APAC,Low,RM-02,128.92,0,21.6,20.0,106775.94,0,0,1.6000000000000014
PO-000315,2025-01,3,SUP-08,APAC,Low,RM-13,251.17,1,25.2,20.0,89528.73,0,0,5.199999999999999
PO-000316,2025-01,3,SUP-08,APAC,Low,RM-01,71.69,1,18.9,20.0,61630.16,1,0,-1.1000000000000014
PO-000317,2025-01,3,SUP-08,APAC,Low,RM-12,191.32,1,19.6,20.0,52149.42,0,0,-0.3999999999999986
PO-000318,2025-01,3,SUP-08,APAC,Low,RM-17,50.39,1,20.8,20.0,87168.77,0,0,0.8000000000000007
PO-000319,2025-01,3,SUP-08,APAC,Low,RM-12,158.23,1,17.1,20.0,43129.79,0,0,-2.8999999999999986
PO-000320,2025-01,3,SUP-08,APAC,Low,RM-20,112.64,1,26.5,20.0,230269.07,0,0,6.5
PO-000321,2025-01,3,SUP-09,AMER,Low,RM-12,213.42,1,8.2,14.0,58173.09,0,0,-5.800000000000001
PO-000322,2025-01,3,SUP-09,AMER,Low,RM-10,229.59,1,9.3,14.0,284023.89,0,0,-4.699999999999999
PO-000323,2025-01,3,SUP-09,AMER,Low,RM-10,199.51,1,11.5,14.0,246807.31,0,0,-2.5
PO-000324,2025-01,3,SUP-09,AMER,Low,RM-03,115.84,1,14.7,14.0,116580.65,1,0,0.6999999999999993
PO-000325,2025-01,3,SUP-09,AMER,Low,RM-06,73.74,1,11.9,14.0,239648.82,0,0,-2.0999999999999996
PO-000326,2025-01,3,SUP-09,AMER,Low,RM-09,215.13,1,15.2,14.0,144341.31,0,0,1.1999999999999993
PO-000327,2025-01,3,SUP-09,AMER,Low,RM-04,161.26,1,16.7,14.0,69313.33,0,0,2.6999999999999993
PO-000328,2025-01,3,SUP-09,AMER,Low,RM-05,48.11,1,14.2,14.0,9078.42,0,0,0.1999999999999993
PO-000329,2025-01,3,SUP-09,AMER,Low,RM-14,189.64,1,14.1,14.0,75550.38,0,0,0.09999999999999964
PO-000330,2025-01,3,SUP-09,AMER,Low,RM-15,107.54,0,10.4,14.0,99208.74,0,0,-3.5999999999999996
PO-000331,2025-01,3,SUP-10,EMEA,Medium,RM-19,249.09,1,19.3,24.0,75730.75,0,0,-4.699999999999999
PO-000332,2025-01,3,SUP-10,EMEA,Medium,RM-11,237.87,1,23.9,24.0,561085.89,0,0,-0.10000000000000142
PO-000333,2025-01,3,SUP-10,EMEA,Medium,RM-10,197.08,1,25.7,24.0,243803.96,0,0,1.6999999999999993
PO-000334,2025-01,3,SUP-10,EMEA,Medium,RM-05,76.79,0,17.4,24.0,14491.33,0,0,-6.600000000000001
PO-000335,2025-01,3,SUP-10,EMEA,Medium,RM-05,192.23,1,19.8,24.0,36274.76,0,0,-4.199999999999999
PO-000336,2025-01,3,SUP-10,EMEA,Medium,RM-07,55.19,0,27.6,24.0,1649028.43,0,0,3.6000000000000014
PO-000337,2025-01,3,SUP-10,EMEA,Medium,RM-19,117.76,1,21.1,24.0,35801.21,0,0,-2.8999999999999986
PO-000338,2025-02,4,SUP-01,EMEA,Low,RM-12,114.64,1,9.1,12.0,31503.37,0,0,-2.9000000000000004
PO-000339,2025-02,4,SUP-01,EMEA,Low,RM-11,125.92,1,12.7,12.0,299458.59,0,0,0.6999999999999993
PO-000340,2025-02,4,SUP-01,EMEA,Low,RM-18,197.98,1,11.6,12.0,502210.48,0,0,-0.40000000000000036
PO-000341,2025-02,4,SUP-01,EMEA,Low,RM-05,209.88,0,8.4,12.0,39929.24,0,0,-3.5999999999999996
PO-000342,2025-02,4,SUP-01,EMEA,Low,RM-19,78.76,1,15.3,12.0,24140.02,0,0,3.3000000000000007
PO-000343,2025-02,4,SUP-01,EMEA,Low,RM-14,210.96,1,10.4,12.0,84727.55,0,0,-1.5999999999999996
PO-000344,2025-02,4,SUP-01,EMEA,Low,RM-07,50.51,0,7.9,12.0,1521361.41,0,0,-4.1
PO-000345,2025-02,4,SUP-02,AMER,Low,RM-05,223.24,1,23.2,18.0,42470.84,0,0,5.199999999999999
PO-000346,2025-02,4,SUP-02,AMER,Low,RM-05,221.2,1,23.0,18.0,42083.62,0,0,5.0
PO-000347,2025-02,4,SUP-02,AMER,Low,RM-19,106.34,1,18.9,18.0,32595.46,0,0,0.8999999999999986
PO-000348,2025-02,4,SUP-02,AMER,Low,RM-12,178.38,1,13.0,18.0,49018.32,0,0,-5.0
PO-000349,2025-02,4,SUP-02,AMER,Low,RM-11,192.06,1,15.7,18.0,456743.4,0,0,-2.3000000000000007
PO-000350,2025-02,4,SUP-02,AMER,Low,RM-17,91.01,1,16.1,18.0,158708.81,0,0,-1.8999999999999986
PO-000351,2025-02,4,SUP-02,AMER,Low,RM-17,182.26,1,16.0,18.0,317853.13,0,0,-2.0
PO-000352,2025-02,4,SUP-03,APAC,Medium,RM-04,142.33,1,33.3,34.0,61676.73,0,0,-0.7000000000000028
PO-000353,2025-02,4,SUP-03,APAC,Medium,RM-13,123.62,1,33.4,34.0,44424.56,0,0,-0.6000000000000014
PO-000354,2025-02,4,SUP-03,APAC,Medium,RM-10,224.27,1,33.7,34.0,279707.64,0,0,-0.29999999999999716
PO-000355,2025-02,4,SUP-03,APAC,Medium,RM-01,126.25,1,33.6,34.0,109415.53,0,0,-0.3999999999999986
PO-000356,2025-02,4,SUP-03,APAC,Medium,RM-04,160.41,1,34.4,34.0,69512.48,1,0,0.3999999999999986
PO-000357,2025-02,4,SUP-03,APAC,Medium,RM-18,241.41,1,33.4,34.0,612373.15,0,0,-0.6000000000000014
PO-000358,2025-02,4,SUP-03,APAC,Medium,RM-14,197.71,0,34.7,34.0,79407.6,0,0,0.7000000000000028
PO-000359,2025-02,4,SUP-04,EMEA,Low,RM-11,221.77,1,10.0,10.0,527402.99,0,0,0.0
PO-000360,2025-02,4,SUP-04,EMEA,Low,RM-10,182.68,1,11.0,10.0,227837.67,0,0,1.0
PO-000361,2025-02,4,SUP-04,EMEA,Low,RM-02,142.29,1,15.9,10.0,118807.55,0,0,5.9
PO-000362,2025-02,4,SUP-04,EMEA,Low,RM-03,113.4,1,14.2,10.0,115066.35,0,0,4.199999999999999
PO-000363,2025-02,4,SUP-04,EMEA,Low,RM-01,258.63,1,10.4,10.0,224153.2,0,0,0.40000000000000036
PO-000364,2025-02,4,SUP-04,EMEA,Low,RM-16,199.16,1,8.5,10.0,90515.98,0,0,-1.5
PO-000365,2025-02,4,SUP-04,EMEA,Low,RM-09,217.09,1,7.5,10.0,146850.74,0,0,-2.5
PO-000366,2025-02,4,SUP-04,EMEA,Low,RM-18,201.01,1,3.4,10.0,509889.62,0,0,-6.6
PO-000367,2025-02,4,SUP-04,EMEA,Low,RM-08,124.78,1,5.2,10.0,94960.78,0,0,-4.8
PO-000368,2025-02,4,SUP-05,LATAM,Medium,RM-20,133.38,1,27.2,26.0,274894.6,0,0,1.1999999999999993
PO-000369,2025-02,4,SUP-05,LATAM,Medium,RM-06,157.53,1,21.3,26.0,516163.3,0,0,-4.699999999999999
PO-000370,2025-02,4,SUP-05,LATAM,Medium,RM-07,86.08,1,23.6,26.0,2593079.59,0,0,-2.3999999999999986
PO-000371,2025-02,4,SUP-05,LATAM,Medium,RM-07,239.12,1,27.8,26.0,7202824.5,1,0,1.8000000000000007
PO-000372,2025-02,4,SUP-05,LATAM,Medium,RM-03,95.93,1,29.5,26.0,97340.51,0,0,3.5
PO-000373,2025-02,4,SUP-05,LATAM,Medium,RM-17,201.97,1,23.5,26.0,352227.47,0,0,-2.5
PO-000374,2025-02,4,SUP-05,LATAM,Medium,RM-19,62.17,1,28.2,26.0,19055.71,0,0,2.1999999999999993
PO-000375,2025-02,4,SUP-05,LATAM,Medium,RM-18,90.23,1,21.3,26.0,228889.82,0,0,-4.699999999999999
PO-000376,2025-02,4,SUP-05,LATAM,Medium,RM-01,171.43,1,29.9,26.0,148575.05,0,0,3.8999999999999986
PO-000377,2025-02,4,SUP-05,LATAM,Medium,RM-01,150.36,1,28.1,26.0,130317.9,0,0,2.1000000000000014
PO-000378,2025-02,4,SUP-05,LATAM,Medium,RM-12,120.0,1,25.1,26.0,32977.09,0,0,-0.8999999999999986
PO-000379,2025-02,4,SUP-06,APAC,Medium,RM-16,168.41,1,19.6,29.0,76538.44,0,0,-9.399999999999999
PO-000380,2025-02,4,SUP-06,APAC,Medium,RM-12,104.07,1,27.6,29.0,28599.25,0,0,-1.3999999999999986
PO-000381,2025-02,4,SUP-06,APAC,Medium,RM-08,121.37,1,28.3,29.0,92360.71,0,0,-0.6999999999999993
PO-000382,2025-02,4,SUP-06,APAC,Medium,RM-15,234.86,1,28.2,29.0,218442.14,0,0,-0.8000000000000007
PO-000383,2025-02,4,SUP-06,APAC,Medium,RM-18,106.23,1,31.8,29.0,269462.15,0,0,2.8000000000000007
PO-000384,2025-02,4,SUP-06,APAC,Medium,RM-18,211.99,1,27.0,29.0,537738.39,0,0,-2.0
PO-000385,2025-02,4,SUP-06,APAC,Medium,RM-10,97.59,1,24.7,29.0,121717.75,0,0,-4.300000000000001
PO-000386,2025-02,4,SUP-06,APAC,Medium,RM-04,126.71,1,29.6,29.0,54908.8,0,0,0.6000000000000014
PO-000387,2025-02,4,SUP-06,APAC,Medium,RM-12,224.12,0,27.1,29.0,61589.75,1,0,-1.8999999999999986
PO-000388,2025-02,4,SUP-06,APAC,Medium,RM-18,52.64,1,29.7,29.0,133532.22,0,0,0.6999999999999993
PO-000389,2025-02,4,SUP-07,EMEA,High,RM-16,208.5,1,20.6,22.0,94758.52,0,0,-1.3999999999999986
PO-000390,2025-02,4,SUP-07,EMEA,High,RM-11,115.93,1,20.0,22.0,275690.22,1,0,-2.0
PO-000391,2025-02,4,SUP-07,EMEA,High,RM-14,140.44,1,22.3,22.0,56404.93,0,0,0.3000000000000007
PO-000392,2025-02,4,SUP-07,EMEA,High,RM-05,56.34,1,27.6,22.0,10719.21,1,0,5.600000000000001
PO-000393,2025-02,4,SUP-07,EMEA,High,RM-06,85.16,1,16.3,22.0,279031.41,0,0,-5.699999999999999
PO-000394,2025-02,4,SUP-07,EMEA,High,RM-09,133.19,0,22.0,22.0,90095.85,0,0,0.0
PO-000395,2025-02,4,SUP-08,APAC,Low,RM-13,191.23,1,16.6,20.0,68721.32,0,0,-3.3999999999999986
PO-000396,2025-02,4,SUP-08,APAC,Low,RM-08,171.61,1,23.3,20.0,130596.02,0,0,3.3000000000000007
PO-000397,2025-02,4,SUP-08,APAC,Low,RM-12,67.35,1,23.9,20.0,18507.81,0,0,3.8999999999999986
PO-000398,2025-02,4,SUP-08,APAC,Low,RM-19,60.54,1,20.5,20.0,18557.48,0,0,0.5
PO-000399,2025-02,4,SUP-08,APAC,Low,RM-14,171.05,1,17.2,20.0,68699.1,0,0,-2.8000000000000007
PO-000400,2025-02,4,SUP-08,APAC,Low,RM-16,44.63,1,24.2,20.0,20282.53,0,0,4.199999999999999
PO-000401,2025-02,4,SUP-08,APAC,Low,RM-18,187.29,1,21.7,20.0,475097.06,0,0,1.6999999999999993
PO-000402,2025-02,4,SUP-09,AMER,Low,RM-10,173.78,1,18.4,14.0,216731.93,0,0,4.399999999999999
PO-000403,2025-02,4,SUP-09,AMER,Low,RM-09,168.42,1,12.9,14.0,113923.03,0,0,-1.0999999999999996
PO-000404,2025-02,4,SUP-09,AMER,Low,RM-10,212.49,1,12.5,14.0,265013.09,0,0,-1.5
PO-000405,2025-02,4,SUP-09,AMER,Low,RM-01,168.98,1,17.9,14.0,146450.92,0,0,3.8999999999999986
PO-000406,2025-02,4,SUP-09,AMER,Low,RM-10,207.7,1,16.5,14.0,259046.97,0,0,2.5
PO-000407,2025-02,4,SUP-09,AMER,Low,RM-13,230.95,1,13.7,14.0,82995.2,0,0,-0.3000000000000007
PO-000408,2025-02,4,SUP-09,AMER,Low,RM-20,162.41,1,13.2,14.0,334731.24,0,0,-0.8000000000000007
PO-000409,2025-02,4,SUP-09,AMER,Low,RM-18,124.97,1,3.7,14.0,317008.42,0,0,-10.3
PO-000410,2025-02,4,SUP-09,AMER,Low,RM-08,247.56,1,14.7,14.0,188389.9,0,0,0.6999999999999993
PO-000411,2025-02,4,SUP-10,EMEA,Medium,RM-06,198.45,1,23.1,24.0,650228.76,0,0,-0.8999999999999986
PO-000412,2025-02,4,SUP-10,EMEA,Medium,RM-14,244.06,1,22.5,24.0,98022.56,0,0,-1.5
PO-000413,2025-02,4,SUP-10,EMEA,Medium,RM-07,209.42,1,22.9,24.0,6308297.8,0,0,-1.1000000000000014
PO-000414,2025-02,4,SUP-10,EMEA,Medium,RM-05,203.16,1,19.4,24.0,38651.0,0,0,-4.600000000000001
PO-000415,2025-02,4,SUP-10,EMEA,Medium,RM-15,91.97,1,25.2,24.0,85543.52,0,0,1.1999999999999993
PO-000416,2025-02,4,SUP-10,EMEA,Medium,RM-15,218.27,1,21.0,24.0,203015.2,0,0,-3.0
PO-000417,2025-02,4,SUP-10,EMEA,Medium,RM-18,75.59,1,23.1,24.0,191738.88,0,0,-0.8999999999999986
PO-000418,2025-03,5,SUP-01,EMEA,Low,RM-03,156.86,1,16.3,12.0,159616.43,0,0,4.300000000000001
PO-000419,2025-03,5,SUP-01,EMEA,Low,RM-08,259.88,1,12.6,12.0,198336.67,0,0,0.5999999999999996
PO-000420,2025-03,5,SUP-01,EMEA,Low,RM-04,179.32,1,11.2,12.0,77930.97,0,0,-0.8000000000000007
PO-000421,2025-03,5,SUP-01,EMEA,Low,RM-01,193.77,1,10.1,12.0,168421.44,0,0,-1.9000000000000004
PO-000422,2025-03,5,SUP-01,EMEA,Low,RM-10,47.0,1,7.1,12.0,58789.21,0,0,-4.9
PO-000423,2025-03,5,SUP-01,EMEA,Low,RM-09,181.31,1,7.2,12.0,123000.37,0,0,-4.8
PO-000424,2025-03,5,SUP-01,EMEA,Low,RM-20,160.64,1,14.6,12.0,332052.48,0,0,2.5999999999999996
PO-000425,2025-03,5,SUP-01,EMEA,Low,RM-07,204.82,1,6.2,12.0,6187556.52,0,0,-5.8
PO-000426,2025-03,5,SUP-02,AMER,Low,RM-07,68.25,0,19.5,18.0,2061977.27,0,0,1.5
PO-000427,2025-03,5,SUP-02,AMER,Low,RM-17,248.24,1,18.7,18.0,434166.14,0,0,0.6999999999999993
PO-000428,2025-03,5,SUP-02,AMER,Low,RM-20,211.69,1,18.8,18.0,437572.46,0,0,0.8000000000000007
PO-000429,2025-03,5,SUP-02,AMER,Low,RM-16,138.2,1,21.3,18.0,62992.17,0,0,3.3000000000000007
PO-000430,2025-03,5,SUP-02,AMER,Low,RM-16,197.98,1,19.2,18.0,90239.88,0,0,1.1999999999999993
PO-000431,2025-03,5,SUP-02,AMER,Low,RM-01,156.34,0,24.4,18.0,135892.1,0,0,6.399999999999999
PO-000432,2025-03,5,SUP-02,AMER,Low,RM-07,49.44,1,15.1,18.0,1493465.99,0,0,-2.9000000000000004
PO-000433,2025-03,5,SUP-02,AMER,Low,RM-02,247.93,1,14.1,18.0,207613.92,0,0,-3.9000000000000004
PO-000434,2025-03,5,SUP-03,APAC,Medium,RM-04,115.74,1,32.3,34.0,50301.88,0,0,-1.7000000000000028
PO-000435,2025-03,5,SUP-03,APAC,Medium,RM-07,53.01,1,28.7,34.0,1601478.07,0,0,-5.300000000000001
PO-000436,2025-03,5,SUP-03,APAC,Medium,RM-14,129.25,0,36.6,34.0,52063.41,0,0,2.6000000000000014
PO-000437,2025-03,5,SUP-03,APAC,Medium,RM-15,244.09,1,32.5,34.0,227688.83,0,0,-1.5
PO-000438,2025-03,5,SUP-03,APAC,Medium,RM-07,156.32,1,31.9,34.0,4722484.23,0,0,-2.1000000000000014
PO-000439,2025-03,5,SUP-03,APAC,Medium,RM-12,213.36,1,36.1,34.0,58800.72,0,0,2.1000000000000014
PO-000440,2025-03,5,SUP-04,EMEA,Low,RM-20,223.31,1,6.4,10.0,461578.03,0,0,-3.5999999999999996
PO-000441,2025-03,5,SUP-04,EMEA,Low,RM-14,232.03,1,13.8,10.0,93459.55,0,0,3.8000000000000007
PO-000442,2025-03,5,SUP-04,EMEA,Low,RM-04,256.54,1,10.3,10.0,111490.81,1,0,0.3000000000000007
PO-000443,2025-03,5,SUP-04,EMEA,Low,RM-14,192.27,1,12.8,10.0,77447.17,0,0,2.8000000000000007
PO-000444,2025-03,5,SUP-04,EMEA,Low,RM-03,88.17,1,3.8,10.0,89719.86,0,0,-6.2
PO-000445,2025-03,5,SUP-04,EMEA,Low,RM-01,120.67,1,9.5,10.0,104889.47,0,0,-0.5
PO-000446,2025-03,5,SUP-04,EMEA,Low,RM-08,55.34,1,6.4,10.0,42231.89,0,0,-3.5999999999999996
PO-000447,2025-03,5,SUP-04,EMEA,Low,RM-02,62.41,1,5.0,10.0,52258.44,0,0,-5.0
PO-000448,2025-03,5,SUP-04,EMEA,Low,RM-12,135.23,0,6.1,10.0,37268.35,0,0,-3.9000000000000004
PO-000449,2025-03,5,SUP-04,EMEA,Low,RM-12,76.58,1,8.6,10.0,21106.29,0,0,-1.4000000000000004
PO-000450,2025-03,5,SUP-05,LATAM,Medium,RM-08,117.98,1,27.6,26.0,90042.52,0,0,1.6000000000000014
PO-000451,2025-03,5,SUP-05,LATAM,Medium,RM-20,128.05,1,23.3,26.0,264673.92,0,0,-2.6999999999999993
PO-000452,2025-03,5,SUP-05,LATAM,Medium,RM-14,40.53,1,20.3,26.0,16325.44,0,0,-5.699999999999999
PO-000453,2025-03,5,SUP-05,LATAM,Medium,RM-14,47.72,1,24.7,26.0,19221.77,0,0,-1.3000000000000007
PO-000454,2025-03,5,SUP-05,LATAM,Medium,RM-20,46.92,1,22.1,26.0,96993.04,0,0,-3.8999999999999986
PO-000455,2025-03,5,SUP-05,LATAM,Medium,RM-09,256.99,1,18.1,26.0,174340.72,0,0,-7.899999999999999
PO-000456,2025-03,5,SUP-05,LATAM,Medium,RM-08,85.66,1,28.1,26.0,65375.93,0,0,2.1000000000000014
PO-000457,2025-03,5,SUP-05,LATAM,Medium,RM-18,63.52,1,24.4,26.0,161582.52,0,0,-1.6000000000000014
PO-000458,2025-03,5,SUP-05,LATAM,Medium,RM-09,242.18,1,23.2,26.0,164291.33,0,0,-2.8000000000000007
PO-000459,2025-03,5,SUP-05,LATAM,Medium,RM-13,178.63,1,27.3,26.0,64377.45,0,0,1.3000000000000007
PO-000460,2025-03,5,SUP-06,APAC,Medium,RM-07,147.06,1,27.5,29.0,4442635.6,0,0,-1.5
PO-000461,2025-03,5,SUP-06,APAC,Medium,RM-20,244.66,1,25.1,29.0,505704.47,0,0,-3.8999999999999986
PO-000462,2025-03,5,SUP-06,APAC,Medium,RM-08,134.89,1,30.4,29.0,102950.63,0,0,1.3999999999999986
PO-000463,2025-03,5,SUP-06,APAC,Medium,RM-05,236.8,1,35.7,29.0,45182.14,0,0,6.700000000000003
PO-000464,2025-03,5,SUP-06,APAC,Medium,RM-05,61.11,1,31.6,29.0,11659.05,0,0,2.6000000000000014
PO-000465,2025-03,5,SUP-06,APAC,Medium,RM-05,208.45,1,30.5,29.0,39772.91,0,0,1.5
PO-000466,2025-03,5,SUP-06,APAC,Medium,RM-01,227.28,1,27.7,29.0,197547.98,0,0,-1.3000000000000007
PO-000467,2025-03,5,SUP-06,APAC,Medium,RM-15,143.89,1,25.2,29.0,134217.77,0,0,-3.8000000000000007
PO-000468,2025-03,5,SUP-06,APAC,Medium,RM-15,110.03,1,30.7,29.0,102632.6,0,0,1.6999999999999993
PO-000469,2025-03,5,SUP-06,APAC,Medium,RM-19,154.51,1,28.8,29.0,47496.43,0,0,-0.1999999999999993
PO-000470,2025-03,5,SUP-07,EMEA,High,RM-18,84.88,1,21.0,22.0,215941.95,0,0,-1.0
PO-000471,2025-03,5,SUP-07,EMEA,High,RM-04,48.67,1,20.8,22.0,21150.5,0,0,-1.1999999999999993
PO-000472,2025-03,5,SUP-07,EMEA,High,RM-06,67.42,1,21.5,22.0,221536.68,0,0,-0.5
PO-000473,2025-03,5,SUP-07,EMEA,High,RM-08,167.99,1,16.7,22.0,128211.83,0,0,-5.300000000000001
PO-000474,2025-03,5,SUP-07,EMEA,High,RM-09,142.63,1,21.4,22.0,96761.41,0,0,-0.6000000000000014
PO-000475,2025-03,5,SUP-07,EMEA,High,RM-04,43.29,1,21.7,22.0,18814.86,0,0,-0.3000000000000007
PO-000476,2025-03,5,SUP-07,EMEA,High,RM-07,169.95,1,23.7,22.0,5134053.71,0,0,1.6999999999999993
PO-000477,2025-03,5,SUP-07,EMEA,High,RM-01,120.36,1,21.7,22.0,104617.92,0,0,-0.3000000000000007
PO-000478,2025-03,5,SUP-07,EMEA,High,RM-04,124.52,1,25.5,22.0,54117.77,0,0,3.5
PO-000479,2025-03,5,SUP-07,EMEA,High,RM-16,77.19,1,25.1,22.0,35181.95,0,0,3.1000000000000014
PO-000480,2025-03,5,SUP-08,APAC,Low,RM-17,132.11,1,15.5,20.0,231058.29,0,0,-4.5
PO-000481,2025-03,5,SUP-08,APAC,Low,RM-03,46.91,1,23.6,20.0,47740.53,0,0,3.6000000000000014
PO-000482,2025-03,5,SUP-08,APAC,Low,RM-12,155.29,1,12.7,20.0,42799.03,0,0,-7.300000000000001
PO-000483,2025-03,5,SUP-08,APAC,Low,RM-11,89.59,1,14.5,20.0,213662.5,0,0,-5.5
PO-000484,2025-03,5,SUP-08,APAC,Low,RM-06,152.17,1,26.7,20.0,500030.55,0,0,6.699999999999999
PO-000485,2025-03,5,SUP-08,APAC,Low,RM-04,135.49,1,18.3,20.0,58885.77,0,0,-1.6999999999999993
PO-000486,2025-03,5,SUP-08,APAC,Low,RM-12,190.72,1,17.2,20.0,52563.07,0,0,-2.8000000000000007
PO-000487,2025-03,5,SUP-08,APAC,Low,RM-13,70.47,1,19.7,20.0,25398.72,0,0,-0.3000000000000007
PO-000488,2025-03,5,SUP-08,APAC,Low,RM-17,119.15,1,16.3,20.0,208395.78,0,0,-3.6999999999999993
PO-000489,2025-03,5,SUP-08,APAC,Low,RM-20,82.89,1,24.2,20.0,171341.33,0,0,4.199999999999999
PO-000490,2025-03,5,SUP-08,APAC,Low,RM-03,54.02,1,22.3,20.0,54969.89,0,0,2.3000000000000007
PO-000491,2025-03,5,SUP-09,AMER,Low,RM-04,190.22,1,17.2,14.0,82667.44,0,0,3.1999999999999993
PO-000492,2025-03,5,SUP-09,AMER,Low,RM-16,120.46,1,14.3,14.0,54907.38,0,0,0.3000000000000007
PO-000493,2025-03,5,SUP-09,AMER,Low,RM-19,157.92,1,13.9,14.0,48544.63,0,0,-0.09999999999999964
PO-000494,2025-03,5,SUP-09,AMER,Low,RM-06,110.22,1,15.8,14.0,362177.57,0,0,1.8000000000000007
PO-000495,2025-03,5,SUP-09,AMER,Low,RM-18,57.79,1,10.8,14.0,147019.26,0,0,-3.1999999999999993
PO-000496,2025-03,5,SUP-09,AMER,Low,RM-05,220.19,1,14.7,14.0,42013.03,0,0,0.6999999999999993
PO-000497,2025-03,5,SUP-09,AMER,Low,RM-02,207.76,1,11.1,14.0,173978.82,0,0,-2.9000000000000004
PO-000498,2025-03,5,SUP-09,AMER,Low,RM-02,92.23,1,13.4,14.0,77237.18,0,0,-0.5999999999999996
PO-000499,2025-03,5,SUP-09,AMER,Low,RM-09,105.11,1,13.8,14.0,71307.16,0,0,-0.1999999999999993
PO-000500,2025-03,5,SUP-09,AMER,Low,RM-16,205.49,1,5.4,14.0,93660.27,0,0,-8.6
PO-000501,2025-03,5,SUP-10,EMEA,Medium,RM-06,230.59,1,27.9,24.0,757712.52,0,0,3.8999999999999986
PO-000502,2025-03,5,SUP-10,EMEA,Medium,RM-13,171.19,1,23.0,24.0,61698.14,0,0,-1.0
PO-000503,2025-03,5,SUP-10,EMEA,Medium,RM-01,69.33,1,27.1,24.0,60263.83,0,0,3.1000000000000014
PO-000504,2025-03,5,SUP-10,EMEA,Medium,RM-05,73.7,1,20.6,24.0,14061.52,0,0,-3.3999999999999986
PO-000505,2025-03,5,SUP-10,EMEA,Medium,RM-14,259.5,1,24.3,24.0,104525.34,0,0,0.3000000000000007
PO-000506,2025-03,5,SUP-10,EMEA,Medium,RM-13,200.16,1,21.5,24.0,72136.42,0,0,-2.5
PO-000507,2025-03,5,SUP-10,EMEA,Medium,RM-06,242.08,1,23.9,24.0,795489.03,0,0,-0.10000000000000142
PO-000508,2025-04,6,SUP-01,EMEA,Low,RM-06,103.93,1,17.4,12.0,340633.19,0,0,5.399999999999999
PO-000509,2025-04,6,SUP-01,EMEA,Low,RM-18,106.07,1,12.8,12.0,269140.31,0,0,0.8000000000000007
PO-000510,2025-04,6,SUP-01,EMEA,Low,RM-18,164.93,1,11.4,12.0,418479.5,0,0,-0.5999999999999996
PO-000511,2025-04,6,SUP-01,EMEA,Low,RM-13,183.64,1,12.5,12.0,66011.8,0,0,0.5
PO-000512,2025-04,6,SUP-01,EMEA,Low,RM-02,114.71,1,13.0,12.0,95810.5,0,0,1.0
PO-000513,2025-04,6,SUP-01,EMEA,Low,RM-20,155.83,1,11.5,12.0,321262.7,0,0,-0.5
PO-000514,2025-04,6,SUP-01,EMEA,Low,RM-20,44.78,1,11.5,12.0,92312.31,0,0,-0.5
PO-000515,2025-04,6,SUP-01,EMEA,Low,RM-01,45.6,1,14.1,12.0,39535.41,0,0,2.0999999999999996
PO-000516,2025-04,6,SUP-01,EMEA,Low,RM-16,101.67,1,9.4,12.0,46220.83,0,0,-2.5999999999999996
PO-000517,2025-04,6,SUP-01,EMEA,Low,RM-17,230.42,1,16.2,12.0,401960.39,0,0,4.199999999999999
PO-000518,2025-04,6,SUP-02,AMER,Low,RM-10,96.96,1,14.3,18.0,120961.26,0,0,-3.6999999999999993
PO-000519,2025-04,6,SUP-02,AMER,Low,RM-16,236.94,1,18.9,18.0,107715.51,0,0,0.8999999999999986
PO-000520,2025-04,6,SUP-02,AMER,Low,RM-17,107.62,1,15.2,18.0,187745.62,0,0,-2.8000000000000007
PO-000521,2025-04,6,SUP-02,AMER,Low,RM-19,95.46,1,22.0,18.0,29269.32,0,0,4.0
PO-000522,2025-04,6,SUP-02,AMER,Low,RM-13,181.98,1,19.0,18.0,65416.32,0,0,1.0
PO-000523,2025-04,6,SUP-02,AMER,Low,RM-17,157.33,1,17.1,18.0,274448.68,0,0,-0.8999999999999986
PO-000524,2025-04,6,SUP-02,AMER,Low,RM-15,74.85,1,20.4,18.0,69640.75,0,0,2.3999999999999986
PO-000525,2025-04,6,SUP-03,APAC,Medium,RM-15,217.96,1,35.0,34.0,202780.6,0,0,1.0
PO-000526,2025-04,6,SUP-03,APAC,Medium,RM-11,213.34,1,39.9,34.0,507489.42,0,0,5.899999999999999
PO-000527,2025-04,6,SUP-03,APAC,Medium,RM-16,243.77,1,38.0,34.0,110821.3,0,0,4.0
PO-000528,2025-04,6,SUP-03,APAC,Medium,RM-15,182.35,1,30.8,34.0,169657.15,0,0,-3.1999999999999993
PO-000529,2025-04,6,SUP-03,APAC,Medium,RM-08,56.65,0,31.0,34.0,43123.06,0,0,-3.0
PO-000530,2025-04,6,SUP-03,APAC,Medium,RM-13,245.6,0,38.0,34.0,88285.9,0,0,4.0
PO-000531,2025-04,6,SUP-03,APAC,Medium,RM-03,115.96,1,33.9,34.0,117693.59,0,0,-0.10000000000000142
PO-000532,2025-04,6,SUP-04,EMEA,Low,RM-04,238.28,1,9.3,10.0,103287.14,0,0,-0.6999999999999993
PO-000533,2025-04,6,SUP-04,EMEA,Low,RM-10,146.53,1,9.0,10.0,182808.36,0,0,-1.0
PO-000534,2025-04,6,SUP-04,EMEA,Low,RM-14,215.71,1,11.1,10.0,86664.02,0,0,1.0999999999999996
PO-000535,2025-04,6,SUP-04,EMEA,Low,RM-13,254.41,1,5.8,10.0,91450.11,0,0,-4.2
PO-000536,2025-04,6,SUP-04,EMEA,Low,RM-19,49.33,1,11.2,10.0,15123.35,0,0,1.1999999999999993
PO-000537,2025-04,6,SUP-04,EMEA,Low,RM-20,245.5,1,16.7,10.0,506123.98,0,0,6.699999999999999
PO-000538,2025-04,6,SUP-04,EMEA,Low,RM-17,124.7,0,10.0,10.0,217527.3,0,0,0.0
PO-000539,2025-04,6,SUP-04,EMEA,Low,RM-14,247.28,1,14.6,10.0,99344.93,0,0,4.6
PO-000540,2025-04,6,SUP-04,EMEA,Low,RM-19,132.71,1,13.4,10.0,40688.42,0,0,3.4000000000000004
PO-000541,2025-04,6,SUP-04,EMEA,Low,RM-09,211.64,1,8.5,10.0,143206.15,0,0,-1.5
PO-000542,2025-04,6,SUP-04,EMEA,Low,RM-12,235.28,1,8.0,10.0,64673.87,0,0,-2.0
PO-000543,2025-04,6,SUP-05,LATAM,Medium,RM-18,155.1,1,31.1,26.0,393552.68,0,0,5.100000000000001
PO-000544,2025-04,6,SUP-05,LATAM,Medium,RM-04,249.96,0,32.5,26.0,108348.99,0,0,6.5
PO-000545,2025-04,6,SUP-05,LATAM,Medium,RM-14,53.82,1,24.6,26.0,21620.87,0,0,-1.3999999999999986
PO-000546,2025-04,6,SUP-05,LATAM,Medium,RM-09,120.19,1,22.0,26.0,81326.63,0,0,-4.0
PO-000547,2025-04,6,SUP-05,LATAM,Medium,RM-14,244.01,1,27.7,26.0,98031.78,0,0,1.6999999999999993
PO-000548,2025-04,6,SUP-05,LATAM,Medium,RM-09,180.26,1,21.2,26.0,121969.84,0,0,-4.800000000000001
PO-000549,2025-04,6,SUP-05,LATAM,Medium,RM-04,239.1,1,28.9,26.0,103643.14,0,0,2.8999999999999986
PO-000550,2025-04,6,SUP-05,LATAM,Medium,RM-18,156.63,1,26.5,26.0,397427.21,0,0,0.5
PO-000551,2025-04,6,SUP-05,LATAM,Medium,RM-03,120.34,1,28.6,26.0,122137.44,0,0,2.6000000000000014
PO-000552,2025-04,6,SUP-05,LATAM,Medium,RM-05,71.53,1,25.4,26.0,13612.28,0,0,-0.6000000000000014
PO-000553,2025-04,6,SUP-06,APAC,Medium,RM-04,201.88,1,27.2,29.0,87509.94,0,0,-1.8000000000000007
PO-000554,2025-04,6,SUP-06,APAC,Medium,RM-05,231.18,1,30.1,29.0,43994.76,0,0,1.1000000000000014
PO-000555,2025-04,6,SUP-06,APAC,Medium,RM-12,100.44,1,30.6,29.0,27609.81,0,0,1.6000000000000014
PO-000556,2025-04,6,SUP-06,APAC,Medium,RM-16,257.94,1,24.9,29.0,117265.7,0,0,-4.100000000000001
PO-000557,2025-04,6,SUP-06,APAC,Medium,RM-05,242.7,1,33.9,29.0,46187.12,1,0,4.899999999999999
PO-000558,2025-04,6,SUP-06,APAC,Medium,RM-13,46.0,1,30.7,29.0,16535.86,0,0,1.6999999999999993
PO-000559,2025-04,6,SUP-07,EMEA,High,RM-15,41.08,1,26.4,22.0,38223.95,0,0,4.399999999999999
PO-000560,2025-04,6,SUP-07,EMEA,High,RM-01,55.17,1,22.2,22.0,47830.39,0,0,0.1999999999999993
PO-000561,2025-04,6,SUP-07,EMEA,High,RM-06,205.6,1,19.3,22.0,673851.61,0,0,-2.6999999999999993
PO-000562,2025-04,6,SUP-07,EMEA,High,RM-05,56.34,1,22.3,22.0,10722.56,0,0,0.3000000000000007
PO-000563,2025-04,6,SUP-07,EMEA,High,RM-16,132.48,1,22.1,22.0,60228.65,0,0,0.10000000000000142
PO-000564,2025-04,6,SUP-07,EMEA,High,RM-10,251.89,1,18.6,22.0,314242.49,0,0,-3.3999999999999986
PO-000565,2025-04,6,SUP-07,EMEA,High,RM-19,114.2,1,21.0,22.0,35015.06,0,0,-1.0
PO-000566,2025-04,6,SUP-07,EMEA,High,RM-08,50.92,1,26.4,22.0,38757.99,0,0,4.399999999999999
PO-000567,2025-04,6,SUP-07,EMEA,High,RM-10,197.35,1,23.9,22.0,246203.07,0,0,1.8999999999999986
PO-000568,2025-04,6,SUP-07,EMEA,High,RM-07,126.56,1,18.6,22.0,3813566.28,0,0,-3.3999999999999986
PO-000569,2025-04,6,SUP-08,APAC,Low,RM-01,154.15,1,21.4,20.0,133638.65,0,0,1.3999999999999986
PO-000570,2025-04,6,SUP-08,APAC,Low,RM-13,248.86,1,18.5,20.0,89456.13,0,0,-1.5
PO-000571,2025-04,6,SUP-08,APAC,Low,RM-20,125.97,1,19.9,20.0,259699.73,0,0,-0.10000000000000142
PO-000572,2025-04,6,SUP-08,APAC,Low,RM-08,174.85,1,19.6,20.0,133102.08,0,0,-0.3999999999999986
PO-000573,2025-04,6,SUP-08,APAC,Low,RM-20,244.31,0,15.5,20.0,503684.07,0,0,-4.5
PO-000574,2025-04,6,SUP-08,APAC,Low,RM-13,68.66,1,23.3,20.0,24682.43,0,0,3.3000000000000007
PO-000575,2025-04,6,SUP-08,APAC,Low,RM-10,185.18,1,21.0,20.0,231017.81,0,0,1.0
PO-000576,2025-04,6,SUP-09,AMER,Low,RM-18,91.58,1,13.8,14.0,232367.47,0,0,-0.1999999999999993
PO-000577,2025-04,6,SUP-09,AMER,Low,RM-08,122.22,1,8.5,14.0,93035.09,0,0,-5.5
PO-000578,2025-04,6,SUP-09,AMER,Low,RM-11,90.12,1,14.3,14.0,214385.3,0,0,0.3000000000000007
PO-000579,2025-04,6,SUP-09,AMER,Low,RM-18,192.49,1,12.7,14.0,488433.8,0,0,-1.3000000000000007
PO-000580,2025-04,6,SUP-09,AMER,Low,RM-19,50.45,1,13.7,14.0,15467.75,0,0,-0.3000000000000007
PO-000581,2025-04,6,SUP-09,AMER,Low,RM-12,91.96,1,14.9,14.0,25279.08,0,0,0.9000000000000004
PO-000582,2025-04,6,SUP-10,EMEA,Medium,RM-18,105.92,1,19.9,24.0,268751.94,0,0,-4.100000000000001
PO-000583,2025-04,6,SUP-10,EMEA,Medium,RM-04,174.84,1,24.0,24.0,75789.32,0,0,0.0
PO-000584,2025-04,6,SUP-10,EMEA,Medium,RM-07,96.22,1,24.7,24.0,2899150.7,0,0,0.6999999999999993
PO-000585,2025-04,6,SUP-10,EMEA,Medium,RM-14,83.32,1,21.7,24.0,33475.27,0,0,-2.3000000000000007
PO-000586,2025-04,6,SUP-10,EMEA,Medium,RM-14,145.68,1,19.7,24.0,58526.05,0,0,-4.300000000000001
PO-000587,2025-04,6,SUP-10,EMEA,Medium,RM-20,95.94,0,24.8,24.0,197795.91,0,0,0.8000000000000007
PO-000588,2025-05,7,SUP-01,EMEA,Low,RM-10,216.81,1,16.9,12.0,268354.4,0,0,4.899999999999999
PO-000589,2025-05,7,SUP-01,EMEA,Low,RM-13,110.02,1,7.4,12.0,39237.36,0,0,-4.6
PO-000590,2025-05,7,SUP-01,EMEA,Low,RM-13,169.1,1,16.0,12.0,60306.96,0,0,4.0
PO-000591,2025-05,7,SUP-01,EMEA,Low,RM-05,95.56,1,13.2,12.0,18042.04,0,0,1.1999999999999993
PO-000592,2025-05,7,SUP-01,EMEA,Low,RM-02,92.25,1,2.9,12.0,76442.58,0,0,-9.1
PO-000593,2025-05,7,SUP-01,EMEA,Low,RM-05,100.91,0,9.4,12.0,19053.16,0,0,-2.5999999999999996
PO-000594,2025-05,7,SUP-02,AMER,Low,RM-11,90.13,1,18.0,18.0,212729.51,0,0,0.0
PO-000595,2025-05,7,SUP-02,AMER,Low,RM-02,208.08,1,16.5,18.0,172426.94,0,0,-1.5
PO-000596,2025-05,7,SUP-02,AMER,Low,RM-19,76.04,1,13.2,18.0,23131.74,0,0,-4.800000000000001
PO-000597,2025-05,7,SUP-02,AMER,Low,RM-13,248.98,1,12.1,18.0,88796.94,0,0,-5.9
PO-000598,2025-05,7,SUP-02,AMER,Low,RM-18,218.5,1,19.6,18.0,550069.54,0,0,1.6000000000000014
PO-000599,2025-05,7,SUP-02,AMER,Low,RM-04,87.82,1,20.3,18.0,37768.36,0,0,2.3000000000000007
PO-000600,2025-05,7,SUP-02,AMER,Low,RM-11,138.96,1,11.6,18.0,327974.4,0,0,-6.4
PO-000601,2025-05,7,SUP-02,AMER,Low,RM-13,52.5,1,18.0,18.0,18722.35,0,0,0.0
PO-000602,2025-05,7,SUP-02,AMER,Low,RM-14,228.65,1,14.8,18.0,91139.76,0,0,-3.1999999999999993
PO-000603,2025-05,7,SUP-02,AMER,Low,RM-07,123.73,1,23.7,18.0,3698895.75,0,0,5.699999999999999
PO-000604,2025-05,7,SUP-02,AMER,Low,RM-01,41.61,1,23.7,18.0,35794.11,0,0,5.699999999999999
PO-000605,2025-05,7,SUP-03,APAC,Medium,RM-14,211.84,1,32.8,34.0,84438.35,0,0,-1.2000000000000028
PO-000606,2025-05,7,SUP-03,APAC,Medium,RM-12,48.54,1,37.0,34.0,13236.78,0,0,3.0
PO-000607,2025-05,7,SUP-03,APAC,Medium,RM-07,66.08,1,34.9,34.0,1975388.83,0,0,0.8999999999999986
PO-000608,2025-05,7,SUP-03,APAC,Medium,RM-01,70.32,1,37.9,34.0,60484.02,0,0,3.8999999999999986
PO-000609,2025-05,7,SUP-03,APAC,Medium,RM-11,148.66,1,34.6,34.0,350856.5,0,0,0.6000000000000014
PO-000610,2025-05,7,SUP-03,APAC,Medium,RM-11,252.1,0,36.1,34.0,594991.69,0,0,2.1000000000000014
PO-000611,2025-05,7,SUP-03,APAC,Medium,RM-01,140.59,1,36.8,34.0,120928.27,0,0,2.799999999999997
PO-000612,2025-05,7,SUP-03,APAC,Medium,RM-12,224.37,1,29.7,34.0,61191.45,0,0,-4.300000000000001
PO-000613,2025-05,7,SUP-03,APAC,Medium,RM-04,140.41,1,31.5,34.0,60386.82,0,0,-2.5
PO-000614,2025-05,7,SUP-04,EMEA,Low,RM-17,194.75,1,10.1,10.0,337061.96,0,0,0.09999999999999964
PO-000615,2025-05,7,SUP-04,EMEA,Low,RM-17,258.47,1,12.8,10.0,447344.33,0,0,2.8000000000000007
PO-000616,2025-05,7,SUP-04,EMEA,Low,RM-01,136.81,1,8.2,10.0,117671.85,0,0,-1.8000000000000007
PO-000617,2025-05,7,SUP-04,EMEA,Low,RM-08,109.96,1,9.6,10.0,83046.73,0,0,-0.40000000000000036
PO-000618,2025-05,7,SUP-04,EMEA,Low,RM-02,40.11,1,12.4,10.0,33237.68,0,0,2.4000000000000004
PO-000619,2025-05,7,SUP-04,EMEA,Low,RM-04,149.26,1,11.5,10.0,64192.36,0,0,1.5
PO-000620,2025-05,7,SUP-04,EMEA,Low,RM-20,70.23,1,7.6,10.0,143658.46,0,0,-2.4000000000000004
PO-000621,2025-05,7,SUP-04,EMEA,Low,RM-10,67.34,1,5.2,10.0,83350.04,0,0,-4.8
PO-000622,2025-05,7,SUP-05,LATAM,Medium,RM-11,62.06,1,25.9,26.0,146474.41,0,0,-0.10000000000000142
PO-000623,2025-05,7,SUP-05,LATAM,Medium,RM-16,208.47,1,26.5,26.0,94030.76,0,0,0.5
PO-000624,2025-05,7,SUP-05,LATAM,Medium,RM-11,121.42,1,23.2,26.0,286566.97,0,0,-2.8000000000000007
PO-000625,2025-05,7,SUP-05,LATAM,Medium,RM-19,173.64,1,25.3,26.0,52819.12,0,0,-0.6999999999999993
PO-000626,2025-05,7,SUP-05,LATAM,Medium,RM-13,61.33,1,28.7,26.0,21872.02,0,0,2.6999999999999993
PO-000627,2025-05,7,SUP-05,LATAM,Medium,RM-11,255.91,1,27.8,26.0,603972.41,0,0,1.8000000000000007
PO-000628,2025-05,7,SUP-06,APAC,Medium,RM-09,116.27,1,31.3,29.0,78057.14,0,0,2.3000000000000007
PO-000629,2025-05,7,SUP-06,APAC,Medium,RM-12,53.23,1,23.5,29.0,14515.9,0,0,-5.5
PO-000630,2025-05,7,SUP-06,APAC,Medium,RM-16,248.12,1,34.5,29.0,111911.8,0,0,5.5
PO-000631,2025-05,7,SUP-06,APAC,Medium,RM-04,247.09,1,24.7,29.0,106265.13,0,0,-4.300000000000001
PO-000632,2025-05,7,SUP-06,APAC,Medium,RM-09,212.95,1,35.7,29.0,142956.35,0,0,6.700000000000003
PO-000633,2025-05,7,SUP-06,APAC,Medium,RM-18,92.51,1,30.9,29.0,232894.29,0,0,1.8999999999999986
PO-000634,2025-05,7,SUP-06,APAC,Medium,RM-01,193.03,1,34.4,29.0,166030.95,0,0,5.399999999999999
PO-000635,2025-05,7,SUP-06,APAC,Medium,RM-14,122.57,1,30.5,29.0,48856.07,0,0,1.5
PO-000636,2025-05,7,SUP-06,APAC,Medium,RM-10,252.23,1,25.5,29.0,312194.71,0,0,-3.5
PO-000637,2025-05,7,SUP-06,APAC,Medium,RM-16,165.59,1,31.6,29.0,74690.66,0,0,2.6000000000000014
PO-000638,2025-05,7,SUP-07,EMEA,High,RM-07,73.23,1,21.6,22.0,2189084.67,0,0,-0.3999999999999986
PO-000639,2025-05,7,SUP-07,EMEA,High,RM-16,119.83,1,25.9,22.0,54048.77,0,0,3.8999999999999986
PO-000640,2025-05,7,SUP-07,EMEA,High,RM-15,162.1,0,24.2,22.0,149626.52,0,0,2.1999999999999993
PO-000641,2025-05,7,SUP-07,EMEA,High,RM-07,156.7,1,25.2,22.0,4684666.96,0,0,3.1999999999999993
PO-000642,2025-05,7,SUP-07,EMEA,High,RM-08,110.82,1,22.1,22.0,83693.16,1,0,0.10000000000000142
PO-000643,2025-05,7,SUP-07,EMEA,High,RM-20,60.76,1,20.4,22.0,124283.04,0,0,-1.6000000000000014
PO-000644,2025-05,7,SUP-07,EMEA,High,RM-14,97.5,1,23.4,22.0,38864.99,0,0,1.3999999999999986
PO-000645,2025-05,7,SUP-07,EMEA,High,RM-11,128.69,1,24.7,22.0,303724.56,0,0,2.6999999999999993
PO-000646,2025-05,7,SUP-07,EMEA,High,RM-16,222.57,1,23.5,22.0,100388.11,0,0,1.5
PO-000647,2025-05,7,SUP-08,APAC,Low,RM-03,82.73,1,18.3,20.0,83309.91,0,0,-1.6999999999999993
PO-000648,2025-05,7,SUP-08,APAC,Low,RM-04,64.23,1,14.8,20.0,27623.61,0,0,-5.199999999999999
PO-000649,2025-05,7,SUP-08,APAC,Low,RM-01,90.51,1,17.3,20.0,77854.45,0,0,-2.6999999999999993
PO-000650,2025-05,7,SUP-08,APAC,Low,RM-13,202.79,1,23.7,20.0,72322.85,0,0,3.6999999999999993
PO-000651,2025-05,7,SUP-08,APAC,Low,RM-01,236.51,0,18.9,20.0,203427.68,0,0,-1.1000000000000014
PO-000652,2025-05,7,SUP-08,APAC,Low,RM-18,49.18,1,23.4,20.0,123811.47,0,0,3.3999999999999986
PO-000653,2025-05,7,SUP-08,APAC,Low,RM-09,45.89,1,22.9,20.0,30806.22,0,0,2.8999999999999986
PO-000654,2025-05,7,SUP-08,APAC,Low,RM-06,190.31,1,26.5,20.0,618833.69,0,0,6.5
PO-000655,2025-05,7,SUP-08,APAC,Low,RM-19,123.32,1,23.0,20.0,37512.91,0,0,3.0
PO-000656,2025-05,7,SUP-09,AMER,Low,RM-14,235.42,1,17.2,14.0,93837.99,0,0,3.1999999999999993
PO-000657,2025-05,7,SUP-09,AMER,Low,RM-15,77.1,0,10.7,14.0,71169.49,0,0,-3.3000000000000007
PO-000658,2025-05,7,SUP-09,AMER,Low,RM-11,101.47,1,16.6,14.0,239476.41,0,0,2.6000000000000014
PO-000659,2025-05,7,SUP-09,AMER,Low,RM-07,231.34,1,16.0,14.0,6916020.26,0,0,2.0
PO-000660,2025-05,7,SUP-09,AMER,Low,RM-04,67.92,1,15.9,14.0,29210.29,0,0,1.9000000000000004
PO-000661,2025-05,7,SUP-09,AMER,Low,RM-04,251.55,1,17.3,14.0,108183.74,0,0,3.3000000000000007
PO-000662,2025-05,7,SUP-09,AMER,Low,RM-11,198.42,1,14.8,14.0,468292.27,0,0,0.8000000000000007
PO-000663,2025-05,7,SUP-09,AMER,Low,RM-08,103.91,1,13.8,14.0,78476.56,0,0,-0.1999999999999993
PO-000664,2025-05,7,SUP-09,AMER,Low,RM-14,191.25,1,17.6,14.0,76231.91,0,0,3.6000000000000014
PO-000665,2025-05,7,SUP-09,AMER,Low,RM-11,228.31,0,11.3,14.0,538833.58,0,0,-2.6999999999999993
PO-000666,2025-05,7,SUP-10,EMEA,Medium,RM-11,254.72,1,23.0,24.0,601162.06,0,0,-1.0
PO-000667,2025-05,7,SUP-10,EMEA,Medium,RM-07,77.97,0,16.9,24.0,2330797.0,0,0,-7.100000000000001
PO-000668,2025-05,7,SUP-10,EMEA,Medium,RM-18,179.14,1,21.9,24.0,450983.74,0,0,-2.1000000000000014
PO-000669,2025-05,7,SUP-10,EMEA,Medium,RM-16,190.73,1,20.7,24.0,86028.45,0,0,-3.3000000000000007
PO-000670,2025-05,7,SUP-10,EMEA,Medium,RM-19,203.75,1,23.7,24.0,61980.64,0,0,-0.3000000000000007
PO-000671,2025-05,7,SUP-10,EMEA,Medium,RM-10,99.61,1,23.1,24.0,123290.33,0,0,-0.8999999999999986
PO-000672,2025-05,7,SUP-10,EMEA,Medium,RM-03,81.76,1,23.2,24.0,82326.97,0,0,-0.8000000000000007
PO-000673,2025-05,7,SUP-10,EMEA,Medium,RM-15,41.03,1,22.0,24.0,37872.23,0,0,-2.0
PO-000674,2025-05,7,SUP-10,EMEA,Medium,RM-20,101.9,1,21.7,24.0,208432.01,0,0,-2.3000000000000007
PO-000675,2025-06,8,SUP-01,EMEA,Low,RM-07,90.12,1,8.0,12.0,2660551.92,0,0,-4.0
PO-000676,2025-06,8,SUP-01,EMEA,Low,RM-09,139.25,1,14.7,12.0,92319.28,0,0,2.6999999999999993
PO-000677,2025-06,8,SUP-01,EMEA,Low,RM-02,217.37,1,13.4,12.0,177892.45,0,0,1.4000000000000004
PO-000678,2025-06,8,SUP-01,EMEA,Low,RM-19,162.46,1,8.2,12.0,48806.24,0,0,-3.8000000000000007
PO-000679,2025-06,8,SUP-01,EMEA,Low,RM-02,171.42,1,14.6,12.0,140288.12,0,0,2.5999999999999996
PO-000680,2025-06,8,SUP-01,EMEA,Low,RM-11,64.29,1,14.6,12.0,149847.32,0,0,2.5999999999999996
PO-000681,2025-06,8,SUP-01,EMEA,Low,RM-02,218.05,1,12.5,12.0,178444.98,0,0,0.5
PO-000682,2025-06,8,SUP-02,AMER,Low,RM-07,100.9,1,11.4,18.0,2978858.3,0,0,-6.6
PO-000683,2025-06,8,SUP-02,AMER,Low,RM-05,247.58,1,16.3,18.0,46165.27,0,0,-1.6999999999999993
PO-000684,2025-06,8,SUP-02,AMER,Low,RM-06,197.69,1,14.2,18.0,634838.35,0,0,-3.8000000000000007
PO-000685,2025-06,8,SUP-02,AMER,Low,RM-06,136.0,1,17.9,18.0,436734.86,0,0,-0.10000000000000142
PO-000686,2025-06,8,SUP-02,AMER,Low,RM-16,200.7,1,11.7,18.0,89398.56,0,0,-6.300000000000001
PO-000687,2025-06,8,SUP-02,AMER,Low,RM-07,201.19,1,16.2,18.0,5939931.85,0,0,-1.8000000000000007
PO-000688,2025-06,8,SUP-03,APAC,Medium,RM-19,95.96,1,29.6,34.0,28826.39,0,0,-4.399999999999999
PO-000689,2025-06,8,SUP-03,APAC,Medium,RM-13,206.86,1,28.3,34.0,72859.14,0,0,-5.699999999999999
PO-000690,2025-06,8,SUP-03,APAC,Medium,RM-18,224.33,1,37.1,34.0,557725.27,0,0,3.1000000000000014
PO-000691,2025-06,8,SUP-03,APAC,Medium,RM-18,99.68,1,34.1,34.0,247829.2,0,0,0.10000000000000142
PO-000692,2025-06,8,SUP-03,APAC,Medium,RM-08,88.44,1,33.5,34.0,65961.43,0,0,-0.5
PO-000693,2025-06,8,SUP-03,APAC,Medium,RM-03,255.8,0,34.0,34.0,254384.07,0,0,0.0
PO-000694,2025-06,8,SUP-03,APAC,Medium,RM-15,253.78,1,34.3,34.0,231344.22,0,0,0.29999999999999716
PO-000695,2025-06,8,SUP-03,APAC,Medium,RM-14,243.69,1,34.4,34.0,95928.07,0,0,0.3999999999999986
PO-000696,2025-06,8,SUP-03,APAC,Medium,RM-06,186.07,0,34.1,34.0,597515.49,0,0,0.10000000000000142
PO-000697,2025-06,8,SUP-03,APAC,Medium,RM-06,43.39,0,33.4,34.0,139332.76,0,0,-0.6000000000000014
PO-000698,2025-06,8,SUP-04,EMEA,Low,RM-03,164.34,1,9.9,10.0,163428.73,0,0,-0.09999999999999964
PO-000699,2025-06,8,SUP-04,EMEA,Low,RM-16,185.51,1,15.4,10.0,82633.41,0,0,5.4
PO-000700,2025-06,8,SUP-04,EMEA,Low,RM-09,173.71,1,10.6,10.0,115169.14,0,0,0.5999999999999996
PO-000701,2025-06,8,SUP-04,EMEA,Low,RM-04,70.2,1,9.8,10.0,29813.97,0,0,-0.1999999999999993
PO-000702,2025-06,8,SUP-04,EMEA,Low,RM-12,226.08,1,10.1,10.0,60890.26,0,0,0.09999999999999964
PO-000703,2025-06,8,SUP-04,EMEA,Low,RM-12,159.99,1,11.7,10.0,43090.68,0,0,1.6999999999999993
PO-000704,2025-06,8,SUP-04,EMEA,Low,RM-03,80.7,1,11.2,10.0,80255.02,0,0,1.1999999999999993
PO-000705,2025-06,8,SUP-05,LATAM,Medium,RM-07,60.01,1,23.0,26.0,1771789.9,0,0,-3.0
PO-000706,2025-06,8,SUP-05,LATAM,Medium,RM-17,195.76,1,29.9,26.0,334610.94,0,0,3.8999999999999986
PO-000707,2025-06,8,SUP-05,LATAM,Medium,RM-10,92.6,1,24.9,26.0,113195.93,0,0,-1.1000000000000014
PO-000708,2025-06,8,SUP-05,LATAM,Medium,RM-05,242.08,1,28.6,26.0,45138.92,0,0,2.6000000000000014
PO-000709,2025-06,8,SUP-05,LATAM,Medium,RM-13,224.57,1,18.6,26.0,79094.03,0,0,-7.399999999999999
PO-000710,2025-06,8,SUP-05,LATAM,Medium,RM-15,208.23,0,24.5,26.0,189824.36,0,0,-1.5
PO-000711,2025-06,8,SUP-06,APAC,Medium,RM-20,128.57,1,22.3,29.0,259709.82,0,0,-6.699999999999999
PO-000712,2025-06,8,SUP-06,APAC,Medium,RM-17,252.04,1,29.8,29.0,430804.43,0,0,0.8000000000000007
PO-000713,2025-06,8,SUP-06,APAC,Medium,RM-08,168.63,1,28.5,29.0,125770.54,0,0,-0.5
PO-000714,2025-06,8,SUP-06,APAC,Medium,RM-18,109.1,1,31.7,29.0,271236.56,0,0,2.6999999999999993
PO-000715,2025-06,8,SUP-06,APAC,Medium,RM-12,51.67,1,24.8,29.0,13915.77,0,0,-4.199999999999999
PO-000716,2025-06,8,SUP-06,APAC,Medium,RM-15,44.62,0,34.1,29.0,40679.2,0,0,5.100000000000001
PO-000717,2025-06,8,SUP-06,APAC,Medium,RM-08,242.11,1,32.7,29.0,180577.6,0,0,3.700000000000003
PO-000718,2025-06,8,SUP-06,APAC,Medium,RM-16,251.65,1,29.9,29.0,112095.67,0,0,0.8999999999999986
PO-000719,2025-06,8,SUP-07,EMEA,High,RM-03,163.45,1,27.1,22.0,162541.81,0,0,5.100000000000001
PO-000720,2025-06,8,SUP-07,EMEA,High,RM-03,99.52,1,22.8,22.0,98974.71,0,0,0.8000000000000007
PO-000721,2025-06,8,SUP-07,EMEA,High,RM-16,252.86,1,26.5,22.0,112632.48,0,0,4.5
PO-000722,2025-06,8,SUP-07,EMEA,High,RM-07,63.75,1,25.9,22.0,1882176.29,0,0,3.8999999999999986
PO-000723,2025-06,8,SUP-07,EMEA,High,RM-15,99.6,1,23.4,22.0,90796.31,0,0,1.3999999999999986
PO-000724,2025-06,8,SUP-07,EMEA,High,RM-18,78.08,1,23.1,22.0,194130.33,0,0,1.1000000000000014
PO-000725,2025-06,8,SUP-07,EMEA,High,RM-12,85.54,1,31.2,22.0,23039.01,0,0,9.2
PO-000726,2025-06,8,SUP-07,EMEA,High,RM-18,130.44,1,25.1,22.0,324309.12,0,0,3.1000000000000014
PO-000727,2025-06,8,SUP-07,EMEA,High,RM-05,222.76,1,27.6,22.0,41536.11,0,0,5.600000000000001
PO-000728,2025-06,8,SUP-08,APAC,Low,RM-06,218.82,1,26.9,20.0,702699.56,0,0,6.899999999999999
PO-000729,2025-06,8,SUP-08,APAC,Low,RM-10,212.9,1,24.5,20.0,260244.85,0,0,4.5
PO-000730,2025-06,8,SUP-08,APAC,Low,RM-04,228.73,1,23.7,20.0,97148.73,0,0,3.6999999999999993
PO-000731,2025-06,8,SUP-08,APAC,Low,RM-15,79.3,1,14.3,20.0,72289.25,0,0,-5.699999999999999
PO-000732,2025-06,8,SUP-08,APAC,Low,RM-07,149.51,1,15.0,20.0,4413972.19,0,0,-5.0
PO-000733,2025-06,8,SUP-08,APAC,Low,RM-20,74.58,1,22.3,20.0,150651.61,0,0,2.3000000000000007
PO-000734,2025-06,8,SUP-08,APAC,Low,RM-16,232.97,1,21.0,20.0,103775.25,0,0,1.0
PO-000735,2025-06,8,SUP-08,APAC,Low,RM-16,173.0,1,15.3,20.0,77063.31,0,0,-4.699999999999999
PO-000736,2025-06,8,SUP-08,APAC,Low,RM-03,102.16,0,15.7,20.0,101595.86,0,0,-4.300000000000001
PO-000737,2025-06,8,SUP-08,APAC,Low,RM-11,138.27,1,21.4,20.0,322269.16,0,0,1.3999999999999986
PO-000738,2025-06,8,SUP-09,AMER,Low,RM-18,141.54,1,15.6,14.0,351887.85,0,0,1.5999999999999996
PO-000739,2025-06,8,SUP-09,AMER,Low,RM-04,215.04,1,11.0,14.0,91333.36,0,0,-3.0
PO-000740,2025-06,8,SUP-09,AMER,Low,RM-03,198.5,1,12.3,14.0,197401.58,0,0,-1.6999999999999993
PO-000741,2025-06,8,SUP-09,AMER,Low,RM-09,239.48,1,7.9,14.0,158772.5,0,0,-6.1
PO-000742,2025-06,8,SUP-09,AMER,Low,RM-02,127.84,1,17.7,14.0,104619.91,0,0,3.6999999999999993
PO-000743,2025-06,8,SUP-09,AMER,Low,RM-14,91.05,0,18.6,14.0,35840.97,0,0,4.600000000000001
PO-000744,2025-06,8,SUP-09,AMER,Low,RM-04,42.1,1,19.1,14.0,17880.98,0,0,5.100000000000001
PO-000745,2025-06,8,SUP-09,AMER,Low,RM-12,189.87,1,13.7,14.0,51138.7,0,0,-0.3000000000000007
PO-000746,2025-06,8,SUP-09,AMER,Low,RM-08,249.37,1,13.9,14.0,185990.22,0,0,-0.09999999999999964
PO-000747,2025-06,8,SUP-09,AMER,Low,RM-19,107.68,1,12.2,14.0,32349.92,0,0,-1.8000000000000007
PO-000748,2025-06,8,SUP-09,AMER,Low,RM-14,173.46,1,14.5,14.0,68281.86,0,0,0.5
PO-000749,2025-06,8,SUP-10,EMEA,Medium,RM-03,74.33,1,24.8,24.0,73918.64,0,0,0.8000000000000007
PO-000750,2025-06,8,SUP-10,EMEA,Medium,RM-02,159.14,0,26.2,24.0,130231.18,1,0,2.1999999999999993
PO-000751,2025-06,8,SUP-10,EMEA,Medium,RM-14,152.32,1,20.1,24.0,59959.56,0,0,-3.8999999999999986
PO-000752,2025-06,8,SUP-10,EMEA,Medium,RM-04,57.49,0,19.3,24.0,24416.26,0,0,-4.699999999999999
PO-000753,2025-06,8,SUP-10,EMEA,Medium,RM-05,117.94,1,23.7,24.0,21991.99,0,0,-0.3000000000000007
PO-000754,2025-06,8,SUP-10,EMEA,Medium,RM-14,218.92,1,19.2,24.0,86177.9,0,0,-4.800000000000001
PO-000755,2025-06,8,SUP-10,EMEA,Medium,RM-08,191.71,1,21.7,24.0,142991.29,0,0,-2.3000000000000007
PO-000756,2025-06,8,SUP-10,EMEA,Medium,RM-09,123.68,1,26.8,24.0,82000.49,0,0,2.8000000000000007
PO-000757,2025-07,9,SUP-01,EMEA,Low,RM-14,220.31,1,14.4,12.0,85340.9,0,0,2.4000000000000004
PO-000758,2025-07,9,SUP-01,EMEA,Low,RM-08,130.98,0,11.1,12.0,96133.89,0,0,-0.9000000000000004
PO-000759,2025-07,9,SUP-01,EMEA,Low,RM-08,212.15,1,14.4,12.0,155713.46,0,0,2.4000000000000004
PO-000760,2025-07,9,SUP-01,EMEA,Low,RM-15,155.12,1,16.3,12.0,139150.18,0,0,4.300000000000001
PO-000761,2025-07,9,SUP-01,EMEA,Low,RM-09,41.63,1,17.3,12.0,27159.14,0,0,5.300000000000001
PO-000762,2025-07,9,SUP-01,EMEA,Low,RM-05,141.05,1,9.1,12.0,25880.94,0,0,-2.9000000000000004
PO-000763,2025-07,9,SUP-02,AMER,Low,RM-02,164.75,1,19.8,18.0,132679.02,0,0,1.8000000000000007
PO-000764,2025-07,9,SUP-02,AMER,Low,RM-20,46.11,1,19.5,18.0,91666.22,0,0,1.5
PO-000765,2025-07,9,SUP-02,AMER,Low,RM-17,135.65,1,21.0,18.0,228158.08,0,0,3.0
PO-000766,2025-07,9,SUP-02,AMER,Low,RM-09,83.36,1,17.2,18.0,54387.96,0,0,-0.8000000000000007
PO-000767,2025-07,9,SUP-02,AMER,Low,RM-09,85.62,1,20.9,18.0,55858.47,0,0,2.8999999999999986
PO-000768,2025-07,9,SUP-02,AMER,Low,RM-17,151.52,1,15.8,18.0,254858.19,0,0,-2.1999999999999993
PO-000769,2025-07,9,SUP-02,AMER,Low,RM-02,140.05,1,16.9,18.0,112783.84,0,0,-1.1000000000000014
PO-000770,2025-07,9,SUP-02,AMER,Low,RM-15,206.21,1,19.5,18.0,184979.89,0,0,1.5
PO-000771,2025-07,9,SUP-03,APAC,Medium,RM-06,148.44,1,29.6,34.0,469092.56,0,0,-4.399999999999999
PO-000772,2025-07,9,SUP-03,APAC,Medium,RM-13,177.71,1,30.2,34.0,61591.4,0,0,-3.8000000000000007
PO-000773,2025-07,9,SUP-03,APAC,Medium,RM-09,184.19,0,29.7,34.0,120166.74,0,0,-4.300000000000001
PO-000774,2025-07,9,SUP-03,APAC,Medium,RM-09,69.48,1,36.9,34.0,45326.7,0,0,2.8999999999999986
PO-000775,2025-07,9,SUP-03,APAC,Medium,RM-10,155.2,1,37.0,34.0,186685.21,0,0,3.0
PO-000776,2025-07,9,SUP-03,APAC,Medium,RM-20,140.3,1,31.2,34.0,278894.36,0,0,-2.8000000000000007
PO-000777,2025-07,9,SUP-03,APAC,Medium,RM-04,258.13,0,35.5,34.0,107887.04,0,0,1.5
PO-000778,2025-07,9,SUP-04,EMEA,Low,RM-18,250.35,1,8.2,10.0,612482.63,0,0,-1.8000000000000007
PO-000779,2025-07,9,SUP-04,EMEA,Low,RM-03,160.47,1,6.3,10.0,157036.39,0,0,-3.7
PO-000780,2025-07,9,SUP-04,EMEA,Low,RM-17,240.62,1,7.5,10.0,404717.84,0,0,-2.5
PO-000781,2025-07,9,SUP-04,EMEA,Low,RM-13,230.48,1,11.4,10.0,79881.88,0,0,1.4000000000000004
PO-000782,2025-07,9,SUP-04,EMEA,Low,RM-18,243.71,1,12.2,10.0,596250.39,0,0,2.1999999999999993
PO-000783,2025-07,9,SUP-04,EMEA,Low,RM-10,111.36,1,11.3,10.0,133958.38,0,0,1.3000000000000007
PO-000784,2025-07,9,SUP-05,LATAM,Medium,RM-17,226.1,1,28.2,26.0,380292.53,0,0,2.1999999999999993
PO-000785,2025-07,9,SUP-05,LATAM,Medium,RM-13,207.07,1,21.7,26.0,71768.07,0,0,-4.300000000000001
PO-000786,2025-07,9,SUP-05,LATAM,Medium,RM-08,253.45,1,28.5,26.0,186024.48,0,0,2.5
PO-000787,2025-07,9,SUP-05,LATAM,Medium,RM-02,185.6,1,25.4,26.0,149463.93,0,0,-0.6000000000000014
PO-000788,2025-07,9,SUP-05,LATAM,Medium,RM-04,181.13,1,28.8,26.0,75705.07,0,0,2.8000000000000007
PO-000789,2025-07,9,SUP-05,LATAM,Medium,RM-18,227.02,1,25.7,26.0,555409.32,0,0,-0.3000000000000007
PO-000790,2025-07,9,SUP-06,APAC,Medium,RM-16,106.77,1,28.9,29.0,46800.23,0,0,-0.10000000000000142
PO-000791,2025-07,9,SUP-06,APAC,Medium,RM-10,81.88,1,30.8,29.0,98493.82,0,0,1.8000000000000007
PO-000792,2025-07,9,SUP-06,APAC,Medium,RM-03,200.54,1,23.2,29.0,196248.64,0,0,-5.800000000000001
PO-000793,2025-07,9,SUP-06,APAC,Medium,RM-12,100.42,1,28.7,29.0,26615.94,0,0,-0.3000000000000007
PO-000794,2025-07,9,SUP-06,APAC,Medium,RM-03,181.55,1,28.8,29.0,177664.57,0,0,-0.1999999999999993
PO-000795,2025-07,9,SUP-06,APAC,Medium,RM-10,200.81,1,30.4,29.0,241547.45,0,0,1.3999999999999986
PO-000796,2025-07,9,SUP-06,APAC,Medium,RM-03,217.18,1,28.8,29.0,212535.0,0,0,-0.1999999999999993
PO-000797,2025-07,9,SUP-06,APAC,Medium,RM-01,52.64,0,24.0,29.0,44000.54,1,0,-5.0
PO-000798,2025-07,9,SUP-06,APAC,Medium,RM-06,195.71,1,31.2,29.0,618449.93,0,0,2.1999999999999993
PO-000799,2025-07,9,SUP-06,APAC,Medium,RM-09,254.4,1,27.5,29.0,165973.89,0,0,-1.5
PO-000800,2025-07,9,SUP-06,APAC,Medium,RM-06,103.64,1,25.2,29.0,327499.48,0,0,-3.8000000000000007
PO-000801,2025-07,9,SUP-07,EMEA,High,RM-19,183.61,1,26.9,22.0,54278.12,1,0,4.899999999999999
PO-000802,2025-07,9,SUP-07,EMEA,High,RM-11,173.74,1,30.4,22.0,398495.98,0,0,8.399999999999999
PO-000803,2025-07,9,SUP-07,EMEA,High,RM-11,118.38,0,23.3,22.0,271527.91,0,0,1.3000000000000007
PO-000804,2025-07,9,SUP-07,EMEA,High,RM-03,259.81,1,25.6,22.0,254249.68,0,0,3.6000000000000014
PO-000805,2025-07,9,SUP-07,EMEA,High,RM-18,118.74,1,27.9,22.0,290498.89,0,0,5.899999999999999
PO-000806,2025-07,9,SUP-07,EMEA,High,RM-02,218.92,1,28.1,22.0,176296.56,0,0,6.100000000000001
PO-000807,2025-07,9,SUP-08,APAC,Low,RM-15,105.7,0,20.3,20.0,94819.81,0,0,0.3000000000000007
PO-000808,2025-07,9,SUP-08,APAC,Low,RM-04,259.62,1,17.5,20.0,108508.82,0,0,-2.5
PO-000809,2025-07,9,SUP-08,APAC,Low,RM-06,259.47,1,16.0,20.0,819954.06,0,0,-4.0
PO-000810,2025-07,9,SUP-08,APAC,Low,RM-18,52.83,1,22.3,20.0,129258.49,0,0,2.3000000000000007
PO-000811,2025-07,9,SUP-08,APAC,Low,RM-06,88.27,1,20.9,20.0,278950.62,0,0,0.8999999999999986
PO-000812,2025-07,9,SUP-08,APAC,Low,RM-05,55.13,1,15.1,20.0,10116.27,0,0,-4.9
PO-000813,2025-07,9,SUP-09,AMER,Low,RM-15,78.4,1,15.2,14.0,70332.24,0,0,1.1999999999999993
PO-000814,2025-07,9,SUP-09,AMER,Low,RM-16,162.63,1,10.0,14.0,71287.53,0,0,-4.0
PO-000815,2025-07,9,SUP-09,AMER,Low,RM-16,40.48,1,6.1,14.0,17742.02,0,0,-7.9
PO-000816,2025-07,9,SUP-09,AMER,Low,RM-13,50.18,1,11.8,14.0,17391.93,0,0,-2.1999999999999993
PO-000817,2025-07,9,SUP-09,AMER,Low,RM-01,143.09,1,12.3,14.0,119608.45,0,0,-1.6999999999999993
PO-000818,2025-07,9,SUP-09,AMER,Low,RM-20,198.39,1,16.5,14.0,394355.16,0,0,2.5
PO-000819,2025-07,9,SUP-09,AMER,Low,RM-13,80.44,1,15.4,14.0,27879.56,0,0,1.4000000000000004
PO-000820,2025-07,9,SUP-10,EMEA,Medium,RM-04,67.03,1,23.5,24.0,28014.01,0,0,-0.5
PO-000821,2025-07,9,SUP-10,EMEA,Medium,RM-02,246.75,1,18.8,24.0,198713.76,0,0,-5.199999999999999
PO-000822,2025-07,9,SUP-10,EMEA,Medium,RM-06,233.43,1,20.2,24.0,737655.29,0,0,-3.8000000000000007
PO-000823,2025-07,9,SUP-10,EMEA,Medium,RM-01,225.29,1,20.8,24.0,188322.4,0,0,-3.1999999999999993
PO-000824,2025-07,9,SUP-10,EMEA,Medium,RM-03,166.49,1,25.1,24.0,162925.48,0,0,1.1000000000000014
PO-000825,2025-07,9,SUP-10,EMEA,Medium,RM-02,69.98,1,26.2,24.0,56353.97,0,0,2.1999999999999993
PO-000826,2025-07,9,SUP-10,EMEA,Medium,RM-07,240.92,1,23.2,24.0,6999320.52,0,0,-0.8000000000000007
PO-000827,2025-07,9,SUP-10,EMEA,Medium,RM-02,254.09,1,19.6,24.0,204625.74,0,0,-4.399999999999999
PO-000828,2025-07,9,SUP-10,EMEA,Medium,RM-02,192.48,1,25.3,24.0,155005.89,0,0,1.3000000000000007
PO-000829,2025-08,10,SUP-01,EMEA,Low,RM-03,72.59,1,13.9,12.0,69757.98,0,0,1.9000000000000004
PO-000830,2025-08,10,SUP-01,EMEA,Low,RM-09,237.2,1,8.8,12.0,151960.16,0,0,-3.1999999999999993
PO-000831,2025-08,10,SUP-01,EMEA,Low,RM-15,234.6,1,12.1,12.0,206649.99,0,0,0.09999999999999964
PO-000832,2025-08,10,SUP-01,EMEA,Low,RM-18,245.0,1,4.5,12.0,588578.24,0,0,-7.5
PO-000833,2025-08,10,SUP-01,EMEA,Low,RM-05,104.18,1,15.4,12.0,18771.48,0,0,3.4000000000000004
PO-000834,2025-08,10,SUP-01,EMEA,Low,RM-02,76.12,1,7.7,12.0,60194.67,0,0,-4.3
PO-000835,2025-08,10,SUP-01,EMEA,Low,RM-14,202.52,1,12.8,12.0,77032.41,0,0,0.8000000000000007
PO-000836,2025-08,10,SUP-01,EMEA,Low,RM-10,212.56,1,13.9,12.0,251067.64,0,0,1.9000000000000004
PO-000837,2025-08,10,SUP-01,EMEA,Low,RM-09,148.33,1,14.6,12.0,95024.09,0,0,2.5999999999999996
PO-000838,2025-08,10,SUP-02,AMER,Low,RM-12,160.74,1,13.7,18.0,41833.52,0,0,-4.300000000000001
PO-000839,2025-08,10,SUP-02,AMER,Low,RM-12,159.84,1,11.6,18.0,41601.01,0,0,-6.4
PO-000840,2025-08,10,SUP-02,AMER,Low,RM-16,58.06,1,17.3,18.0,24989.52,0,0,-0.6999999999999993
PO-000841,2025-08,10,SUP-02,AMER,Low,RM-10,81.4,0,19.3,18.0,96142.48,0,0,1.3000000000000007
PO-000842,2025-08,10,SUP-02,AMER,Low,RM-09,239.73,1,16.7,18.0,153581.01,0,0,-1.3000000000000007
PO-000843,2025-08,10,SUP-02,AMER,Low,RM-20,117.13,1,10.5,18.0,228633.97,0,0,-7.5
PO-000844,2025-08,10,SUP-03,APAC,Medium,RM-12,40.76,1,37.5,34.0,10608.17,0,0,3.5
PO-000845,2025-08,10,SUP-03,APAC,Medium,RM-09,51.86,1,32.4,34.0,33224.72,0,0,-1.6000000000000014
PO-000846,2025-08,10,SUP-03,APAC,Medium,RM-09,89.35,1,30.7,34.0,57243.21,0,0,-3.3000000000000007
PO-000847,2025-08,10,SUP-03,APAC,Medium,RM-01,237.37,1,36.5,34.0,194835.63,0,0,2.5
PO-000848,2025-08,10,SUP-03,APAC,Medium,RM-19,130.8,1,34.6,34.0,37970.59,0,0,0.6000000000000014
PO-000849,2025-08,10,SUP-03,APAC,Medium,RM-05,116.71,1,29.9,34.0,21028.7,0,0,-4.100000000000001
PO-000850,2025-08,10,SUP-03,APAC,Medium,RM-02,160.5,1,35.6,34.0,126923.83,0,0,1.6000000000000014
PO-000851,2025-08,10,SUP-03,APAC,Medium,RM-03,222.42,0,32.3,34.0,213736.0,0,0,-1.7000000000000028
PO-000852,2025-08,10,SUP-04,EMEA,Low,RM-16,192.73,1,11.8,10.0,82956.17,0,0,1.8000000000000007
PO-000853,2025-08,10,SUP-04,EMEA,Low,RM-20,121.08,1,4.9,10.0,236331.48,0,0,-5.1
PO-000854,2025-08,10,SUP-04,EMEA,Low,RM-07,102.75,1,10.8,10.0,2931291.14,0,0,0.8000000000000007
PO-000855,2025-08,10,SUP-04,EMEA,Low,RM-15,202.86,1,9.5,10.0,178691.12,0,0,-0.5
PO-000856,2025-08,10,SUP-04,EMEA,Low,RM-20,45.81,1,10.9,10.0,89411.49,0,0,0.9000000000000004
PO-000857,2025-08,10,SUP-04,EMEA,Low,RM-10,244.67,0,7.9,10.0,288995.5,0,0,-2.0999999999999996
PO-000858,2025-08,10,SUP-04,EMEA,Low,RM-05,234.83,1,10.7,10.0,42312.04,0,0,0.6999999999999993
PO-000859,2025-08,10,SUP-04,EMEA,Low,RM-10,55.68,1,5.1,10.0,65767.09,0,0,-4.9
PO-000860,2025-08,10,SUP-04,EMEA,Low,RM-06,111.93,1,10.0,10.0,347323.39,0,0,0.0
PO-000861,2025-08,10,SUP-04,EMEA,Low,RM-10,142.85,1,9.2,10.0,168730.32,0,0,-0.8000000000000007
PO-000862,2025-08,10,SUP-05,LATAM,Medium,RM-06,164.65,1,31.7,26.0,510936.6,0,0,5.699999999999999
PO-000863,2025-08,10,SUP-05,LATAM,Medium,RM-15,204.43,1,25.3,26.0,180076.19,0,0,-0.6999999999999993
PO-000864,2025-08,10,SUP-05,LATAM,Medium,RM-09,143.0,1,26.1,26.0,91609.09,0,0,0.10000000000000142
PO-000865,2025-08,10,SUP-05,LATAM,Medium,RM-12,90.76,1,25.2,26.0,23620.09,0,0,-0.8000000000000007
PO-000866,2025-08,10,SUP-05,LATAM,Medium,RM-10,182.45,1,23.2,26.0,215508.95,0,0,-2.8000000000000007
PO-000867,2025-08,10,SUP-05,LATAM,Medium,RM-10,73.6,1,31.5,26.0,86934.1,0,0,5.5
PO-000868,2025-08,10,SUP-05,LATAM,Medium,RM-19,98.74,1,25.9,26.0,28664.34,0,0,-0.10000000000000142
PO-000869,2025-08,10,SUP-05,LATAM,Medium,RM-19,73.15,1,26.0,26.0,21233.55,0,0,0.0
PO-000870,2025-08,10,SUP-06,APAC,Medium,RM-12,259.84,1,33.8,29.0,67626.26,0,0,4.799999999999997
PO-000871,2025-08,10,SUP-06,APAC,Medium,RM-13,109.04,1,27.3,29.0,37110.51,0,0,-1.6999999999999993
PO-000872,2025-08,10,SUP-06,APAC,Medium,RM-19,43.19,1,25.2,29.0,12537.82,0,0,-3.8000000000000007
PO-000873,2025-08,10,SUP-06,APAC,Medium,RM-15,96.75,1,28.6,29.0,85228.86,0,0,-0.3999999999999986
PO-000874,2025-08,10,SUP-06,APAC,Medium,RM-15,240.95,1,23.2,29.0,212244.94,0,0,-5.800000000000001
PO-000875,2025-08,10,SUP-06,APAC,Medium,RM-20,236.71,1,25.7,29.0,462041.22,0,0,-3.3000000000000007
PO-000876,2025-08,10,SUP-06,APAC,Medium,RM-15,82.37,1,31.7,29.0,72554.53,0,0,2.6999999999999993
PO-000877,2025-08,10,SUP-06,APAC,Medium,RM-19,170.48,1,30.8,29.0,49487.54,0,0,1.8000000000000007
PO-000878,2025-08,10,SUP-07,EMEA,High,RM-06,132.09,1,26.4,22.0,409873.79,0,0,4.399999999999999
PO-000879,2025-08,10,SUP-07,EMEA,High,RM-01,96.65,1,34.4,22.0,79329.55,0,0,12.399999999999999
PO-000880,2025-08,10,SUP-07,EMEA,High,RM-18,237.72,1,29.7,22.0,571097.6,0,0,7.699999999999999
PO-000881,2025-08,10,SUP-07,EMEA,High,RM-06,128.97,1,29.7,22.0,400198.62,0,0,7.699999999999999
PO-000882,2025-08,10,SUP-07,EMEA,High,RM-14,210.37,1,30.4,22.0,80018.39,0,0,8.399999999999999
PO-000883,2025-08,10,SUP-07,EMEA,High,RM-15,48.99,1,22.2,22.0,43156.66,0,0,0.1999999999999993
PO-000884,2025-08,10,SUP-07,EMEA,High,RM-14,168.88,1,29.2,22.0,64239.98,0,0,7.199999999999999
PO-000885,2025-08,10,SUP-07,EMEA,High,RM-11,58.21,1,27.5,22.0,131105.01,0,0,5.5
PO-000886,2025-08,10,SUP-08,APAC,Low,RM-20,98.35,1,23.4,20.0,191971.0,0,0,3.3999999999999986
PO-000887,2025-08,10,SUP-08,APAC,Low,RM-18,157.06,1,17.4,20.0,377326.93,0,0,-2.6000000000000014
PO-000888,2025-08,10,SUP-08,APAC,Low,RM-01,214.76,1,18.8,20.0,176277.03,0,0,-1.1999999999999993
PO-000889,2025-08,10,SUP-08,APAC,Low,RM-07,62.62,1,16.2,20.0,1786495.7,0,0,-3.8000000000000007
PO-000890,2025-08,10,SUP-08,APAC,Low,RM-17,82.68,1,20.7,20.0,136557.19,0,0,0.6999999999999993
PO-000891,2025-08,10,SUP-08,APAC,Low,RM-08,144.35,1,13.2,20.0,104033.66,0,0,-6.800000000000001
PO-000892,2025-08,10,SUP-09,AMER,Low,RM-17,203.43,1,12.7,14.0,335992.88,0,0,-1.3000000000000007
PO-000893,2025-08,10,SUP-09,AMER,Low,RM-18,160.27,1,18.9,14.0,385029.08,0,0,4.899999999999999
PO-000894,2025-08,10,SUP-09,AMER,Low,RM-17,172.36,1,16.2,14.0,284677.51,0,0,2.1999999999999993
PO-000895,2025-08,10,SUP-09,AMER,Low,RM-10,60.97,1,17.2,14.0,72016.85,0,0,3.1999999999999993
PO-000896,2025-08,10,SUP-09,AMER,Low,RM-05,100.18,1,15.0,14.0,18050.47,0,0,1.0
PO-000897,2025-08,10,SUP-09,AMER,Low,RM-17,218.45,1,14.7,14.0,360797.01,0,0,0.6999999999999993
PO-000898,2025-08,10,SUP-09,AMER,Low,RM-17,254.41,1,13.6,14.0,420188.68,0,0,-0.40000000000000036
PO-000899,2025-08,10,SUP-10,EMEA,Medium,RM-05,135.57,1,24.4,24.0,24426.12,0,0,0.3999999999999986
PO-000900,2025-08,10,SUP-10,EMEA,Medium,RM-13,40.87,1,24.3,24.0,13908.31,0,0,0.3000000000000007
PO-000901,2025-08,10,SUP-10,EMEA,Medium,RM-08,63.1,1,24.8,24.0,45476.09,0,0,0.8000000000000007
PO-000902,2025-08,10,SUP-10,EMEA,Medium,RM-05,232.88,0,24.2,24.0,41959.52,0,0,0.1999999999999993
PO-000903,2025-08,10,SUP-10,EMEA,Medium,RM-20,237.39,1,26.2,24.0,463361.71,0,0,2.1999999999999993
PO-000904,2025-08,10,SUP-10,EMEA,Medium,RM-12,90.99,1,22.8,24.0,23681.37,0,0,-1.1999999999999993
PO-000905,2025-08,10,SUP-10,EMEA,Medium,RM-07,157.5,1,25.9,24.0,4493179.91,0,0,1.8999999999999986
PO-000906,2025-08,10,SUP-10,EMEA,Medium,RM-15,206.98,1,22.5,24.0,182327.92,0,0,-1.5
PO-000907,2025-09,11,SUP-01,EMEA,Low,RM-19,94.5,1,14.8,12.0,26924.97,0,0,2.8000000000000007
PO-000908,2025-09,11,SUP-01,EMEA,Low,RM-01,49.34,1,15.2,12.0,39753.89,0,0,3.1999999999999993
PO-000909,2025-09,11,SUP-01,EMEA,Low,RM-04,222.85,1,18.3,12.0,89769.02,0,0,6.300000000000001
PO-000910,2025-09,11,SUP-01,EMEA,Low,RM-13,75.68,1,9.0,12.0,25282.36,0,0,-3.0
PO-000911,2025-09,11,SUP-01,EMEA,Low,RM-13,233.79,1,14.8,12.0,78098.97,0,0,2.8000000000000007
PO-000912,2025-09,11,SUP-01,EMEA,Low,RM-03,82.57,1,15.3,12.0,77884.74,0,0,3.3000000000000007
PO-000913,2025-09,11,SUP-01,EMEA,Low,RM-01,85.17,1,12.2,12.0,68618.33,0,0,0.1999999999999993
PO-000914,2025-09,11,SUP-01,EMEA,Low,RM-13,97.58,1,9.4,12.0,32596.89,0,0,-2.5999999999999996
PO-000915,2025-09,11,SUP-01,EMEA,Low,RM-18,205.84,1,5.2,12.0,485379.58,0,0,-6.8
PO-000916,2025-09,11,SUP-02,AMER,Low,RM-16,167.32,1,17.3,18.0,70687.55,0,0,-0.6999999999999993
PO-000917,2025-09,11,SUP-02,AMER,Low,RM-01,210.51,1,18.3,18.0,169596.59,0,0,0.3000000000000007
PO-000918,2025-09,11,SUP-02,AMER,Low,RM-20,111.53,1,19.3,18.0,213679.81,0,0,1.3000000000000007
PO-000919,2025-09,11,SUP-02,AMER,Low,RM-07,117.63,1,11.0,18.0,3293797.65,0,0,-7.0
PO-000920,2025-09,11,SUP-02,AMER,Low,RM-03,61.92,1,17.3,18.0,58405.89,0,0,-0.6999999999999993
PO-000921,2025-09,11,SUP-02,AMER,Low,RM-14,55.66,1,18.5,18.0,20780.0,0,0,0.5
PO-000922,2025-09,11,SUP-02,AMER,Low,RM-12,79.51,1,19.8,18.0,20309.79,0,0,1.8000000000000007
PO-000923,2025-09,11,SUP-02,AMER,Low,RM-10,58.68,1,20.6,18.0,68036.25,0,0,2.6000000000000014
PO-000924,2025-09,11,SUP-02,AMER,Low,RM-07,124.3,1,13.4,18.0,3480684.13,0,0,-4.6
PO-000925,2025-09,11,SUP-03,APAC,Medium,RM-01,75.11,1,37.3,34.0,60515.22,0,0,3.299999999999997
PO-000926,2025-09,11,SUP-03,APAC,Medium,RM-09,54.05,1,37.0,34.0,33986.84,0,0,3.0
PO-000927,2025-09,11,SUP-03,APAC,Medium,RM-06,185.46,1,31.8,34.0,564858.84,0,0,-2.1999999999999993
PO-000928,2025-09,11,SUP-03,APAC,Medium,RM-12,158.75,1,33.3,34.0,40554.02,0,0,-0.7000000000000028
PO-000929,2025-09,11,SUP-03,APAC,Medium,RM-08,84.93,1,33.8,34.0,60082.29,0,0,-0.20000000000000284
PO-000930,2025-09,11,SUP-03,APAC,Medium,RM-05,52.14,1,30.7,34.0,9221.21,0,0,-3.3000000000000007
PO-000931,2025-09,11,SUP-04,EMEA,Low,RM-16,89.76,1,14.4,10.0,37920.43,0,0,4.4
PO-000932,2025-09,11,SUP-04,EMEA,Low,RM-02,100.73,1,10.2,10.0,78184.57,0,0,0.1999999999999993
PO-000933,2025-09,11,SUP-04,EMEA,Low,RM-13,60.99,1,9.8,10.0,20375.37,0,0,-0.1999999999999993
PO-000934,2025-09,11,SUP-04,EMEA,Low,RM-19,41.58,0,9.4,10.0,11847.52,0,0,-0.5999999999999996
PO-000935,2025-09,11,SUP-04,EMEA,Low,RM-17,83.46,1,5.0,10.0,135293.02,0,0,-5.0
PO-000936,2025-09,11,SUP-04,EMEA,Low,RM-20,87.06,0,9.2,10.0,166799.62,0,0,-0.8000000000000007
PO-000937,2025-09,11,SUP-05,LATAM,Medium,RM-09,247.54,1,29.2,26.0,155652.31,0,0,3.1999999999999993
PO-000938,2025-09,11,SUP-05,LATAM,Medium,RM-04,122.76,0,29.2,26.0,49452.95,0,0,3.1999999999999993
PO-000939,2025-09,11,SUP-05,LATAM,Medium,RM-11,161.86,1,25.5,26.0,357803.02,0,0,-0.5
PO-000940,2025-09,11,SUP-05,LATAM,Medium,RM-18,218.93,1,26.7,26.0,516240.7,0,0,0.6999999999999993
PO-000941,2025-09,11,SUP-05,LATAM,Medium,RM-20,61.16,0,26.9,26.0,117175.24,0,0,0.8999999999999986
PO-000942,2025-09,11,SUP-05,LATAM,Medium,RM-18,109.92,1,26.8,26.0,259190.32,0,0,0.8000000000000007
PO-000943,2025-09,11,SUP-05,LATAM,Medium,RM-10,50.73,0,24.6,26.0,58817.24,0,0,-1.3999999999999986
PO-000944,2025-09,11,SUP-05,LATAM,Medium,RM-05,113.33,1,24.4,26.0,20043.35,0,0,-1.6000000000000014
PO-000945,2025-09,11,SUP-05,LATAM,Medium,RM-08,251.98,1,30.5,26.0,178253.61,1,0,4.5
PO-000946,2025-09,11,SUP-05,LATAM,Medium,RM-10,187.07,1,23.5,26.0,216875.73,0,0,-2.5
PO-000947,2025-09,11,SUP-06,APAC,Medium,RM-06,185.95,0,31.3,29.0,566372.77,0,0,2.3000000000000007
PO-000948,2025-09,11,SUP-06,APAC,Medium,RM-17,237.2,1,28.4,29.0,384529.87,0,0,-0.6000000000000014
PO-000949,2025-09,11,SUP-06,APAC,Medium,RM-06,196.44,1,28.4,29.0,598313.78,0,0,-0.6000000000000014
PO-000950,2025-09,11,SUP-06,APAC,Medium,RM-18,78.89,1,27.7,29.0,186016.89,0,0,-1.3000000000000007
PO-000951,2025-09,11,SUP-06,APAC,Medium,RM-03,139.49,0,29.2,29.0,131563.87,0,0,0.1999999999999993
PO-000952,2025-09,11,SUP-06,APAC,Medium,RM-08,156.03,1,28.7,29.0,110374.35,0,0,-0.3000000000000007
PO-000953,2025-09,11,SUP-06,APAC,Medium,RM-20,218.72,1,31.7,29.0,419034.62,0,0,2.6999999999999993
PO-000954,2025-09,11,SUP-07,EMEA,High,RM-17,197.29,1,32.9,22.0,319837.91,0,0,10.899999999999999
PO-000955,2025-09,11,SUP-07,EMEA,High,RM-05,57.0,1,30.7,22.0,10080.42,0,0,8.7
PO-000956,2025-09,11,SUP-07,EMEA,High,RM-20,143.13,1,26.1,22.0,274223.08,0,0,4.100000000000001
PO-000957,2025-09,11,SUP-07,EMEA,High,RM-09,127.76,1,29.8,22.0,80337.12,1,0,7.800000000000001
PO-000958,2025-09,11,SUP-07,EMEA,High,RM-10,141.13,1,33.4,22.0,163625.36,1,0,11.399999999999999
PO-000959,2025-09,11,SUP-07,EMEA,High,RM-19,236.26,1,30.8,22.0,67315.33,0,0,8.8
PO-000960,2025-09,11,SUP-07,EMEA,High,RM-05,152.22,1,27.7,22.0,26919.46,0,0,5.699999999999999
PO-000961,2025-09,11,SUP-08,APAC,Low,RM-08,216.61,1,22.3,20.0,153233.79,0,0,2.3000000000000007
PO-000962,2025-09,11,SUP-08,APAC,Low,RM-08,159.37,1,14.2,20.0,112735.21,0,0,-5.800000000000001
PO-000963,2025-09,11,SUP-08,APAC,Low,RM-18,227.68,1,18.1,20.0,536876.67,0,0,-1.8999999999999986
PO-000964,2025-09,11,SUP-08,APAC,Low,RM-08,45.29,1,20.9,20.0,32038.44,0,0,0.8999999999999986
PO-000965,2025-09,11,SUP-08,APAC,Low,RM-07,93.92,1,22.2,20.0,2629987.77,0,0,2.1999999999999993
PO-000966,2025-09,11,SUP-08,APAC,Low,RM-02,119.51,1,21.0,20.0,92761.75,0,0,1.0
PO-000967,2025-09,11,SUP-08,APAC,Low,RM-04,131.41,1,20.3,20.0,52935.04,0,0,0.3000000000000007
PO-000968,2025-09,11,SUP-09,AMER,Low,RM-14,73.39,1,14.1,14.0,27399.24,0,0,0.09999999999999964
PO-000969,2025-09,11,SUP-09,AMER,Low,RM-07,168.44,1,13.2,14.0,4716552.17,0,0,-0.8000000000000007
PO-000970,2025-09,11,SUP-09,AMER,Low,RM-16,80.06,1,15.6,14.0,33822.65,0,0,1.5999999999999996
PO-000971,2025-09,11,SUP-09,AMER,Low,RM-02,66.15,1,18.9,14.0,51346.13,0,0,4.899999999999999
PO-000972,2025-09,11,SUP-09,AMER,Low,RM-03,90.03,1,14.3,14.0,84919.69,0,0,0.3000000000000007
PO-000973,2025-09,11,SUP-09,AMER,Low,RM-06,111.4,1,18.0,14.0,339301.91,0,0,4.0
PO-000974,2025-09,11,SUP-09,AMER,Low,RM-17,139.86,1,13.8,14.0,226729.64,0,0,-0.1999999999999993
PO-000975,2025-09,11,SUP-09,AMER,Low,RM-06,61.02,1,10.9,14.0,185856.79,0,0,-3.0999999999999996
PO-000976,2025-09,11,SUP-09,AMER,Low,RM-02,199.38,1,13.5,14.0,154752.65,0,0,-0.5
PO-000977,2025-09,11,SUP-10,EMEA,Medium,RM-12,118.97,1,24.4,24.0,30391.1,0,0,0.3999999999999986
PO-000978,2025-09,11,SUP-10,EMEA,Medium,RM-02,123.48,1,22.7,24.0,95844.69,0,0,-1.3000000000000007
PO-000979,2025-09,11,SUP-10,EMEA,Medium,RM-12,107.23,1,21.1,24.0,27391.61,0,0,-2.8999999999999986
PO-000980,2025-09,11,SUP-10,EMEA,Medium,RM-18,56.01,1,18.9,24.0,132074.5,0,0,-5.100000000000001
PO-000981,2025-09,11,SUP-10,EMEA,Medium,RM-17,110.94,1,21.0,24.0,179856.21,0,0,-3.0
PO-000982,2025-09,11,SUP-10,EMEA,Medium,RM-05,128.88,0,25.4,24.0,22792.1,0,0,1.3999999999999986
PO-000983,2025-09,11,SUP-10,EMEA,Medium,RM-19,110.8,1,26.4,24.0,31568.6,0,0,2.3999999999999986
PO-000984,2025-09,11,SUP-10,EMEA,Medium,RM-10,137.18,1,25.9,24.0,159041.53,0,0,1.8999999999999986
PO-000985,2025-09,11,SUP-10,EMEA,Medium,RM-10,188.06,1,26.9,24.0,218023.75,0,0,2.8999999999999986
PO-000986,2025-10,12,SUP-01,EMEA,Low,RM-20,210.6,1,11.2,12.0,441754.42,0,0,-0.8000000000000007
PO-000987,2025-10,12,SUP-01,EMEA,Low,RM-16,148.08,1,10.2,12.0,68495.62,0,0,-1.8000000000000007
PO-000988,2025-10,12,SUP-01,EMEA,Low,RM-01,197.75,1,10.1,12.0,174431.14,0,0,-1.9000000000000004
PO-000989,2025-10,12,SUP-01,EMEA,Low,RM-04,234.34,0,13.2,12.0,103353.73,0,0,1.1999999999999993
PO-000990,2025-10,12,SUP-01,EMEA,Low,RM-04,113.05,1,10.6,12.0,49861.15,0,0,-1.4000000000000004
PO-000991,2025-10,12,SUP-01,EMEA,Low,RM-11,240.0,1,16.9,12.0,580883.17,0,0,4.899999999999999
PO-000992,2025-10,12,SUP-01,EMEA,Low,RM-12,100.95,1,6.9,12.0,28233.28,1,0,-5.1
PO-000993,2025-10,12,SUP-01,EMEA,Low,RM-17,139.26,1,19.9,12.0,247172.62,0,0,7.899999999999999
PO-000994,2025-10,12,SUP-02,AMER,Low,RM-01,214.21,1,15.8,18.0,188951.9,0,0,-2.1999999999999993
PO-000995,2025-10,12,SUP-02,AMER,Low,RM-20,236.12,1,18.1,18.0,495282.07,0,0,0.10000000000000142
PO-000996,2025-10,12,SUP-02,AMER,Low,RM-13,178.66,1,17.5,18.0,65344.13,0,0,-0.5
PO-000997,2025-10,12,SUP-02,AMER,Low,RM-01,111.35,1,15.5,18.0,98220.08,0,0,-2.5
PO-000998,2025-10,12,SUP-02,AMER,Low,RM-01,116.26,1,23.4,18.0,102548.24,0,0,5.399999999999999
PO-000999,2025-10,12,SUP-02,AMER,Low,RM-09,45.46,1,16.1,18.0,31295.74,0,0,-1.8999999999999986
PO-001000,2025-10,12,SUP-03,APAC,Medium,RM-10,139.53,1,37.8,34.0,177111.47,0,0,3.799999999999997
PO-001001,2025-10,12,SUP-03,APAC,Medium,RM-18,45.26,1,34.5,34.0,116859.56,0,0,0.5
PO-001002,2025-10,12,SUP-03,APAC,Medium,RM-04,79.49,1,32.6,34.0,35058.02,0,0,-1.3999999999999986
PO-001003,2025-10,12,SUP-03,APAC,Medium,RM-03,182.68,1,28.2,34.0,188645.37,0,0,-5.800000000000001
PO-001004,2025-10,12,SUP-03,APAC,Medium,RM-03,117.42,1,36.1,34.0,121254.87,0,0,2.1000000000000014
PO-001005,2025-10,12,SUP-03,APAC,Medium,RM-01,105.15,1,33.2,34.0,92751.55,0,0,-0.7999999999999972
PO-001006,2025-10,12,SUP-03,APAC,Medium,RM-05,249.34,1,33.6,34.0,48278.12,0,0,-0.3999999999999986
PO-001007,2025-10,12,SUP-03,APAC,Medium,RM-15,75.71,1,38.6,34.0,71672.49,0,0,4.600000000000001
PO-001008,2025-10,12,SUP-03,APAC,Medium,RM-20,253.61,0,31.9,34.0,531982.47,0,0,-2.1000000000000014
PO-001009,2025-10,12,SUP-03,APAC,Medium,RM-07,76.86,1,31.7,34.0,2356466.91,0,0,-2.3000000000000007
PO-001010,2025-10,12,SUP-03,APAC,Medium,RM-09,254.21,1,30.8,34.0,175012.01,0,0,-3.1999999999999993
PO-001011,2025-10,12,SUP-04,EMEA,Low,RM-14,255.75,1,11.9,10.0,104541.08,0,0,1.9000000000000004
PO-001012,2025-10,12,SUP-04,EMEA,Low,RM-10,137.4,1,7.8,10.0,174406.88,0,0,-2.2
PO-001013,2025-10,12,SUP-04,EMEA,Low,RM-13,162.17,1,8.0,10.0,59310.31,0,0,-2.0
PO-001014,2025-10,12,SUP-04,EMEA,Low,RM-02,57.1,1,9.3,10.0,48522.31,0,0,-0.6999999999999993
PO-001015,2025-10,12,SUP-04,EMEA,Low,RM-06,89.23,1,18.1,10.0,297562.8,0,0,8.100000000000001
PO-001016,2025-10,12,SUP-04,EMEA,Low,RM-02,156.42,1,6.8,10.0,132923.94,0,0,-3.2
PO-001017,2025-10,12,SUP-04,EMEA,Low,RM-01,96.53,1,15.7,10.0,85149.14,0,0,5.699999999999999
PO-001018,2025-10,12,SUP-05,LATAM,Medium,RM-12,124.36,1,23.8,26.0,34781.79,0,0,-2.1999999999999993
PO-001019,2025-10,12,SUP-05,LATAM,Medium,RM-11,115.61,1,28.9,26.0,279821.29,0,0,2.8999999999999986
PO-001020,2025-10,12,SUP-05,LATAM,Medium,RM-01,186.99,1,27.5,26.0,164941.65,0,0,1.5
PO-001021,2025-10,12,SUP-05,LATAM,Medium,RM-11,80.46,1,22.9,26.0,194732.76,0,0,-3.1000000000000014
PO-001022,2025-10,12,SUP-05,LATAM,Medium,RM-10,75.57,0,22.8,26.0,95921.81,0,0,-3.1999999999999993
PO-001023,2025-10,12,SUP-05,LATAM,Medium,RM-17,153.15,1,25.7,26.0,271830.08,0,0,-0.3000000000000007
PO-001024,2025-10,12,SUP-05,LATAM,Medium,RM-19,150.11,1,26.3,26.0,46827.26,0,0,0.3000000000000007
PO-001025,2025-10,12,SUP-05,LATAM,Medium,RM-14,113.61,1,25.9,26.0,46440.22,0,0,-0.10000000000000142
PO-001026,2025-10,12,SUP-05,LATAM,Medium,RM-14,127.09,1,25.6,26.0,51950.14,0,0,-0.3999999999999986
PO-001027,2025-10,12,SUP-05,LATAM,Medium,RM-17,96.16,1,22.1,26.0,170678.22,0,0,-3.8999999999999986
PO-001028,2025-10,12,SUP-06,APAC,Medium,RM-17,67.82,1,25.7,29.0,120366.49,0,0,-3.3000000000000007
PO-001029,2025-10,12,SUP-06,APAC,Medium,RM-06,139.07,1,29.5,29.0,463763.76,0,0,0.5
PO-001030,2025-10,12,SUP-06,APAC,Medium,RM-15,138.1,1,24.2,29.0,130728.8,0,0,-4.800000000000001
PO-001031,2025-10,12,SUP-06,APAC,Medium,RM-17,64.28,1,23.8,29.0,114083.1,0,0,-5.199999999999999
PO-001032,2025-10,12,SUP-06,APAC,Medium,RM-17,74.01,0,30.7,29.0,131365.09,0,0,1.6999999999999993
PO-001033,2025-10,12,SUP-06,APAC,Medium,RM-16,221.57,1,32.5,29.0,102487.48,0,0,3.5
PO-001034,2025-10,12,SUP-06,APAC,Medium,RM-20,240.17,1,23.4,29.0,503795.93,0,0,-5.600000000000001
PO-001035,2025-10,12,SUP-07,EMEA,High,RM-05,106.05,1,32.9,22.0,20535.0,1,0,10.899999999999999
PO-001036,2025-10,12,SUP-07,EMEA,High,RM-11,217.88,0,33.9,22.0,527343.38,0,0,11.899999999999999
PO-001037,2025-10,12,SUP-07,EMEA,High,RM-02,186.62,1,34.6,22.0,158590.06,0,0,12.600000000000001
PO-001038,2025-10,12,SUP-07,EMEA,High,RM-16,153.05,1,29.3,22.0,70793.46,0,0,7.300000000000001
PO-001039,2025-10,12,SUP-07,EMEA,High,RM-17,245.04,1,31.6,22.0,434930.78,0,0,9.600000000000001
PO-001040,2025-10,12,SUP-07,EMEA,High,RM-20,42.6,0,34.5,22.0,89362.14,0,0,12.5
PO-001041,2025-10,12,SUP-07,EMEA,High,RM-06,160.74,1,31.7,22.0,536034.66,1,0,9.7
PO-001042,2025-10,12,SUP-07,EMEA,High,RM-03,58.43,1,29.7,22.0,60341.85,0,0,7.699999999999999
PO-001043,2025-10,12,SUP-08,APAC,Low,RM-17,149.02,1,15.7,20.0,264504.94,0,0,-4.300000000000001
PO-001044,2025-10,12,SUP-08,APAC,Low,RM-17,52.51,1,23.5,20.0,93197.05,0,0,3.5
PO-001045,2025-10,12,SUP-08,APAC,Low,RM-05,101.78,1,20.8,20.0,19707.87,1,0,0.8000000000000007
PO-001046,2025-10,12,SUP-08,APAC,Low,RM-13,95.84,1,21.7,20.0,35053.25,0,0,1.6999999999999993
PO-001047,2025-10,12,SUP-08,APAC,Low,RM-16,154.22,0,21.8,20.0,71335.31,0,0,1.8000000000000007
PO-001048,2025-10,12,SUP-08,APAC,Low,RM-01,154.7,1,19.6,20.0,136456.15,0,0,-0.3999999999999986
PO-001049,2025-10,12,SUP-08,APAC,Low,RM-14,207.04,1,18.1,20.0,84631.53,0,0,-1.8999999999999986
PO-001050,2025-10,12,SUP-08,APAC,Low,RM-10,253.97,1,20.3,20.0,322366.99,0,0,0.3000000000000007
PO-001051,2025-10,12,SUP-08,APAC,Low,RM-04,206.49,1,19.5,20.0,91068.31,0,0,-0.5
PO-001052,2025-10,12,SUP-09,AMER,Low,RM-09,102.96,1,18.3,14.0,70885.54,0,0,4.300000000000001
PO-001053,2025-10,12,SUP-09,AMER,Low,RM-08,232.71,1,16.0,14.0,180234.92,0,0,2.0
PO-001054,2025-10,12,SUP-09,AMER,Low,RM-16,231.52,1,7.7,14.0,107090.12,0,0,-6.3
PO-001055,2025-10,12,SUP-09,AMER,Low,RM-13,147.17,1,13.7,14.0,53824.98,0,0,-0.3000000000000007
PO-001056,2025-10,12,SUP-09,AMER,Low,RM-19,172.22,1,19.1,14.0,53724.78,0,0,5.100000000000001
PO-001057,2025-10,12,SUP-09,AMER,Low,RM-06,149.59,1,10.9,14.0,498822.6,0,0,-3.0999999999999996
PO-001058,2025-10,12,SUP-09,AMER,Low,RM-09,184.34,1,17.8,14.0,126907.48,0,0,3.8000000000000007
PO-001059,2025-10,12,SUP-09,AMER,Low,RM-16,168.66,1,13.8,14.0,78014.5,0,0,-0.1999999999999993
PO-001060,2025-10,12,SUP-09,AMER,Low,RM-03,193.05,1,14.9,14.0,199362.38,0,0,0.9000000000000004
PO-001061,2025-10,12,SUP-10,EMEA,Medium,RM-17,106.48,1,26.5,24.0,188984.58,0,0,2.5
PO-001062,2025-10,12,SUP-10,EMEA,Medium,RM-14,59.61,1,26.6,24.0,24366.07,0,0,2.6000000000000014
PO-001063,2025-10,12,SUP-10,EMEA,Medium,RM-10,63.59,1,21.5,24.0,80717.82,0,0,-2.5
PO-001064,2025-10,12,SUP-10,EMEA,Medium,RM-19,161.02,1,24.0,24.0,50230.02,0,0,0.0
PO-001065,2025-10,12,SUP-10,EMEA,Medium,RM-03,43.1,1,21.5,24.0,44504.08,0,0,-2.5
PO-001066,2025-10,12,SUP-10,EMEA,Medium,RM-16,133.53,0,26.7,24.0,61764.01,0,0,2.6999999999999993
PO-001067,2025-10,12,SUP-10,EMEA,Medium,RM-15,151.02,1,24.3,24.0,142958.37,0,0,0.3000000000000007
PO-001068,2025-10,12,SUP-10,EMEA,Medium,RM-10,131.92,1,24.6,24.0,167446.45,0,0,0.6000000000000014
PO-001069,2025-11,13,SUP-01,EMEA,Low,RM-08,63.85,1,8.8,12.0,48831.65,0,0,-3.1999999999999993
PO-001070,2025-11,13,SUP-01,EMEA,Low,RM-14,87.3,1,9.6,12.0,35238.33,0,0,-2.4000000000000004
PO-001071,2025-11,13,SUP-01,EMEA,Low,RM-10,80.13,1,13.6,12.0,100443.75,0,0,1.5999999999999996
PO-001072,2025-11,13,SUP-01,EMEA,Low,RM-14,46.84,1,11.8,12.0,18905.7,0,0,-0.1999999999999993
PO-001073,2025-11,13,SUP-01,EMEA,Low,RM-20,79.5,1,12.0,12.0,164678.15,0,0,0.0
PO-001074,2025-11,13,SUP-01,EMEA,Low,RM-09,177.84,1,6.4,12.0,120897.82,0,0,-5.6
PO-001075,2025-11,13,SUP-01,EMEA,Low,RM-19,236.23,1,6.1,12.0,72768.65,0,0,-5.9
PO-001076,2025-11,13,SUP-01,EMEA,Low,RM-18,181.9,1,13.8,12.0,463727.92,0,0,1.8000000000000007
PO-001077,2025-11,13,SUP-01,EMEA,Low,RM-06,141.68,1,13.6,12.0,466553.01,0,0,1.5999999999999996
PO-001078,2025-11,13,SUP-01,EMEA,Low,RM-18,139.3,1,12.0,12.0,355112.97,0,0,0.0
PO-001079,2025-11,13,SUP-01,EMEA,Low,RM-03,221.83,1,9.0,12.0,226206.0,0,0,-3.0
PO-001080,2025-11,13,SUP-02,AMER,Low,RM-08,122.19,1,15.1,18.0,93450.78,0,0,-2.9000000000000004
PO-001081,2025-11,13,SUP-02,AMER,Low,RM-12,205.46,1,18.2,18.0,56743.73,0,0,0.1999999999999993
PO-001082,2025-11,13,SUP-02,AMER,Low,RM-01,124.63,1,14.6,18.0,108559.27,0,0,-3.4000000000000004
PO-001083,2025-11,13,SUP-02,AMER,Low,RM-02,100.59,1,21.1,18.0,84415.2,0,0,3.1000000000000014
PO-001084,2025-11,13,SUP-02,AMER,Low,RM-06,214.88,1,18.5,18.0,707592.31,0,0,0.5
PO-001085,2025-11,13,SUP-02,AMER,Low,RM-17,59.72,1,18.6,18.0,104666.25,0,0,0.6000000000000014
PO-001086,2025-11,13,SUP-03,APAC,Medium,RM-06,176.9,1,24.8,34.0,582516.54,0,0,-9.2
PO-001087,2025-11,13,SUP-03,APAC,Medium,RM-13,134.78,1,35.3,34.0,48676.74,0,0,1.2999999999999972
PO-001088,2025-11,13,SUP-03,APAC,Medium,RM-19,127.16,1,36.6,34.0,39170.18,0,0,2.6000000000000014
PO-001089,2025-11,13,SUP-03,APAC,Medium,RM-01,60.68,1,32.7,34.0,52851.61,0,0,-1.2999999999999972
PO-001090,2025-11,13,SUP-03,APAC,Medium,RM-12,254.39,1,38.7,34.0,70258.28,0,0,4.700000000000003
PO-001091,2025-11,13,SUP-03,APAC,Medium,RM-14,245.16,1,37.3,34.0,98958.4,0,0,3.299999999999997
PO-001092,2025-11,13,SUP-03,APAC,Medium,RM-17,211.4,0,33.9,34.0,370511.61,0,0,-0.10000000000000142
PO-001093,2025-11,13,SUP-03,APAC,Medium,RM-09,63.11,1,35.7,34.0,42903.85,0,0,1.7000000000000028
PO-001094,2025-11,13,SUP-03,APAC,Medium,RM-10,151.01,1,36.2,34.0,189286.44,0,0,2.200000000000003
PO-001095,2025-11,13,SUP-03,APAC,Medium,RM-02,137.75,1,33.8,34.0,115598.02,0,0,-0.20000000000000284
PO-001096,2025-11,13,SUP-04,EMEA,Low,RM-06,77.99,1,10.3,10.0,256829.84,0,0,0.3000000000000007
PO-001097,2025-11,13,SUP-04,EMEA,Low,RM-16,256.57,1,10.2,10.0,117192.75,0,0,0.1999999999999993
PO-001098,2025-11,13,SUP-04,EMEA,Low,RM-20,150.92,1,9.9,10.0,312613.85,0,0,-0.09999999999999964
PO-001099,2025-11,13,SUP-04,EMEA,Low,RM-11,166.44,1,10.5,10.0,397796.09,0,0,0.5
PO-001100,2025-11,13,SUP-04,EMEA,Low,RM-09,96.03,1,13.2,10.0,65283.18,0,0,3.1999999999999993
PO-001101,2025-11,13,SUP-04,EMEA,Low,RM-02,224.82,1,11.2,10.0,188659.17,0,0,1.1999999999999993
PO-001102,2025-11,13,SUP-04,EMEA,Low,RM-20,199.66,1,9.6,10.0,413570.36,0,0,-0.40000000000000036
PO-001103,2025-11,13,SUP-04,EMEA,Low,RM-20,115.21,1,10.1,10.0,238636.8,0,0,0.09999999999999964
PO-001104,2025-11,13,SUP-04,EMEA,Low,RM-08,223.26,1,16.9,10.0,170750.44,0,0,6.899999999999999
PO-001105,2025-11,13,SUP-04,EMEA,Low,RM-13,220.06,1,12.0,10.0,79474.93,1,0,2.0
PO-001106,2025-11,13,SUP-04,EMEA,Low,RM-13,228.32,1,14.6,10.0,82460.65,0,0,4.6
PO-001107,2025-11,13,SUP-05,LATAM,Medium,RM-07,163.24,1,27.3,26.0,4941713.48,0,0,1.3000000000000007
PO-001108,2025-11,13,SUP-05,LATAM,Medium,RM-07,238.92,1,18.8,26.0,7233089.44,0,0,-7.199999999999999
PO-001109,2025-11,13,SUP-05,LATAM,Medium,RM-08,177.62,1,28.0,26.0,135842.41,0,0,2.0
PO-001110,2025-11,13,SUP-05,LATAM,Medium,RM-13,99.25,1,22.6,26.0,35843.87,0,0,-3.3999999999999986
PO-001111,2025-11,13,SUP-05,LATAM,Medium,RM-18,55.25,1,31.7,26.0,140839.84,0,0,5.699999999999999
PO-001112,2025-11,13,SUP-05,LATAM,Medium,RM-08,209.74,1,26.2,26.0,160409.98,0,0,0.1999999999999993
PO-001113,2025-11,13,SUP-05,LATAM,Medium,RM-04,81.08,1,28.8,26.0,35312.65,0,0,2.8000000000000007
PO-001114,2025-11,13,SUP-05,LATAM,Medium,RM-06,164.55,1,25.4,26.0,541841.01,0,0,-0.6000000000000014
PO-001115,2025-11,13,SUP-05,LATAM,Medium,RM-05,54.28,1,29.1,26.0,10377.95,0,0,3.1000000000000014
PO-001116,2025-11,13,SUP-05,LATAM,Medium,RM-15,89.72,1,28.0,26.0,83868.86,0,0,2.0
PO-001117,2025-11,13,SUP-06,APAC,Medium,RM-18,63.41,0,24.1,29.0,161651.0,0,0,-4.899999999999999
PO-001118,2025-11,13,SUP-06,APAC,Medium,RM-02,83.68,0,27.5,29.0,70223.87,0,0,-1.5
PO-001119,2025-11,13,SUP-06,APAC,Medium,RM-17,144.78,1,27.1,29.0,253755.7,0,0,-1.8999999999999986
PO-001120,2025-11,13,SUP-06,APAC,Medium,RM-03,70.62,1,24.8,29.0,72013.3,0,0,-4.199999999999999
PO-001121,2025-11,13,SUP-06,APAC,Medium,RM-15,133.0,1,31.4,29.0,124324.2,0,0,2.3999999999999986
PO-001122,2025-11,13,SUP-06,APAC,Medium,RM-17,213.16,0,26.7,29.0,373596.01,0,0,-2.3000000000000007
PO-001123,2025-11,13,SUP-06,APAC,Medium,RM-01,155.1,1,31.0,29.0,135092.79,0,0,2.0
PO-001124,2025-11,13,SUP-06,APAC,Medium,RM-14,187.73,1,28.9,29.0,75778.76,0,0,-0.10000000000000142
PO-001125,2025-11,13,SUP-06,APAC,Medium,RM-04,60.04,1,28.7,29.0,26147.94,0,0,-0.3000000000000007
PO-001126,2025-11,13,SUP-06,APAC,Medium,RM-08,86.74,1,28.5,29.0,66339.13,0,0,-0.5
PO-001127,2025-11,13,SUP-07,EMEA,High,RM-02,237.21,1,30.2,22.0,199059.75,0,0,8.2
PO-001128,2025-11,13,SUP-07,EMEA,High,RM-11,202.88,1,27.3,22.0,484887.66,0,0,5.300000000000001
PO-001129,2025-11,13,SUP-07,EMEA,High,RM-20,144.31,1,33.2,22.0,298920.21,0,0,11.200000000000003
PO-001130,2025-11,13,SUP-07,EMEA,High,RM-06,236.24,1,36.2,22.0,777934.37,0,0,14.200000000000003
PO-001131,2025-11,13,SUP-07,EMEA,High,RM-02,200.69,1,33.8,22.0,168412.2,0,0,11.799999999999997
PO-001132,2025-11,13,SUP-07,EMEA,High,RM-03,185.87,1,32.7,22.0,189536.35,0,0,10.700000000000003
PO-001133,2025-11,13,SUP-07,EMEA,High,RM-12,70.82,1,32.7,22.0,19560.16,0,0,10.700000000000003
PO-001134,2025-11,13,SUP-07,EMEA,High,RM-05,124.91,1,30.7,22.0,23882.98,0,0,8.7
PO-001135,2025-11,13,SUP-07,EMEA,High,RM-08,249.95,1,35.3,22.0,191161.44,0,0,13.299999999999997
PO-001136,2025-11,13,SUP-07,EMEA,High,RM-13,102.74,1,29.8,22.0,37105.66,1,0,7.800000000000001
PO-001137,2025-11,13,SUP-07,EMEA,High,RM-03,141.34,1,37.1,22.0,144125.97,0,0,15.100000000000001
PO-001138,2025-11,13,SUP-08,APAC,Low,RM-19,237.68,1,12.5,20.0,73216.02,0,0,-7.5
PO-001139,2025-11,13,SUP-08,APAC,Low,RM-05,95.41,0,24.9,20.0,18241.65,0,0,4.899999999999999
PO-001140,2025-11,13,SUP-08,APAC,Low,RM-09,134.27,1,19.3,20.0,91278.52,0,0,-0.6999999999999993
PO-001141,2025-11,13,SUP-08,APAC,Low,RM-16,195.15,1,18.1,20.0,89137.24,0,0,-1.8999999999999986
PO-001142,2025-11,13,SUP-08,APAC,Low,RM-08,77.84,1,22.4,20.0,59531.72,0,0,2.3999999999999986
PO-001143,2025-11,13,SUP-08,APAC,Low,RM-16,233.41,1,23.7,20.0,106613.89,1,0,3.6999999999999993
PO-001144,2025-11,13,SUP-08,APAC,Low,RM-18,207.39,1,19.3,20.0,528720.25,1,0,-0.6999999999999993
PO-001145,2025-11,13,SUP-08,APAC,Low,RM-18,113.29,1,16.4,20.0,288803.6,0,0,-3.6000000000000014
PO-001146,2025-11,13,SUP-08,APAC,Low,RM-14,171.34,1,16.6,20.0,69162.43,0,0,-3.3999999999999986
PO-001147,2025-11,13,SUP-08,APAC,Low,RM-04,107.91,1,22.7,20.0,46998.28,0,0,2.6999999999999993
PO-001148,2025-11,13,SUP-09,AMER,Low,RM-11,62.74,1,14.5,14.0,149946.44,0,0,0.5
PO-001149,2025-11,13,SUP-09,AMER,Low,RM-01,235.13,1,16.6,14.0,204801.22,0,0,2.6000000000000014
PO-001150,2025-11,13,SUP-09,AMER,Low,RM-18,124.83,1,12.0,14.0,318229.83,0,0,-2.0
PO-001151,2025-11,13,SUP-09,AMER,Low,RM-06,140.95,1,19.0,14.0,464146.45,0,0,5.0
PO-001152,2025-11,13,SUP-09,AMER,Low,RM-18,203.2,0,13.1,14.0,518031.24,0,0,-0.9000000000000004
PO-001153,2025-11,13,SUP-09,AMER,Low,RM-05,125.61,1,12.0,14.0,24015.89,0,0,-2.0
PO-001154,2025-11,13,SUP-09,AMER,Low,RM-16,57.42,1,8.2,14.0,26226.1,0,0,-5.800000000000001
PO-001155,2025-11,13,SUP-10,EMEA,Medium,RM-12,121.21,1,24.4,24.0,33476.47,0,0,0.3999999999999986
PO-001156,2025-11,13,SUP-10,EMEA,Medium,RM-08,192.93,1,20.2,24.0,147556.75,0,0,-3.8000000000000007
PO-001157,2025-11,13,SUP-10,EMEA,Medium,RM-15,42.52,1,26.5,24.0,39750.1,0,0,2.5
PO-001158,2025-11,13,SUP-10,EMEA,Medium,RM-02,173.43,1,22.5,24.0,145538.92,0,0,-1.5
PO-001159,2025-11,13,SUP-10,EMEA,Medium,RM-20,200.89,1,18.3,24.0,416118.34,0,0,-5.699999999999999
PO-001160,2025-11,13,SUP-10,EMEA,Medium,RM-19,163.07,1,23.8,24.0,50234.1,0,0,-0.1999999999999993
PO-001161,2025-11,13,SUP-10,EMEA,Medium,RM-01,191.59,1,27.1,24.0,166877.42,0,0,3.1000000000000014
PO-001162,2025-11,13,SUP-10,EMEA,Medium,RM-18,221.68,1,19.5,24.0,565141.41,0,0,-4.5
PO-001163,2025-11,13,SUP-10,EMEA,Medium,RM-17,88.18,1,25.6,24.0,154548.62,0,0,1.6000000000000014
PO-001164,2025-12,14,SUP-01,EMEA,Low,RM-02,158.02,1,11.9,12.0,131500.48,0,0,-0.09999999999999964
PO-001165,2025-12,14,SUP-01,EMEA,Low,RM-12,89.19,1,15.8,12.0,24428.4,0,0,3.8000000000000007
PO-001166,2025-12,14,SUP-01,EMEA,Low,RM-04,101.26,1,9.9,12.0,43732.54,0,0,-2.0999999999999996
PO-001167,2025-12,14,SUP-01,EMEA,Low,RM-01,178.19,1,15.6,12.0,153917.24,0,0,3.5999999999999996
PO-001168,2025-12,14,SUP-01,EMEA,Low,RM-10,214.17,1,8.1,12.0,266214.95,0,0,-3.9000000000000004
PO-001169,2025-12,14,SUP-01,EMEA,Low,RM-13,224.93,1,8.1,12.0,80559.66,0,0,-3.9000000000000004
PO-001170,2025-12,14,SUP-01,EMEA,Low,RM-06,49.7,1,7.8,12.0,162309.03,0,0,-4.2
PO-001171,2025-12,14,SUP-01,EMEA,Low,RM-06,54.25,1,16.4,12.0,177146.24,0,0,4.399999999999999
PO-001172,2025-12,14,SUP-01,EMEA,Low,RM-02,111.44,1,6.4,12.0,92737.75,0,0,-5.6
PO-001173,2025-12,14,SUP-01,EMEA,Low,RM-09,75.37,1,16.9,12.0,50809.84,0,0,4.899999999999999
PO-001174,2025-12,14,SUP-01,EMEA,Low,RM-07,125.95,1,5.7,12.0,3781199.74,0,0,-6.3
PO-001175,2025-12,14,SUP-02,AMER,Low,RM-09,73.55,1,16.0,18.0,49586.95,0,0,-2.0
PO-001176,2025-12,14,SUP-02,AMER,Low,RM-14,58.03,1,15.1,18.0,23227.69,0,0,-2.9000000000000004
PO-001177,2025-12,14,SUP-02,AMER,Low,RM-20,136.31,1,15.4,18.0,279991.56,0,0,-2.5999999999999996
PO-001178,2025-12,14,SUP-02,AMER,Low,RM-13,216.86,1,19.1,18.0,77667.46,0,0,1.1000000000000014
PO-001179,2025-12,14,SUP-02,AMER,Low,RM-18,170.4,1,16.2,18.0,430786.74,0,0,-1.8000000000000007
PO-001180,2025-12,14,SUP-02,AMER,Low,RM-15,129.85,1,19.5,18.0,120364.65,0,0,1.5
PO-001181,2025-12,14,SUP-02,AMER,Low,RM-02,186.69,1,15.3,18.0,155360.16,0,0,-2.6999999999999993
PO-001182,2025-12,14,SUP-02,AMER,Low,RM-05,117.12,1,16.4,18.0,22207.54,0,0,-1.6000000000000014
PO-001183,2025-12,14,SUP-02,AMER,Low,RM-06,154.22,1,18.3,18.0,503607.48,0,0,0.3000000000000007
PO-001184,2025-12,14,SUP-03,APAC,Medium,RM-01,50.42,1,33.9,34.0,43550.53,0,0,-0.10000000000000142
PO-001185,2025-12,14,SUP-03,APAC,Medium,RM-15,151.04,1,31.9,34.0,140006.74,0,0,-2.1000000000000014
PO-001186,2025-12,14,SUP-03,APAC,Medium,RM-10,209.39,1,32.2,34.0,260270.94,0,0,-1.7999999999999972
PO-001187,2025-12,14,SUP-03,APAC,Medium,RM-04,59.37,1,32.1,34.0,25643.15,0,0,-1.8999999999999986
PO-001188,2025-12,14,SUP-03,APAC,Medium,RM-16,211.01,1,31.2,34.0,95579.76,1,0,-2.8000000000000007
PO-001189,2025-12,14,SUP-03,APAC,Medium,RM-15,186.53,0,31.6,34.0,172910.8,0,0,-2.3999999999999986
PO-001190,2025-12,14,SUP-03,APAC,Medium,RM-06,156.57,1,33.8,34.0,511290.77,0,0,-0.20000000000000284
PO-001191,2025-12,14,SUP-04,EMEA,Low,RM-05,196.22,1,13.7,10.0,37205.85,0,0,3.6999999999999993
PO-001192,2025-12,14,SUP-04,EMEA,Low,RM-07,203.63,1,12.0,10.0,6113377.38,0,0,2.0
PO-001193,2025-12,14,SUP-04,EMEA,Low,RM-07,135.49,1,7.3,10.0,4067541.54,0,0,-2.7
PO-001194,2025-12,14,SUP-04,EMEA,Low,RM-09,67.58,1,10.8,10.0,45561.44,0,0,0.8000000000000007
PO-001195,2025-12,14,SUP-04,EMEA,Low,RM-13,257.25,1,13.4,10.0,92132.48,0,0,3.4000000000000004
PO-001196,2025-12,14,SUP-04,EMEA,Low,RM-15,248.9,1,12.9,10.0,230725.59,0,0,2.9000000000000004
PO-001197,2025-12,14,SUP-04,EMEA,Low,RM-02,206.51,1,14.2,10.0,171851.75,0,0,4.199999999999999
PO-001198,2025-12,14,SUP-05,LATAM,Medium,RM-16,56.05,1,25.9,26.0,25387.62,0,0,-0.10000000000000142
PO-001199,2025-12,14,SUP-05,LATAM,Medium,RM-15,257.18,1,20.9,26.0,238401.16,0,0,-5.100000000000001
PO-001200,2025-12,14,SUP-05,LATAM,Medium,RM-16,81.36,1,23.6,26.0,36851.78,0,0,-2.3999999999999986
PO-001201,2025-12,14,SUP-05,LATAM,Medium,RM-11,198.95,1,24.2,26.0,471530.75,0,0,-1.8000000000000007
PO-001202,2025-12,14,SUP-05,LATAM,Medium,RM-15,253.89,1,33.8,26.0,235352.61,0,0,7.799999999999997
PO-001203,2025-12,14,SUP-05,LATAM,Medium,RM-16,192.91,1,29.6,26.0,87377.43,0,0,3.6000000000000014
PO-001204,2025-12,14,SUP-05,LATAM,Medium,RM-13,42.29,1,27.4,26.0,15147.9,0,0,1.3999999999999986
PO-001205,2025-12,14,SUP-05,LATAM,Medium,RM-03,225.86,1,27.2,26.0,228397.17,0,0,1.1999999999999993
PO-001206,2025-12,14,SUP-05,LATAM,Medium,RM-12,60.62,1,28.2,26.0,16603.8,0,0,2.1999999999999993
PO-001207,2025-12,14,SUP-06,APAC,Medium,RM-07,90.45,1,26.8,29.0,2715295.93,0,0,-2.1999999999999993
PO-001208,2025-12,14,SUP-06,APAC,Medium,RM-17,125.04,1,33.0,29.0,217336.74,0,0,4.0
PO-001209,2025-12,14,SUP-06,APAC,Medium,RM-02,132.12,1,25.9,29.0,109945.81,0,0,-3.1000000000000014
PO-001210,2025-12,14,SUP-06,APAC,Medium,RM-14,172.62,1,32.9,29.0,69097.0,0,0,3.8999999999999986
PO-001211,2025-12,14,SUP-06,APAC,Medium,RM-13,53.71,1,28.3,29.0,19236.73,0,0,-0.6999999999999993
PO-001212,2025-12,14,SUP-06,APAC,Medium,RM-01,246.0,1,29.8,29.0,212491.28,0,0,0.8000000000000007
PO-001213,2025-12,14,SUP-06,APAC,Medium,RM-19,70.89,1,24.9,29.0,21654.74,0,0,-4.100000000000001
PO-001214,2025-12,14,SUP-06,APAC,Medium,RM-14,139.24,0,28.0,29.0,55735.53,0,0,-1.0
PO-001215,2025-12,14,SUP-06,APAC,Medium,RM-17,170.44,0,29.3,29.0,296245.48,1,0,0.3000000000000007
PO-001216,2025-12,14,SUP-07,EMEA,High,RM-01,184.55,1,31.7,22.0,159412.9,0,0,9.7
PO-001217,2025-12,14,SUP-07,EMEA,High,RM-10,202.31,1,35.6,22.0,251472.16,0,0,13.600000000000001
PO-001218,2025-12,14,SUP-07,EMEA,High,RM-04,198.37,1,37.7,22.0,85675.02,0,0,15.700000000000003
PO-001219,2025-12,14,SUP-07,EMEA,High,RM-05,168.96,1,34.8,22.0,32036.94,0,0,12.799999999999997
PO-001220,2025-12,14,SUP-07,EMEA,High,RM-01,161.19,0,37.7,22.0,139233.09,0,0,15.700000000000003
PO-001221,2025-12,14,SUP-07,EMEA,High,RM-16,215.61,0,28.9,22.0,97661.58,0,0,6.899999999999999
PO-001222,2025-12,14,SUP-07,EMEA,High,RM-06,186.29,0,36.2,22.0,608329.87,0,0,14.200000000000003
PO-001223,2025-12,14,SUP-07,EMEA,High,RM-03,58.93,1,34.2,22.0,59591.43,0,0,12.200000000000003
PO-001224,2025-12,14,SUP-08,APAC,Low,RM-20,165.25,1,22.4,20.0,339431.92,0,0,2.3999999999999986
PO-001225,2025-12,14,SUP-08,APAC,Low,RM-08,118.86,1,18.5,20.0,90146.4,0,0,-1.5
PO-001226,2025-12,14,SUP-08,APAC,Low,RM-08,249.24,1,22.9,20.0,189031.63,1,0,2.8999999999999986
PO-001227,2025-12,14,SUP-08,APAC,Low,RM-06,100.88,1,19.0,20.0,329411.76,0,0,-1.0
PO-001228,2025-12,14,SUP-08,APAC,Low,RM-03,40.01,1,25.6,20.0,40461.37,0,0,5.600000000000001
PO-001229,2025-12,14,SUP-08,APAC,Low,RM-03,92.08,1,19.1,20.0,93111.5,0,0,-0.8999999999999986
PO-001230,2025-12,14,SUP-08,APAC,Low,RM-03,238.4,1,20.9,20.0,241077.73,0,0,0.8999999999999986
PO-001231,2025-12,14,SUP-09,AMER,Low,RM-07,160.24,1,16.0,14.0,4810699.22,0,0,2.0
PO-001232,2025-12,14,SUP-09,AMER,Low,RM-04,186.8,1,13.6,14.0,80678.21,0,0,-0.40000000000000036
PO-001233,2025-12,14,SUP-09,AMER,Low,RM-12,147.06,1,16.7,14.0,40275.57,0,0,2.6999999999999993
PO-001234,2025-12,14,SUP-09,AMER,Low,RM-06,174.25,1,10.2,14.0,569025.42,0,0,-3.8000000000000007
PO-001235,2025-12,14,SUP-09,AMER,Low,RM-09,169.92,1,10.6,14.0,114552.97,0,0,-3.4000000000000004
PO-001236,2025-12,14,SUP-09,AMER,Low,RM-13,87.4,1,18.5,14.0,31301.88,0,0,4.5
PO-001237,2025-12,14,SUP-10,EMEA,Medium,RM-04,70.82,1,21.4,24.0,30587.99,1,0,-2.6000000000000014
PO-001238,2025-12,14,SUP-10,EMEA,Medium,RM-15,175.79,1,20.8,24.0,162950.49,0,0,-3.1999999999999993
PO-001239,2025-12,14,SUP-10,EMEA,Medium,RM-09,211.29,1,26.5,24.0,142443.56,0,0,2.5
PO-001240,2025-12,14,SUP-10,EMEA,Medium,RM-04,44.3,1,30.9,24.0,19131.79,0,0,6.899999999999999
PO-001241,2025-12,14,SUP-10,EMEA,Medium,RM-03,122.24,1,28.7,24.0,123612.14,0,0,4.699999999999999
PO-001242,2025-12,14,SUP-10,EMEA,Medium,RM-01,206.42,1,20.0,24.0,178297.25,0,0,-4.0
PO-001243,2025-12,14,SUP-10,EMEA,Medium,RM-19,225.46,1,19.4,24.0,68872.93,0,0,-4.600000000000001
PO-001244,2025-12,14,SUP-10,EMEA,Medium,RM-02,234.07,0,25.1,24.0,194782.54,0,0,1.1000000000000014
PO-001245,2025-12,14,SUP-10,EMEA,Medium,RM-20,160.67,1,29.0,24.0,330029.52,0,0,5.0
PO-001246,2026-01,15,SUP-01,EMEA,Low,RM-20,242.21,1,10.2,12.0,495929.85,0,0,-1.8000000000000007
PO-001247,2026-01,15,SUP-01,EMEA,Low,RM-15,182.76,1,13.8,12.0,168872.64,0,0,1.8000000000000007
PO-001248,2026-01,15,SUP-01,EMEA,Low,RM-20,254.97,1,14.1,12.0,522051.68,0,0,2.0999999999999996
PO-001249,2026-01,15,SUP-01,EMEA,Low,RM-18,212.8,1,18.4,12.0,536269.88,0,0,6.399999999999999
PO-001250,2026-01,15,SUP-01,EMEA,Low,RM-04,125.23,1,9.5,12.0,53914.45,0,0,-2.5
PO-001251,2026-01,15,SUP-01,EMEA,Low,RM-20,63.3,1,10.3,12.0,129602.79,0,0,-1.6999999999999993
PO-001252,2026-01,15,SUP-01,EMEA,Low,RM-16,152.08,1,10.4,12.0,68664.18,0,0,-1.5999999999999996
PO-001253,2026-01,15,SUP-01,EMEA,Low,RM-04,242.77,1,10.0,12.0,104512.99,0,0,-2.0
PO-001254,2026-01,15,SUP-01,EMEA,Low,RM-06,199.78,1,14.2,12.0,650287.23,0,0,2.1999999999999993
PO-001255,2026-01,15,SUP-02,AMER,Low,RM-05,104.88,1,21.1,18.0,19822.23,0,0,3.1000000000000014
PO-001256,2026-01,15,SUP-02,AMER,Low,RM-02,91.35,1,20.2,18.0,75777.88,0,0,2.1999999999999993
PO-001257,2026-01,15,SUP-02,AMER,Low,RM-19,202.24,1,20.4,18.0,61582.09,0,0,2.3999999999999986
PO-001258,2026-01,15,SUP-02,AMER,Low,RM-05,257.65,1,18.9,18.0,48697.35,0,0,0.8999999999999986
PO-001259,2026-01,15,SUP-02,AMER,Low,RM-10,106.9,1,17.5,18.0,132453.38,0,0,-0.5
PO-001260,2026-01,15,SUP-02,AMER,Low,RM-04,51.76,1,17.2,18.0,22282.85,0,0,-0.8000000000000007
PO-001261,2026-01,15,SUP-02,AMER,Low,RM-04,240.0,1,21.2,18.0,103322.37,0,0,3.1999999999999993
PO-001262,2026-01,15,SUP-02,AMER,Low,RM-15,146.8,1,16.6,18.0,135648.18,0,0,-1.3999999999999986
PO-001263,2026-01,15,SUP-02,AMER,Low,RM-16,247.31,0,23.6,18.0,111664.0,0,0,5.600000000000001
PO-001264,2026-01,15,SUP-02,AMER,Low,RM-13,119.75,1,15.7,18.0,42750.65,0,0,-2.3000000000000007
PO-001265,2026-01,15,SUP-03,APAC,Medium,RM-19,63.48,1,30.4,34.0,19330.0,0,0,-3.6000000000000014
PO-001266,2026-01,15,SUP-03,APAC,Medium,RM-04,79.21,1,27.9,34.0,34102.08,0,0,-6.100000000000001
PO-001267,2026-01,15,SUP-03,APAC,Medium,RM-15,163.36,1,34.8,34.0,150945.61,0,0,0.7999999999999972
PO-001268,2026-01,15,SUP-03,APAC,Medium,RM-08,130.0,1,31.0,34.0,98279.2,0,0,-3.0
PO-001269,2026-01,15,SUP-03,APAC,Medium,RM-12,224.86,1,34.5,34.0,61388.36,0,0,0.5
PO-001270,2026-01,15,SUP-03,APAC,Medium,RM-14,173.37,1,35.4,34.0,69175.86,0,0,1.3999999999999986
PO-001271,2026-01,15,SUP-03,APAC,Medium,RM-15,163.74,1,37.1,34.0,151302.76,0,0,3.1000000000000014
PO-001272,2026-01,15,SUP-03,APAC,Medium,RM-11,91.11,1,39.5,34.0,215262.99,0,0,5.5
PO-001273,2026-01,15,SUP-03,APAC,Medium,RM-12,188.77,1,33.2,34.0,51535.23,0,0,-0.7999999999999972
PO-001274,2026-01,15,SUP-03,APAC,Medium,RM-09,164.1,1,37.3,34.0,110274.9,0,0,3.299999999999997
PO-001275,2026-01,15,SUP-04,EMEA,Low,RM-06,170.3,0,8.3,10.0,554340.33,0,0,-1.6999999999999993
PO-001276,2026-01,15,SUP-04,EMEA,Low,RM-10,140.74,1,9.3,10.0,174377.95,0,0,-0.6999999999999993
PO-001277,2026-01,15,SUP-04,EMEA,Low,RM-15,117.42,1,10.5,10.0,108497.35,0,0,0.5
PO-001278,2026-01,15,SUP-04,EMEA,Low,RM-14,159.93,1,8.3,10.0,63813.52,0,0,-1.6999999999999993
PO-001279,2026-01,15,SUP-04,EMEA,Low,RM-05,138.61,1,11.5,10.0,26197.36,0,0,1.5
PO-001280,2026-01,15,SUP-04,EMEA,Low,RM-07,251.09,1,8.2,10.0,7514118.15,1,0,-1.8000000000000007
PO-001281,2026-01,15,SUP-04,EMEA,Low,RM-16,85.02,1,7.1,10.0,38386.35,0,0,-2.9000000000000004
PO-001282,2026-01,15,SUP-05,LATAM,Medium,RM-18,212.3,1,27.6,26.0,535009.85,0,0,1.6000000000000014
PO-001283,2026-01,15,SUP-05,LATAM,Medium,RM-19,183.55,0,26.8,26.0,55890.84,0,0,0.8000000000000007
PO-001284,2026-01,15,SUP-05,LATAM,Medium,RM-12,88.0,1,21.5,26.0,24025.51,0,0,-4.5
PO-001285,2026-01,15,SUP-05,LATAM,Medium,RM-02,216.8,1,26.7,26.0,179840.72,0,0,0.6999999999999993
PO-001286,2026-01,15,SUP-05,LATAM,Medium,RM-18,213.12,1,30.1,26.0,537076.92,0,0,4.100000000000001
PO-001287,2026-01,15,SUP-05,LATAM,Medium,RM-07,64.69,1,22.7,26.0,1935897.94,0,0,-3.3000000000000007
PO-001288,2026-01,15,SUP-05,LATAM,Medium,RM-18,203.74,1,29.6,26.0,513426.99,0,0,3.6000000000000014
PO-001289,2026-01,15,SUP-05,LATAM,Medium,RM-11,254.53,0,30.1,26.0,601339.52,0,0,4.100000000000001
PO-001290,2026-01,15,SUP-06,APAC,Medium,RM-01,94.1,0,30.9,29.0,81020.4,0,0,1.8999999999999986
PO-001291,2026-01,15,SUP-06,APAC,Medium,RM-18,151.08,1,20.8,29.0,380720.74,0,0,-8.2
PO-001292,2026-01,15,SUP-06,APAC,Medium,RM-19,255.91,1,26.3,29.0,77925.11,0,0,-2.6999999999999993
PO-001293,2026-01,15,SUP-06,APAC,Medium,RM-06,55.56,1,28.8,29.0,180835.66,0,0,-0.1999999999999993
PO-001294,2026-01,15,SUP-06,APAC,Medium,RM-01,109.45,0,27.9,29.0,94234.05,0,0,-1.1000000000000014
PO-001295,2026-01,15,SUP-06,APAC,Medium,RM-18,160.7,1,30.0,29.0,404976.89,0,0,1.0
PO-001296,2026-01,15,SUP-06,APAC,Medium,RM-10,102.84,1,28.3,29.0,127415.84,0,0,-0.6999999999999993
PO-001297,2026-01,15,SUP-07,EMEA,High,RM-11,253.41,1,44.2,22.0,598688.46,0,0,22.200000000000003
PO-001298,2026-01,15,SUP-07,EMEA,High,RM-13,237.3,1,35.9,22.0,84718.71,0,0,13.899999999999999
PO-001299,2026-01,15,SUP-07,EMEA,High,RM-02,56.51,1,41.1,22.0,46875.66,0,0,19.1
PO-001300,2026-01,15,SUP-07,EMEA,High,RM-01,134.89,1,32.3,22.0,116143.76,0,0,10.299999999999997
PO-001301,2026-01,15,SUP-07,EMEA,High,RM-18,242.16,1,32.5,22.0,610264.52,0,0,10.5
PO-001302,2026-01,15,SUP-07,EMEA,High,RM-06,248.44,1,34.7,22.0,808686.08,0,0,12.700000000000003
PO-001303,2026-01,15,SUP-07,EMEA,High,RM-20,193.16,1,30.5,22.0,395504.64,0,0,8.5
PO-001304,2026-01,15,SUP-07,EMEA,High,RM-14,198.61,1,38.6,22.0,79245.85,0,0,16.6
PO-001305,2026-01,15,SUP-07,EMEA,High,RM-17,59.56,1,35.7,22.0,103196.55,1,0,13.700000000000003
PO-001306,2026-01,15,SUP-07,EMEA,High,RM-08,250.02,1,38.2,22.0,189021.66,1,0,16.200000000000003
PO-001307,2026-01,15,SUP-07,EMEA,High,RM-18,138.92,0,34.3,22.0,350095.02,0,0,12.299999999999997
PO-001308,2026-01,15,SUP-08,APAC,Low,RM-20,59.4,1,22.3,20.0,121618.66,0,0,2.3000000000000007
PO-001309,2026-01,15,SUP-08,APAC,Low,RM-17,60.72,1,18.6,20.0,105198.9,0,0,-1.3999999999999986
PO-001310,2026-01,15,SUP-08,APAC,Low,RM-15,193.95,1,23.2,20.0,179212.52,0,0,3.1999999999999993
PO-001311,2026-01,15,SUP-08,APAC,Low,RM-02,222.62,1,20.3,20.0,184663.54,0,0,0.3000000000000007
PO-001312,2026-01,15,SUP-08,APAC,Low,RM-20,76.21,1,23.2,20.0,156048.61,0,0,3.1999999999999993
PO-001313,2026-01,15,SUP-08,APAC,Low,RM-14,166.4,1,17.3,20.0,66396.06,0,0,-2.6999999999999993
PO-001314,2026-01,15,SUP-09,AMER,Low,RM-02,65.26,1,11.9,14.0,54131.19,0,0,-2.0999999999999996
PO-001315,2026-01,15,SUP-09,AMER,Low,RM-19,107.31,1,11.0,14.0,32677.49,0,0,-3.0
PO-001316,2026-01,15,SUP-09,AMER,Low,RM-12,87.98,1,15.1,14.0,24019.38,0,0,1.0999999999999996
PO-001317,2026-01,15,SUP-09,AMER,Low,RM-06,86.5,1,15.7,14.0,281557.4,0,0,1.6999999999999993
PO-001318,2026-01,15,SUP-09,AMER,Low,RM-03,84.8,1,14.2,14.0,85482.25,1,0,0.1999999999999993
PO-001319,2026-01,15,SUP-09,AMER,Low,RM-14,165.97,1,17.9,14.0,66221.27,0,0,3.8999999999999986
PO-001320,2026-01,15,SUP-09,AMER,Low,RM-20,68.98,1,15.9,14.0,141248.77,0,0,1.9000000000000004
PO-001321,2026-01,15,SUP-09,AMER,Low,RM-10,95.39,1,15.9,14.0,118186.87,0,0,1.9000000000000004
PO-001322,2026-01,15,SUP-09,AMER,Low,RM-09,52.67,1,8.1,14.0,35391.77,0,0,-5.9
PO-001323,2026-01,15,SUP-09,AMER,Low,RM-09,207.81,1,15.1,14.0,139650.64,0,0,1.0999999999999996
PO-001324,2026-01,15,SUP-10,EMEA,Medium,RM-13,146.88,1,26.3,24.0,52437.79,0,0,2.3000000000000007
PO-001325,2026-01,15,SUP-10,EMEA,Medium,RM-06,212.83,1,21.2,24.0,692786.39,0,0,-2.8000000000000007
PO-001326,2026-01,15,SUP-10,EMEA,Medium,RM-20,144.97,1,25.2,24.0,296827.83,0,0,1.1999999999999993
PO-001327,2026-01,15,SUP-10,EMEA,Medium,RM-04,212.23,1,22.9,24.0,91368.06,0,0,-1.1000000000000014
PO-001328,2026-01,15,SUP-10,EMEA,Medium,RM-11,47.89,1,28.6,24.0,113148.25,0,0,4.600000000000001
PO-001329,2026-01,15,SUP-10,EMEA,Medium,RM-20,132.72,1,21.2,24.0,271747.67,0,0,-2.8000000000000007
PO-001330,2026-01,15,SUP-10,EMEA,Medium,RM-17,179.23,1,26.1,24.0,310525.14,0,0,2.1000000000000014
PO-001331,2026-01,15,SUP-10,EMEA,Medium,RM-02,81.19,1,21.7,24.0,67348.85,0,0,-2.3000000000000007
PO-001332,2026-02,16,SUP-01,EMEA,Low,RM-05,92.92,1,11.2,12.0,17603.21,0,0,-0.8000000000000007
PO-001333,2026-02,16,SUP-01,EMEA,Low,RM-03,137.66,1,14.7,12.0,139084.61,0,0,2.6999999999999993
PO-001334,2026-02,16,SUP-01,EMEA,Low,RM-08,103.87,1,10.8,12.0,78711.81,0,0,-1.1999999999999993
PO-001335,2026-02,16,SUP-01,EMEA,Low,RM-10,202.33,1,10.2,12.0,251279.06,0,0,-1.8000000000000007
PO-001336,2026-02,16,SUP-01,EMEA,Low,RM-01,160.33,1,18.6,12.0,138369.65,0,0,6.600000000000001
PO-001337,2026-02,16,SUP-01,EMEA,Low,RM-17,256.73,1,9.6,12.0,445829.36,0,0,-2.4000000000000004
PO-001338,2026-02,16,SUP-01,EMEA,Low,RM-19,66.21,1,10.9,12.0,20208.28,0,0,-1.0999999999999996
PO-001339,2026-02,16,SUP-01,EMEA,Low,RM-14,49.24,1,12.9,12.0,19692.67,0,0,0.9000000000000004
PO-001340,2026-02,16,SUP-01,EMEA,Low,RM-14,105.7,1,9.8,12.0,42273.35,0,0,-2.1999999999999993
PO-001341,2026-02,16,SUP-01,EMEA,Low,RM-08,257.46,1,12.8,12.0,195100.3,0,0,0.8000000000000007
PO-001342,2026-02,16,SUP-02,AMER,Low,RM-18,203.33,1,13.9,18.0,513591.41,0,0,-4.1
PO-001343,2026-02,16,SUP-02,AMER,Low,RM-20,200.42,1,13.3,18.0,411326.84,0,0,-4.699999999999999
PO-001344,2026-02,16,SUP-02,AMER,Low,RM-11,183.5,1,18.7,18.0,434542.77,0,0,0.6999999999999993
PO-001345,2026-02,16,SUP-02,AMER,Low,RM-10,160.64,1,17.7,18.0,199505.86,0,0,-0.3000000000000007
PO-001346,2026-02,16,SUP-02,AMER,Low,RM-11,183.19,1,19.2,18.0,433810.13,0,0,1.1999999999999993
PO-001347,2026-02,16,SUP-02,AMER,Low,RM-05,59.78,0,18.9,18.0,11324.23,0,0,0.8999999999999986
PO-001348,2026-02,16,SUP-02,AMER,Low,RM-09,94.3,1,13.8,18.0,63520.55,0,0,-4.199999999999999
PO-001349,2026-02,16,SUP-02,AMER,Low,RM-01,75.46,1,23.0,18.0,65120.72,0,0,5.0
PO-001350,2026-02,16,SUP-03,APAC,Medium,RM-18,146.53,1,34.3,34.0,370118.84,0,0,0.29999999999999716
PO-001351,2026-02,16,SUP-03,APAC,Medium,RM-05,251.74,0,32.4,34.0,47690.13,0,0,-1.6000000000000014
PO-001352,2026-02,16,SUP-03,APAC,Medium,RM-11,112.12,1,30.3,34.0,265503.57,0,0,-3.6999999999999993
PO-001353,2026-02,16,SUP-03,APAC,Medium,RM-02,246.23,0,34.3,34.0,204723.35,0,0,0.29999999999999716
PO-001354,2026-02,16,SUP-03,APAC,Medium,RM-19,218.26,1,28.5,34.0,66616.84,0,0,-5.5
PO-001355,2026-02,16,SUP-03,APAC,Medium,RM-13,85.81,1,31.7,34.0,30705.33,0,0,-2.3000000000000007
PO-001356,2026-02,16,SUP-03,APAC,Medium,RM-10,62.8,1,34.1,34.0,77986.48,0,0,0.10000000000000142
PO-001357,2026-02,16,SUP-03,APAC,Medium,RM-09,106.46,1,32.2,34.0,71706.37,0,0,-1.7999999999999972
PO-001358,2026-02,16,SUP-03,APAC,Medium,RM-03,147.85,0,36.7,34.0,149385.58,0,0,2.700000000000003
PO-001359,2026-02,16,SUP-03,APAC,Medium,RM-06,151.6,1,37.5,34.0,494608.69,0,0,3.5
PO-001360,2026-02,16,SUP-04,EMEA,Low,RM-07,147.01,1,12.7,10.0,4409538.45,0,0,2.6999999999999993
PO-001361,2026-02,16,SUP-04,EMEA,Low,RM-12,206.96,1,8.4,10.0,56632.23,0,0,-1.5999999999999996
PO-001362,2026-02,16,SUP-04,EMEA,Low,RM-10,189.01,1,13.6,10.0,234737.86,0,0,3.5999999999999996
PO-001363,2026-02,16,SUP-04,EMEA,Low,RM-07,170.91,1,8.7,10.0,5126364.43,0,0,-1.3000000000000007
PO-001364,2026-02,16,SUP-04,EMEA,Low,RM-17,104.79,1,9.1,10.0,181970.49,0,0,-0.9000000000000004
PO-001365,2026-02,16,SUP-04,EMEA,Low,RM-07,42.8,1,7.2,10.0,1283710.88,0,0,-2.8
PO-001366,2026-02,16,SUP-04,EMEA,Low,RM-14,78.75,1,11.9,10.0,31494.84,0,0,1.9000000000000004
PO-001367,2026-02,16,SUP-05,LATAM,Medium,RM-01,179.05,1,24.3,26.0,154520.56,0,0,-1.6999999999999993
PO-001368,2026-02,16,SUP-05,LATAM,Medium,RM-09,141.19,1,27.8,26.0,95103.84,0,0,1.8000000000000007
PO-001369,2026-02,16,SUP-05,LATAM,Medium,RM-16,190.5,1,27.1,26.0,86213.93,0,0,1.1000000000000014
PO-001370,2026-02,16,SUP-05,LATAM,Medium,RM-10,67.71,1,34.1,26.0,84087.83,0,0,8.100000000000001
PO-001371,2026-02,16,SUP-05,LATAM,Medium,RM-13,188.22,1,23.9,26.0,67353.04,0,0,-2.1000000000000014
PO-001372,2026-02,16,SUP-05,LATAM,Medium,RM-11,182.13,1,24.6,26.0,431303.27,0,0,-1.3999999999999986
PO-001373,2026-02,16,SUP-05,LATAM,Medium,RM-19,61.07,1,28.3,26.0,18638.33,0,0,2.3000000000000007
PO-001374,2026-02,16,SUP-06,APAC,Medium,RM-05,108.89,1,32.0,29.0,20627.64,0,0,3.0
PO-001375,2026-02,16,SUP-06,APAC,Medium,RM-11,220.78,1,26.1,29.0,522805.74,0,0,-2.8999999999999986
PO-001376,2026-02,16,SUP-06,APAC,Medium,RM-11,57.05,1,25.6,29.0,135094.57,0,0,-3.3999999999999986
PO-001377,2026-02,16,SUP-06,APAC,Medium,RM-03,161.4,1,29.1,29.0,163071.29,0,0,0.10000000000000142
PO-001378,2026-02,16,SUP-06,APAC,Medium,RM-08,259.48,1,29.2,29.0,196628.59,0,0,0.1999999999999993
PO-001379,2026-02,16,SUP-06,APAC,Medium,RM-06,181.87,1,28.3,29.0,593380.74,1,0,-0.6999999999999993
PO-001380,2026-02,16,SUP-06,APAC,Medium,RM-13,234.64,1,34.6,29.0,83964.25,0,0,5.600000000000001
PO-001381,2026-02,16,SUP-06,APAC,Medium,RM-04,52.8,1,25.5,29.0,22785.38,0,0,-3.5
PO-001382,2026-02,16,SUP-07,EMEA,High,RM-19,177.6,1,35.4,22.0,54205.54,0,0,13.399999999999999
PO-001383,2026-02,16,SUP-07,EMEA,High,RM-05,137.73,1,41.8,22.0,26092.55,0,0,19.799999999999997
PO-001384,2026-02,16,SUP-07,EMEA,High,RM-06,94.18,0,37.6,22.0,307279.28,0,0,15.600000000000001
PO-001385,2026-02,16,SUP-07,EMEA,High,RM-03,119.95,0,33.4,22.0,121188.63,0,0,11.399999999999999
PO-001386,2026-02,16,SUP-07,EMEA,High,RM-18,93.38,1,38.6,22.0,235863.97,0,0,16.6
PO-001387,2026-02,16,SUP-07,EMEA,High,RM-02,212.62,1,35.4,22.0,176781.64,0,0,13.399999999999999
PO-001388,2026-02,16,SUP-07,EMEA,High,RM-18,137.23,1,40.3,22.0,346620.58,0,0,18.299999999999997
PO-001389,2026-02,16,SUP-07,EMEA,High,RM-19,62.31,1,35.6,22.0,19016.46,0,0,13.600000000000001
PO-001390,2026-02,16,SUP-08,APAC,Low,RM-15,193.88,1,19.0,20.0,179569.81,1,0,-1.0
PO-001391,2026-02,16,SUP-08,APAC,Low,RM-09,66.74,1,19.0,20.0,44952.32,0,0,-1.0
PO-001392,2026-02,16,SUP-08,APAC,Low,RM-12,199.22,1,21.4,20.0,54513.89,0,0,1.3999999999999986
PO-001393,2026-02,16,SUP-08,APAC,Low,RM-08,114.26,1,21.7,20.0,86582.77,0,0,1.6999999999999993
PO-001394,2026-02,16,SUP-08,APAC,Low,RM-20,73.38,1,20.4,20.0,150607.03,0,0,0.3999999999999986
PO-001395,2026-02,16,SUP-08,APAC,Low,RM-04,233.04,1,19.2,20.0,100558.56,0,0,-0.8000000000000007
PO-001396,2026-02,16,SUP-08,APAC,Low,RM-02,41.26,1,20.1,20.0,34306.24,0,0,0.10000000000000142
PO-001397,2026-02,16,SUP-08,APAC,Low,RM-17,207.0,1,26.3,20.0,359466.78,0,0,6.300000000000001
PO-001398,2026-02,16,SUP-09,AMER,Low,RM-06,216.71,1,14.5,14.0,707059.8,0,0,0.5
PO-001399,2026-02,16,SUP-09,AMER,Low,RM-17,156.38,1,12.2,14.0,271559.74,0,0,-1.8000000000000007
PO-001400,2026-02,16,SUP-09,AMER,Low,RM-16,161.68,1,14.7,14.0,73171.95,0,0,0.6999999999999993
PO-001401,2026-02,16,SUP-09,AMER,Low,RM-20,249.82,1,12.7,14.0,512708.53,0,0,-1.3000000000000007
PO-001402,2026-02,16,SUP-09,AMER,Low,RM-05,121.75,1,9.9,14.0,23064.12,0,0,-4.1
PO-001403,2026-02,16,SUP-09,AMER,Low,RM-11,249.2,1,17.7,14.0,590105.51,0,0,3.6999999999999993
PO-001404,2026-02,16,SUP-10,EMEA,Medium,RM-17,90.58,1,24.9,24.0,157294.92,0,0,0.8999999999999986
PO-001405,2026-02,16,SUP-10,EMEA,Medium,RM-05,100.59,1,23.3,24.0,19056.7,0,0,-0.6999999999999993
PO-001406,2026-02,16,SUP-10,EMEA,Medium,RM-09,253.24,0,22.5,24.0,170575.06,0,0,-1.5
PO-001407,2026-02,16,SUP-10,EMEA,Medium,RM-13,200.5,1,23.7,24.0,71747.34,0,0,-0.3000000000000007
PO-001408,2026-02,16,SUP-10,EMEA,Medium,RM-09,207.8,0,22.8,24.0,139970.43,0,0,-1.1999999999999993
PO-001409,2026-02,16,SUP-10,EMEA,Medium,RM-06,251.95,1,25.0,24.0,822034.85,1,0,1.0
PO-001410,2026-02,16,SUP-10,EMEA,Medium,RM-17,182.97,1,24.4,24.0,317731.18,0,0,0.3999999999999986
PO-001411,2026-02,16,SUP-10,EMEA,Medium,RM-13,202.0,1,25.2,24.0,72284.83,0,0,1.1999999999999993
PO-001412,2026-02,16,SUP-10,EMEA,Medium,RM-17,207.66,1,23.6,24.0,360611.59,0,0,-0.3999999999999986
PO-001413,2026-03,17,SUP-01,EMEA,Low,RM-16,154.69,1,14.3,12.0,69727.77,0,0,2.3000000000000007
PO-001414,2026-03,17,SUP-01,EMEA,Low,RM-10,238.53,1,16.1,12.0,295055.42,0,0,4.100000000000001
PO-001415,2026-03,17,SUP-01,EMEA,Low,RM-06,164.32,1,8.5,12.0,533969.76,0,0,-3.5
PO-001416,2026-03,17,SUP-01,EMEA,Low,RM-08,203.87,1,16.0,12.0,153871.11,0,0,4.0
PO-001417,2026-03,17,SUP-01,EMEA,Low,RM-10,125.6,1,9.1,12.0,155359.86,0,0,-2.9000000000000004
PO-001418,2026-03,17,SUP-01,EMEA,Low,RM-17,192.37,1,12.9,12.0,332727.24,0,0,0.9000000000000004
PO-001419,2026-03,17,SUP-01,EMEA,Low,RM-13,194.24,1,12.5,12.0,69227.15,0,0,0.5
PO-001420,2026-03,17,SUP-01,EMEA,Low,RM-02,130.86,1,15.2,12.0,108366.4,0,0,3.1999999999999993
PO-001421,2026-03,17,SUP-02,AMER,Low,RM-07,239.79,1,26.7,18.0,7163966.07,0,0,8.7
PO-001422,2026-03,17,SUP-02,AMER,Low,RM-11,210.98,1,16.8,18.0,497606.2,0,0,-1.1999999999999993
PO-001423,2026-03,17,SUP-02,AMER,Low,RM-19,239.74,1,15.8,18.0,72879.01,0,0,-2.1999999999999993
PO-001424,2026-03,17,SUP-02,AMER,Low,RM-16,65.84,1,20.7,18.0,29679.75,0,0,2.6999999999999993
PO-001425,2026-03,17,SUP-02,AMER,Low,RM-04,123.88,1,18.4,18.0,53240.61,0,0,0.3999999999999986
PO-001426,2026-03,17,SUP-02,AMER,Low,RM-08,246.47,1,16.5,18.0,186020.96,1,0,-1.5
PO-001427,2026-03,17,SUP-02,AMER,Low,RM-04,184.11,1,17.8,18.0,79130.23,0,0,-0.1999999999999993
PO-001428,2026-03,17,SUP-03,APAC,Medium,RM-05,228.89,1,29.4,34.0,43189.18,0,0,-4.600000000000001
PO-001429,2026-03,17,SUP-03,APAC,Medium,RM-10,191.65,1,33.5,34.0,237060.72,0,0,-0.5
PO-001430,2026-03,17,SUP-03,APAC,Medium,RM-07,84.59,1,40.7,34.0,2527087.58,0,0,6.700000000000003
PO-001431,2026-03,17,SUP-03,APAC,Medium,RM-05,189.24,1,28.3,34.0,35708.05,0,0,-5.699999999999999
PO-001432,2026-03,17,SUP-03,APAC,Medium,RM-10,194.96,0,34.4,34.0,241158.87,0,0,0.3999999999999986
PO-001433,2026-03,17,SUP-03,APAC,Medium,RM-10,47.45,0,36.8,34.0,58687.49,0,0,2.799999999999997
PO-001434,2026-03,17,SUP-03,APAC,Medium,RM-16,158.27,1,36.1,34.0,71341.84,0,0,2.1000000000000014
PO-001435,2026-03,17,SUP-03,APAC,Medium,RM-17,90.21,1,36.1,34.0,156026.1,0,0,2.1000000000000014
PO-001436,2026-03,17,SUP-03,APAC,Medium,RM-17,162.19,1,32.9,34.0,280521.61,0,0,-1.1000000000000014
PO-001437,2026-03,17,SUP-03,APAC,Medium,RM-06,72.06,1,35.2,34.0,234160.79,0,0,1.2000000000000028
PO-001438,2026-03,17,SUP-04,EMEA,Low,RM-17,202.76,1,5.0,10.0,350697.29,0,0,-5.0
PO-001439,2026-03,17,SUP-04,EMEA,Low,RM-07,105.8,1,15.5,10.0,3160818.51,0,0,5.5
PO-001440,2026-03,17,SUP-04,EMEA,Low,RM-19,74.36,1,11.7,10.0,22604.17,1,0,1.6999999999999993
PO-001441,2026-03,17,SUP-04,EMEA,Low,RM-13,65.57,1,8.4,10.0,23369.81,0,0,-1.5999999999999996
PO-001442,2026-03,17,SUP-04,EMEA,Low,RM-02,180.55,1,8.3,10.0,149520.87,0,0,-1.6999999999999993
PO-001443,2026-03,17,SUP-04,EMEA,Low,RM-11,54.22,1,8.2,10.0,127890.83,0,0,-1.8000000000000007
PO-001444,2026-03,17,SUP-04,EMEA,Low,RM-11,179.82,1,13.5,10.0,424115.6,0,0,3.5
PO-001445,2026-03,17,SUP-04,EMEA,Low,RM-14,97.13,1,9.2,10.0,38692.32,0,0,-0.8000000000000007
PO-001446,2026-03,17,SUP-04,EMEA,Low,RM-16,74.46,1,11.3,10.0,33561.58,0,0,1.3000000000000007
PO-001447,2026-03,17,SUP-05,LATAM,Medium,RM-11,113.26,1,21.7,26.0,267128.74,0,0,-4.300000000000001
PO-001448,2026-03,17,SUP-05,LATAM,Medium,RM-02,137.58,1,20.1,26.0,113933.84,0,0,-5.899999999999999
PO-001449,2026-03,17,SUP-05,LATAM,Medium,RM-15,242.27,1,25.1,26.0,223487.8,0,0,-0.8999999999999986
PO-001450,2026-03,17,SUP-05,LATAM,Medium,RM-20,143.15,0,29.7,26.0,292618.66,0,0,3.6999999999999993
PO-001451,2026-03,17,SUP-05,LATAM,Medium,RM-13,170.19,1,25.4,26.0,60656.95,0,0,-0.6000000000000014
PO-001452,2026-03,17,SUP-05,LATAM,Medium,RM-01,230.6,1,25.9,26.0,198220.08,0,0,-0.10000000000000142
PO-001453,2026-03,17,SUP-05,LATAM,Medium,RM-05,134.47,0,24.1,26.0,25372.76,0,0,-1.8999999999999986
PO-001454,2026-03,17,SUP-05,LATAM,Medium,RM-13,41.43,1,23.2,26.0,14764.55,0,0,-2.8000000000000007
PO-001455,2026-03,17,SUP-06,APAC,Medium,RM-08,186.47,0,26.3,29.0,140737.08,0,0,-2.6999999999999993
PO-001456,2026-03,17,SUP-06,APAC,Medium,RM-16,111.9,1,26.9,29.0,50439.23,0,0,-2.1000000000000014
PO-001457,2026-03,17,SUP-06,APAC,Medium,RM-06,112.09,1,30.6,29.0,364254.84,1,0,1.6000000000000014
PO-001458,2026-03,17,SUP-06,APAC,Medium,RM-04,175.81,1,28.6,29.0,75560.6,0,0,-0.3999999999999986
PO-001459,2026-03,17,SUP-06,APAC,Medium,RM-05,254.97,1,33.5,29.0,48108.61,0,0,4.5
PO-001460,2026-03,17,SUP-06,APAC,Medium,RM-05,127.27,1,27.4,29.0,24014.75,0,0,-1.6000000000000014
PO-001461,2026-03,17,SUP-06,APAC,Medium,RM-16,203.93,1,21.8,29.0,91919.83,0,0,-7.199999999999999
PO-001462,2026-03,17,SUP-06,APAC,Medium,RM-08,120.63,0,24.9,29.0,91048.98,0,0,-4.100000000000001
PO-001463,2026-03,17,SUP-06,APAC,Medium,RM-02,218.93,1,27.2,29.0,181301.47,0,0,-1.8000000000000007
PO-001464,2026-03,17,SUP-06,APAC,Medium,RM-15,189.55,1,27.2,29.0,174854.71,0,0,-1.8000000000000007
PO-001465,2026-03,17,SUP-06,APAC,Medium,RM-02,167.91,1,26.9,29.0,139049.21,0,0,-2.1000000000000014
PO-001466,2026-03,17,SUP-07,EMEA,High,RM-02,183.87,0,41.9,22.0,152264.18,0,0,19.9
PO-001467,2026-03,17,SUP-07,EMEA,High,RM-01,157.27,1,41.3,22.0,135188.43,0,0,19.299999999999997
PO-001468,2026-03,17,SUP-07,EMEA,High,RM-17,154.45,1,38.2,22.0,267150.11,0,0,16.200000000000003
PO-001469,2026-03,17,SUP-07,EMEA,High,RM-15,62.04,0,38.1,22.0,57227.59,0,0,16.1
PO-001470,2026-03,17,SUP-07,EMEA,High,RM-13,143.91,1,41.3,22.0,51289.29,0,0,19.299999999999997
PO-001471,2026-03,17,SUP-07,EMEA,High,RM-07,63.7,1,35.3,22.0,1903205.88,0,0,13.299999999999997
PO-001472,2026-03,17,SUP-07,EMEA,High,RM-05,159.62,0,38.6,22.0,30118.4,0,0,16.6
PO-001473,2026-03,17,SUP-07,EMEA,High,RM-19,76.94,1,38.9,22.0,23390.66,1,0,16.9
PO-001474,2026-03,17,SUP-08,APAC,Low,RM-06,77.09,1,21.9,20.0,250515.63,0,0,1.8999999999999986
PO-001475,2026-03,17,SUP-08,APAC,Low,RM-08,182.87,1,21.5,20.0,138018.41,0,0,1.5
PO-001476,2026-03,17,SUP-08,APAC,Low,RM-06,106.06,1,23.3,20.0,344648.38,0,0,3.3000000000000007
PO-001477,2026-03,17,SUP-08,APAC,Low,RM-20,239.83,0,19.3,20.0,490240.27,0,0,-0.6999999999999993
PO-001478,2026-03,17,SUP-08,APAC,Low,RM-19,228.52,0,18.0,20.0,69469.52,0,0,-2.0
PO-001479,2026-03,17,SUP-08,APAC,Low,RM-05,211.04,1,16.5,20.0,39819.65,0,0,-3.5
PO-001480,2026-03,17,SUP-09,AMER,Low,RM-11,239.13,1,14.0,14.0,564019.39,0,0,0.0
PO-001481,2026-03,17,SUP-09,AMER,Low,RM-15,172.13,1,12.2,14.0,158785.22,0,0,-1.8000000000000007
PO-001482,2026-03,17,SUP-09,AMER,Low,RM-09,107.85,1,13.8,14.0,72356.27,0,0,-0.1999999999999993
PO-001483,2026-03,17,SUP-09,AMER,Low,RM-09,144.07,1,14.2,14.0,96657.55,0,0,0.1999999999999993
PO-001484,2026-03,17,SUP-09,AMER,Low,RM-13,157.12,1,13.7,14.0,55997.96,0,0,-0.3000000000000007
PO-001485,2026-03,17,SUP-09,AMER,Low,RM-03,189.92,1,12.0,14.0,191119.27,0,0,-2.0
PO-001486,2026-03,17,SUP-09,AMER,Low,RM-14,200.14,1,10.1,14.0,79722.58,0,0,-3.9000000000000004
PO-001487,2026-03,17,SUP-09,AMER,Low,RM-01,125.9,1,17.0,14.0,108221.41,0,0,3.0
PO-001488,2026-03,17,SUP-09,AMER,Low,RM-08,198.59,1,12.7,14.0,149881.89,0,0,-1.3000000000000007
PO-001489,2026-03,17,SUP-10,EMEA,Medium,RM-02,55.98,1,23.6,24.0,46357.36,0,0,-0.3999999999999986
PO-001490,2026-03,17,SUP-10,EMEA,Medium,RM-05,69.3,1,23.7,24.0,13076.71,0,0,-0.3000000000000007
PO-001491,2026-03,17,SUP-10,EMEA,Medium,RM-18,147.5,1,21.7,24.0,371074.29,0,0,-2.3000000000000007
PO-001492,2026-03,17,SUP-10,EMEA,Medium,RM-18,206.16,1,18.2,24.0,518662.68,0,0,-5.800000000000001
PO-001493,2026-03,17,SUP-10,EMEA,Medium,RM-04,83.54,1,25.1,24.0,35903.38,0,0,1.1000000000000014
PO-001494,2026-03,17,SUP-10,EMEA,Medium,RM-12,67.3,1,23.7,24.0,18341.2,0,0,-0.3000000000000007
PO-001495,2026-04,18,SUP-01,EMEA,Low,RM-03,203.18,1,4.9,12.0,204582.97,0,1,-7.1
PO-001496,2026-04,18,SUP-01,EMEA,Low,RM-10,52.05,1,9.8,12.0,64421.23,0,1,-2.1999999999999993
PO-001497,2026-04,18,SUP-01,EMEA,Low,RM-11,212.76,1,10.5,12.0,502101.29,0,1,-1.5
PO-001498,2026-04,18,SUP-01,EMEA,Low,RM-06,126.79,1,9.3,12.0,412255.75,0,1,-2.6999999999999993
PO-001499,2026-04,18,SUP-01,EMEA,Low,RM-06,107.35,1,12.4,12.0,349033.26,0,1,0.40000000000000036
PO-001500,2026-04,18,SUP-01,EMEA,Low,RM-07,94.73,1,11.5,12.0,2831742.04,0,1,-0.5
PO-001501,2026-04,18,SUP-01,EMEA,Low,RM-19,55.02,1,15.5,12.0,16734.0,0,1,3.5
PO-001502,2026-04,18,SUP-01,EMEA,Low,RM-08,220.47,1,13.6,12.0,166496.98,0,1,1.5999999999999996
PO-001503,2026-04,18,SUP-02,AMER,Low,RM-05,215.54,1,20.1,18.0,40691.74,0,1,2.1000000000000014
PO-001504,2026-04,18,SUP-02,AMER,Low,RM-16,162.08,1,21.3,18.0,73098.69,0,1,3.3000000000000007
PO-001505,2026-04,18,SUP-02,AMER,Low,RM-03,258.14,1,15.4,18.0,259918.64,0,1,-2.5999999999999996
PO-001506,2026-04,18,SUP-02,AMER,Low,RM-14,232.94,1,12.4,18.0,92843.48,0,1,-5.6
PO-001507,2026-04,18,SUP-02,AMER,Low,RM-17,192.14,1,16.0,18.0,332522.93,0,1,-2.0
PO-001508,2026-04,18,SUP-02,AMER,Low,RM-04,184.78,1,19.1,18.0,79459.2,0,1,1.1000000000000014
PO-001509,2026-04,18,SUP-02,AMER,Low,RM-01,166.3,1,18.1,18.0,143031.88,0,1,0.10000000000000142
PO-001510,2026-04,18,SUP-03,APAC,Medium,RM-17,108.88,1,33.9,34.0,188427.37,0,1,-0.10000000000000142
PO-001511,2026-04,18,SUP-03,APAC,Medium,RM-18,109.26,1,36.8,34.0,275029.92,0,1,2.799999999999997
PO-001512,2026-04,18,SUP-03,APAC,Medium,RM-17,206.12,1,38.6,34.0,356705.17,0,1,4.600000000000001
PO-001513,2026-04,18,SUP-03,APAC,Medium,RM-17,186.21,1,38.9,34.0,322255.57,0,1,4.899999999999999
PO-001514,2026-04,18,SUP-03,APAC,Medium,RM-20,231.9,1,35.5,34.0,474298.96,0,1,1.5
PO-001515,2026-04,18,SUP-03,APAC,Medium,RM-03,253.94,1,33.9,34.0,255689.4,0,1,-0.10000000000000142
PO-001516,2026-04,18,SUP-03,APAC,Medium,RM-01,196.33,1,33.2,34.0,168858.74,0,1,-0.7999999999999972
PO-001517,2026-04,18,SUP-03,APAC,Medium,RM-16,47.39,1,32.9,34.0,21371.41,0,1,-1.1000000000000014
PO-001518,2026-04,18,SUP-03,APAC,Medium,RM-12,226.86,1,35.2,34.0,61866.33,0,1,1.2000000000000028
PO-001519,2026-04,18,SUP-04,EMEA,Low,RM-05,242.19,1,7.7,10.0,45724.74,0,1,-2.3
PO-001520,2026-04,18,SUP-04,EMEA,Low,RM-07,107.8,1,13.2,10.0,3222466.81,0,1,3.1999999999999993
PO-001521,2026-04,18,SUP-04,EMEA,Low,RM-04,183.77,1,15.8,10.0,79026.54,0,1,5.800000000000001
PO-001522,2026-04,18,SUP-04,EMEA,Low,RM-07,68.95,1,9.6,10.0,2061201.07,0,1,-0.40000000000000036
PO-001523,2026-04,18,SUP-04,EMEA,Low,RM-16,133.25,1,9.0,10.0,60094.85,0,1,-1.0
PO-001524,2026-04,18,SUP-04,EMEA,Low,RM-03,71.61,1,10.1,10.0,72100.76,0,1,0.09999999999999964
PO-001525,2026-04,18,SUP-05,LATAM,Medium,RM-16,205.41,1,23.1,26.0,92641.94,1,1,-2.8999999999999986
PO-001526,2026-04,18,SUP-05,LATAM,Medium,RM-08,205.88,1,28.0,26.0,155479.13,0,1,2.0
PO-001527,2026-04,18,SUP-05,LATAM,Medium,RM-16,127.65,1,24.0,26.0,57569.8,0,1,-2.0
PO-001528,2026-04,18,SUP-05,LATAM,Medium,RM-17,248.49,1,30.0,26.0,430044.83,0,1,4.0
PO-001529,2026-04,18,SUP-05,LATAM,Medium,RM-16,94.56,1,26.9,26.0,42648.15,0,1,0.8999999999999986
PO-001530,2026-04,18,SUP-05,LATAM,Medium,RM-05,46.66,1,25.4,26.0,8808.5,0,1,-0.6000000000000014
PO-001531,2026-04,18,SUP-05,LATAM,Medium,RM-07,102.66,1,27.5,26.0,3068720.5,0,1,1.5
PO-001532,2026-04,18,SUP-06,APAC,Medium,RM-06,250.49,0,28.5,29.0,814443.51,0,1,-0.5
PO-001533,2026-04,18,SUP-06,APAC,Medium,RM-18,77.22,1,25.7,29.0,194392.15,0,1,-3.3000000000000007
PO-001534,2026-04,18,SUP-06,APAC,Medium,RM-10,186.69,1,21.4,29.0,231058.2,0,1,-7.600000000000001
PO-001535,2026-04,18,SUP-06,APAC,Medium,RM-14,131.24,1,29.5,29.0,52309.56,0,1,0.5
PO-001536,2026-04,18,SUP-06,APAC,Medium,RM-18,60.17,1,37.7,29.0,151471.22,0,1,8.700000000000003
PO-001537,2026-04,18,SUP-06,APAC,Medium,RM-05,183.31,1,27.6,29.0,34606.94,0,1,-1.3999999999999986
PO-001538,2026-04,18,SUP-06,APAC,Medium,RM-17,97.41,1,26.9,29.0,168580.87,0,1,-2.1000000000000014
PO-001539,2026-04,18,SUP-06,APAC,Medium,RM-14,147.69,1,32.2,29.0,58864.55,0,1,3.200000000000003
PO-001540,2026-04,18,SUP-06,APAC,Medium,RM-07,82.53,1,30.2,29.0,2467000.43,0,1,1.1999999999999993
PO-001541,2026-04,18,SUP-07,EMEA,High,RM-16,257.63,0,32.2,22.0,116191.5,0,1,10.200000000000003
PO-001542,2026-04,18,SUP-07,EMEA,High,RM-09,249.89,0,33.2,22.0,167742.33,0,1,11.200000000000003
PO-001543,2026-04,18,SUP-07,EMEA,High,RM-05,175.69,1,26.5,22.0,33169.36,0,1,4.5
PO-001544,2026-04,18,SUP-07,EMEA,High,RM-01,106.11,1,34.5,22.0,91259.19,0,1,12.5
PO-001545,2026-04,18,SUP-07,EMEA,High,RM-06,69.06,1,33.2,22.0,224557.99,1,1,11.200000000000003
PO-001546,2026-04,18,SUP-07,EMEA,High,RM-10,137.61,1,30.9,22.0,170313.93,0,1,8.899999999999999
PO-001547,2026-04,18,SUP-08,APAC,Low,RM-10,56.69,1,19.5,20.0,70163.17,0,1,-0.5
PO-001548,2026-04,18,SUP-08,APAC,Low,RM-06,56.92,1,17.1,20.0,185074.53,0,1,-2.8999999999999986
PO-001549,2026-04,18,SUP-08,APAC,Low,RM-13,212.5,1,23.5,20.0,75780.29,0,1,3.5
PO-001550,2026-04,18,SUP-08,APAC,Low,RM-20,102.21,1,19.3,20.0,209054.57,0,1,-0.6999999999999993
PO-001551,2026-04,18,SUP-08,APAC,Low,RM-20,204.33,1,15.6,20.0,417899.87,0,1,-4.4
PO-001552,2026-04,18,SUP-08,APAC,Low,RM-19,50.17,1,18.7,20.0,15260.86,0,1,-1.3000000000000007
PO-001553,2026-04,18,SUP-09,AMER,Low,RM-17,63.72,1,13.7,14.0,110273.22,0,1,-0.3000000000000007
PO-001554,2026-04,18,SUP-09,AMER,Low,RM-16,122.54,1,13.4,14.0,55268.49,0,1,-0.5999999999999996
PO-001555,2026-04,18,SUP-09,AMER,Low,RM-20,155.59,1,15.2,14.0,318223.38,0,1,1.1999999999999993
PO-001556,2026-04,18,SUP-09,AMER,Low,RM-19,216.8,1,9.5,14.0,65944.92,0,1,-4.5
PO-001557,2026-04,18,SUP-09,AMER,Low,RM-09,239.74,1,11.7,14.0,160931.26,0,1,-2.3000000000000007
PO-001558,2026-04,18,SUP-09,AMER,Low,RM-13,225.27,1,13.4,14.0,80333.55,0,1,-0.5999999999999996
PO-001559,2026-04,18,SUP-09,AMER,Low,RM-14,132.07,1,14.1,14.0,52636.67,0,1,0.09999999999999964
PO-001560,2026-04,18,SUP-09,AMER,Low,RM-07,125.87,1,12.2,14.0,3762646.95,0,1,-1.8000000000000007
PO-001561,2026-04,18,SUP-10,EMEA,Medium,RM-03,186.23,0,27.4,24.0,187514.58,0,1,3.3999999999999986
PO-001562,2026-04,18,SUP-10,EMEA,Medium,RM-04,73.03,1,26.3,24.0,31406.54,0,1,2.3000000000000007
PO-001563,2026-04,18,SUP-10,EMEA,Medium,RM-01,218.14,1,30.0,24.0,187610.58,0,1,6.0
PO-001564,2026-04,18,SUP-10,EMEA,Medium,RM-16,86.82,1,24.6,24.0,39158.41,0,1,0.6000000000000014
PO-001565,2026-04,18,SUP-10,EMEA,Medium,RM-13,87.62,1,24.5,24.0,31244.93,0,1,0.5
PO-001566,2026-04,18,SUP-10,EMEA,Medium,RM-15,94.8,1,20.9,24.0,87503.47,0,1,-3.1000000000000014
PO-001567,2026-04,18,SUP-10,EMEA,Medium,RM-09,71.31,1,20.6,24.0,47867.72,0,1,-3.3999999999999986
PO-001568,2026-05,19,SUP-01,EMEA,Low,RM-20,74.86,1,11.5,12.0,153715.03,0,1,-0.5
PO-001569,2026-05,19,SUP-01,EMEA,Low,RM-19,245.58,1,7.9,12.0,74993.28,0,1,-4.1
PO-001570,2026-05,19,SUP-01,EMEA,Low,RM-05,240.62,1,7.2,12.0,45606.36,0,1,-4.8
PO-001571,2026-05,19,SUP-01,EMEA,Low,RM-02,129.16,1,13.4,12.0,107440.58,0,1,1.4000000000000004
PO-001572,2026-05,19,SUP-01,EMEA,Low,RM-06,65.06,1,13.3,12.0,212388.25,0,1,1.3000000000000007
PO-001573,2026-05,19,SUP-01,EMEA,Low,RM-06,221.42,1,8.9,12.0,722787.32,0,1,-3.0999999999999996
PO-001574,2026-05,19,SUP-01,EMEA,Low,RM-09,205.35,1,13.0,12.0,138389.82,0,1,1.0
PO-001575,2026-05,19,SUP-01,EMEA,Low,RM-16,165.41,1,13.4,12.0,74897.77,0,1,1.4000000000000004
PO-001576,2026-05,19,SUP-01,EMEA,Low,RM-11,93.44,1,12.0,12.0,221382.77,0,1,0.0
PO-001577,2026-05,19,SUP-01,EMEA,Low,RM-17,245.15,1,9.7,12.0,425928.84,0,1,-2.3000000000000007
PO-001578,2026-05,19,SUP-01,EMEA,Low,RM-13,169.76,1,7.8,12.0,60776.39,0,1,-4.2
PO-001579,2026-05,19,SUP-02,AMER,Low,RM-02,103.83,1,17.1,18.0,86376.43,0,1,-0.8999999999999986
PO-001580,2026-05,19,SUP-02,AMER,Low,RM-12,116.75,1,15.8,18.0,31962.92,0,1,-2.1999999999999993
PO-001581,2026-05,19,SUP-02,AMER,Low,RM-03,185.83,1,17.8,18.0,187854.13,0,1,-0.1999999999999993
PO-001582,2026-05,19,SUP-02,AMER,Low,RM-13,97.35,1,23.7,18.0,34853.73,0,1,5.699999999999999
PO-001583,2026-05,19,SUP-02,AMER,Low,RM-19,114.32,1,11.1,18.0,34910.8,0,1,-6.9
PO-001584,2026-05,19,SUP-02,AMER,Low,RM-10,187.73,1,19.1,18.0,233261.52,0,1,1.1000000000000014
PO-001585,2026-05,19,SUP-02,AMER,Low,RM-09,56.62,1,20.9,18.0,38159.08,0,1,2.8999999999999986
PO-001586,2026-05,19,SUP-02,AMER,Low,RM-10,228.79,1,16.9,18.0,284279.83,1,1,-1.1000000000000014
PO-001587,2026-05,19,SUP-02,AMER,Low,RM-16,140.58,1,21.3,18.0,63655.33,0,1,3.3000000000000007
PO-001588,2026-05,19,SUP-03,APAC,Medium,RM-16,79.32,1,32.7,34.0,35914.43,0,1,-1.2999999999999972
PO-001589,2026-05,19,SUP-03,APAC,Medium,RM-01,46.19,1,33.6,34.0,39883.7,0,1,-0.3999999999999986
PO-001590,2026-05,19,SUP-03,APAC,Medium,RM-14,250.75,1,31.6,34.0,100333.58,0,1,-2.3999999999999986
PO-001591,2026-05,19,SUP-03,APAC,Medium,RM-02,84.01,1,26.5,34.0,69883.25,0,1,-7.5
PO-001592,2026-05,19,SUP-03,APAC,Medium,RM-12,228.07,1,33.3,34.0,62441.55,0,1,-0.7000000000000028
PO-001593,2026-05,19,SUP-03,APAC,Medium,RM-20,152.58,1,32.1,34.0,313296.3,0,1,-1.8999999999999986
PO-001594,2026-05,19,SUP-03,APAC,Medium,RM-10,68.52,1,37.4,34.0,85140.75,0,1,3.3999999999999986
PO-001595,2026-05,19,SUP-03,APAC,Medium,RM-09,195.89,1,33.0,34.0,132011.29,0,1,-1.0
PO-001596,2026-05,19,SUP-03,APAC,Medium,RM-08,151.13,1,31.9,34.0,114583.1,0,1,-2.1000000000000014
PO-001597,2026-05,19,SUP-04,EMEA,Low,RM-01,44.36,1,9.5,10.0,38305.71,0,1,-0.5
PO-001598,2026-05,19,SUP-04,EMEA,Low,RM-07,164.57,1,10.7,10.0,4938910.75,0,1,0.6999999999999993
PO-001599,2026-05,19,SUP-04,EMEA,Low,RM-05,223.05,1,7.7,10.0,42276.34,0,1,-2.3
PO-001600,2026-05,19,SUP-04,EMEA,Low,RM-19,206.81,1,4.3,10.0,63154.73,0,1,-5.7
PO-001601,2026-05,19,SUP-04,EMEA,Low,RM-13,145.59,1,10.6,10.0,52124.0,0,1,0.5999999999999996
PO-001602,2026-05,19,SUP-04,EMEA,Low,RM-09,151.64,1,8.0,10.0,102196.67,0,1,-2.0
PO-001603,2026-05,19,SUP-04,EMEA,Low,RM-02,128.2,1,10.9,10.0,106644.05,0,1,0.9000000000000004
PO-001604,2026-05,19,SUP-04,EMEA,Low,RM-17,173.59,1,12.4,10.0,301600.18,0,1,2.4000000000000004
PO-001605,2026-05,19,SUP-04,EMEA,Low,RM-16,107.92,1,10.9,10.0,48864.65,0,1,0.9000000000000004
PO-001606,2026-05,19,SUP-04,EMEA,Low,RM-14,119.67,1,14.4,10.0,47883.4,0,1,4.4
PO-001607,2026-05,19,SUP-04,EMEA,Low,RM-20,98.55,1,11.6,10.0,202357.52,0,1,1.5999999999999996
PO-001608,2026-05,19,SUP-05,LATAM,Medium,RM-10,105.68,1,27.2,26.0,131316.28,0,1,1.1999999999999993
PO-001609,2026-05,19,SUP-05,LATAM,Medium,RM-02,180.87,1,25.2,26.0,150463.11,0,1,-0.8000000000000007
PO-001610,2026-05,19,SUP-05,LATAM,Medium,RM-16,91.05,1,22.8,26.0,41226.72,0,1,-3.1999999999999993
PO-001611,2026-05,19,SUP-05,LATAM,Medium,RM-03,99.18,0,26.7,26.0,100255.81,0,1,0.6999999999999993
PO-001612,2026-05,19,SUP-05,LATAM,Medium,RM-16,131.12,1,22.3,26.0,59369.09,0,1,-3.6999999999999993
PO-001613,2026-05,19,SUP-05,LATAM,Medium,RM-12,71.55,1,30.3,26.0,19589.73,0,1,4.300000000000001
PO-001614,2026-05,19,SUP-05,LATAM,Medium,RM-11,116.64,1,27.1,26.0,276355.84,0,1,1.1000000000000014
PO-001615,2026-05,19,SUP-06,APAC,Medium,RM-03,119.53,1,25.7,29.0,120828.47,0,1,-3.3000000000000007
PO-001616,2026-05,19,SUP-06,APAC,Medium,RM-13,167.61,1,31.5,29.0,60007.41,0,1,2.5
PO-001617,2026-05,19,SUP-06,APAC,Medium,RM-06,68.43,0,27.0,29.0,223374.37,0,1,-2.0
PO-001618,2026-05,19,SUP-06,APAC,Medium,RM-09,128.9,1,29.1,29.0,86868.82,0,1,0.10000000000000142
PO-001619,2026-05,19,SUP-06,APAC,Medium,RM-03,167.25,1,25.9,29.0,169066.33,0,1,-3.1000000000000014
PO-001620,2026-05,19,SUP-06,APAC,Medium,RM-15,59.48,1,27.0,29.0,55118.57,0,1,-2.0
PO-001621,2026-05,19,SUP-06,APAC,Medium,RM-12,177.4,1,23.4,29.0,48569.39,0,1,-5.600000000000001
PO-001622,2026-05,19,SUP-06,APAC,Medium,RM-10,231.68,1,35.0,29.0,287871.99,0,1,6.0
PO-001623,2026-05,19,SUP-07,EMEA,High,RM-20,73.16,1,32.7,22.0,150229.01,0,1,10.700000000000003
PO-001624,2026-05,19,SUP-07,EMEA,High,RM-12,147.22,1,35.4,22.0,40306.86,0,1,13.399999999999999
PO-001625,2026-05,19,SUP-07,EMEA,High,RM-17,148.36,1,32.8,22.0,257777.27,0,1,10.799999999999997
PO-001626,2026-05,19,SUP-07,EMEA,High,RM-02,204.14,1,36.8,22.0,169815.43,0,1,14.799999999999997
PO-001627,2026-05,19,SUP-07,EMEA,High,RM-07,243.64,1,34.6,22.0,7311822.61,0,1,12.600000000000001
PO-001628,2026-05,19,SUP-07,EMEA,High,RM-15,83.53,1,27.4,22.0,77406.87,0,1,5.399999999999999
PO-001629,2026-05,19,SUP-07,EMEA,High,RM-07,247.66,0,30.6,22.0,7432523.42,0,1,8.600000000000001
PO-001630,2026-05,19,SUP-08,APAC,Low,RM-10,179.82,1,23.8,20.0,223431.28,0,1,3.8000000000000007
PO-001631,2026-05,19,SUP-08,APAC,Low,RM-17,115.48,1,22.7,20.0,200639.52,0,1,2.6999999999999993
PO-001632,2026-05,19,SUP-08,APAC,Low,RM-12,94.4,1,16.7,20.0,25845.15,0,1,-3.3000000000000007
PO-001633,2026-05,19,SUP-08,APAC,Low,RM-08,40.92,0,19.6,20.0,31021.12,0,1,-0.3999999999999986
PO-001634,2026-05,19,SUP-08,APAC,Low,RM-10,87.06,1,23.7,20.0,108178.18,0,1,3.6999999999999993
PO-001635,2026-05,19,SUP-08,APAC,Low,RM-17,68.73,1,17.9,20.0,119409.24,0,1,-2.1000000000000014
PO-001636,2026-05,19,SUP-08,APAC,Low,RM-15,258.9,1,23.1,20.0,239903.71,0,1,3.1000000000000014
PO-001637,2026-05,19,SUP-08,APAC,Low,RM-05,129.19,1,17.1,20.0,24486.02,0,1,-2.8999999999999986
PO-001638,2026-05,19,SUP-08,APAC,Low,RM-05,142.71,1,18.1,20.0,27048.55,0,1,-1.8999999999999986
PO-001639,2026-05,19,SUP-09,AMER,Low,RM-17,168.26,1,10.2,14.0,292343.42,0,1,-3.8000000000000007
PO-001640,2026-05,19,SUP-09,AMER,Low,RM-18,74.61,1,13.7,14.0,188564.33,0,1,-0.3000000000000007
PO-001641,2026-05,19,SUP-09,AMER,Low,RM-15,144.41,1,10.3,14.0,133813.84,0,1,-3.6999999999999993
PO-001642,2026-05,19,SUP-09,AMER,Low,RM-05,235.12,1,15.9,14.0,44564.42,0,1,1.9000000000000004
PO-001643,2026-05,19,SUP-09,AMER,Low,RM-02,207.8,1,15.9,14.0,172858.97,0,1,1.9000000000000004
PO-001644,2026-05,19,SUP-09,AMER,Low,RM-03,161.67,1,12.6,14.0,163430.66,0,1,-1.4000000000000004
PO-001645,2026-05,19,SUP-09,AMER,Low,RM-14,235.58,1,12.9,14.0,94265.33,0,1,-1.0999999999999996
PO-001646,2026-05,19,SUP-09,AMER,Low,RM-09,161.84,1,12.0,14.0,109068.56,0,1,-2.0
PO-001647,2026-05,19,SUP-10,EMEA,Medium,RM-18,116.16,1,18.1,24.0,293572.92,0,1,-5.899999999999999
PO-001648,2026-05,19,SUP-10,EMEA,Medium,RM-03,234.94,1,25.5,24.0,237500.73,0,1,1.5
PO-001649,2026-05,19,SUP-10,EMEA,Medium,RM-15,142.97,1,25.5,24.0,132486.36,0,1,1.5
PO-001650,2026-05,19,SUP-10,EMEA,Medium,RM-15,209.6,1,30.2,24.0,194220.56,0,1,6.199999999999999
PO-001651,2026-05,19,SUP-10,EMEA,Medium,RM-19,62.0,1,24.2,24.0,18933.92,0,1,0.1999999999999993
PO-001652,2026-05,19,SUP-10,EMEA,Medium,RM-14,215.15,1,28.2,24.0,86091.23,0,1,4.199999999999999
PO-001653,2026-05,19,SUP-10,EMEA,Medium,RM-06,259.26,1,24.2,24.0,846289.39,0,1,0.1999999999999993
PO-001654,2026-06,20,SUP-01,EMEA,Low,RM-14,128.26,1,13.1,12.0,51619.75,0,1,1.0999999999999996
PO-001655,2026-06,20,SUP-01,EMEA,Low,RM-19,42.44,1,12.0,12.0,13033.77,0,1,0.0
PO-001656,2026-06,20,SUP-01,EMEA,Low,RM-11,220.7,1,12.2,12.0,525941.73,0,1,0.1999999999999993
PO-001657,2026-06,20,SUP-01,EMEA,Low,RM-06,43.24,1,8.2,12.0,141976.05,0,1,-3.8000000000000007
PO-001658,2026-06,20,SUP-01,EMEA,Low,RM-11,121.61,1,6.1,12.0,289792.57,0,1,-5.9
PO-001659,2026-06,20,SUP-01,EMEA,Low,RM-13,180.73,1,5.9,12.0,65079.51,0,1,-6.1
PO-001660,2026-06,20,SUP-01,EMEA,Low,RM-07,257.05,1,9.6,12.0,7759172.57,0,1,-2.4000000000000004
PO-001661,2026-06,20,SUP-01,EMEA,Low,RM-03,180.89,1,16.1,12.0,183917.4,0,1,4.100000000000001
PO-001662,2026-06,20,SUP-01,EMEA,Low,RM-16,75.55,1,10.3,12.0,34405.63,0,1,-1.6999999999999993
PO-001663,2026-06,20,SUP-01,EMEA,Low,RM-11,172.93,1,9.3,12.0,412092.44,0,1,-2.6999999999999993
PO-001664,2026-06,20,SUP-01,EMEA,Low,RM-14,74.61,1,4.5,12.0,30026.8,0,1,-7.5
PO-001665,2026-06,20,SUP-02,AMER,Low,RM-19,112.54,1,19.2,18.0,34566.91,0,1,1.1999999999999993
PO-001666,2026-06,20,SUP-02,AMER,Low,RM-11,99.61,1,20.2,18.0,237377.98,0,1,2.1999999999999993
PO-001667,2026-06,20,SUP-02,AMER,Low,RM-11,152.83,1,21.4,18.0,364206.38,0,1,3.3999999999999986
PO-001668,2026-06,20,SUP-02,AMER,Low,RM-12,197.98,1,20.3,18.0,54517.33,0,1,2.3000000000000007
PO-001669,2026-06,20,SUP-02,AMER,Low,RM-03,97.9,1,18.2,18.0,99544.61,0,1,0.1999999999999993
PO-001670,2026-06,20,SUP-02,AMER,Low,RM-14,180.06,1,22.6,18.0,72466.74,0,1,4.600000000000001
PO-001671,2026-06,20,SUP-02,AMER,Low,RM-16,105.3,1,21.0,18.0,47957.67,0,1,3.0
PO-001672,2026-06,20,SUP-03,APAC,Medium,RM-09,204.22,1,30.2,34.0,138424.86,0,1,-3.8000000000000007
PO-001673,2026-06,20,SUP-03,APAC,Medium,RM-10,181.98,1,35.2,34.0,227437.42,0,1,1.2000000000000028
PO-001674,2026-06,20,SUP-03,APAC,Medium,RM-18,114.78,1,34.1,34.0,291766.74,0,1,0.10000000000000142
PO-001675,2026-06,20,SUP-03,APAC,Medium,RM-10,236.07,1,38.1,34.0,295032.26,0,1,4.100000000000001
PO-001676,2026-06,20,SUP-03,APAC,Medium,RM-19,134.02,1,40.1,34.0,41163.87,0,1,6.100000000000001
PO-001677,2026-06,20,SUP-03,APAC,Medium,RM-11,147.31,1,35.2,34.0,351033.85,0,1,1.2000000000000028
PO-001678,2026-06,20,SUP-03,APAC,Medium,RM-07,55.84,1,35.6,34.0,1685612.96,0,1,1.6000000000000014
PO-001679,2026-06,20,SUP-03,APAC,Medium,RM-07,168.67,1,34.4,34.0,5091399.96,0,1,0.3999999999999986
PO-001680,2026-06,20,SUP-03,APAC,Medium,RM-13,48.64,1,29.4,34.0,17514.99,0,1,-4.600000000000001
PO-001681,2026-06,20,SUP-03,APAC,Medium,RM-17,177.81,1,37.2,34.0,310731.3,0,1,3.200000000000003
PO-001682,2026-06,20,SUP-04,EMEA,Low,RM-20,105.57,1,9.8,10.0,218029.42,0,1,-0.1999999999999993
PO-001683,2026-06,20,SUP-04,EMEA,Low,RM-01,254.35,1,5.7,10.0,220897.67,0,1,-4.3
PO-001684,2026-06,20,SUP-04,EMEA,Low,RM-01,215.95,1,6.2,10.0,187550.89,0,1,-3.8
PO-001685,2026-06,20,SUP-04,EMEA,Low,RM-04,183.09,1,9.5,10.0,79507.01,0,1,-0.5
PO-001686,2026-06,20,SUP-04,EMEA,Low,RM-02,145.08,1,12.0,10.0,121392.75,0,1,2.0
PO-001687,2026-06,20,SUP-04,EMEA,Low,RM-03,113.36,1,8.7,10.0,115254.99,0,1,-1.3000000000000007
PO-001688,2026-06,20,SUP-04,EMEA,Low,RM-17,240.27,1,11.9,10.0,419882.93,0,1,1.9000000000000004
PO-001689,2026-06,20,SUP-05,LATAM,Medium,RM-09,92.41,1,22.0,26.0,62637.12,0,1,-4.0
PO-001690,2026-06,20,SUP-05,LATAM,Medium,RM-13,196.3,1,23.7,26.0,70686.53,0,1,-2.3000000000000007
PO-001691,2026-06,20,SUP-05,LATAM,Medium,RM-05,71.5,1,22.8,26.0,13631.49,0,1,-3.1999999999999993
PO-001692,2026-06,20,SUP-05,LATAM,Medium,RM-10,248.12,1,26.2,26.0,310085.34,0,1,0.1999999999999993
PO-001693,2026-06,20,SUP-05,LATAM,Medium,RM-07,52.41,1,27.4,26.0,1582090.85,0,1,1.3999999999999986
PO-001694,2026-06,20,SUP-05,LATAM,Medium,RM-13,230.58,0,25.4,26.0,83030.43,0,1,-0.6000000000000014
PO-001695,2026-06,20,SUP-05,LATAM,Medium,RM-06,68.01,1,31.9,26.0,223299.07,0,1,5.899999999999999
PO-001696,2026-06,20,SUP-05,LATAM,Medium,RM-02,224.64,1,22.9,26.0,187957.37,0,1,-3.1000000000000014
PO-001697,2026-06,20,SUP-05,LATAM,Medium,RM-14,210.02,0,32.6,26.0,84527.74,0,1,6.600000000000001
PO-001698,2026-06,20,SUP-05,LATAM,Medium,RM-07,111.78,1,26.4,26.0,3374090.47,0,1,0.3999999999999986
PO-001699,2026-06,20,SUP-05,LATAM,Medium,RM-13,92.74,1,24.3,26.0,33395.38,0,1,-1.6999999999999993
PO-001700,2026-06,20,SUP-06,APAC,Medium,RM-04,182.04,1,23.9,29.0,79047.78,0,1,-5.100000000000001
PO-001701,2026-06,20,SUP-06,APAC,Medium,RM-15,61.31,1,26.5,29.0,57144.86,0,1,-2.5
PO-001702,2026-06,20,SUP-06,APAC,Medium,RM-05,77.1,1,26.9,29.0,14698.22,0,1,-2.1000000000000014
PO-001703,2026-06,20,SUP-06,APAC,Medium,RM-06,196.54,1,31.6,29.0,645305.96,0,1,2.6000000000000014
PO-001704,2026-06,20,SUP-06,APAC,Medium,RM-16,228.77,1,33.8,29.0,104184.78,0,1,4.799999999999997
PO-001705,2026-06,20,SUP-06,APAC,Medium,RM-02,64.61,1,29.4,29.0,54061.92,0,1,0.3999999999999986
PO-001706,2026-06,20,SUP-06,APAC,Medium,RM-01,57.13,1,28.2,29.0,49613.46,0,1,-0.8000000000000007
PO-001707,2026-06,20,SUP-07,EMEA,High,RM-12,196.16,1,42.2,22.0,54015.87,0,1,20.200000000000003
PO-001708,2026-06,20,SUP-07,EMEA,High,RM-10,94.51,0,32.2,22.0,118115.46,0,1,10.200000000000003
PO-001709,2026-06,20,SUP-07,EMEA,High,RM-15,98.86,1,38.8,22.0,92141.25,0,1,16.799999999999997
PO-001710,2026-06,20,SUP-07,EMEA,High,RM-15,61.46,1,34.9,22.0,57282.47,0,1,12.899999999999999
PO-001711,2026-06,20,SUP-07,EMEA,High,RM-17,46.57,0,30.8,22.0,81375.29,0,1,8.8
PO-001712,2026-06,20,SUP-07,EMEA,High,RM-01,188.3,0,37.4,22.0,163534.57,0,1,15.399999999999999
PO-001713,2026-06,20,SUP-07,EMEA,High,RM-19,97.64,1,37.7,22.0,29990.53,0,1,15.700000000000003
PO-001714,2026-06,20,SUP-07,EMEA,High,RM-08,207.18,1,29.2,22.0,157990.67,0,1,7.199999999999999
PO-001715,2026-06,20,SUP-07,EMEA,High,RM-04,96.73,1,35.5,22.0,42004.3,0,1,13.5
PO-001716,2026-06,20,SUP-08,APAC,Low,RM-14,85.18,1,18.3,20.0,34282.19,0,1,-1.6999999999999993
PO-001717,2026-06,20,SUP-08,APAC,Low,RM-19,226.76,1,19.1,20.0,69646.69,0,1,-0.8999999999999986
PO-001718,2026-06,20,SUP-08,APAC,Low,RM-08,190.96,1,20.8,20.0,145623.42,0,1,0.8000000000000007
PO-001719,2026-06,20,SUP-08,APAC,Low,RM-03,172.59,1,23.3,20.0,175482.61,0,1,3.3000000000000007
PO-001720,2026-06,20,SUP-08,APAC,Low,RM-11,189.53,1,20.3,20.0,451659.34,0,1,0.3000000000000007
PO-001721,2026-06,20,SUP-08,APAC,Low,RM-16,79.73,1,19.2,20.0,36310.85,0,1,-0.8000000000000007
PO-001722,2026-06,20,SUP-08,APAC,Low,RM-19,136.78,1,18.0,20.0,42011.98,0,1,-2.0
PO-001723,2026-06,20,SUP-08,APAC,Low,RM-14,160.79,1,22.0,20.0,64712.67,0,1,2.0
PO-001724,2026-06,20,SUP-08,APAC,Low,RM-17,234.7,1,20.0,20.0,410142.15,0,1,0.0
PO-001725,2026-06,20,SUP-08,APAC,Low,RM-08,217.63,1,15.1,20.0,165959.94,0,1,-4.9
PO-001726,2026-06,20,SUP-08,APAC,Low,RM-12,94.28,1,19.2,20.0,25962.97,0,1,-0.8000000000000007
PO-001727,2026-06,20,SUP-09,AMER,Low,RM-20,56.05,1,12.2,14.0,115757.06,0,1,-1.8000000000000007
PO-001728,2026-06,20,SUP-09,AMER,Low,RM-05,85.71,1,9.3,14.0,16340.78,0,1,-4.699999999999999
PO-001729,2026-06,20,SUP-09,AMER,Low,RM-12,241.95,1,9.8,14.0,66626.05,0,1,-4.199999999999999
PO-001730,2026-06,20,SUP-09,AMER,Low,RM-06,231.18,1,19.7,14.0,759030.58,0,1,5.699999999999999
PO-001731,2026-06,20,SUP-09,AMER,Low,RM-18,249.61,1,14.9,14.0,634492.66,0,1,0.9000000000000004
PO-001732,2026-06,20,SUP-09,AMER,Low,RM-16,135.28,1,15.1,14.0,61610.84,0,1,1.0999999999999996
PO-001733,2026-06,20,SUP-09,AMER,Low,RM-07,180.98,1,13.5,14.0,5462740.86,0,1,-0.5
PO-001734,2026-06,20,SUP-09,AMER,Low,RM-15,149.51,1,13.2,14.0,139347.06,0,1,-0.8000000000000007
PO-001735,2026-06,20,SUP-09,AMER,Low,RM-15,153.02,1,4.8,14.0,142619.31,0,1,-9.2
PO-001736,2026-06,20,SUP-10,EMEA,Medium,RM-08,257.52,1,22.2,24.0,196379.21,0,1,-1.8000000000000007
PO-001737,2026-06,20,SUP-10,EMEA,Medium,RM-20,92.22,1,27.4,24.0,190467.92,0,1,3.3999999999999986
PO-001738,2026-06,20,SUP-10,EMEA,Medium,RM-09,57.0,1,31.8,24.0,38635.05,0,1,7.800000000000001
PO-001739,2026-06,20,SUP-10,EMEA,Medium,RM-06,67.08,1,22.7,24.0,220237.89,0,1,-1.3000000000000007
PO-001740,2026-06,20,SUP-10,EMEA,Medium,RM-18,118.81,1,21.9,24.0,301991.65,0,1,-2.1000000000000014
PO-001741,2026-06,20,SUP-10,EMEA,Medium,RM-13,54.1,1,20.8,24.0,19481.75,0,1,-3.1999999999999993
PO-001742,2026-07,21,SUP-01,EMEA,Low,RM-16,140.14,0,11.1,12.0,64205.23,0,1,-0.9000000000000004
PO-001743,2026-07,21,SUP-01,EMEA,Low,RM-09,198.92,1,12.2,12.0,135640.05,0,1,0.1999999999999993
PO-001744,2026-07,21,SUP-01,EMEA,Low,RM-10,56.21,1,20.0,12.0,70665.62,0,1,8.0
PO-001745,2026-07,21,SUP-01,EMEA,Low,RM-01,154.35,1,12.0,12.0,134852.22,0,1,0.0
PO-001746,2026-07,21,SUP-01,EMEA,Low,RM-03,259.68,1,15.2,12.0,265608.99,0,1,3.1999999999999993
PO-001747,2026-07,21,SUP-01,EMEA,Low,RM-12,81.36,1,11.2,12.0,22538.51,0,1,-0.8000000000000007
PO-001748,2026-07,21,SUP-01,EMEA,Low,RM-07,152.85,1,7.1,12.0,4641179.08,0,1,-4.9
PO-001749,2026-07,21,SUP-01,EMEA,Low,RM-02,233.82,1,13.1,12.0,196799.97,0,1,1.0999999999999996
PO-001750,2026-07,21,SUP-01,EMEA,Low,RM-03,152.95,1,15.0,12.0,156435.15,0,1,3.0
PO-001751,2026-07,21,SUP-01,EMEA,Low,RM-04,141.59,1,11.6,12.0,61848.23,1,1,-0.40000000000000036
PO-001752,2026-07,21,SUP-01,EMEA,Low,RM-06,115.83,1,16.4,12.0,382571.13,0,1,4.399999999999999
PO-001753,2026-07,21,SUP-02,AMER,Low,RM-10,193.31,1,19.3,18.0,243033.09,0,1,1.3000000000000007
PO-001754,2026-07,21,SUP-02,AMER,Low,RM-08,78.54,1,18.7,18.0,60249.27,0,1,0.6999999999999993
PO-001755,2026-07,21,SUP-02,AMER,Low,RM-15,78.95,1,16.9,18.0,74024.61,0,1,-1.1000000000000014
PO-001756,2026-07,21,SUP-02,AMER,Low,RM-11,179.56,1,15.7,18.0,430456.63,0,1,-2.3000000000000007
PO-001757,2026-07,21,SUP-02,AMER,Low,RM-09,80.55,1,17.1,18.0,54927.49,0,1,-0.8999999999999986
PO-001758,2026-07,21,SUP-02,AMER,Low,RM-17,115.72,1,18.8,18.0,203422.86,0,1,0.8000000000000007
PO-001759,2026-07,21,SUP-02,AMER,Low,RM-04,165.8,0,14.1,18.0,72424.35,0,1,-3.9000000000000004
PO-001760,2026-07,21,SUP-02,AMER,Low,RM-19,229.24,1,16.4,18.0,70830.87,0,1,-1.6000000000000014
PO-001761,2026-07,21,SUP-02,AMER,Low,RM-13,243.24,1,13.6,18.0,88111.1,0,1,-4.4
PO-001762,2026-07,21,SUP-02,AMER,Low,RM-06,246.41,1,25.1,18.0,813848.78,0,1,7.100000000000001
PO-001763,2026-07,21,SUP-03,APAC,Medium,RM-16,118.91,1,34.7,34.0,54475.3,0,1,0.7000000000000028
PO-001764,2026-07,21,SUP-03,APAC,Medium,RM-13,224.88,1,35.8,34.0,81462.58,0,1,1.7999999999999972
PO-001765,2026-07,21,SUP-03,APAC,Medium,RM-19,152.27,1,32.6,34.0,47048.69,1,1,-1.3999999999999986
PO-001766,2026-07,21,SUP-03,APAC,Medium,RM-16,87.09,1,30.4,34.0,39900.44,0,1,-3.6000000000000014
PO-001767,2026-07,21,SUP-03,APAC,Medium,RM-20,118.82,0,33.8,34.0,246854.77,0,1,-0.20000000000000284
PO-001768,2026-07,21,SUP-03,APAC,Medium,RM-17,83.35,1,35.9,34.0,146531.62,0,1,1.8999999999999986
PO-001769,2026-07,21,SUP-03,APAC,Medium,RM-13,75.65,1,29.7,34.0,27402.73,0,1,-4.300000000000001
PO-001770,2026-07,21,SUP-04,EMEA,Low,RM-12,194.85,1,13.4,10.0,53976.75,0,1,3.4000000000000004
PO-001771,2026-07,21,SUP-04,EMEA,Low,RM-17,140.65,1,6.1,10.0,247261.38,0,1,-3.9000000000000004
PO-001772,2026-07,21,SUP-04,EMEA,Low,RM-16,259.94,1,12.1,10.0,119089.43,0,1,2.0999999999999996
PO-001773,2026-07,21,SUP-04,EMEA,Low,RM-12,75.87,1,5.9,10.0,21015.97,0,1,-4.1
PO-001774,2026-07,21,SUP-04,EMEA,Low,RM-01,169.94,1,6.5,10.0,148472.43,0,1,-3.5
PO-001775,2026-07,21,SUP-04,EMEA,Low,RM-12,233.29,1,7.5,10.0,64624.13,0,1,-2.5
PO-001776,2026-07,21,SUP-04,EMEA,Low,RM-20,216.51,1,9.7,10.0,449819.04,0,1,-0.3000000000000007
PO-001777,2026-07,21,SUP-05,LATAM,Medium,RM-09,143.4,1,24.3,26.0,97781.51,0,1,-1.6999999999999993
PO-001778,2026-07,21,SUP-05,LATAM,Medium,RM-07,48.5,1,27.8,26.0,1472835.86,0,1,1.8000000000000007
PO-001779,2026-07,21,SUP-05,LATAM,Medium,RM-03,256.04,1,24.1,26.0,261883.61,0,1,-1.8999999999999986
PO-001780,2026-07,21,SUP-05,LATAM,Medium,RM-09,91.59,1,31.7,26.0,62453.66,0,1,5.699999999999999
PO-001781,2026-07,21,SUP-05,LATAM,Medium,RM-08,75.98,1,27.9,26.0,58282.0,0,1,1.8999999999999986
PO-001782,2026-07,21,SUP-05,LATAM,Medium,RM-01,153.15,1,25.1,26.0,133801.31,0,1,-0.8999999999999986
PO-001783,2026-07,21,SUP-05,LATAM,Medium,RM-10,249.88,1,25.0,26.0,314154.06,0,1,-1.0
PO-001784,2026-07,21,SUP-05,LATAM,Medium,RM-04,109.83,0,22.8,26.0,47976.94,0,1,-3.1999999999999993
PO-001785,2026-07,21,SUP-06,APAC,Medium,RM-20,47.87,1,30.1,29.0,99463.87,0,1,1.1000000000000014
PO-001786,2026-07,21,SUP-06,APAC,Medium,RM-09,228.34,1,30.2,29.0,155696.36,0,1,1.1999999999999993
PO-001787,2026-07,21,SUP-06,APAC,Medium,RM-07,48.42,1,33.0,29.0,1470333.59,0,1,4.0
PO-001788,2026-07,21,SUP-06,APAC,Medium,RM-13,100.43,1,30.0,29.0,36380.78,0,1,1.0
PO-001789,2026-07,21,SUP-06,APAC,Medium,RM-06,50.04,1,29.6,29.0,165261.01,0,1,0.6000000000000014
PO-001790,2026-07,21,SUP-06,APAC,Medium,RM-13,73.5,0,24.3,29.0,26624.79,0,1,-4.699999999999999
PO-001791,2026-07,21,SUP-06,APAC,Medium,RM-13,188.83,1,25.2,29.0,68402.71,0,1,-3.8000000000000007
PO-001792,2026-07,21,SUP-06,APAC,Medium,RM-07,41.5,1,27.6,29.0,1260160.41,0,1,-1.3999999999999986
PO-001793,2026-07,21,SUP-06,APAC,Medium,RM-16,76.15,1,30.7,29.0,34886.04,0,1,1.6999999999999993
PO-001794,2026-07,21,SUP-06,APAC,Medium,RM-08,133.41,0,25.5,29.0,102343.12,0,1,-3.5
PO-001795,2026-07,21,SUP-07,EMEA,High,RM-06,139.33,1,33.4,22.0,460183.15,0,1,11.399999999999999
PO-001796,2026-07,21,SUP-07,EMEA,High,RM-20,41.0,1,35.5,22.0,85173.21,0,1,13.5
PO-001797,2026-07,21,SUP-07,EMEA,High,RM-17,240.1,1,39.7,22.0,422085.98,0,1,17.700000000000003
PO-001798,2026-07,21,SUP-07,EMEA,High,RM-13,237.97,1,40.1,22.0,86204.41,0,1,18.1
PO-001799,2026-07,21,SUP-07,EMEA,High,RM-12,178.3,1,35.2,22.0,49392.35,0,1,13.200000000000003
PO-001800,2026-07,21,SUP-07,EMEA,High,RM-19,97.15,1,40.1,22.0,30015.71,0,1,18.1
PO-001801,2026-07,21,SUP-07,EMEA,High,RM-20,231.69,1,32.4,22.0,481361.5,0,1,10.399999999999999
PO-001802,2026-07,21,SUP-07,EMEA,High,RM-12,234.21,0,35.5,22.0,64879.39,0,1,13.5
PO-001803,2026-07,21,SUP-08,APAC,Low,RM-05,55.6,1,21.2,20.0,10663.21,0,1,1.1999999999999993
PO-001804,2026-07,21,SUP-08,APAC,Low,RM-20,102.65,1,17.7,20.0,213271.59,0,1,-2.3000000000000007
PO-001805,2026-07,21,SUP-08,APAC,Low,RM-07,238.14,1,23.0,20.0,7230924.79,0,1,3.0
PO-001806,2026-07,21,SUP-08,APAC,Low,RM-03,79.64,1,18.3,20.0,81458.09,0,1,-1.6999999999999993
PO-001807,2026-07,21,SUP-08,APAC,Low,RM-18,217.63,1,17.9,20.0,556480.7,0,1,-2.1000000000000014
PO-001808,2026-07,21,SUP-08,APAC,Low,RM-10,73.12,1,15.0,20.0,91928.8,0,1,-5.0
PO-001809,2026-07,21,SUP-09,AMER,Low,RM-17,71.79,1,16.0,14.0,126207.39,0,1,2.0
PO-001810,2026-07,21,SUP-09,AMER,Low,RM-09,58.1,1,15.6,14.0,39614.04,0,1,1.5999999999999996
PO-001811,2026-07,21,SUP-09,AMER,Low,RM-12,67.16,1,17.4,14.0,18604.32,0,1,3.3999999999999986
PO-001812,2026-07,21,SUP-09,AMER,Low,RM-12,150.47,1,14.0,14.0,41682.9,0,1,0.0
PO-001813,2026-07,21,SUP-09,AMER,Low,RM-09,252.09,1,13.1,14.0,171897.36,0,1,-0.9000000000000004
PO-001814,2026-07,21,SUP-09,AMER,Low,RM-05,127.11,1,12.7,14.0,24376.82,0,1,-1.3000000000000007
PO-001815,2026-07,21,SUP-09,AMER,Low,RM-14,224.99,1,14.8,14.0,91091.08,0,1,0.8000000000000007
PO-001816,2026-07,21,SUP-09,AMER,Low,RM-08,191.86,1,14.0,14.0,147179.67,0,1,0.0
PO-001817,2026-07,21,SUP-09,AMER,Low,RM-12,151.2,1,10.1,14.0,41884.06,0,1,-3.9000000000000004
PO-001818,2026-07,21,SUP-09,AMER,Low,RM-10,114.72,1,13.4,14.0,144222.29,0,1,-0.5999999999999996
PO-001819,2026-07,21,SUP-09,AMER,Low,RM-10,207.09,1,8.2,14.0,260357.28,0,1,-5.800000000000001
PO-001820,2026-07,21,SUP-10,EMEA,Medium,RM-02,154.18,1,26.2,24.0,129768.12,0,1,2.1999999999999993
PO-001821,2026-07,21,SUP-10,EMEA,Medium,RM-16,128.24,1,23.8,24.0,58751.39,0,1,-0.1999999999999993
PO-001822,2026-07,21,SUP-10,EMEA,Medium,RM-03,193.0,1,21.3,24.0,197400.98,0,1,-2.6999999999999993
PO-001823,2026-07,21,SUP-10,EMEA,Medium,RM-11,76.92,1,26.5,24.0,184391.9,0,1,2.5
PO-001824,2026-07,21,SUP-10,EMEA,Medium,RM-01,129.88,1,21.4,24.0,113473.6,0,1,-2.6000000000000014
PO-001825,2026-07,21,SUP-10,EMEA,Medium,RM-01,75.65,0,22.8,24.0,66090.9,0,1,-1.1999999999999993
PO-001826,2026-07,21,SUP-10,EMEA,Medium,RM-18,76.28,1,24.0,24.0,195041.48,0,1,0.0
PO-001827,2026-07,21,SUP-10,EMEA,Medium,RM-01,194.48,1,24.5,24.0,169907.04,0,1,0.5
PO-001828,2026-07,21,SUP-10,EMEA,Medium,RM-17,136.43,1,24.6,24.0,239843.26,0,1,0.6000000000000014
PO-001829,2026-08,22,SUP-01,EMEA,Low,RM-14,163.09,1,12.0,12.0,66320.63,0,1,0.0
PO-001830,2026-08,22,SUP-01,EMEA,Low,RM-02,43.23,1,10.2,12.0,36543.12,0,1,-1.8000000000000007
PO-001831,2026-08,22,SUP-01,EMEA,Low,RM-18,219.17,1,11.2,12.0,562898.92,0,1,-0.8000000000000007
PO-001832,2026-08,22,SUP-01,EMEA,Low,RM-19,92.93,1,10.6,12.0,28839.51,0,1,-1.4000000000000004
PO-001833,2026-08,22,SUP-01,EMEA,Low,RM-15,123.8,1,10.5,12.0,116588.7,1,1,-1.5
PO-001834,2026-08,22,SUP-01,EMEA,Low,RM-11,108.89,1,5.5,12.0,262179.63,0,1,-6.5
PO-001835,2026-08,22,SUP-02,AMER,Low,RM-20,56.81,1,18.8,18.0,118542.81,0,1,0.8000000000000007
PO-001836,2026-08,22,SUP-02,AMER,Low,RM-17,230.44,1,15.6,18.0,406897.64,0,1,-2.4000000000000004
PO-001837,2026-08,22,SUP-02,AMER,Low,RM-02,177.77,1,17.8,18.0,150284.95,0,1,-0.1999999999999993
PO-001838,2026-08,22,SUP-02,AMER,Low,RM-14,208.96,1,21.3,18.0,84973.94,0,1,3.3000000000000007
PO-001839,2026-08,22,SUP-02,AMER,Low,RM-20,211.66,1,24.8,18.0,441688.19,0,1,6.800000000000001
PO-001840,2026-08,22,SUP-02,AMER,Low,RM-07,145.0,1,23.1,18.0,4422363.65,0,1,5.100000000000001
PO-001841,2026-08,22,SUP-03,APAC,Medium,RM-05,211.32,1,35.4,34.0,40705.11,0,1,1.3999999999999986
PO-001842,2026-08,22,SUP-03,APAC,Medium,RM-16,246.24,1,32.6,34.0,113307.88,0,1,-1.3999999999999986
PO-001843,2026-08,22,SUP-03,APAC,Medium,RM-17,127.61,1,33.9,34.0,225328.11,0,1,-0.10000000000000142
PO-001844,2026-08,22,SUP-03,APAC,Medium,RM-03,230.08,1,42.4,34.0,236365.48,0,1,8.399999999999999
PO-001845,2026-08,22,SUP-03,APAC,Medium,RM-17,63.38,1,32.2,34.0,111913.18,0,1,-1.7999999999999972
PO-001846,2026-08,22,SUP-03,APAC,Medium,RM-07,199.95,1,38.5,34.0,6098413.29,0,1,4.5
PO-001847,2026-08,22,SUP-04,EMEA,Low,RM-16,125.94,1,8.3,10.0,57952.06,0,1,-1.6999999999999993
PO-001848,2026-08,22,SUP-04,EMEA,Low,RM-07,74.4,1,8.9,10.0,2268988.78,0,1,-1.0999999999999996
PO-001849,2026-08,22,SUP-04,EMEA,Low,RM-03,119.51,1,10.6,10.0,122778.84,0,1,0.5999999999999996
PO-001850,2026-08,22,SUP-04,EMEA,Low,RM-16,238.36,1,5.6,10.0,109681.41,0,1,-4.4
PO-001851,2026-08,22,SUP-04,EMEA,Low,RM-01,168.12,1,9.9,10.0,147523.51,0,1,-0.09999999999999964
PO-001852,2026-08,22,SUP-04,EMEA,Low,RM-10,85.27,1,14.7,10.0,107678.58,0,1,4.699999999999999
PO-001853,2026-08,22,SUP-04,EMEA,Low,RM-19,183.29,1,5.3,10.0,56882.68,0,1,-4.7
PO-001854,2026-08,22,SUP-05,LATAM,Medium,RM-05,114.93,1,26.5,26.0,22138.24,0,1,0.5
PO-001855,2026-08,22,SUP-05,LATAM,Medium,RM-13,205.08,1,23.3,26.0,74619.14,0,1,-2.6999999999999993
PO-001856,2026-08,22,SUP-05,LATAM,Medium,RM-05,145.84,1,21.2,26.0,28093.24,0,1,-4.800000000000001
PO-001857,2026-08,22,SUP-05,LATAM,Medium,RM-14,154.91,1,29.3,26.0,62996.2,0,1,3.3000000000000007
PO-001858,2026-08,22,SUP-05,LATAM,Medium,RM-01,108.92,1,28.3,26.0,95576.72,0,1,2.3000000000000007
PO-001859,2026-08,22,SUP-05,LATAM,Medium,RM-18,102.69,1,23.8,26.0,263737.21,0,1,-2.1999999999999993
PO-001860,2026-08,22,SUP-05,LATAM,Medium,RM-06,199.46,1,28.0,26.0,661699.72,0,1,2.0
PO-001861,2026-08,22,SUP-05,LATAM,Medium,RM-11,202.22,1,15.1,26.0,486903.9,0,1,-10.9
PO-001862,2026-08,22,SUP-05,LATAM,Medium,RM-11,95.75,1,22.5,26.0,230537.43,0,1,-3.5
PO-001863,2026-08,22,SUP-05,LATAM,Medium,RM-14,151.38,1,24.4,26.0,61558.04,0,1,-1.6000000000000014
PO-001864,2026-08,22,SUP-05,LATAM,Medium,RM-12,229.99,1,29.0,26.0,63991.99,0,1,3.0
PO-001865,2026-08,22,SUP-06,APAC,Medium,RM-20,103.9,1,26.3,29.0,216808.23,0,1,-2.6999999999999993
PO-001866,2026-08,22,SUP-06,APAC,Medium,RM-02,86.22,1,30.3,29.0,72889.24,0,1,1.3000000000000007
PO-001867,2026-08,22,SUP-06,APAC,Medium,RM-09,228.35,1,27.1,29.0,156392.03,0,1,-1.8999999999999986
PO-001868,2026-08,22,SUP-06,APAC,Medium,RM-13,154.69,1,32.6,29.0,56284.67,0,1,3.6000000000000014
PO-001869,2026-08,22,SUP-06,APAC,Medium,RM-09,107.61,1,32.8,29.0,73699.78,0,1,3.799999999999997
PO-001870,2026-08,22,SUP-06,APAC,Medium,RM-14,159.7,1,31.8,29.0,64941.34,0,1,2.8000000000000007
PO-001871,2026-08,22,SUP-06,APAC,Medium,RM-15,210.9,1,30.2,29.0,198613.72,0,1,1.1999999999999993
PO-001872,2026-08,22,SUP-06,APAC,Medium,RM-16,107.79,1,29.7,29.0,49599.66,0,1,0.6999999999999993
PO-001873,2026-08,22,SUP-06,APAC,Medium,RM-18,218.15,1,28.1,29.0,560270.05,0,1,-0.8999999999999986
PO-001874,2026-08,22,SUP-07,EMEA,High,RM-07,104.59,1,35.9,22.0,3189818.66,0,1,13.899999999999999
PO-001875,2026-08,22,SUP-07,EMEA,High,RM-12,99.04,1,35.6,22.0,27556.61,0,1,13.600000000000001
PO-001876,2026-08,22,SUP-07,EMEA,High,RM-19,140.95,0,40.1,22.0,43741.81,0,1,18.1
PO-001877,2026-08,22,SUP-07,EMEA,High,RM-12,143.2,1,33.3,22.0,39842.66,0,1,11.299999999999997
PO-001878,2026-08,22,SUP-07,EMEA,High,RM-14,108.24,1,36.3,22.0,44017.22,1,1,14.299999999999997
PO-001879,2026-08,22,SUP-07,EMEA,High,RM-06,163.78,1,35.8,22.0,543340.9,0,1,13.799999999999997
PO-001880,2026-08,22,SUP-07,EMEA,High,RM-06,76.69,1,38.0,22.0,254407.58,0,1,16.0
PO-001881,2026-08,22,SUP-08,APAC,Low,RM-16,85.55,1,17.5,20.0,39366.57,0,1,-2.5
PO-001882,2026-08,22,SUP-08,APAC,Low,RM-14,245.44,1,23.1,20.0,99807.05,0,1,3.1000000000000014
PO-001883,2026-08,22,SUP-08,APAC,Low,RM-10,214.68,1,17.0,20.0,271085.07,0,1,-3.0
PO-001884,2026-08,22,SUP-08,APAC,Low,RM-19,90.95,1,24.9,20.0,28226.63,0,1,4.899999999999999
PO-001885,2026-08,22,SUP-08,APAC,Low,RM-10,116.52,1,18.5,20.0,147140.98,0,1,-1.5
PO-001886,2026-08,22,SUP-08,APAC,Low,RM-11,247.45,1,18.5,20.0,595810.89,0,1,-1.5
PO-001887,2026-08,22,SUP-08,APAC,Low,RM-05,106.07,1,18.1,20.0,20432.39,0,1,-1.8999999999999986
PO-001888,2026-08,22,SUP-08,APAC,Low,RM-08,258.28,1,24.2,20.0,199003.17,0,1,4.199999999999999
PO-001889,2026-08,22,SUP-08,APAC,Low,RM-01,224.02,1,23.0,20.0,196580.78,0,1,3.0
PO-001890,2026-08,22,SUP-08,APAC,Low,RM-16,149.07,1,22.0,20.0,68594.3,0,1,2.0
PO-001891,2026-08,22,SUP-08,APAC,Low,RM-14,58.43,1,21.3,20.0,23761.81,0,1,1.3000000000000007
PO-001892,2026-08,22,SUP-09,AMER,Low,RM-11,40.32,1,13.7,14.0,97071.32,0,1,-0.3000000000000007
PO-001893,2026-08,22,SUP-09,AMER,Low,RM-05,257.58,1,16.6,14.0,49617.09,0,1,2.6000000000000014
PO-001894,2026-08,22,SUP-09,AMER,Low,RM-19,168.58,1,13.2,14.0,52315.79,0,1,-0.8000000000000007
PO-001895,2026-08,22,SUP-09,AMER,Low,RM-06,200.04,1,11.2,14.0,663605.87,0,1,-2.8000000000000007
PO-001896,2026-08,22,SUP-09,AMER,Low,RM-15,183.62,1,15.4,14.0,172918.55,0,1,1.4000000000000004
PO-001897,2026-08,22,SUP-09,AMER,Low,RM-16,71.55,1,9.7,14.0,32922.49,1,1,-4.300000000000001
PO-001898,2026-08,22,SUP-09,AMER,Low,RM-07,212.01,1,11.8,14.0,6466214.29,0,1,-2.1999999999999993
PO-001899,2026-08,22,SUP-09,AMER,Low,RM-11,105.86,1,11.9,14.0,254892.92,0,1,-2.0999999999999996
PO-001900,2026-08,22,SUP-09,AMER,Low,RM-08,92.7,1,11.5,14.0,71424.87,0,1,-2.5
PO-001901,2026-08,22,SUP-09,AMER,Low,RM-06,69.61,1,18.5,14.0,230938.98,0,1,4.5
PO-001902,2026-08,22,SUP-10,EMEA,Medium,RM-18,208.43,0,25.1,24.0,535313.07,0,1,1.1000000000000014
PO-001903,2026-08,22,SUP-10,EMEA,Medium,RM-14,85.55,1,17.6,24.0,34787.32,0,1,-6.399999999999999
PO-001904,2026-08,22,SUP-10,EMEA,Medium,RM-11,113.15,1,22.5,24.0,272449.35,0,1,-1.5
PO-001905,2026-08,22,SUP-10,EMEA,Medium,RM-09,111.09,1,26.0,24.0,76081.04,0,1,2.0
PO-001906,2026-08,22,SUP-10,EMEA,Medium,RM-13,74.77,1,27.0,24.0,27203.22,0,1,3.0
PO-001907,2026-08,22,SUP-10,EMEA,Medium,RM-12,154.28,1,29.3,24.0,42925.88,0,1,5.300000000000001
PO-001908,2026-08,22,SUP-10,EMEA,Medium,RM-10,180.19,1,20.3,24.0,227540.92,0,1,-3.6999999999999993
PO-001909,2026-08,22,SUP-10,EMEA,Medium,RM-04,173.63,1,21.6,24.0,76182.96,0,1,-2.3999999999999986
PO-001910,2026-09,23,SUP-01,EMEA,Low,RM-08,124.27,1,9.4,12.0,95878.58,1,1,-2.5999999999999996
PO-001911,2026-09,23,SUP-01,EMEA,Low,RM-02,177.61,1,17.7,12.0,150359.72,0,1,5.699999999999999
PO-001912,2026-09,23,SUP-01,EMEA,Low,RM-18,180.39,1,15.5,12.0,463930.63,0,1,3.5
PO-001913,2026-09,23,SUP-01,EMEA,Low,RM-03,112.49,1,15.3,12.0,115723.86,0,1,3.3000000000000007
PO-001914,2026-09,23,SUP-01,EMEA,Low,RM-01,217.65,1,10.8,12.0,191255.44,0,1,-1.1999999999999993
PO-001915,2026-09,23,SUP-01,EMEA,Low,RM-19,125.81,1,15.2,12.0,39097.3,0,1,3.1999999999999993
PO-001916,2026-09,23,SUP-01,EMEA,Low,RM-20,223.43,1,9.3,12.0,466891.36,1,1,-2.6999999999999993
PO-001917,2026-09,23,SUP-01,EMEA,Low,RM-10,50.98,1,6.3,12.0,64458.59,0,1,-5.7
PO-001918,2026-09,23,SUP-02,AMER,Low,RM-17,73.22,1,16.6,18.0,129469.35,0,1,-1.3999999999999986
PO-001919,2026-09,23,SUP-02,AMER,Low,RM-09,146.02,1,20.6,18.0,100143.07,0,1,2.6000000000000014
PO-001920,2026-09,23,SUP-02,AMER,Low,RM-10,56.7,1,16.5,18.0,71694.79,1,1,-1.5
PO-001921,2026-09,23,SUP-02,AMER,Low,RM-02,199.19,1,19.9,18.0,168625.62,0,1,1.8999999999999986
PO-001922,2026-09,23,SUP-02,AMER,Low,RM-07,135.76,1,19.9,18.0,4146339.77,0,1,1.8999999999999986
PO-001923,2026-09,23,SUP-02,AMER,Low,RM-20,231.33,1,18.2,18.0,483404.13,0,1,0.1999999999999993
PO-001924,2026-09,23,SUP-02,AMER,Low,RM-08,46.76,1,21.6,18.0,36075.17,0,1,3.6000000000000014
PO-001925,2026-09,23,SUP-02,AMER,Low,RM-08,44.24,1,18.5,18.0,34134.15,0,1,0.5
PO-001926,2026-09,23,SUP-02,AMER,Low,RM-14,148.42,1,19.2,18.0,60439.99,0,1,1.1999999999999993
PO-001927,2026-09,23,SUP-02,AMER,Low,RM-14,173.54,1,16.7,18.0,70667.57,0,1,-1.3000000000000007
PO-001928,2026-09,23,SUP-03,APAC,Medium,RM-04,233.44,1,29.9,34.0,102562.2,0,1,-4.100000000000001
PO-001929,2026-09,23,SUP-03,APAC,Medium,RM-13,232.41,1,35.0,34.0,84679.01,0,1,1.0
PO-001930,2026-09,23,SUP-03,APAC,Medium,RM-14,99.84,1,37.9,34.0,40657.52,0,1,3.8999999999999986
PO-001931,2026-09,23,SUP-03,APAC,Medium,RM-08,150.36,1,37.9,34.0,116009.33,0,1,3.8999999999999986
PO-001932,2026-09,23,SUP-03,APAC,Medium,RM-16,138.99,1,33.0,34.0,64044.77,0,1,-1.0
PO-001933,2026-09,23,SUP-03,APAC,Medium,RM-16,240.27,1,36.5,34.0,110714.86,0,1,2.5
PO-001934,2026-09,23,SUP-04,EMEA,Low,RM-19,48.34,1,10.4,10.0,15022.09,0,1,0.40000000000000036
PO-001935,2026-09,23,SUP-04,EMEA,Low,RM-03,216.11,1,10.4,10.0,222325.43,0,1,0.40000000000000036
PO-001936,2026-09,23,SUP-04,EMEA,Low,RM-15,163.19,1,10.6,10.0,153887.93,0,1,0.5999999999999996
PO-001937,2026-09,23,SUP-04,EMEA,Low,RM-03,58.17,1,7.1,10.0,59838.27,0,1,-2.9000000000000004
PO-001938,2026-09,23,SUP-04,EMEA,Low,RM-20,78.8,1,12.3,10.0,164666.49,0,1,2.3000000000000007
PO-001939,2026-09,23,SUP-04,EMEA,Low,RM-05,60.65,1,9.5,10.0,11698.23,0,1,-0.5
PO-001940,2026-09,23,SUP-04,EMEA,Low,RM-05,159.41,1,11.4,10.0,30748.84,0,1,1.4000000000000004
PO-001941,2026-09,23,SUP-05,LATAM,Medium,RM-19,218.54,1,21.0,26.0,67915.68,0,1,-5.0
PO-001942,2026-09,23,SUP-05,LATAM,Medium,RM-05,211.1,0,26.2,26.0,40718.81,0,1,0.1999999999999993
PO-001943,2026-09,23,SUP-05,LATAM,Medium,RM-02,257.85,1,21.0,26.0,218288.65,0,1,-5.0
PO-001944,2026-09,23,SUP-05,LATAM,Medium,RM-08,171.52,1,25.5,26.0,132339.52,1,1,-0.5
PO-001945,2026-09,23,SUP-05,LATAM,Medium,RM-03,186.22,1,29.2,26.0,191577.02,0,1,3.1999999999999993
PO-001946,2026-09,23,SUP-05,LATAM,Medium,RM-16,50.93,1,25.6,26.0,23466.35,0,1,-0.3999999999999986
PO-001947,2026-09,23,SUP-05,LATAM,Medium,RM-17,203.59,1,20.3,26.0,359975.62,0,1,-5.699999999999999
PO-001948,2026-09,23,SUP-06,APAC,Medium,RM-04,146.29,1,32.7,29.0,64275.11,0,1,3.700000000000003
PO-001949,2026-09,23,SUP-06,APAC,Medium,RM-19,47.43,1,30.0,29.0,14740.31,0,1,1.0
PO-001950,2026-09,23,SUP-06,APAC,Medium,RM-10,162.71,1,27.2,29.0,205748.22,0,1,-1.8000000000000007
PO-001951,2026-09,23,SUP-06,APAC,Medium,RM-15,146.79,1,27.0,29.0,138423.08,0,1,-2.0
PO-001952,2026-09,23,SUP-06,APAC,Medium,RM-15,191.14,1,31.8,29.0,180250.12,0,1,2.8000000000000007
PO-001953,2026-09,23,SUP-06,APAC,Medium,RM-11,186.38,1,24.5,29.0,449387.14,0,1,-4.5
PO-001954,2026-09,23,SUP-06,APAC,Medium,RM-13,240.21,1,24.2,29.0,87519.46,0,1,-4.800000000000001
PO-001955,2026-09,23,SUP-07,EMEA,High,RM-09,149.65,1,37.4,22.0,102636.91,1,1,15.399999999999999
PO-001956,2026-09,23,SUP-07,EMEA,High,RM-05,171.62,1,35.6,22.0,33104.25,0,1,13.600000000000001
PO-001957,2026-09,23,SUP-07,EMEA,High,RM-18,152.88,1,34.9,22.0,393190.01,0,1,12.899999999999999
PO-001958,2026-09,23,SUP-07,EMEA,High,RM-15,135.8,1,37.1,22.0,128061.34,0,1,15.100000000000001
PO-001959,2026-09,23,SUP-07,EMEA,High,RM-04,60.37,0,38.4,22.0,26522.12,0,1,16.4
PO-001960,2026-09,23,SUP-07,EMEA,High,RM-08,186.93,1,39.3,22.0,144225.56,0,1,17.299999999999997
PO-001961,2026-09,23,SUP-07,EMEA,High,RM-11,66.71,1,35.2,22.0,160840.6,0,1,13.200000000000003
PO-001962,2026-09,23,SUP-08,APAC,Low,RM-10,145.1,1,15.5,20.0,183472.01,0,1,-4.5
PO-001963,2026-09,23,SUP-08,APAC,Low,RM-06,86.27,1,19.1,20.0,286593.9,0,1,-0.8999999999999986
PO-001964,2026-09,23,SUP-08,APAC,Low,RM-05,126.02,1,26.0,20.0,24308.27,0,1,6.0
PO-001965,2026-09,23,SUP-08,APAC,Low,RM-08,105.85,1,25.8,20.0,81666.62,0,1,5.800000000000001
PO-001966,2026-09,23,SUP-08,APAC,Low,RM-06,72.9,1,27.1,20.0,242176.13,0,1,7.100000000000001
PO-001967,2026-09,23,SUP-08,APAC,Low,RM-14,89.3,1,18.1,20.0,36364.35,0,1,-1.8999999999999986
PO-001968,2026-09,23,SUP-08,APAC,Low,RM-16,120.73,0,21.8,20.0,55630.95,0,1,1.8000000000000007
PO-001969,2026-09,23,SUP-08,APAC,Low,RM-11,258.74,1,16.3,20.0,623854.6,0,1,-3.6999999999999993
PO-001970,2026-09,23,SUP-09,AMER,Low,RM-19,170.68,1,7.0,14.0,53040.72,0,1,-7.0
PO-001971,2026-09,23,SUP-09,AMER,Low,RM-17,59.12,1,17.0,14.0,104528.22,0,1,3.0
PO-001972,2026-09,23,SUP-09,AMER,Low,RM-17,176.26,1,9.4,14.0,311645.76,0,1,-4.6
PO-001973,2026-09,23,SUP-09,AMER,Low,RM-10,199.35,1,11.3,14.0,252082.86,0,1,-2.6999999999999993
PO-001974,2026-09,23,SUP-09,AMER,Low,RM-18,213.78,1,17.1,14.0,549803.69,0,1,3.1000000000000014
PO-001975,2026-09,23,SUP-09,AMER,Low,RM-12,226.36,1,7.6,14.0,63068.93,0,1,-6.4
PO-001976,2026-09,23,SUP-09,AMER,Low,RM-18,140.74,1,10.9,14.0,361951.63,0,1,-3.0999999999999996
PO-001977,2026-09,23,SUP-09,AMER,Low,RM-17,106.96,1,15.8,14.0,189116.02,0,1,1.8000000000000007
PO-001978,2026-09,23,SUP-09,AMER,Low,RM-11,108.53,1,15.9,14.0,261680.9,0,1,1.9000000000000004
PO-001979,2026-09,23,SUP-09,AMER,Low,RM-20,84.65,1,12.5,14.0,176880.14,0,1,-1.5
PO-001980,2026-09,23,SUP-09,AMER,Low,RM-07,181.18,1,16.0,14.0,5533387.37,0,1,2.0
PO-001981,2026-09,23,SUP-10,EMEA,Medium,RM-08,89.52,1,27.0,24.0,69072.27,0,1,3.0
PO-001982,2026-09,23,SUP-10,EMEA,Medium,RM-19,109.02,1,22.1,24.0,33880.69,0,1,-1.8999999999999986
PO-001983,2026-09,23,SUP-10,EMEA,Medium,RM-19,249.18,1,26.2,24.0,77436.34,0,1,2.1999999999999993
PO-001984,2026-09,23,SUP-10,EMEA,Medium,RM-08,45.93,1,28.8,24.0,35441.21,0,1,4.800000000000001
PO-001985,2026-09,23,SUP-10,EMEA,Medium,RM-20,53.93,1,27.4,24.0,112683.44,0,1,3.3999999999999986
PO-001986,2026-09,23,SUP-10,EMEA,Medium,RM-16,88.4,1,25.0,24.0,40733.62,0,1,1.0
PO-001987,2026-09,23,SUP-10,EMEA,Medium,RM-15,125.7,1,24.9,24.0,118534.22,0,1,0.8999999999999986
